影片瀏覽編號,使用者編號,學校代碼,年級,科目,影片名稱,影片長度秒,完成率,時間,年,月,週次,星期,時段,播放次數,暫停次數,倒轉次數,快轉次數,筆記次數,檢核點作答次數
135657296,172421,1377,4,資訊教育,認識搜尋引擎,387.392,100,2024-09-02 11:43:46,2024,9,2024-W36,週一,上午,2,2,0,0,0,1
135658572,172421,1377,4,資訊教育,認識搜尋引擎,387.392,100,2024-09-02 11:51:00,2024,9,2024-W36,週一,上午,1,1,0,0,0,0
135658842,172421,1377,4,資訊教育,認識搜尋引擎,387.392,100,2024-09-02 11:52:52,2024,9,2024-W36,週一,上午,4,4,1,1,0,1
135668195,51593,1377,4,資訊教育,認識搜尋引擎,387.392,100,2024-09-02 13:42:15,2024,9,2024-W36,週一,下午,2,1,0,0,0,1
135668380,51985,1377,4,資訊教育,認識搜尋引擎,387.392,100,2024-09-02 13:43:59,2024,9,2024-W36,週一,下午,7,6,2,0,0,1
135668703,129227,1377,4,資訊教育,認識搜尋引擎,387.392,100,2024-09-02 13:46:07,2024,9,2024-W36,週一,下午,3,2,0,0,0,1
135669540,51593,1377,4,資訊教育,關鍵字搜尋與辨別假訊息,449.877,100,2024-09-02 13:49:55,2024,9,2024-W36,週一,下午,2,1,0,0,0,1
135669758,115966,1377,4,資訊教育,認識搜尋引擎,387.392,100,2024-09-02 13:50:55,2024,9,2024-W36,週一,下午,6,5,0,0,0,2
135670492,51985,1377,4,資訊教育,關鍵字搜尋與辨別假訊息,449.877,3,2024-09-02 13:53:44,2024,9,2024-W36,週一,下午,2,2,0,0,0,0
135670740,129227,1377,4,資訊教育,關鍵字搜尋與辨別假訊息,449.877,100,2024-09-02 13:54:35,2024,9,2024-W36,週一,下午,3,2,0,0,0,2
135671302,51985,1377,4,資訊教育,關鍵字搜尋與辨別假訊息,449.877,100,2024-09-02 13:56:36,2024,9,2024-W36,週一,下午,2,1,0,0,0,1
135677130,20357,1377,4,資訊教育,認識搜尋引擎,387.392,100,2024-09-02 14:22:44,2024,9,2024-W36,週一,下午,4,3,0,0,0,1
135678978,20357,1377,4,資訊教育,關鍵字搜尋與辨別假訊息,449.877,100,2024-09-02 14:33:52,2024,9,2024-W36,週一,下午,2,1,0,0,0,1
135682912,18127,1377,4,資訊教育,認識搜尋引擎,387.392,78,2024-09-02 14:52:52,2024,9,2024-W36,週一,下午,5,5,0,0,0,1
135731117,189551,2284,2,數學108,N-2-1-S02,260.237,100,2024-09-03 08:15:00,2024,9,2024-W36,週二,上午,3,2,0,0,1,0
135732430,94098,2284,2,國語文108,語法[一]/感嘆句,287.162,25,2024-09-03 08:18:37,2024,9,2024-W36,週二,上午,4,4,1,0,0,0
135733770,189551,2284,2,數學108,N-2-1-S02,260.237,2,2024-09-03 08:21:40,2024,9,2024-W36,週二,上午,3,3,0,0,0,0
135733876,180923,2284,2,國語文108,文章[一]/語句組織1,221.695,100,2024-09-03 08:21:56,2024,9,2024-W36,週二,上午,3,2,0,0,0,0
135734533,94098,2284,2,國語文108,語法[一]/感嘆句,287.162,100,2024-09-03 08:23:19,2024,9,2024-W36,週二,上午,11,10,1,0,0,0
135736963,189551,2284,2,國語文108,詞義[一]/本義詞2,139.392,72,2024-09-03 08:28:45,2024,9,2024-W36,週二,上午,1,0,0,0,0,0
135738150,94098,2284,2,國語文108,語法[一]/直述句,366.908,10,2024-09-03 08:31:05,2024,9,2024-W36,週二,上午,2,1,0,0,0,0
135738888,180923,2284,2,國語文108,文章[一]/語句組織2,223.014,18,2024-09-03 08:32:54,2024,9,2024-W36,週二,上午,1,1,0,0,0,0
135778449,215864,2284,6,數學108,video:N-5-3-S01,260.91,0,2024-09-03 12:57:03,2024,9,2024-W36,週二,下午,1,1,0,0,0,0
135778730,60374,2284,6,數學108,video:N-5-3-S02,346.069,7,2024-09-03 12:58:21,2024,9,2024-W36,週二,下午,2,2,0,0,0,0
135780000,116958,2284,6,數學108,video:N-5-3-S01,260.91,100,2024-09-03 13:04:45,2024,9,2024-W36,週二,下午,8,7,0,0,0,0
135907126,39073,1377,5,自然108,INd-Ⅲ-5-01,416.783,100,2024-09-04 13:21:49,2024,9,2024-W36,週三,下午,2,1,0,0,0,1
135907386,39073,1377,5,自然108,INd-Ⅲ-4-01,237.771,100,2024-09-04 13:28:04,2024,9,2024-W36,週三,下午,2,1,0,0,0,1
136000073,39073,1377,5,數學108,video:N-5-1-S01,548.72,62,2024-09-04 20:38:10,2024,9,2024-W36,週三,晚上,2,1,0,0,0,0
136082206,124649,2284,6,數學108,video:N-5-8-S02,477.28,8,2024-09-05 13:23:28,2024,9,2024-W36,週四,下午,1,1,0,0,0,0
136155952,88836,2284,2,數學108,N-2-1-S01,153.739,3,2024-09-06 08:01:57,2024,9,2024-W36,週五,上午,1,1,0,0,0,0
136159384,94098,2284,2,國語文108,語法[一]/病句,415.815,100,2024-09-06 08:12:55,2024,9,2024-W36,週五,上午,1,0,0,0,0,0
136185689,75816,1377,5,資訊教育,簡報製作的觀念與規劃,279.744,12,2024-09-06 09:38:42,2024,9,2024-W36,週五,上午,3,2,0,0,0,0
136185756,75816,1377,5,資訊教育,簡報製作的觀念與規劃,279.744,31,2024-09-06 09:39:09,2024,9,2024-W36,週五,上午,4,4,0,0,0,0
136191172,27279,1377,5,資訊教育,簡報製作的觀念與規劃,279.744,100,2024-09-06 10:32:39,2024,9,2024-W36,週五,上午,2,1,0,0,0,1
136191179,116516,1377,5,資訊教育,Google簡報的操作介面與檔案管理,290.453,100,2024-09-06 10:32:47,2024,9,2024-W36,週五,上午,2,2,0,0,0,1
136191203,29165,1377,5,資訊教育,Google簡報的操作介面與檔案管理,290.453,100,2024-09-06 10:33:13,2024,9,2024-W36,週五,上午,5,4,1,0,0,2
136191214,132515,1377,5,資訊教育,簡報的應用程式,269.568,38,2024-09-06 10:33:24,2024,9,2024-W36,週五,上午,1,2,0,0,0,2
136191500,27736,1377,5,資訊教育,Google簡報的操作介面與檔案管理,290.453,71,2024-09-06 10:36:43,2024,9,2024-W36,週五,上午,5,4,0,0,0,1
136191524,26970,1377,5,資訊教育,簡報製作的觀念與規劃,279.744,100,2024-09-06 10:36:53,2024,9,2024-W36,週五,上午,8,9,3,0,0,3
136191534,25068,1377,5,資訊教育,Google簡報的操作介面與檔案管理,290.453,100,2024-09-06 10:36:59,2024,9,2024-W36,週五,上午,2,1,0,0,0,1
136191645,29204,1377,5,資訊教育,Google簡報的操作介面與檔案管理,290.453,100,2024-09-06 10:37:46,2024,9,2024-W36,週五,上午,5,4,0,0,0,2
136191876,34771,1377,5,資訊教育,簡報製作的觀念與規劃,279.744,73,2024-09-06 10:39:27,2024,9,2024-W36,週五,上午,5,5,0,0,0,1
136192571,132515,1377,5,資訊教育,簡報的應用程式,269.568,67,2024-09-06 10:42:42,2024,9,2024-W36,週五,上午,7,7,0,0,0,1
136192590,27845,1377,5,資訊教育,Google簡報的操作介面與檔案管理,290.453,100,2024-09-06 10:42:46,2024,9,2024-W36,週五,上午,8,7,1,0,0,2
136192610,29231,1377,5,資訊教育,Google簡報的操作介面與檔案管理,290.453,100,2024-09-06 10:42:49,2024,9,2024-W36,週五,上午,3,2,0,0,0,2
136192614,29165,1377,5,資訊教育,增刪投影片與版面配置,283.008,100,2024-09-06 10:42:50,2024,9,2024-W36,週五,上午,6,5,2,0,0,2
136192638,27736,1377,5,資訊教育,Google簡報的操作介面與檔案管理,290.453,100,2024-09-06 10:42:54,2024,9,2024-W36,週五,上午,1,0,0,0,0,0
136192656,116516,1377,5,資訊教育,增刪投影片與版面配置,283.008,100,2024-09-06 10:42:58,2024,9,2024-W36,週五,上午,6,5,2,0,0,1
136192699,29075,1377,5,資訊教育,Google簡報的操作介面與檔案管理,290.453,100,2024-09-06 10:43:06,2024,9,2024-W36,週五,上午,5,4,1,0,0,2
136193288,25068,1377,5,資訊教育,增刪投影片與版面配置,283.008,15,2024-09-06 10:44:54,2024,9,2024-W36,週五,上午,2,2,0,0,0,0
136193594,27736,1377,5,資訊教育,增刪投影片與版面配置,283.008,78,2024-09-06 10:45:45,2024,9,2024-W36,週五,上午,6,5,0,0,0,1
136193778,26970,1377,5,資訊教育,Google簡報的操作介面與檔案管理,290.453,48,2024-09-06 10:46:16,2024,9,2024-W36,週五,上午,16,17,6,0,0,6
136193967,132515,1377,5,資訊教育,簡報的應用程式,269.568,100,2024-09-06 10:46:51,2024,9,2024-W36,週五,上午,1,0,0,0,0,0
136194000,27279,1377,5,資訊教育,Google簡報的操作介面與檔案管理,290.453,100,2024-09-06 10:46:58,2024,9,2024-W36,週五,上午,2,1,0,0,0,1
136194517,34771,1377,5,資訊教育,簡報製作的觀念與規劃,279.744,100,2024-09-06 10:48:35,2024,9,2024-W36,週五,上午,1,0,0,0,0,0
136194536,116516,1377,5,資訊教育,應用探索功能-插入圖片,257.749,100,2024-09-06 10:48:41,2024,9,2024-W36,週五,上午,2,1,0,0,0,1
136194540,25068,1377,5,資訊教育,Google簡報的操作介面與檔案管理,290.453,30,2024-09-06 10:48:42,2024,9,2024-W36,週五,上午,7,8,0,0,0,1
136194573,29165,1377,5,資訊教育,應用探索功能-插入圖片,257.749,100,2024-09-06 10:48:48,2024,9,2024-W36,週五,上午,4,3,0,0,0,1
136194796,29231,1377,5,資訊教育,增刪投影片與版面配置,283.008,100,2024-09-06 10:49:35,2024,9,2024-W36,週五,上午,2,1,0,0,0,1
136194798,24756,1377,5,資訊教育,Google簡報的操作介面與檔案管理,290.453,69,2024-09-06 10:49:36,2024,9,2024-W36,週五,上午,10,10,4,0,0,1
136194846,27845,1377,5,資訊教育,增刪投影片與版面配置,283.008,29,2024-09-06 10:49:44,2024,9,2024-W36,週五,上午,2,2,0,0,0,1
136194941,29075,1377,5,資訊教育,增刪投影片與版面配置,283.008,28,2024-09-06 10:50:01,2024,9,2024-W36,週五,上午,1,2,0,0,0,1
136195203,27736,1377,5,資訊教育,增刪投影片與版面配置,283.008,100,2024-09-06 10:50:56,2024,9,2024-W36,週五,上午,1,0,0,0,0,0
136197007,29075,1377,5,資訊教育,增刪投影片與版面配置,283.008,100,2024-09-06 10:57:53,2024,9,2024-W36,週五,上午,3,2,0,0,0,1
136197267,29204,1377,5,資訊教育,簡報的基本概念,236.203,25,2024-09-06 10:58:51,2024,9,2024-W36,週五,上午,4,4,2,0,0,0
136202660,241854,1377,6,資訊教育,Scratch舞台設計與認識角色,331.898,100,2024-09-06 11:25:23,2024,9,2024-W36,週五,上午,3,2,0,0,0,1
136202663,1016,1377,6,資訊教育,Scratch舞台設計與認識角色,331.898,48,2024-09-06 11:25:25,2024,9,2024-W36,週五,上午,10,88,0,0,0,1
136202669,242894,1377,6,資訊教育,Scratch舞台設計與認識角色,331.898,100,2024-09-06 11:25:29,2024,9,2024-W36,週五,上午,5,4,1,0,0,2
136202675,230630,1377,6,資訊教育,Scratch舞台設計與認識角色,331.898,100,2024-09-06 11:25:30,2024,9,2024-W36,週五,上午,5,4,1,0,0,2
136202681,230454,1377,6,資訊教育,Scratch舞台設計與認識角色,331.898,100,2024-09-06 11:25:38,2024,9,2024-W36,週五,上午,5,4,0,0,0,1
136202685,52398,1377,6,資訊教育,Scratch舞台設計與認識角色,331.898,100,2024-09-06 11:25:40,2024,9,2024-W36,週五,上午,248,247,0,0,0,1
136202709,239005,1377,6,資訊教育,Scratch舞台設計與認識角色,331.898,100,2024-09-06 11:26:00,2024,9,2024-W36,週五,上午,4,3,0,0,0,1
136202718,241840,1377,6,資訊教育,Scratch舞台設計與認識角色,331.898,100,2024-09-06 11:26:06,2024,9,2024-W36,週五,上午,8,7,3,0,0,2
136202719,239275,1377,6,資訊教育,Scratch舞台設計與認識角色,331.898,100,2024-09-06 11:26:07,2024,9,2024-W36,週五,上午,2,1,0,0,0,1
136202744,237057,1377,6,資訊教育,Scratch舞台設計與認識角色,331.898,100,2024-09-06 11:26:33,2024,9,2024-W36,週五,上午,11,10,0,0,0,2
136202745,239702,1377,6,資訊教育,Scratch舞台設計與認識角色,331.898,0,2024-09-06 11:26:33,2024,9,2024-W36,週五,上午,1,0,0,0,0,0
136202756,239702,1377,6,資訊教育,認識Scratch及帳戶的註冊,383.116,100,2024-09-06 11:26:46,2024,9,2024-W36,週五,上午,7,7,0,0,0,1
136202822,238715,1377,6,資訊教育,認識Scratch及帳戶的註冊,383.116,100,2024-09-06 11:27:25,2024,9,2024-W36,週五,上午,5,4,0,0,0,0
136202878,238999,1377,6,自然108,INd-Ⅲ-11-01,391.68,65,2024-09-06 11:27:55,2024,9,2024-W36,週五,上午,1,0,0,0,0,0
136202910,239765,1377,6,資訊教育,Scratch舞台設計與認識角色,331.898,100,2024-09-06 11:28:08,2024,9,2024-W36,週五,上午,9,8,1,0,0,2
136202930,238999,1377,6,資訊教育,Scratch舞台設計與認識角色,331.898,100,2024-09-06 11:28:19,2024,9,2024-W36,週五,上午,10,9,1,0,0,2
136203135,238943,1377,6,資訊教育,Scratch舞台設計與認識角色,331.898,100,2024-09-06 11:29:47,2024,9,2024-W36,週五,上午,3,2,0,0,0,1
136203248,240765,1377,6,資訊教育,Scratch舞台設計與認識角色,331.898,94,2024-09-06 11:30:27,2024,9,2024-W36,週五,上午,4,6,0,0,0,1
136203249,241568,1377,6,資訊教育,Scratch舞台設計與認識角色,331.898,100,2024-09-06 11:30:28,2024,9,2024-W36,週五,上午,2,1,0,0,0,1
136203524,230630,1377,6,資訊教育,Scratch角色動起來,504.871,100,2024-09-06 11:32:22,2024,9,2024-W36,週五,上午,3,11,0,0,0,1
136203532,230454,1377,6,資訊教育,Scratch角色動起來,504.871,100,2024-09-06 11:32:25,2024,9,2024-W36,週五,上午,10,9,0,0,0,1
136203564,241854,1377,6,資訊教育,Scratch角色動起來,504.871,53,2024-09-06 11:32:31,2024,9,2024-W36,週五,上午,6,8,0,0,0,1
136203644,239005,1377,6,資訊教育,Scratch角色動起來,504.871,100,2024-09-06 11:32:52,2024,9,2024-W36,週五,上午,4,3,0,0,0,1
136203751,239275,1377,6,資訊教育,Scratch角色動起來,504.871,14,2024-09-06 11:33:17,2024,9,2024-W36,週五,上午,1,1,0,0,0,0
136203768,242894,1377,6,資訊教育,Scratch角色動起來,504.871,100,2024-09-06 11:33:22,2024,9,2024-W36,週五,上午,3,2,0,0,0,1
136204008,241840,1377,6,資訊教育,Scratch角色動起來,504.871,100,2024-09-06 11:34:21,2024,9,2024-W36,週五,上午,6,5,1,0,0,2
136204096,238715,1377,6,資訊教育,Scratch舞台設計與認識角色,331.898,65,2024-09-06 11:34:40,2024,9,2024-W36,週五,上午,2,2,0,0,0,1
136204181,239702,1377,6,資訊教育,Scratch舞台設計與認識角色,331.898,100,2024-09-06 11:34:55,2024,9,2024-W36,週五,上午,3,2,0,0,0,1
136204231,239275,1377,6,資訊教育,Scratch角色動起來,504.871,100,2024-09-06 11:35:04,2024,9,2024-W36,週五,上午,3,2,0,0,0,1
136209423,238999,1377,6,資訊教育,Scratch角色動起來,504.871,37,2024-09-06 11:50:50,2024,9,2024-W36,週五,上午,11,10,1,0,0,0
136209831,241568,1377,6,資訊教育,Scratch角色動起來,504.871,38,2024-09-06 11:52:27,2024,9,2024-W36,週五,上午,3,7,0,0,0,0
136210033,237057,1377,6,資訊教育,Scratch角色動起來,504.871,3,2024-09-06 11:53:11,2024,9,2024-W36,週五,上午,1,1,0,0,0,0
136210418,244127,1377,6,資訊教育,Scratch舞台設計與認識角色,331.898,41,2024-09-06 11:54:43,2024,9,2024-W36,週五,上午,8,8,1,0,0,1
136210942,238999,1377,6,資訊教育,Scratch舞台設計與認識角色,331.898,40,2024-09-06 11:57:24,2024,9,2024-W36,週五,上午,4,4,1,0,0,2
136221093,170642,1377,6,資訊教育,Scratch舞台設計與認識角色,331.898,39,2024-09-06 13:26:50,2024,9,2024-W36,週五,下午,1,1,0,0,0,1
136221490,51970,1377,6,資訊教育,Scratch舞台設計與認識角色,331.898,100,2024-09-06 13:31:07,2024,9,2024-W36,週五,下午,7,6,0,0,0,1
136221497,52229,1377,6,資訊教育,Scratch舞台設計與認識角色,331.898,100,2024-09-06 13:31:09,2024,9,2024-W36,週五,下午,4,3,0,0,0,1
136221498,52418,1377,6,資訊教育,Scratch舞台設計與認識角色,331.898,100,2024-09-06 13:31:09,2024,9,2024-W36,週五,下午,4,3,0,0,0,1
136221507,51708,1377,6,資訊教育,Scratch舞台設計與認識角色,331.898,100,2024-09-06 13:31:13,2024,9,2024-W36,週五,下午,6,5,0,0,0,1
136221517,126435,1377,6,資訊教育,Scratch舞台設計與認識角色,331.898,100,2024-09-06 13:31:18,2024,9,2024-W36,週五,下午,2,1,0,0,0,1
136221519,51787,1377,6,資訊教育,Scratch舞台設計與認識角色,331.898,100,2024-09-06 13:31:19,2024,9,2024-W36,週五,下午,2,1,0,0,0,1
136221521,164256,1377,6,資訊教育,Scratch舞台設計與認識角色,331.898,82,2024-09-06 13:31:21,2024,9,2024-W36,週五,下午,3,3,0,0,0,1
136221524,56500,1377,6,資訊教育,Scratch舞台設計與認識角色,331.898,100,2024-09-06 13:31:24,2024,9,2024-W36,週五,下午,7,6,0,0,0,1
136221548,51943,1377,6,資訊教育,Scratch舞台設計與認識角色,331.898,81,2024-09-06 13:31:40,2024,9,2024-W36,週五,下午,9,11,0,0,0,1
136221567,79490,1377,6,資訊教育,Scratch舞台設計與認識角色,331.898,100,2024-09-06 13:31:49,2024,9,2024-W36,週五,下午,4,3,0,0,0,1
136221576,52983,1377,6,資訊教育,Scratch舞台設計與認識角色,331.898,100,2024-09-06 13:31:56,2024,9,2024-W36,週五,下午,4,3,0,0,0,1
136221810,52814,1377,6,資訊教育,Scratch舞台設計與認識角色,331.898,100,2024-09-06 13:34:20,2024,9,2024-W36,週五,下午,2,1,0,0,0,1
136221835,163235,1377,6,資訊教育,Scratch舞台設計與認識角色,331.898,0,2024-09-06 13:34:36,2024,9,2024-W36,週五,下午,1,0,0,0,0,0
136221972,51408,1377,6,資訊教育,認識Scratch及帳戶的註冊,383.116,88,2024-09-06 13:35:35,2024,9,2024-W36,週五,下午,5,5,0,0,0,1
136221975,163235,1377,6,資訊教育,Scratch舞台設計與認識角色,331.898,100,2024-09-06 13:35:36,2024,9,2024-W36,週五,下午,6,5,0,0,0,1
136221977,52537,1377,6,資訊教育,Scratch舞台設計與認識角色,331.898,100,2024-09-06 13:35:37,2024,9,2024-W36,週五,下午,252,251,0,0,0,1
136221988,79490,1377,6,資訊教育,認識Scratch及帳戶的註冊,383.116,0,2024-09-06 13:35:40,2024,9,2024-W36,週五,下午,1,1,0,0,0,0
136222248,52202,1377,6,資訊教育,Scratch舞台設計與認識角色,331.898,100,2024-09-06 13:37:09,2024,9,2024-W36,週五,下午,2,1,0,0,0,1
136222308,164256,1377,6,資訊教育,Scratch舞台設計與認識角色,331.898,100,2024-09-06 13:37:27,2024,9,2024-W36,週五,下午,1,0,0,0,0,0
136222425,52229,1377,6,資訊教育,Scratch舞台設計與認識角色,331.898,82,2024-09-06 13:38:07,2024,9,2024-W36,週五,下午,3,2,0,1,0,0
136222529,51787,1377,6,資訊教育,Scratch角色動起來,504.871,100,2024-09-06 13:38:44,2024,9,2024-W36,週五,下午,2,1,0,0,0,1
136222560,51970,1377,6,資訊教育,Scratch角色動起來,504.871,100,2024-09-06 13:38:55,2024,9,2024-W36,週五,下午,15,15,1,0,0,2
136222605,52418,1377,6,資訊教育,Scratch角色動起來,504.871,51,2024-09-06 13:39:11,2024,9,2024-W36,週五,下午,3,2,1,0,0,1
136222660,52089,1377,6,資訊教育,認識Scratch及帳戶的註冊,383.116,100,2024-09-06 13:39:25,2024,9,2024-W36,週五,下午,13,12,0,0,0,0
136222684,52229,1377,6,資訊教育,Scratch角色動起來,504.871,86,2024-09-06 13:39:34,2024,9,2024-W36,週五,下午,7,7,0,0,0,1
136222685,51708,1377,6,資訊教育,Scratch角色動起來,504.871,100,2024-09-06 13:39:35,2024,9,2024-W36,週五,下午,9,8,0,0,0,1
136222691,52740,1377,6,資訊教育,Scratch舞台設計與認識角色,331.898,100,2024-09-06 13:39:37,2024,9,2024-W36,週五,下午,2,1,0,0,0,1
136222751,126435,1377,6,資訊教育,Scratch角色動起來,504.871,81,2024-09-06 13:39:56,2024,9,2024-W36,週五,下午,2,2,0,0,0,1
136222782,51943,1377,6,資訊教育,Scratch舞台設計與認識角色,331.898,100,2024-09-06 13:40:05,2024,9,2024-W36,週五,下午,7,6,0,0,0,0
136222804,56500,1377,6,資訊教育,Scratch角色動起來,504.871,100,2024-09-06 13:40:13,2024,9,2024-W36,週五,下午,11,10,0,0,0,1
136222816,51872,1377,6,資訊教育,Scratch舞台設計與認識角色,331.898,10,2024-09-06 13:40:17,2024,9,2024-W36,週五,下午,2,1,0,0,0,0
136222862,164256,1377,6,資訊教育,Scratch角色動起來,504.871,100,2024-09-06 13:40:30,2024,9,2024-W36,週五,下午,3,3,0,0,0,1
136222880,79490,1377,6,資訊教育,Scratch角色動起來,504.871,100,2024-09-06 13:40:37,2024,9,2024-W36,週五,下午,5,4,0,0,0,1
136222969,52022,1377,6,資訊教育,Scratch舞台設計與認識角色,331.898,100,2024-09-06 13:41:05,2024,9,2024-W36,週五,下午,3,2,0,0,0,1
136223105,52983,1377,6,資訊教育,Scratch角色動起來,504.871,100,2024-09-06 13:41:49,2024,9,2024-W36,週五,下午,21,21,0,0,0,1
136223109,52814,1377,6,資訊教育,Scratch角色動起來,504.871,100,2024-09-06 13:41:51,2024,9,2024-W36,週五,下午,8,7,0,0,0,1
136223178,51408,1377,6,資訊教育,Scratch舞台設計與認識角色,331.898,100,2024-09-06 13:42:17,2024,9,2024-W36,週五,下午,2,1,0,0,0,1
136223226,51872,1377,6,資訊教育,Scratch舞台設計與認識角色,331.898,100,2024-09-06 13:42:32,2024,9,2024-W36,週五,下午,1,1,0,0,0,1
136223266,51943,1377,6,資訊教育,Scratch舞台設計與認識角色,331.898,3,2024-09-06 13:42:45,2024,9,2024-W36,週五,下午,1,0,0,0,0,0
136223376,51943,1377,6,資訊教育,Scratch舞台設計與認識角色,331.898,24,2024-09-06 13:43:18,2024,9,2024-W36,週五,下午,1,1,0,0,0,0
136223381,163235,1377,6,資訊教育,Scratch角色動起來,504.871,100,2024-09-06 13:43:19,2024,9,2024-W36,週五,下午,744,743,0,0,0,1
136223569,52537,1377,6,資訊教育,Scratch角色動起來,504.871,50,2024-09-06 13:44:13,2024,9,2024-W36,週五,下午,3,4,0,0,0,1
136223656,52418,1377,6,資訊教育,Scratch角色動起來,504.871,75,2024-09-06 13:44:34,2024,9,2024-W36,週五,下午,1,0,0,0,0,0
136223764,51943,1377,6,資訊教育,Scratch舞台設計與認識角色,331.898,100,2024-09-06 13:45:00,2024,9,2024-W36,週五,下午,5,4,0,0,0,1
136223801,52202,1377,6,資訊教育,Scratch角色動起來,504.871,100,2024-09-06 13:45:06,2024,9,2024-W36,週五,下午,7,6,0,0,0,1
136224108,52089,1377,6,資訊教育,Scratch舞台設計與認識角色,331.898,26,2024-09-06 13:46:07,2024,9,2024-W36,週五,下午,2,2,0,0,0,0
136224258,52418,1377,6,資訊教育,Scratch角色動起來,504.871,100,2024-09-06 13:46:37,2024,9,2024-W36,週五,下午,1,0,0,0,0,0
136224493,126435,1377,6,資訊教育,Scratch角色動起來,504.871,100,2024-09-06 13:47:21,2024,9,2024-W36,週五,下午,2,1,0,0,0,0
136230083,51408,1377,6,資訊教育,認識Scratch及帳戶的註冊,383.116,100,2024-09-06 14:03:24,2024,9,2024-W36,週五,下午,1,0,0,0,0,0
136230238,52229,1377,6,資訊教育,Scratch角色動起來,504.871,100,2024-09-06 14:03:45,2024,9,2024-W36,週五,下午,1,0,0,0,0,0
136230254,52740,1377,6,資訊教育,Scratch角色動起來,504.871,100,2024-09-06 14:03:48,2024,9,2024-W36,週五,下午,4,3,0,0,0,1
136230263,51872,1377,6,資訊教育,Scratch角色動起來,504.871,100,2024-09-06 14:03:49,2024,9,2024-W36,週五,下午,7,6,0,0,0,1
136230274,51970,1377,6,資訊教育,Scratch角色動起來,504.871,80,2024-09-06 14:03:52,2024,9,2024-W36,週五,下午,7,7,1,4,0,0
136230417,56500,1377,6,資訊教育,Scratch角色動起來,504.871,82,2024-09-06 14:04:14,2024,9,2024-W36,週五,下午,4,4,3,7,0,0
136230503,51708,1377,6,資訊教育,Scratch角色動起來,504.871,75,2024-09-06 14:04:27,2024,9,2024-W36,週五,下午,8,9,0,4,0,0
136230607,52537,1377,6,資訊教育,Scratch舞台設計與認識角色,331.898,0,2024-09-06 14:04:45,2024,9,2024-W36,週五,下午,1,0,0,0,0,0
136230833,52022,1377,6,資訊教育,Scratch角色動起來,504.871,86,2024-09-06 14:05:11,2024,9,2024-W36,週五,下午,5,6,0,0,0,1
136230952,51408,1377,6,資訊教育,Scratch角色動起來,504.871,72,2024-09-06 14:05:27,2024,9,2024-W36,週五,下午,3,3,0,0,0,1
136231206,51943,1377,6,資訊教育,Scratch舞台設計與認識角色,331.898,43,2024-09-06 14:06:04,2024,9,2024-W36,週五,下午,6,5,0,1,0,2
136232756,52537,1377,6,資訊教育,Scratch角色動起來,504.871,54,2024-09-06 14:09:42,2024,9,2024-W36,週五,下午,1,1,0,0,0,0
136235418,13107,1377,5,資訊教育,簡報製作的觀念與規劃,279.744,100,2024-09-06 14:23:23,2024,9,2024-W36,週五,下午,3,2,0,0,0,1
136235521,14637,1377,5,資訊教育,Google簡報的操作介面與檔案管理,290.453,100,2024-09-06 14:23:53,2024,9,2024-W36,週五,下午,1,0,0,0,0,0
136235600,14940,1377,5,資訊教育,增刪投影片與版面配置,283.008,100,2024-09-06 14:24:18,2024,9,2024-W36,週五,下午,7,7,0,0,0,1
136235602,14106,1377,5,資訊教育,增刪投影片與版面配置,283.008,100,2024-09-06 14:24:19,2024,9,2024-W36,週五,下午,4,3,0,0,0,1
136235698,13020,1377,5,資訊教育,Google簡報的操作介面與檔案管理,290.453,100,2024-09-06 14:24:47,2024,9,2024-W36,週五,下午,4,5,0,0,0,3
136235790,13295,1377,5,資訊教育,增刪投影片與版面配置,283.008,100,2024-09-06 14:25:13,2024,9,2024-W36,週五,下午,17,16,0,0,0,1
136235800,6792,1377,5,資訊教育,Google簡報的操作介面與檔案管理,290.453,100,2024-09-06 14:25:15,2024,9,2024-W36,週五,下午,2,2,0,0,0,0
136235879,14640,1377,5,資訊教育,增刪投影片與版面配置,283.008,34,2024-09-06 14:25:41,2024,9,2024-W36,週五,下午,3,5,0,0,0,1
136236913,6792,1377,5,資訊教育,Google簡報的操作介面與檔案管理,290.453,100,2024-09-06 14:31:00,2024,9,2024-W36,週五,下午,1,1,0,0,0,0
136236954,6792,1377,5,資訊教育,Google簡報的操作介面與檔案管理,290.453,100,2024-09-06 14:31:09,2024,9,2024-W36,週五,下午,1,1,0,0,0,0
136237055,13063,1377,5,資訊教育,Google簡報的操作介面與檔案管理,290.453,40,2024-09-06 14:31:34,2024,9,2024-W36,週五,下午,8,8,4,0,0,2
136237069,14737,1377,5,資訊教育,增刪投影片與版面配置,283.008,100,2024-09-06 14:31:37,2024,9,2024-W36,週五,下午,192,191,0,0,0,1
136237168,14640,1377,5,資訊教育,增刪投影片與版面配置,283.008,99,2024-09-06 14:32:02,2024,9,2024-W36,週五,下午,4,4,0,0,0,0
136237218,14047,1377,5,資訊教育,增刪投影片與版面配置,283.008,100,2024-09-06 14:32:16,2024,9,2024-W36,週五,下午,3,2,1,0,0,1
136237221,14637,1377,5,資訊教育,增刪投影片與版面配置,283.008,100,2024-09-06 14:32:17,2024,9,2024-W36,週五,下午,3,2,0,0,0,1
136237222,13053,1377,5,資訊教育,簡報製作的觀念與規劃,279.744,1,2024-09-06 14:32:17,2024,9,2024-W36,週五,下午,2,3,1,0,0,0
136237377,13053,1377,5,資訊教育,簡報製作的觀念與規劃,279.744,2,2024-09-06 14:32:48,2024,9,2024-W36,週五,下午,2,2,1,0,0,0
136237382,14106,1377,5,資訊教育,增刪投影片與版面配置,283.008,100,2024-09-06 14:32:49,2024,9,2024-W36,週五,下午,1,0,1,1,0,0
136237540,13107,1377,5,資訊教育,Google簡報的操作介面與檔案管理,290.453,100,2024-09-06 14:33:24,2024,9,2024-W36,週五,下午,2,1,0,0,0,1
136237559,6792,1377,5,資訊教育,增刪投影片與版面配置,283.008,100,2024-09-06 14:33:29,2024,9,2024-W36,週五,下午,3,2,0,0,0,1
136237666,13295,1377,5,資訊教育,應用探索功能-插入圖片,257.749,1,2024-09-06 14:33:49,2024,9,2024-W36,週五,下午,2,2,0,0,0,0
136237671,13053,1377,5,資訊教育,簡報製作的觀念與規劃,279.744,100,2024-09-06 14:33:50,2024,9,2024-W36,週五,下午,7,6,0,0,0,1
136237686,14106,1377,5,資訊教育,應用探索功能-插入圖片,257.749,100,2024-09-06 14:33:53,2024,9,2024-W36,週五,下午,4,3,0,0,0,1
136237935,13877,1377,5,資訊教育,增刪投影片與版面配置,283.008,100,2024-09-06 14:34:52,2024,9,2024-W36,週五,下午,116,120,0,0,0,1
136238078,6622,1377,5,資訊教育,簡報製作的觀念與規劃,279.744,100,2024-09-06 14:35:22,2024,9,2024-W36,週五,下午,2,1,0,0,0,1
136238293,13063,1377,5,資訊教育,Google簡報的操作介面與檔案管理,290.453,100,2024-09-06 14:36:00,2024,9,2024-W36,週五,下午,2,1,0,0,0,0
136238372,14940,1377,5,資訊教育,應用探索功能-插入圖片,257.749,7,2024-09-06 14:36:20,2024,9,2024-W36,週五,下午,4,3,0,0,0,0
136238505,14940,1377,5,資訊教育,應用探索功能-插入圖片,257.749,11,2024-09-06 14:36:57,2024,9,2024-W36,週五,下午,1,0,0,0,0,0
136238507,14640,1377,5,資訊教育,增刪投影片與版面配置,283.008,100,2024-09-06 14:36:57,2024,9,2024-W36,週五,下午,1,0,0,0,0,0
136238551,14640,1377,5,資訊教育,增刪投影片與版面配置,283.008,100,2024-09-06 14:37:08,2024,9,2024-W36,週五,下午,1,1,0,0,0,0
136238593,14940,1377,5,資訊教育,應用探索功能-插入圖片,257.749,87,2024-09-06 14:37:19,2024,9,2024-W36,週五,下午,5,4,0,0,0,1
136238594,14640,1377,5,資訊教育,增刪投影片與版面配置,283.008,100,2024-09-06 14:37:20,2024,9,2024-W36,週五,下午,1,1,0,0,0,0
136238662,13295,1377,5,資訊教育,應用探索功能-插入圖片,257.749,100,2024-09-06 14:37:36,2024,9,2024-W36,週五,下午,2,1,0,0,0,1
136238881,6792,1377,5,資訊教育,增刪投影片與版面配置,283.008,100,2024-09-06 14:38:24,2024,9,2024-W36,週五,下午,1,1,0,0,0,0
136238912,6792,1377,5,資訊教育,增刪投影片與版面配置,283.008,100,2024-09-06 14:38:29,2024,9,2024-W36,週五,下午,1,1,0,0,0,0
136238970,14640,1377,5,資訊教育,應用探索功能-插入圖片,257.749,65,2024-09-06 14:38:38,2024,9,2024-W36,週五,下午,2,1,0,0,0,1
136238985,14106,1377,5,資訊教育,應用探索功能-插入圖片,257.749,100,2024-09-06 14:38:40,2024,9,2024-W36,週五,下午,1,0,0,1,0,0
136239245,13020,1377,5,資訊教育,增刪投影片與版面配置,283.008,100,2024-09-06 14:39:27,2024,9,2024-W36,週五,下午,3,2,0,0,0,1
136239337,14637,1377,5,資訊教育,應用探索功能-插入圖片,257.749,100,2024-09-06 14:39:45,2024,9,2024-W36,週五,下午,3,2,0,0,0,1
136239344,14047,1377,5,資訊教育,應用探索功能-插入圖片,257.749,100,2024-09-06 14:39:46,2024,9,2024-W36,週五,下午,4,3,0,0,0,1
136239378,14737,1377,5,資訊教育,應用探索功能-插入圖片,257.749,100,2024-09-06 14:39:54,2024,9,2024-W36,週五,下午,30,30,0,0,0,1
136239549,13107,1377,5,資訊教育,增刪投影片與版面配置,283.008,100,2024-09-06 14:40:27,2024,9,2024-W36,週五,下午,2,10,0,0,0,1
136239565,6792,1377,5,資訊教育,應用探索功能-插入圖片,257.749,100,2024-09-06 14:40:31,2024,9,2024-W36,週五,下午,3,2,0,0,0,1
136239667,14940,1377,5,資訊教育,應用探索功能-插入圖片,257.749,95,2024-09-06 14:40:50,2024,9,2024-W36,週五,下午,1,0,0,0,0,0
136239854,14940,1377,5,資訊教育,應用探索功能-插入圖片,257.749,100,2024-09-06 14:41:21,2024,9,2024-W36,週五,下午,1,0,0,0,0,0
136240112,14640,1377,5,資訊教育,應用探索功能-插入圖片,257.749,100,2024-09-06 14:42:23,2024,9,2024-W36,週五,下午,1,0,0,0,0,0
136240667,13877,1377,5,資訊教育,應用探索功能-插入圖片,257.749,100,2024-09-06 14:43:54,2024,9,2024-W36,週五,下午,5,4,1,0,0,2
136240708,14640,1377,5,資訊教育,應用探索功能-插入圖片,257.749,100,2024-09-06 14:44:00,2024,9,2024-W36,週五,下午,1,1,0,0,0,0
136240744,14640,1377,5,資訊教育,應用探索功能-插入圖片,257.749,100,2024-09-06 14:44:06,2024,9,2024-W36,週五,下午,1,1,0,0,0,0
136241274,6792,1377,5,資訊教育,應用探索功能-插入圖片,257.749,100,2024-09-06 14:45:29,2024,9,2024-W36,週五,下午,1,1,0,0,0,0
136241346,6792,1377,5,資訊教育,應用探索功能-插入圖片,257.749,100,2024-09-06 14:45:39,2024,9,2024-W36,週五,下午,2,2,0,1,0,0
136241351,6622,1377,5,資訊教育,Google簡報的操作介面與檔案管理,290.453,100,2024-09-06 14:45:39,2024,9,2024-W36,週五,下午,7,6,0,0,0,1
136241381,14640,1377,5,資訊教育,人工智慧與網路繪圖-GoogleAI幫你畫圖,225.557,100,2024-09-06 14:45:43,2024,9,2024-W36,週五,下午,1,0,0,0,0,0
136241632,13053,1377,5,資訊教育,Google簡報的操作介面與檔案管理,290.453,100,2024-09-06 14:46:23,2024,9,2024-W36,週五,下午,2,1,0,0,0,1
136241683,13020,1377,5,資訊教育,應用探索功能-插入圖片,257.749,0,2024-09-06 14:46:32,2024,9,2024-W36,週五,下午,2,2,1,0,0,1
136241803,14640,1377,5,資訊教育,人工智慧與網路繪圖-GoogleAI幫你畫圖,225.557,100,2024-09-06 14:46:52,2024,9,2024-W36,週五,下午,1,1,0,0,0,0
136241842,14640,1377,5,資訊教育,人工智慧與網路繪圖-GoogleAI幫你畫圖,225.557,100,2024-09-06 14:46:57,2024,9,2024-W36,週五,下午,5,5,0,4,0,0
136241925,13063,1377,5,資訊教育,應用探索功能-插入圖片,257.749,100,2024-09-06 14:47:11,2024,9,2024-W36,週五,下午,2,2,0,0,0,1
136242006,14640,1377,5,資訊教育,開新檔案、設定紙張與文字格式,307.84,100,2024-09-06 14:47:26,2024,9,2024-W36,週五,下午,1,1,0,0,0,0
136244071,13053,1377,5,資訊教育,Google簡報的操作介面與檔案管理,290.453,100,2024-09-06 14:54:52,2024,9,2024-W36,週五,下午,3,2,0,0,0,1
136244435,13107,1377,5,資訊教育,應用探索功能-插入圖片,257.749,100,2024-09-06 14:56:05,2024,9,2024-W36,週五,下午,3,2,0,0,0,1
136245078,13053,1377,5,資訊教育,Google簡報的操作介面與檔案管理,290.453,0,2024-09-06 14:58:42,2024,9,2024-W36,週五,下午,1,0,0,0,0,0
136245147,13053,1377,5,資訊教育,Google簡報的操作介面與檔案管理,290.453,12,2024-09-06 14:59:01,2024,9,2024-W36,週五,下午,2,15,0,0,0,1
136245275,13063,1377,5,資訊教育,增刪投影片與版面配置,283.008,21,2024-09-06 14:59:40,2024,9,2024-W36,週五,下午,1,0,0,0,0,0
136245472,6622,1377,5,資訊教育,增刪投影片與版面配置,283.008,4,2024-09-06 15:00:29,2024,9,2024-W36,週五,下午,1,1,0,0,0,0
136247617,170744,1377,6,資訊教育,認識Scratch及帳戶的註冊,383.116,0,2024-09-06 15:16:21,2024,9,2024-W36,週五,下午,1,1,0,0,0,0
136247618,170642,1377,6,資訊教育,Scratch舞台設計與認識角色,331.898,100,2024-09-06 15:16:22,2024,9,2024-W36,週五,下午,11,10,0,0,0,1
136247676,170651,1377,6,資訊教育,Scratch舞台設計與認識角色,331.898,100,2024-09-06 15:16:53,2024,9,2024-W36,週五,下午,2,1,0,0,0,1
136247688,180013,1377,6,資訊教育,Scratch舞台設計與認識角色,331.898,20,2024-09-06 15:16:56,2024,9,2024-W36,週五,下午,2,2,0,0,0,0
136247697,170744,1377,6,資訊教育,Scratch舞台設計與認識角色,331.898,100,2024-09-06 15:16:59,2024,9,2024-W36,週五,下午,9,14,3,0,0,3
136247726,170622,1377,6,資訊教育,Scratch舞台設計與認識角色,331.898,100,2024-09-06 15:17:12,2024,9,2024-W36,週五,下午,5,4,0,0,0,1
136247732,170382,1377,6,資訊教育,Scratch舞台設計與認識角色,331.898,100,2024-09-06 15:17:14,2024,9,2024-W36,週五,下午,5,4,0,0,0,1
136247746,170372,1377,6,資訊教育,Scratch舞台設計與認識角色,331.898,100,2024-09-06 15:17:19,2024,9,2024-W36,週五,下午,17,15,1,0,0,2
136247786,170743,1377,6,資訊教育,Scratch舞台設計與認識角色,331.898,100,2024-09-06 15:17:34,2024,9,2024-W36,週五,下午,4,3,0,0,0,1
136247809,170169,1377,6,資訊教育,認識Scratch及帳戶的註冊,383.116,100,2024-09-06 15:17:42,2024,9,2024-W36,週五,下午,1,1,0,1,0,0
136247822,169177,1377,6,資訊教育,Scratch舞台設計與認識角色,331.898,100,2024-09-06 15:17:46,2024,9,2024-W36,週五,下午,5,4,0,0,0,1
136247847,180502,1377,6,資訊教育,Scratch舞台設計與認識角色,331.898,100,2024-09-06 15:17:55,2024,9,2024-W36,週五,下午,6,5,0,0,0,1
136247856,180313,1377,6,資訊教育,Scratch舞台設計與認識角色,331.898,100,2024-09-06 15:18:00,2024,9,2024-W36,週五,下午,2,1,0,0,0,1
136247886,73300,1377,6,資訊教育,Scratch舞台設計與認識角色,331.898,100,2024-09-06 15:18:10,2024,9,2024-W36,週五,下午,12,11,0,0,0,1
136247992,169901,1377,6,資訊教育,Scratch舞台設計與認識角色,331.898,100,2024-09-06 15:18:42,2024,9,2024-W36,週五,下午,3,2,0,0,0,1
136248033,72906,1377,6,資訊教育,Scratch舞台設計與認識角色,331.898,100,2024-09-06 15:18:54,2024,9,2024-W36,週五,下午,8,8,0,0,0,1
136248037,73123,1377,6,資訊教育,Scratch舞台設計與認識角色,331.898,100,2024-09-06 15:18:55,2024,9,2024-W36,週五,下午,3,2,1,0,0,1
136248075,184828,1377,6,資訊教育,認識Scratch及帳戶的註冊,383.116,58,2024-09-06 15:19:10,2024,9,2024-W36,週五,下午,8,8,0,0,0,2
136248111,170169,1377,6,資訊教育,Scratch舞台設計與認識角色,331.898,100,2024-09-06 15:19:23,2024,9,2024-W36,週五,下午,9,8,0,0,0,2
136248141,170839,1377,6,資訊教育,Scratch舞台設計與認識角色,331.898,100,2024-09-06 15:19:32,2024,9,2024-W36,週五,下午,3,3,0,0,0,1
136248647,180013,1377,6,資訊教育,Scratch舞台設計與認識角色,331.898,1,2024-09-06 15:22:04,2024,9,2024-W36,週五,下午,1,1,0,0,0,0
136248692,180013,1377,6,資訊教育,Scratch舞台設計與認識角色,331.898,99,2024-09-06 15:22:14,2024,9,2024-W36,週五,下午,15,14,2,0,0,1
136248758,179767,1377,6,資訊教育,Scratch舞台設計與認識角色,331.898,100,2024-09-06 15:22:34,2024,9,2024-W36,週五,下午,13,12,0,0,0,1
136248904,170471,1377,6,資訊教育,Scratch舞台設計與認識角色,331.898,100,2024-09-06 15:23:06,2024,9,2024-W36,週五,下午,14,13,0,0,0,1
136249274,73206,1377,6,資訊教育,Scratch舞台設計與認識角色,331.898,100,2024-09-06 15:24:50,2024,9,2024-W36,週五,下午,751,750,0,0,0,1
136249715,180313,1377,6,資訊教育,Scratch舞台設計與認識角色,331.898,100,2024-09-06 15:26:25,2024,9,2024-W36,週五,下午,1,1,0,0,0,0
136249736,180313,1377,6,資訊教育,Scratch舞台設計與認識角色,331.898,100,2024-09-06 15:26:31,2024,9,2024-W36,週五,下午,1,1,0,0,0,0
136249762,170651,1377,6,資訊教育,Scratch角色動起來,504.871,100,2024-09-06 15:26:38,2024,9,2024-W36,週五,下午,2,1,0,0,0,1
136249917,184828,1377,6,資訊教育,Scratch舞台設計與認識角色,331.898,100,2024-09-06 15:27:10,2024,9,2024-W36,週五,下午,3,2,0,0,0,1
136249946,180313,1377,6,資訊教育,Scratch角色動起來,504.871,99,2024-09-06 15:27:17,2024,9,2024-W36,週五,下午,2,1,0,0,0,1
136250025,72906,1377,6,資訊教育,Scratch角色動起來,504.871,66,2024-09-06 15:27:33,2024,9,2024-W36,週五,下午,11,11,0,0,0,1
136250102,170372,1377,6,資訊教育,Scratch角色動起來,504.871,27,2024-09-06 15:27:48,2024,9,2024-W36,週五,下午,7,7,0,0,0,0
136250214,73300,1377,6,資訊教育,Scratch角色動起來,504.871,50,2024-09-06 15:28:10,2024,9,2024-W36,週五,下午,3,3,0,0,0,1
136250239,180502,1377,6,資訊教育,Scratch角色動起來,504.871,0,2024-09-06 15:28:15,2024,9,2024-W36,週五,下午,1,1,1,0,0,0
136250273,170382,1377,6,資訊教育,Scratch角色動起來,504.871,100,2024-09-06 15:28:22,2024,9,2024-W36,週五,下午,10,9,0,0,0,1
136250326,170743,1377,6,資訊教育,Scratch角色動起來,504.871,100,2024-09-06 15:28:33,2024,9,2024-W36,週五,下午,2,1,0,0,0,1
136250373,169901,1377,6,資訊教育,Scratch角色動起來,504.871,100,2024-09-06 15:28:43,2024,9,2024-W36,週五,下午,2,1,0,0,0,1
136250383,169177,1377,6,資訊教育,Scratch角色動起來,504.871,68,2024-09-06 15:28:45,2024,9,2024-W36,週五,下午,2,2,0,0,0,1
136250421,180502,1377,6,資訊教育,Scratch角色動起來,504.871,62,2024-09-06 15:28:53,2024,9,2024-W36,週五,下午,6,6,0,0,0,1
136250599,170169,1377,6,資訊教育,Scratch角色動起來,504.871,51,2024-09-06 15:29:27,2024,9,2024-W36,週五,下午,3,4,0,0,0,1
136250718,73123,1377,6,資訊教育,Scratch角色動起來,504.871,49,2024-09-06 15:29:52,2024,9,2024-W36,週五,下午,8,11,1,0,0,2
136250739,170839,1377,6,資訊教育,Scratch角色動起來,504.871,39,2024-09-06 15:29:55,2024,9,2024-W36,週五,下午,1,1,0,0,0,0
136250873,179767,1377,6,資訊教育,Scratch角色動起來,504.871,46,2024-09-06 15:30:24,2024,9,2024-W36,週五,下午,1,1,0,0,0,0
136250976,170372,1377,6,資訊教育,Scratch舞台設計與認識角色,331.898,0,2024-09-06 15:30:43,2024,9,2024-W36,週五,下午,1,0,0,0,0,0
136251075,170372,1377,6,資訊教育,Scratch角色動起來,504.871,74,2024-09-06 15:31:00,2024,9,2024-W36,週五,下午,4,4,1,0,0,2
136251505,170471,1377,6,資訊教育,Scratch角色動起來,504.871,13,2024-09-06 15:32:17,2024,9,2024-W36,週五,下午,2,2,0,0,0,0
136251649,73206,1377,6,資訊教育,Scratch角色動起來,504.871,24,2024-09-06 15:32:46,2024,9,2024-W36,週五,下午,315,314,0,0,0,0
136252079,184828,1377,6,資訊教育,Scratch舞台設計與認識角色,331.898,100,2024-09-06 15:34:06,2024,9,2024-W36,週五,下午,1,1,0,0,0,0
136253702,170744,1377,6,資訊教育,Scratch舞台設計與認識角色,331.898,100,2024-09-06 15:39:34,2024,9,2024-W36,週五,下午,3,2,0,1,0,1
136256168,180313,1377,6,資訊教育,Scratch角色動起來,504.871,100,2024-09-06 15:49:25,2024,9,2024-W36,週五,下午,1,0,0,0,0,0
136256184,184828,1377,6,資訊教育,Scratch舞台設計與認識角色,331.898,100,2024-09-06 15:49:28,2024,9,2024-W36,週五,下午,1,1,0,0,0,0
136256273,179767,1377,6,資訊教育,Scratch角色動起來,504.871,100,2024-09-06 15:49:44,2024,9,2024-W36,週五,下午,3,2,0,0,0,1
136256358,184828,1377,6,資訊教育,Scratch舞台設計與認識角色,331.898,100,2024-09-06 15:49:59,2024,9,2024-W36,週五,下午,1,1,0,0,0,0
136256482,180013,1377,6,資訊教育,Scratch舞台設計與認識角色,331.898,100,2024-09-06 15:50:19,2024,9,2024-W36,週五,下午,1,0,0,0,0,0
136256515,73206,1377,6,資訊教育,Scratch角色動起來,504.871,87,2024-09-06 15:50:25,2024,9,2024-W36,週五,下午,16,16,0,0,0,1
136257273,170471,1377,6,資訊教育,Scratch角色動起來,504.871,19,2024-09-06 15:52:29,2024,9,2024-W36,週五,下午,1,0,0,0,0,0
136257342,184828,1377,6,資訊教育,Scratch角色動起來,504.871,44,2024-09-06 15:52:45,2024,9,2024-W36,週五,下午,5,5,2,0,0,0
136257674,170382,1377,6,資訊教育,Scratch角色動起來,504.871,100,2024-09-06 15:54:12,2024,9,2024-W36,週五,下午,1,1,0,0,0,0
136257716,170382,1377,6,資訊教育,Scratch角色動起來,504.871,100,2024-09-06 15:54:25,2024,9,2024-W36,週五,下午,1,1,0,0,0,0
136257879,170471,1377,6,資訊教育,Scratch角色動起來,504.871,24,2024-09-06 15:55:16,2024,9,2024-W36,週五,下午,1,1,0,0,0,0
136277134,51408,1377,6,資訊教育,Scratch角色動起來,504.871,100,2024-09-06 20:36:38,2024,9,2024-W36,週五,晚上,2,1,0,0,0,0
136288017,39073,1377,5,數學108,video:N-5-3-S01,260.91,43,2024-09-06 21:24:27,2024,9,2024-W36,週五,晚上,11,10,0,0,0,0
136288200,39073,1377,5,數學108,video:N-5-3-S02,346.069,26,2024-09-06 21:27:15,2024,9,2024-W36,週五,晚上,2,1,0,0,0,0
136288366,39073,1377,5,數學108,video:N-5-3-S02,346.069,12,2024-09-06 21:30:25,2024,9,2024-W36,週五,晚上,5,5,2,0,0,0
136288444,88805,2284,2,國語文108,段落[二]/段旨故事,154.209,100,2024-09-06 21:31:25,2024,9,2024-W36,週五,晚上,2,1,0,0,0,0
136290076,88805,2284,2,國語文108,段落[二]/段旨記敘,171.584,100,2024-09-06 21:55:29,2024,9,2024-W36,週五,晚上,2,1,0,0,0,0
136290510,88805,2284,2,國語文108,字形[二]/字體字形1,143.531,100,2024-09-06 22:03:28,2024,9,2024-W36,週五,晚上,2,1,0,0,0,0
136290683,88805,2284,2,國語文108,字形[二]/字體字形2,130.667,100,2024-09-06 22:07:04,2024,9,2024-W36,週五,晚上,2,1,0,0,0,0
136329490,39073,1377,5,數學108,video:N-5-3-S01,260.91,100,2024-09-07 20:47:54,2024,9,2024-W36,週六,晚上,1,0,0,0,0,0
136330018,39073,1377,5,數學108,video:N-5-3-S02,346.069,100,2024-09-07 20:58:01,2024,9,2024-W36,週六,晚上,1,0,0,0,0,0
136330377,39073,1377,5,數學108,video:N-5-3-S03,280.0,100,2024-09-07 21:04:24,2024,9,2024-W36,週六,晚上,1,0,0,0,0,0
136330682,39073,1377,5,數學108,video:N-5-3-S04,359.816,73,2024-09-07 21:11:28,2024,9,2024-W36,週六,晚上,3,2,0,0,0,0
136330966,39073,1377,5,數學108,video:N-5-3-S04,359.816,79,2024-09-07 21:17:48,2024,9,2024-W36,週六,晚上,1,0,0,0,0,0
136330987,39073,1377,5,數學108,video:N-5-3-S04,359.816,100,2024-09-07 21:18:18,2024,9,2024-W36,週六,晚上,1,0,0,0,0,0
136372988,89348,2284,2,國語文108,段落[二]/段旨故事,154.209,100,2024-09-08 20:02:02,2024,9,2024-W36,週日,晚上,1,0,0,0,0,0
136374880,89348,2284,2,國語文108,段落[二]/段旨記敘,171.584,100,2024-09-08 20:24:32,2024,9,2024-W36,週日,晚上,2,1,0,0,0,0
136375731,89348,2284,2,國語文108,字形[二]/字體字形1,143.531,100,2024-09-08 20:34:49,2024,9,2024-W36,週日,晚上,1,0,0,0,0,0
136375942,89348,2284,2,國語文108,字形[二]/字體字形2,130.667,100,2024-09-08 20:37:30,2024,9,2024-W36,週日,晚上,2,1,0,0,0,0
136468758,80433,2284,6,數學108,N-3-3-S02,266.773,43,2024-09-09 13:13:09,2024,9,2024-W37,週一,下午,5,6,0,0,0,0
136480329,115966,1377,4,資訊教育,關鍵字搜尋與辨別假訊息,449.877,76,2024-09-09 13:58:02,2024,9,2024-W37,週一,下午,6,6,0,0,0,1
136480747,51593,1377,4,資訊教育,Google地圖功能介紹,216.213,87,2024-09-09 13:59:04,2024,9,2024-W37,週一,下午,6,6,0,0,0,1
136481586,129227,1377,4,資訊教育,認識搜尋引擎,387.392,19,2024-09-09 14:01:37,2024,9,2024-W37,週一,下午,2,1,0,0,0,0
136481827,51985,1377,4,資訊教育,使用Google街景尋找世界美景,266.24,12,2024-09-09 14:02:19,2024,9,2024-W37,週一,下午,3,3,0,0,0,0
136490544,18127,1377,4,資訊教育,認識搜尋引擎,387.392,100,2024-09-09 14:40:04,2024,9,2024-W37,週一,下午,3,2,0,0,0,0
136493159,20357,1377,4,資訊教育,使用Google街景尋找世界美景,266.24,100,2024-09-09 14:48:03,2024,9,2024-W37,週一,下午,2,1,0,0,0,1
136533611,79645,2284,5,數學108,video:D-5-1-S03,400.76,58,2024-09-09 18:02:43,2024,9,2024-W37,週一,晚上,7,7,1,0,0,0
136533821,79645,2284,5,數學108,video:D-5-1-S03,400.76,100,2024-09-09 18:08:28,2024,9,2024-W37,週一,晚上,5,4,0,0,0,0
136534036,79645,2284,5,數學108,video:D-5-1-S04,361.72,100,2024-09-09 18:14:29,2024,9,2024-W37,週一,晚上,2,1,0,0,0,0
136536698,79756,2284,5,數學108,video:D-5-1-S03,400.76,38,2024-09-09 19:01:41,2024,9,2024-W37,週一,晚上,9,8,0,0,0,0
136541328,75497,2284,5,數學108,video:D-5-1-S01,342.76,99,2024-09-09 19:56:56,2024,9,2024-W37,週一,晚上,5,4,0,0,0,0
136544861,80289,2284,5,數學108,video:D-5-1-S03,400.76,95,2024-09-09 20:31:10,2024,9,2024-W37,週一,晚上,1,1,0,0,0,0
136545189,79756,2284,5,數學108,video:D-5-1-S03,400.76,100,2024-09-09 20:33:35,2024,9,2024-W37,週一,晚上,5,4,0,0,0,0
136545782,79756,2284,5,數學108,video:D-5-1-S03,400.76,1,2024-09-09 20:38:09,2024,9,2024-W37,週一,晚上,2,2,0,0,0,0
136546047,79756,2284,5,數學108,video:D-5-1-S04,361.72,100,2024-09-09 20:40:03,2024,9,2024-W37,週一,晚上,2,1,0,0,0,0
136549394,178344,2284,5,數學108,video:D-5-1-S03,400.76,100,2024-09-09 21:08:08,2024,9,2024-W37,週一,晚上,1,0,0,0,0,0
136550616,178282,2284,5,數學108,video:D-5-1-S01,342.76,2,2024-09-09 21:19:15,2024,9,2024-W37,週一,晚上,2,2,0,0,0,0
136550658,178282,2284,5,數學108,video:D-5-1-S01,342.76,0,2024-09-09 21:19:36,2024,9,2024-W37,週一,晚上,4,4,4,0,0,0
136550941,80289,2284,5,數學108,video:D-5-1-S03,400.76,100,2024-09-09 21:21:55,2024,9,2024-W37,週一,晚上,1,0,0,0,0,0
136551001,80289,2284,5,數學108,video:D-5-1-S03,400.76,9,2024-09-09 21:22:24,2024,9,2024-W37,週一,晚上,1,0,0,0,0,0
136551621,80289,2284,5,數學108,video:D-5-1-S04,361.72,100,2024-09-09 21:27:17,2024,9,2024-W37,週一,晚上,1,0,0,0,0,0
136551855,178344,2284,5,數學108,video:D-5-1-S04,361.72,100,2024-09-09 21:29:17,2024,9,2024-W37,週一,晚上,2,1,0,0,0,0
136552172,178282,2284,5,數學108,video:D-5-1-S03,400.76,0,2024-09-09 21:32:19,2024,9,2024-W37,週一,晚上,2,2,1,0,0,0
136552311,178282,2284,5,數學108,video:D-5-1-S04,361.72,33,2024-09-09 21:33:44,2024,9,2024-W37,週一,晚上,2,2,0,0,0,0
136552860,178282,2284,5,數學108,video:D-5-1-S04,361.72,1,2024-09-09 21:39:07,2024,9,2024-W37,週一,晚上,1,1,0,0,0,0
136552913,178282,2284,5,數學108,video:D-5-1-S04,361.72,100,2024-09-09 21:39:39,2024,9,2024-W37,週一,晚上,1,0,0,0,0,0
136553594,178282,2284,5,數學108,video:D-5-1-S03,400.76,100,2024-09-09 21:46:56,2024,9,2024-W37,週一,晚上,9,8,5,0,0,0
136553780,178344,2284,5,數學108,video:D-5-1-S04,361.72,100,2024-09-09 21:49:22,2024,9,2024-W37,週一,晚上,1,1,0,0,0,0
136553799,178344,2284,5,數學108,video:D-5-1-S04,361.72,100,2024-09-09 21:49:37,2024,9,2024-W37,週一,晚上,2,1,0,1,0,0
136584289,94092,2284,2,國語文108,語法[一]/祈使句,481.942,100,2024-09-10 09:11:55,2024,9,2024-W37,週二,上午,2,1,1,0,0,0
136584762,94149,2284,2,數學108,N-2-1-S01,153.739,100,2024-09-10 09:14:30,2024,9,2024-W37,週二,上午,3,2,0,0,0,0
136584895,93867,2284,2,國語文108,文章[一]/語句組織1,221.695,100,2024-09-10 09:15:04,2024,9,2024-W37,週二,上午,6,5,0,0,0,0
136585883,93668,2284,2,數學108,N-2-1-S03,154.308,100,2024-09-10 09:18:34,2024,9,2024-W37,週二,上午,1,0,0,0,0,0
136585910,93893,2284,2,數學108,N-2-1-S01,153.739,100,2024-09-10 09:18:37,2024,9,2024-W37,週二,上午,1,0,0,0,0,0
136586634,93893,2284,2,數學108,R-2-1-S02,379.484,3,2024-09-10 09:22:06,2024,9,2024-W37,週二,上午,1,1,0,0,0,0
136643105,93701,2284,2,數學108,N-2-2-S02,468.935,13,2024-09-10 13:46:11,2024,9,2024-W37,週二,下午,1,1,0,0,0,0
136643541,94098,2284,2,國語文108,語法[一]/直述句,366.908,17,2024-09-10 13:47:05,2024,9,2024-W37,週二,下午,2,1,0,0,0,0
136646356,93701,2284,2,數學108,N-2-2-S01,286.486,1,2024-09-10 13:51:58,2024,9,2024-W37,週二,下午,1,1,0,0,0,0
136647950,93701,2284,2,數學108,N-2-2-S01,286.486,25,2024-09-10 13:54:44,2024,9,2024-W37,週二,下午,1,1,0,0,0,0
136821256,88805,2284,2,數學108,N-2-1-S01,153.739,100,2024-09-11 11:50:17,2024,9,2024-W37,週三,上午,5,4,0,4,0,0
136896704,89348,2284,2,數學108,N-2-1-S01,153.739,100,2024-09-12 08:02:46,2024,9,2024-W37,週四,上午,2,1,0,0,0,0
136899251,89348,2284,2,數學108,N-2-1-S02,260.237,100,2024-09-12 08:07:16,2024,9,2024-W37,週四,上午,1,0,0,0,0,0
136900686,88805,2284,2,數學108,N-2-1-S02,260.237,100,2024-09-12 08:09:51,2024,9,2024-W37,週四,上午,2,1,0,0,0,0
136902618,89348,2284,2,數學108,R-2-1-S01,538.959,100,2024-09-12 08:12:51,2024,9,2024-W37,週四,上午,4,3,1,0,0,0
136904857,88805,2284,2,數學108,N-2-1-S03,154.308,100,2024-09-12 08:16:21,2024,9,2024-W37,週四,上午,1,0,0,0,0,0
136910141,89348,2284,2,數學108,R-2-1-S02,379.484,100,2024-09-12 08:23:04,2024,9,2024-W37,週四,上午,3,2,1,0,0,0
136914368,88805,2284,2,數學108,R-2-1-S03,569.237,100,2024-09-12 08:28:33,2024,9,2024-W37,週四,上午,8,7,0,0,0,0
136917069,90284,2284,2,數學108,N-2-1-S01,153.739,100,2024-09-12 08:32:12,2024,9,2024-W37,週四,上午,1,0,0,0,0,0
136919978,89348,2284,2,數學108,R-2-1-S04,320.644,8,2024-09-12 08:36:23,2024,9,2024-W37,週四,上午,1,1,0,0,0,0
136955350,230454,1377,6,資訊教育,認識海報規劃及繪圖軟體Inkscape,399.061,43,2024-09-12 10:34:39,2024,9,2024-W37,週四,上午,7,7,0,0,0,2
136955371,239765,1377,6,資訊教育,認識海報規劃及繪圖軟體Inkscape,399.061,4,2024-09-12 10:34:48,2024,9,2024-W37,週四,上午,3,3,0,0,0,0
136955375,239005,1377,6,資訊教育,認識海報規劃及繪圖軟體Inkscape,399.061,44,2024-09-12 10:34:49,2024,9,2024-W37,週四,上午,6,6,1,0,0,2
136955391,241840,1377,6,資訊教育,認識海報規劃及繪圖軟體Inkscape,399.061,63,2024-09-12 10:34:54,2024,9,2024-W37,週四,上午,2,1,0,0,0,1
136955433,241854,1377,6,資訊教育,認識海報規劃及繪圖軟體Inkscape,399.061,66,2024-09-12 10:35:05,2024,9,2024-W37,週四,上午,5,5,0,0,0,1
136955436,230630,1377,6,資訊教育,認識海報規劃及繪圖軟體Inkscape,399.061,61,2024-09-12 10:35:07,2024,9,2024-W37,週四,上午,2,2,0,0,0,1
136955472,239765,1377,6,資訊教育,認識海報規劃及繪圖軟體Inkscape,399.061,53,2024-09-12 10:35:17,2024,9,2024-W37,週四,上午,5,4,2,0,0,2
136955620,242894,1377,6,資訊教育,認識海報規劃及繪圖軟體Inkscape,399.061,56,2024-09-12 10:35:50,2024,9,2024-W37,週四,上午,4,4,0,0,0,1
136955675,238999,1377,6,資訊教育,Scratch角色動起來,504.871,41,2024-09-12 10:36:01,2024,9,2024-W37,週四,上午,1,0,0,0,0,0
136955719,238715,1377,6,資訊教育,認識海報規劃及繪圖軟體Inkscape,399.061,1,2024-09-12 10:36:11,2024,9,2024-W37,週四,上午,1,1,0,0,0,0
136955793,244127,1377,6,資訊教育,使用Inkscape工具繪製向量物件,460.501,36,2024-09-12 10:36:26,2024,9,2024-W37,週四,上午,2,2,0,0,0,1
136955804,238715,1377,6,資訊教育,認識海報規劃及繪圖軟體Inkscape,399.061,35,2024-09-12 10:36:29,2024,9,2024-W37,週四,上午,2,2,0,0,0,1
136955807,239702,1377,6,資訊教育,使用Inkscape工具繪製向量物件,460.501,100,2024-09-12 10:36:30,2024,9,2024-W37,週四,上午,4,3,0,0,0,1
136955813,238999,1377,6,資訊教育,使用Inkscape工具繪製向量物件,460.501,30,2024-09-12 10:36:31,2024,9,2024-W37,週四,上午,6,6,3,0,0,2
136955900,1016,1377,6,資訊教育,手繪與物件順序-繪製樹木與物件順序,374.208,19,2024-09-12 10:36:49,2024,9,2024-W37,週四,上午,3,3,0,0,0,1
136956002,240765,1377,6,資訊教育,使用Inkscape工具繪製向量物件,460.501,15,2024-09-12 10:37:09,2024,9,2024-W37,週四,上午,2,1,0,0,0,0
136956159,240896,1377,6,資訊教育,認識海報規劃及繪圖軟體Inkscape,399.061,29,2024-09-12 10:37:45,2024,9,2024-W37,週四,上午,3,3,0,0,0,1
136956310,52398,1377,6,資訊教育,使用Inkscape工具繪製向量物件,460.501,1,2024-09-12 10:38:18,2024,9,2024-W37,週四,上午,1,1,0,0,0,0
136956383,238943,1377,6,資訊教育,使用Inkscape工具繪製向量物件,460.501,7,2024-09-12 10:38:29,2024,9,2024-W37,週四,上午,1,0,0,0,0,0
136956592,241568,1377,6,資訊教育,手繪與物件順序-繪製白雲,411.077,42,2024-09-12 10:39:11,2024,9,2024-W37,週四,上午,5,5,0,0,0,0
136958428,239702,1377,6,資訊教育,使用Inkscape工具繪製向量物件,460.501,1,2024-09-12 10:45:17,2024,9,2024-W37,週四,上午,1,1,0,0,0,0
136994792,178025,2284,5,數學108,video:N-5-3-S03,280.0,100,2024-09-12 13:39:51,2024,9,2024-W37,週四,下午,22,21,0,0,0,0
136995147,158918,2284,5,數學108,video:N-5-3-S03,280.0,100,2024-09-12 13:41:01,2024,9,2024-W37,週四,下午,1,1,0,0,0,0
136995653,65352,2284,5,數學108,video:N-5-3-S03,280.0,0,2024-09-12 13:42:35,2024,9,2024-W37,週四,下午,1,0,0,0,0,0
136995717,193572,2284,5,數學108,video:N-5-3-S03,280.0,100,2024-09-12 13:42:45,2024,9,2024-W37,週四,下午,8,7,0,0,0,0
136995842,86372,2284,5,數學108,video:N-5-3-S03,280.0,76,2024-09-12 13:43:04,2024,9,2024-W37,週四,下午,14,13,4,0,2,0
136996113,65352,2284,5,數學108,video:N-5-3-S03,280.0,100,2024-09-12 13:43:45,2024,9,2024-W37,週四,下午,9,9,3,0,0,0
136996170,177942,2284,5,數學108,video:N-5-3-S03,280.0,100,2024-09-12 13:43:54,2024,9,2024-W37,週四,下午,5,4,0,0,0,0
136996220,167466,2284,5,數學108,video:N-5-3-S03,280.0,100,2024-09-12 13:44:03,2024,9,2024-W37,週四,下午,11,10,0,0,0,0
136996285,178455,2284,5,數學108,video:N-5-3-S03,280.0,100,2024-09-12 13:44:13,2024,9,2024-W37,週四,下午,10,9,0,0,0,0
136997672,158918,2284,5,數學108,video:N-5-3-S03,280.0,100,2024-09-12 13:47:25,2024,9,2024-W37,週四,下午,5,4,1,0,0,0
136999355,75855,2284,5,數學108,video:N-5-3-S03,280.0,100,2024-09-12 13:50:48,2024,9,2024-W37,週四,下午,3,2,0,0,0,0
136999506,86372,2284,5,數學108,video:N-5-3-S03,280.0,100,2024-09-12 13:51:05,2024,9,2024-W37,週四,下午,5,4,0,0,2,0
136999551,60833,2284,5,數學108,video:N-5-3-S03,280.0,21,2024-09-12 13:51:11,2024,9,2024-W37,週四,下午,1,0,0,0,0,0
137000957,167466,2284,5,數學108,video:N-5-3-S03,280.0,100,2024-09-12 13:53:45,2024,9,2024-W37,週四,下午,145,143,5,3,0,0
137002210,75855,2284,5,數學108,video:N-5-3-S03,280.0,91,2024-09-12 13:55:51,2024,9,2024-W37,週四,下午,4,4,0,1,0,0
137003079,193572,2284,5,數學108,video:N-5-3-S03,280.0,100,2024-09-12 13:57:16,2024,9,2024-W37,週四,下午,9,8,1,3,0,0
137003118,60833,2284,5,數學108,video:N-5-3-S03,280.0,100,2024-09-12 13:57:19,2024,9,2024-W37,週四,下午,4,3,0,0,0,0
137005337,86372,2284,5,數學108,video:N-5-3-S03,280.0,100,2024-09-12 14:01:27,2024,9,2024-W37,週四,下午,3,2,1,3,0,0
137006941,193572,2284,5,數學108,video:N-5-3-S03,280.0,98,2024-09-12 14:05:28,2024,9,2024-W37,週四,下午,5,5,1,2,0,0
137007278,86372,2284,5,數學108,video:N-5-3-S03,280.0,100,2024-09-12 14:06:23,2024,9,2024-W37,週四,下午,2,1,0,1,0,0
137080130,60833,2284,5,數學108,video:N-4-2-S02,809.28,6,2024-09-12 18:42:40,2024,9,2024-W37,週四,晚上,8,7,0,0,0,0
137171304,132515,1377,5,資訊教育,簡報製作的觀念與規劃,279.744,100,2024-09-13 11:01:04,2024,9,2024-W37,週五,上午,4,3,0,0,0,2
137171517,29231,1377,5,資訊教育,應用探索功能-插入圖片,257.749,100,2024-09-13 11:01:23,2024,9,2024-W37,週五,上午,3,2,0,0,0,2
137171792,27845,1377,5,資訊教育,增刪投影片與版面配置,283.008,100,2024-09-13 11:01:59,2024,9,2024-W37,週五,上午,1,0,0,0,0,0
137172908,27736,1377,5,資訊教育,應用探索功能-插入圖片,257.749,100,2024-09-13 11:04:52,2024,9,2024-W37,週五,上午,3,2,0,0,0,1
137172938,25068,1377,5,資訊教育,增刪投影片與版面配置,283.008,100,2024-09-13 11:04:58,2024,9,2024-W37,週五,上午,2,1,0,0,0,1
137173142,27845,1377,5,資訊教育,增刪投影片與版面配置,283.008,28,2024-09-13 11:05:33,2024,9,2024-W37,週五,上午,4,3,1,1,0,1
137173277,26970,1377,5,資訊教育,Google簡報的操作介面與檔案管理,290.453,100,2024-09-13 11:05:54,2024,9,2024-W37,週五,上午,4,3,0,0,0,0
137173741,27845,1377,5,資訊教育,應用探索功能-插入圖片,257.749,26,2024-09-13 11:07:09,2024,9,2024-W37,週五,上午,1,1,0,0,0,1
137173866,29204,1377,5,資訊教育,增刪投影片與版面配置,283.008,28,2024-09-13 11:07:28,2024,9,2024-W37,週五,上午,1,1,0,0,0,1
137176772,238999,1377,6,資訊教育,Scratch角色動起來,504.871,100,2024-09-13 11:20:44,2024,9,2024-W37,週五,上午,2,1,0,0,0,1
137177918,240765,1377,6,資訊教育,Scratch舞台設計與認識角色,331.898,100,2024-09-13 11:26:26,2024,9,2024-W37,週五,上午,1,0,0,0,0,0
137184312,241568,1377,6,資訊教育,Scratch角色動起來,504.871,38,2024-09-13 11:41:45,2024,9,2024-W37,週五,上午,1,0,0,0,0,0
137184803,241568,1377,6,資訊教育,Scratch角色動起來,504.871,100,2024-09-13 11:42:50,2024,9,2024-W37,週五,上午,2,1,0,0,0,1
137185060,240765,1377,6,資訊教育,Scratch舞台設計與認識角色,331.898,69,2024-09-13 11:43:25,2024,9,2024-W37,週五,上午,4,3,1,2,0,0
137185401,238943,1377,6,資訊教育,Scratch角色動起來,504.871,2,2024-09-13 11:44:12,2024,9,2024-W37,週五,上午,6,6,0,0,0,1
137185474,230014,1377,6,資訊教育,Scratch舞台設計與認識角色,331.898,5,2024-09-13 11:44:23,2024,9,2024-W37,週五,上午,2,2,0,0,0,0
137186598,1016,1377,6,資訊教育,Scratch舞台設計與認識角色,331.898,88,2024-09-13 11:47:45,2024,9,2024-W37,週五,上午,4,3,0,0,0,0
137186853,240765,1377,6,資訊教育,Scratch角色動起來,504.871,62,2024-09-13 11:48:31,2024,9,2024-W37,週五,上午,16,16,0,0,0,1
137187516,1016,1377,6,資訊教育,Scratch角色動起來,504.871,68,2024-09-13 11:50:42,2024,9,2024-W37,週五,上午,9,9,2,0,0,2
137187711,238943,1377,6,資訊教育,Scratch角色動起來,504.871,49,2024-09-13 11:51:19,2024,9,2024-W37,週五,上午,2,2,0,0,0,1
137187985,52398,1377,6,資訊教育,Scratch角色動起來,504.871,13,2024-09-13 11:52:24,2024,9,2024-W37,週五,上午,6,5,0,0,0,0
137188262,238999,1377,6,資訊教育,Scratch角色動起來,504.871,74,2024-09-13 11:53:18,2024,9,2024-W37,週五,上午,9,9,1,7,0,1
137188638,239275,1377,6,資訊教育,Scratch舞台設計與認識角色,331.898,77,2024-09-13 11:54:39,2024,9,2024-W37,週五,上午,4,3,1,12,0,0
137188981,238943,1377,6,資訊教育,Scratch角色動起來,504.871,74,2024-09-13 11:56:01,2024,9,2024-W37,週五,上午,3,3,0,0,0,1
137189301,52398,1377,6,資訊教育,Scratch角色動起來,504.871,15,2024-09-13 11:57:26,2024,9,2024-W37,週五,上午,1,1,0,0,0,0
137210844,88959,2284,2,國語文108,文章[二]/段落結構1,306.142,100,2024-09-13 13:52:33,2024,9,2024-W37,週五,下午,1,0,0,0,0,0
137210928,180923,2284,2,國語文108,文章[一]/語句組織2,223.014,100,2024-09-13 13:52:47,2024,9,2024-W37,週五,下午,1,0,0,0,0,0
137211612,79490,1377,6,資訊教育,認識Scratch及帳戶的註冊,383.116,34,2024-09-13 13:54:34,2024,9,2024-W37,週五,下午,5,5,0,0,0,0
137211683,52418,1377,6,資訊教育,Scratch舞台設計與認識角色,331.898,92,2024-09-13 13:54:45,2024,9,2024-W37,週五,下午,5,4,1,3,0,0
137211827,52418,1377,6,資訊教育,Scratch角色動起來,504.871,82,2024-09-13 13:55:12,2024,9,2024-W37,週五,下午,7,10,1,5,0,1
137213740,52022,1377,6,資訊教育,Scratch角色動起來,504.871,69,2024-09-13 14:01:02,2024,9,2024-W37,週五,下午,1,3,2,0,0,0
137214007,88959,2284,2,國語文108,文章[二]/段落結構2,231.925,100,2024-09-13 14:01:52,2024,9,2024-W37,週五,下午,1,0,0,0,0,0
137214136,52740,1377,6,資訊教育,Scratch角色動起來,504.871,86,2024-09-13 14:02:14,2024,9,2024-W37,週五,下午,4,4,2,3,0,0
137214258,94080,2284,2,國語文108,文章[二]/段落結構1,306.142,33,2024-09-13 14:02:35,2024,9,2024-W37,週五,下午,1,0,0,0,0,0
137217492,94080,2284,2,國語文108,文章[二]/段落結構1,306.142,100,2024-09-13 14:12:24,2024,9,2024-W37,週五,下午,3,2,0,0,0,0
137218214,94080,2284,2,國語文108,文章[二]/段落結構2,231.925,100,2024-09-13 14:16:16,2024,9,2024-W37,週五,下午,5,4,1,0,0,0
137219043,14640,1377,5,資訊教育,變更投影片主題,337.237,1,2024-09-13 14:22:14,2024,9,2024-W37,週五,下午,2,2,0,0,0,0
137221768,94080,2284,2,國語文108,文章[一]/語句組織1,221.695,100,2024-09-13 14:35:05,2024,9,2024-W37,週五,下午,2,1,0,0,0,0
137224829,94080,2284,2,國語文108,文章[一]/語句組織2,223.014,49,2024-09-13 14:42:43,2024,9,2024-W37,週五,下午,1,0,0,0,0,0
137226361,94080,2284,2,國語文108,文章[一]/語句組織2,223.014,100,2024-09-13 14:46:52,2024,9,2024-W37,週五,下午,1,0,0,0,0,0
137226995,14737,1377,5,資訊教育,變更投影片主題,337.237,100,2024-09-13 14:48:47,2024,9,2024-W37,週五,下午,488,489,0,0,0,0
137227347,13295,1377,5,資訊教育,變更投影片主題,337.237,100,2024-09-13 14:49:56,2024,9,2024-W37,週五,下午,3,2,0,0,0,0
137227680,14640,1377,5,資訊教育,變更投影片主題,337.237,100,2024-09-13 14:50:56,2024,9,2024-W37,週五,下午,1,0,0,0,0,0
137228209,13063,1377,5,資訊教育,增刪投影片與版面配置,283.008,100,2024-09-13 14:52:21,2024,9,2024-W37,週五,下午,4,3,2,0,0,2
137228443,6622,1377,5,資訊教育,增刪投影片與版面配置,283.008,100,2024-09-13 14:53:05,2024,9,2024-W37,週五,下午,2,1,0,0,0,1
137229063,13020,1377,5,資訊教育,應用探索功能-插入圖片,257.749,35,2024-09-13 14:55:13,2024,9,2024-W37,週五,下午,10,12,3,0,0,5
137229218,13107,1377,5,資訊教育,變更投影片主題,337.237,90,2024-09-13 14:55:43,2024,9,2024-W37,週五,下午,1,1,0,0,0,0
137229342,14637,1377,5,資訊教育,變更投影片主題,337.237,75,2024-09-13 14:56:08,2024,9,2024-W37,週五,下午,2,2,0,0,0,0
137229422,14940,1377,5,資訊教育,變更投影片主題,337.237,82,2024-09-13 14:56:28,2024,9,2024-W37,週五,下午,2,1,0,0,0,0
137229474,14737,1377,5,資訊教育,匯入投影片主題,253.227,83,2024-09-13 14:56:43,2024,9,2024-W37,週五,下午,2,2,0,0,0,1
137229694,14640,1377,5,資訊教育,匯入投影片主題,253.227,48,2024-09-13 14:57:35,2024,9,2024-W37,週五,下午,2,8,0,0,0,1
137229993,13295,1377,5,資訊教育,匯入投影片主題,253.227,45,2024-09-13 14:58:41,2024,9,2024-W37,週五,下午,1,1,0,0,0,0
137230181,14047,1377,5,資訊教育,變更投影片主題,337.237,27,2024-09-13 14:59:24,2024,9,2024-W37,週五,下午,3,3,0,0,0,0
137230342,6792,1377,5,資訊教育,變更投影片主題,337.237,6,2024-09-13 15:00:00,2024,9,2024-W37,週五,下午,2,2,0,0,0,0
137231093,90284,2284,2,國語文108,段落[二]/段落訊息故事,163.264,96,2024-09-13 15:07:11,2024,9,2024-W37,週五,下午,3,2,0,0,0,0
137231670,90284,2284,2,國語文108,段落[二]/段落訊息故事,163.264,100,2024-09-13 15:14:03,2024,9,2024-W37,週五,下午,1,0,0,0,0,0
137231955,90284,2284,2,國語文108,段落[二]/段落訊息記敘,158.656,100,2024-09-13 15:16:21,2024,9,2024-W37,週五,下午,2,1,0,0,0,0
137232060,184828,1377,6,資訊教育,Scratch角色動起來,504.871,100,2024-09-13 15:17:08,2024,9,2024-W37,週五,下午,4,3,0,0,0,1
137232252,180923,2284,2,國語文108,文章[二]/段落結構1,306.142,100,2024-09-13 15:18:19,2024,9,2024-W37,週五,下午,1,0,0,0,0,0
137232918,90284,2284,2,國語文108,字形[二]/形近字1,120.597,100,2024-09-13 15:21:39,2024,9,2024-W37,週五,下午,1,0,0,0,0,0
137233763,90284,2284,2,國語文108,字形[二]/形近字1,120.597,0,2024-09-13 15:24:09,2024,9,2024-W37,週五,下午,1,0,0,0,0,0
137233896,180923,2284,2,國語文108,文章[二]/段落結構2,231.925,100,2024-09-13 15:24:28,2024,9,2024-W37,週五,下午,1,0,0,0,0,0
137234334,89348,2284,2,國語文108,段落[二]/段落訊息故事,163.264,100,2024-09-13 15:25:41,2024,9,2024-W37,週五,下午,8,7,0,0,0,0
137234802,90284,2284,2,國語文108,字形[二]/形近字2,124.096,100,2024-09-13 15:26:41,2024,9,2024-W37,週五,下午,1,0,1,0,0,0
137238394,180013,1377,6,資訊教育,Scratch角色動起來,504.871,10,2024-09-13 15:33:54,2024,9,2024-W37,週五,下午,2,2,0,0,0,0
137239115,170622,1377,6,資訊教育,Scratch角色動起來,504.871,50,2024-09-13 15:35:05,2024,9,2024-W37,週五,下午,11,11,0,0,0,1
137239357,170651,1377,6,資訊教育,Scratch角色動起來,504.871,82,2024-09-13 15:35:29,2024,9,2024-W37,週五,下午,4,4,2,8,0,0
137241650,184828,1377,6,資訊教育,認識Scratch及帳戶的註冊,383.116,100,2024-09-13 15:40:01,2024,9,2024-W37,週五,下午,2,1,0,0,0,0
137242932,170744,1377,6,資訊教育,Scratch角色動起來,504.871,0,2024-09-13 15:42:39,2024,9,2024-W37,週五,下午,1,1,0,0,0,0
137244309,169177,1377,6,資訊教育,Scratch角色動起來,504.871,78,2024-09-13 15:45:30,2024,9,2024-W37,週五,下午,7,7,0,0,0,0
137244813,73300,1377,6,資訊教育,Scratch舞台設計與認識角色,331.898,0,2024-09-13 15:46:28,2024,9,2024-W37,週五,下午,4,3,1,2,0,0
137245500,184828,1377,6,資訊教育,Scratch角色動起來,504.871,48,2024-09-13 15:48:02,2024,9,2024-W37,週五,下午,5,5,0,1,0,0
137245529,89348,2284,2,國語文108,段落[二]/段落訊息記敘,158.656,100,2024-09-13 15:48:05,2024,9,2024-W37,週五,下午,1,0,0,0,0,0
137246525,89348,2284,2,國語文108,段落[二]/段落訊息記敘,158.656,0,2024-09-13 15:50:49,2024,9,2024-W37,週五,下午,1,0,0,0,0,0
137246583,169901,1377,6,資訊教育,Scratch網站介紹,442.609,39,2024-09-13 15:50:58,2024,9,2024-W37,週五,下午,2,2,0,0,0,1
137246731,169901,1377,6,資訊教育,認識Scratch及帳戶的註冊,383.116,41,2024-09-13 15:51:22,2024,9,2024-W37,週五,下午,5,5,0,0,0,1
137247712,169901,1377,6,資訊教育,Scratch網站介紹,442.609,41,2024-09-13 15:54:45,2024,9,2024-W37,週五,下午,1,0,0,0,0,0
137247804,169901,1377,6,資訊教育,Scratch角色動起來,504.871,63,2024-09-13 15:55:24,2024,9,2024-W37,週五,下午,7,7,2,1,0,0
137251355,179767,1377,6,英語108,語音-ThePHSound,173.504,100,2024-09-13 16:22:00,2024,9,2024-W37,週五,下午,1,0,0,0,0,0
137252586,39073,1377,5,資訊教育,變更投影片主題,337.237,100,2024-09-13 16:28:51,2024,9,2024-W37,週五,下午,2,1,0,0,0,0
137254312,179767,1377,6,英語108,語音-ThePHSound,173.504,100,2024-09-13 16:35:33,2024,9,2024-W37,週五,下午,1,0,0,0,0,0
137254885,77402,1377,5,英語108,"語音-VowelSoundsa_e,a",330.368,26,2024-09-13 16:37:47,2024,9,2024-W37,週五,下午,4,4,0,0,0,0
137255102,39073,1377,5,資訊教育,匯入投影片主題,253.227,100,2024-09-13 16:38:35,2024,9,2024-W37,週五,下午,2,1,0,0,0,1
137257508,77402,1377,5,英語108,"語音-VowelSoundsa_e,a",330.368,100,2024-09-13 16:49:43,2024,9,2024-W37,週五,下午,1,0,0,0,0,0
137258270,77402,1377,5,英語108,"語音-VowelSoundse_e,e)",372.928,10,2024-09-13 16:55:23,2024,9,2024-W37,週五,下午,1,1,0,0,0,0
137259247,77402,1377,5,英語108,"語音-VowelSoundse_e,e)",372.928,100,2024-09-13 17:03:13,2024,9,2024-W37,週五,下午,1,0,0,0,0,0
137272606,88805,2284,2,國語文108,段落[二]/段落訊息故事,163.264,100,2024-09-13 20:19:13,2024,9,2024-W37,週五,晚上,4,3,0,0,0,0
137273362,88805,2284,2,國語文108,段落[二]/段落訊息記敘,158.656,100,2024-09-13 20:27:42,2024,9,2024-W37,週五,晚上,1,0,0,0,0,0
137274376,88805,2284,2,國語文108,字形[二]/形近字1,120.597,100,2024-09-13 20:37:52,2024,9,2024-W37,週五,晚上,2,1,0,0,0,0
137275004,88805,2284,2,國語文108,字形[二]/形近字2,124.096,100,2024-09-13 20:43:00,2024,9,2024-W37,週五,晚上,2,1,0,0,0,0
137277375,189551,2284,2,國語文108,詞義[一]/本義詞2,139.392,100,2024-09-13 21:02:54,2024,9,2024-W37,週五,晚上,2,1,1,0,0,0
137277567,189551,2284,2,國語文108,文章[二]/段落結構1,306.142,52,2024-09-13 21:04:57,2024,9,2024-W37,週五,晚上,3,3,0,0,1,0
137278269,89055,2284,2,國語文108,文章[二]/段落結構1,306.142,100,2024-09-13 21:11:45,2024,9,2024-W37,週五,晚上,5,4,2,0,1,0
137278913,89348,2284,2,國語文108,字形[二]/形近字1,120.597,100,2024-09-13 21:17:39,2024,9,2024-W37,週五,晚上,1,0,0,0,0,0
137279299,89348,2284,2,國語文108,字形[二]/形近字2,124.096,100,2024-09-13 21:21:54,2024,9,2024-W37,週五,晚上,1,0,0,0,0,0
137279427,89055,2284,2,國語文108,文章[二]/段落結構2,231.925,100,2024-09-13 21:22:57,2024,9,2024-W37,週五,晚上,2,1,1,0,0,0
137281627,89055,2284,2,國語文108,文章[一]/語句組織1,221.695,100,2024-09-13 21:44:29,2024,9,2024-W37,週五,晚上,2,1,0,0,0,0
137305999,89352,2284,2,國語文108,文章[二]/段落結構1,306.142,100,2024-09-14 12:32:51,2024,9,2024-W37,週六,下午,4,3,2,0,1,0
137307551,89352,2284,2,國語文108,文章[二]/段落結構2,231.925,100,2024-09-14 13:00:00,2024,9,2024-W37,週六,下午,1,0,0,0,0,0
137385657,94098,2284,2,國語文108,文章[二]/段落結構1,306.142,69,2024-09-15 17:48:02,2024,9,2024-W37,週日,下午,5,5,0,0,0,0
137385989,94098,2284,2,國語文108,文章[二]/段落結構1,306.142,100,2024-09-15 17:52:23,2024,9,2024-W37,週日,下午,2,1,0,0,0,0
137465135,87645,2284,5,數學108,video:N-5-3-S03,280.0,100,2024-09-16 10:17:53,2024,9,2024-W38,週一,上午,11,10,2,0,0,0
137466241,88415,2284,5,數學108,video:N-5-3-S03,280.0,100,2024-09-16 10:24:25,2024,9,2024-W38,週一,上午,5,4,0,0,0,0
137480109,172421,1377,4,資訊教育,使用Google街景尋找世界美景,266.24,70,2024-09-16 11:21:03,2024,9,2024-W38,週一,上午,2,1,0,0,0,1
137481254,172421,1377,4,資訊教育,Google地圖功能介紹,216.213,100,2024-09-16 11:24:45,2024,9,2024-W38,週一,上午,2,1,0,0,0,1
137483048,172421,1377,4,資訊教育,Google地圖基本操作,325.888,100,2024-09-16 11:30:01,2024,9,2024-W38,週一,上午,2,1,0,0,0,1
137493283,172421,1377,4,資訊教育,關鍵字搜尋與辨別假訊息,449.877,4,2024-09-16 11:59:14,2024,9,2024-W38,週一,上午,4,4,0,0,0,0
137509775,51593,1377,4,資訊教育,Google地圖功能介紹,216.213,100,2024-09-16 13:35:35,2024,9,2024-W38,週一,下午,1,0,0,0,0,0
137519643,51593,1377,4,資訊教育,Google地圖基本操作,325.888,45,2024-09-16 14:07:55,2024,9,2024-W38,週一,下午,4,4,0,0,0,0
137538707,20357,1377,4,資訊教育,使用Google街景尋找世界美景,266.24,71,2024-09-16 14:59:20,2024,9,2024-W38,週一,下午,2,2,0,0,0,1
137571999,13053,1377,5,數學108,video:D-4-1-S02,408.752,0,2024-09-16 16:35:25,2024,9,2024-W38,週一,下午,1,0,0,0,0,0
137582291,179767,1377,6,資訊教育,Scratch網站介紹,442.609,100,2024-09-16 17:04:33,2024,9,2024-W38,週一,下午,3,2,0,0,0,1
137604807,170744,1377,6,資訊教育,認識Scratch及帳戶的註冊,383.116,9,2024-09-16 22:09:54,2024,9,2024-W38,週一,晚上,3,3,0,0,0,0
137998512,179767,1377,6,英語108,語音-ConsonantSoundsLIRr,251.904,36,2024-09-19 16:09:11,2024,9,2024-W38,週四,下午,1,1,0,0,0,0
138001176,179767,1377,6,英語108,語音-ConsonantSoundsMnNn,320.32,100,2024-09-19 16:15:02,2024,9,2024-W38,週四,下午,9,8,0,0,0,0
138008417,179767,1377,6,英語108,語音-ConsonantSoundsLIRr,251.904,100,2024-09-19 16:26:57,2024,9,2024-W38,週四,下午,2,1,0,0,0,0
138123650,75112,1377,5,資訊教育,簡報製作的觀念與規劃,279.744,27,2024-09-20 10:08:01,2024,9,2024-W38,週五,上午,2,3,1,0,0,1
138147973,1016,1377,6,資訊教育,Scratch角色動起來,504.871,76,2024-09-20 11:21:25,2024,9,2024-W38,週五,上午,5,4,2,0,0,0
138148006,239702,1377,6,資訊教育,Scratch角色動起來,504.871,0,2024-09-20 11:21:35,2024,9,2024-W38,週五,上午,1,1,0,0,0,0
138148020,52398,1377,6,資訊教育,認識Scratch及帳戶的註冊,383.116,25,2024-09-20 11:21:39,2024,9,2024-W38,週五,上午,2,2,0,0,0,1
138148235,230014,1377,6,資訊教育,Scratch舞台設計與認識角色,331.898,14,2024-09-20 11:22:37,2024,9,2024-W38,週五,上午,1,1,0,0,0,0
138148428,241854,1377,6,資訊教育,Scratch角色動起來,504.871,55,2024-09-20 11:23:28,2024,9,2024-W38,週五,上午,2,2,0,0,0,0
138148462,238943,1377,6,資訊教育,Scratch舞台設計與認識角色,331.898,100,2024-09-20 11:23:34,2024,9,2024-W38,週五,上午,1,1,0,0,0,0
138148503,238943,1377,6,資訊教育,Scratch舞台設計與認識角色,331.898,0,2024-09-20 11:23:48,2024,9,2024-W38,週五,上午,2,1,1,0,0,0
138148641,238943,1377,6,資訊教育,Scratch角色動起來,504.871,100,2024-09-20 11:24:22,2024,9,2024-W38,週五,上午,6,5,0,0,0,0
138149050,242347,1377,6,資訊教育,Scratch舞台設計與認識角色,331.898,0,2024-09-20 11:25:46,2024,9,2024-W38,週五,上午,1,1,0,0,0,0
138149339,242347,1377,6,資訊教育,Scratch角色動起來,504.871,0,2024-09-20 11:26:32,2024,9,2024-W38,週五,上午,1,1,0,0,0,0
138149590,1016,1377,6,資訊教育,Scratch角色動起來,504.871,79,2024-09-20 11:27:11,2024,9,2024-W38,週五,上午,1,1,0,0,0,0
138149749,237057,1377,6,資訊教育,Scratch角色動起來,504.871,4,2024-09-20 11:27:32,2024,9,2024-W38,週五,上午,1,1,0,0,0,0
138150011,237057,1377,6,資訊教育,Scratch角色動起來,504.871,100,2024-09-20 11:28:05,2024,9,2024-W38,週五,上午,5,4,1,0,0,2
138150168,242347,1377,6,資訊教育,Scratch角色動起來,504.871,0,2024-09-20 11:28:28,2024,9,2024-W38,週五,上午,1,1,0,0,0,0
138157429,230454,1377,6,資訊教育,建立自創角色,292.058,7,2024-09-20 11:45:32,2024,9,2024-W38,週五,上午,2,2,0,0,0,0
138158316,242347,1377,6,資訊教育,Scratch角色動起來,504.871,0,2024-09-20 11:47:35,2024,9,2024-W38,週五,上午,1,1,0,0,0,0
138158583,239765,1377,6,資訊教育,建立自創角色,292.058,100,2024-09-20 11:48:21,2024,9,2024-W38,週五,上午,7,8,0,0,0,1
138159589,1016,1377,6,資訊教育,建立自創角色,292.058,74,2024-09-20 11:50:43,2024,9,2024-W38,週五,上午,5,5,0,0,0,1
138159894,242894,1377,6,資訊教育,建立自創角色,292.058,86,2024-09-20 11:51:29,2024,9,2024-W38,週五,上午,5,5,0,0,0,1
138161306,242347,1377,6,資訊教育,建立自創角色,292.058,0,2024-09-20 11:54:48,2024,9,2024-W38,週五,上午,1,1,0,0,0,0
138161653,230630,1377,6,資訊教育,建立自創角色,292.058,100,2024-09-20 11:55:43,2024,9,2024-W38,週五,上午,3,2,0,0,0,1
138179986,51708,1377,6,資訊教育,建立自創角色,292.058,100,2024-09-20 13:30:46,2024,9,2024-W38,週五,下午,4,6,0,0,0,1
138187522,51708,1377,6,資訊教育,自創角色跑起來,455.221,100,2024-09-20 13:57:06,2024,9,2024-W38,週五,下午,2,1,0,0,0,1
138188329,51970,1377,6,資訊教育,建立自創角色,292.058,1,2024-09-20 14:00:58,2024,9,2024-W38,週五,下午,1,1,0,0,0,0
138188547,51970,1377,6,資訊教育,建立自創角色,292.058,0,2024-09-20 14:02:13,2024,9,2024-W38,週五,下午,1,1,0,0,0,0
138188825,52983,1377,6,資訊教育,建立自創角色,292.058,13,2024-09-20 14:03:24,2024,9,2024-W38,週五,下午,2,2,0,0,0,0
138188904,51943,1377,6,資訊教育,建立自創角色,292.058,100,2024-09-20 14:03:40,2024,9,2024-W38,週五,下午,2,1,0,0,0,1
138188948,51970,1377,6,資訊教育,建立自創角色,292.058,1,2024-09-20 14:03:48,2024,9,2024-W38,週五,下午,1,1,0,0,0,0
138189089,51970,1377,6,資訊教育,建立自創角色,292.058,2,2024-09-20 14:04:18,2024,9,2024-W38,週五,下午,1,1,0,0,0,0
138189529,51708,1377,6,資訊教育,兩個角色的互動,293.16,78,2024-09-20 14:05:42,2024,9,2024-W38,週五,下午,3,3,0,0,0,1
138196458,13295,1377,5,資訊教育,匯入投影片主題,253.227,100,2024-09-20 14:36:40,2024,9,2024-W38,週五,下午,5,4,0,0,0,1
138211284,170651,1377,6,資訊教育,建立自創角色,292.058,100,2024-09-20 15:35:01,2024,9,2024-W38,週五,下午,4,3,0,0,0,1
138211363,169177,1377,6,資訊教育,建立自創角色,292.058,100,2024-09-20 15:35:14,2024,9,2024-W38,週五,下午,4,3,0,0,0,1
138211457,169901,1377,6,資訊教育,建立自創角色,292.058,1,2024-09-20 15:35:27,2024,9,2024-W38,週五,下午,1,1,0,0,0,0
138211857,180502,1377,6,資訊教育,建立自創角色,292.058,26,2024-09-20 15:36:26,2024,9,2024-W38,週五,下午,5,5,0,0,0,0
138211927,169901,1377,6,資訊教育,Scratch角色動起來,504.871,86,2024-09-20 15:36:34,2024,9,2024-W38,週五,下午,23,24,2,3,0,1
138212053,170622,1377,6,資訊教育,什麼是動畫？,204.237,100,2024-09-20 15:36:50,2024,9,2024-W38,週五,下午,4,3,0,0,0,1
138212315,169901,1377,6,資訊教育,建立自創角色,292.058,35,2024-09-20 15:37:29,2024,9,2024-W38,週五,下午,7,7,0,0,0,0
138212790,179767,1377,6,資訊教育,建立自創角色,292.058,25,2024-09-20 15:38:41,2024,9,2024-W38,週五,下午,5,5,0,0,0,0
138213015,170744,1377,6,資訊教育,Scratch角色動起來,504.871,3,2024-09-20 15:39:16,2024,9,2024-W38,週五,下午,2,2,0,0,0,0
138213802,169177,1377,6,資訊教育,自創角色跑起來,455.221,4,2024-09-20 15:41:20,2024,9,2024-W38,週五,下午,1,0,0,0,0,0
138213982,170622,1377,6,資訊教育,什麼是動畫？,204.237,100,2024-09-20 15:41:52,2024,9,2024-W38,週五,下午,1,1,0,0,0,0
138213988,170169,1377,6,資訊教育,建立自創角色,292.058,8,2024-09-20 15:41:53,2024,9,2024-W38,週五,下午,1,1,0,0,0,0
138214339,170744,1377,6,資訊教育,兩個角色的互動,293.16,20,2024-09-20 15:42:49,2024,9,2024-W38,週五,下午,7,7,5,0,0,2
138214847,169177,1377,6,資訊教育,Scratch舞台設計與認識角色,331.898,100,2024-09-20 15:44:03,2024,9,2024-W38,週五,下午,1,1,0,0,0,0
138215106,169177,1377,6,資訊教育,Scratch角色動起來,504.871,81,2024-09-20 15:44:44,2024,9,2024-W38,週五,下午,7,7,1,0,0,0
138215644,90284,2284,2,國語文108,字形[二]/形近字3,95.424,100,2024-09-20 15:46:08,2024,9,2024-W38,週五,下午,1,0,0,0,0,0
138216568,184828,1377,6,資訊教育,建立自創角色,292.058,7,2024-09-20 15:48:36,2024,9,2024-W38,週五,下午,1,0,0,0,0,0
138216728,179767,1377,6,資訊教育,Scratch舞台設計與認識角色,331.898,100,2024-09-20 15:49:04,2024,9,2024-W38,週五,下午,6,5,0,0,0,1
138216776,90284,2284,2,國語文108,字形[二]/形近字4,129.856,100,2024-09-20 15:49:13,2024,9,2024-W38,週五,下午,1,0,0,0,0,0
138216852,184828,1377,6,資訊教育,Scratch舞台設計與認識角色,331.898,95,2024-09-20 15:49:25,2024,9,2024-W38,週五,下午,3,3,0,2,0,0
138218049,184828,1377,6,資訊教育,Scratch角色動起來,504.871,22,2024-09-20 15:54:16,2024,9,2024-W38,週五,下午,5,5,0,3,0,0
138218412,179767,1377,6,資訊教育,Scratch角色動起來,504.871,15,2024-09-20 15:56:16,2024,9,2024-W38,週五,下午,1,1,0,0,0,0
138225960,179767,1377,6,英語108,語音-LetterMmSound,277.824,100,2024-09-20 16:31:38,2024,9,2024-W38,週五,下午,6,5,0,0,0,0
138228712,179767,1377,6,英語108,語音-LetterNnSound,281.28,100,2024-09-20 16:43:24,2024,9,2024-W38,週五,下午,1,0,0,0,0,0
138229694,179767,1377,6,英語108,語音-LetterNnSound,281.28,1,2024-09-20 16:48:19,2024,9,2024-W38,週五,下午,1,1,0,0,0,0
138232706,77402,1377,5,英語108,語音-ConsonantSoundsMnNn,320.32,29,2024-09-20 17:06:41,2024,9,2024-W38,週五,下午,1,1,0,0,0,0
138233166,77402,1377,5,英語108,語音-ConsonantSoundsMnNn,320.32,29,2024-09-20 17:09:09,2024,9,2024-W38,週五,下午,2,1,0,0,0,0
138233873,77402,1377,5,英語108,語音-ConsonantSoundsMnNn,320.32,4,2024-09-20 17:13:02,2024,9,2024-W38,週五,下午,1,1,0,0,0,0
138259468,88805,2284,2,國語文108,字形[二]/形近字3,95.424,100,2024-09-20 21:34:24,2024,9,2024-W38,週五,晚上,1,0,0,0,0,0
138260045,88805,2284,2,國語文108,字形[二]/形近字4,129.856,23,2024-09-20 21:38:30,2024,9,2024-W38,週五,晚上,1,0,0,0,0,0
138260148,88805,2284,2,國語文108,字形[二]/形近字4,129.856,100,2024-09-20 21:39:14,2024,9,2024-W38,週五,晚上,1,0,0,0,0,0
138260768,88805,2284,2,國語文108,段落[二]/段意故事,194.865,100,2024-09-20 21:44:15,2024,9,2024-W38,週五,晚上,2,1,0,0,0,0
138261625,88805,2284,2,國語文108,段落[二]/段意記敘,216.942,100,2024-09-20 21:51:39,2024,9,2024-W38,週五,晚上,13,12,0,0,0,0
138262142,88805,2284,2,國語文108,段落[二]/段意記敘,216.942,0,2024-09-20 21:55:49,2024,9,2024-W38,週五,晚上,1,1,1,0,0,0
138269525,189551,2284,2,國語文108,文章[二]/段落結構1,306.142,65,2024-09-21 07:10:10,2024,9,2024-W38,週六,上午,1,1,0,0,0,0
138297586,89348,2284,2,國語文108,段落[二]/段意故事,194.865,100,2024-09-21 14:01:48,2024,9,2024-W38,週六,下午,2,1,0,0,0,0
138302783,89348,2284,2,國語文108,段落[二]/段意記敘,216.942,100,2024-09-21 14:56:08,2024,9,2024-W38,週六,下午,3,2,0,0,0,0
138303189,89348,2284,2,國語文108,字形[二]/形近字3,95.424,100,2024-09-21 15:00:18,2024,9,2024-W38,週六,下午,1,0,0,0,0,0
138303386,89348,2284,2,國語文108,字形[二]/形近字4,129.856,100,2024-09-21 15:02:21,2024,9,2024-W38,週六,下午,1,0,0,0,0,0
138319363,39073,1377,5,資訊教育,插入資料來源及投影片編號,318.421,100,2024-09-21 18:31:46,2024,9,2024-W38,週六,晚上,2,1,0,0,0,1
138319764,39073,1377,5,資訊教育,插入圖案,226.432,0,2024-09-21 18:39:19,2024,9,2024-W38,週六,晚上,1,0,0,0,0,0
138319894,39073,1377,5,資訊教育,插入圖案,226.432,100,2024-09-21 18:41:33,2024,9,2024-W38,週六,晚上,2,3,0,0,0,1
138323177,39073,1377,5,資訊教育,插入影片,279.68,0,2024-09-21 19:31:08,2024,9,2024-W38,週六,晚上,4,3,0,0,0,0
138323253,39073,1377,5,資訊教育,插入影片,279.68,0,2024-09-21 19:32:00,2024,9,2024-W38,週六,晚上,1,0,0,0,0,0
138325158,39073,1377,5,資訊教育,插入影片,279.68,100,2024-09-21 19:56:14,2024,9,2024-W38,週六,晚上,3,2,0,0,0,2
138326359,39073,1377,5,資訊教育,使用項目符號、探索功能,337.237,100,2024-09-21 20:12:26,2024,9,2024-W38,週六,晚上,2,1,0,0,0,1
138327076,39073,1377,5,資訊教育,輸入簡報內容及插入網頁圖片,393.195,100,2024-09-21 20:19:27,2024,9,2024-W38,週六,晚上,3,2,0,0,0,2
138328037,39073,1377,5,資訊教育,設計好看的封面,362.795,20,2024-09-21 20:29:54,2024,9,2024-W38,週六,晚上,2,1,0,0,0,1
138328564,39073,1377,5,資訊教育,設計好看的封面,362.795,20,2024-09-21 20:35:52,2024,9,2024-W38,週六,晚上,1,0,0,0,0,0
138328987,39073,1377,5,資訊教育,設計好看的封面,362.795,100,2024-09-21 20:40:37,2024,9,2024-W38,週六,晚上,3,3,0,0,0,1
138337255,170622,1377,6,資訊教育,自創角色跑起來,455.221,100,2024-09-21 22:47:49,2024,9,2024-W38,週六,晚上,3,2,0,0,0,1
138380388,39073,1377,5,自主學習,1-SRL-1-S01,516.256,2,2024-09-22 15:38:57,2024,9,2024-W38,週日,下午,1,0,0,0,0,0
138473750,80905,1377,3,資訊教育,作業系統介紹與操作-視窗與滑鼠的操作,352.619,100,2024-09-23 10:03:21,2024,9,2024-W39,週一,上午,2,1,0,0,0,1
138483104,77526,1377,3,資訊教育,作業系統介紹與操作-視窗與滑鼠的操作,352.619,4,2024-09-23 10:46:36,2024,9,2024-W39,週一,上午,2,2,0,0,0,0
138485200,77526,1377,3,資訊教育,作業系統介紹與操作-視窗與滑鼠的操作,352.619,100,2024-09-23 10:57:00,2024,9,2024-W39,週一,上午,7,6,5,0,0,1
138486082,129597,1377,3,資訊教育,作業系統介紹與操作-視窗與滑鼠的操作,352.619,56,2024-09-23 11:00:57,2024,9,2024-W39,週一,上午,14,15,0,0,0,1
138486087,75413,1377,3,資訊教育,作業系統介紹與操作-視窗與滑鼠的操作,352.619,45,2024-09-23 11:00:58,2024,9,2024-W39,週一,上午,4,5,0,0,0,1
138487577,75413,1377,3,資訊教育,作業系統介紹與操作-視窗與滑鼠的操作,352.619,100,2024-09-23 11:05:39,2024,9,2024-W39,週一,上午,1,0,0,0,0,0
138492414,172421,1377,4,資訊教育,使用Google地圖看世界,310.4,65,2024-09-23 11:23:28,2024,9,2024-W39,週一,上午,2,2,0,0,0,1
138517407,115966,1377,4,資訊教育,關鍵字搜尋與辨別假訊息,449.877,100,2024-09-23 13:38:51,2024,9,2024-W39,週一,下午,1,0,0,0,0,0
138517702,51985,1377,4,資訊教育,Google地圖功能介紹,216.213,100,2024-09-23 13:39:32,2024,9,2024-W39,週一,下午,6,5,2,0,0,2
138518360,129227,1377,4,資訊教育,Google地圖功能介紹,216.213,86,2024-09-23 13:41:15,2024,9,2024-W39,週一,下午,2,2,0,0,0,1
138519075,115966,1377,4,資訊教育,Google地圖功能介紹,216.213,49,2024-09-23 13:43:03,2024,9,2024-W39,週一,下午,1,1,0,0,0,0
138536487,20357,1377,4,資訊教育,使用Google地圖看世界,310.4,3,2024-09-23 14:26:00,2024,9,2024-W39,週一,下午,3,5,0,0,0,1
138537738,18127,1377,4,資訊教育,關鍵字搜尋與辨別假訊息,449.877,26,2024-09-23 14:29:35,2024,9,2024-W39,週一,下午,2,2,0,0,0,1
138580682,113961,1377,5,英語108,"語音-VowelSoundsa_e,a",330.368,41,2024-09-23 16:19:01,2024,9,2024-W39,週一,下午,4,6,0,0,0,0
138580889,14637,1377,5,英語108,語音-ConsonantSoundsLlRr,182.208,100,2024-09-23 16:19:19,2024,9,2024-W39,週一,下午,1,0,0,0,0,0
138581354,13295,1377,5,英語108,"語音-VowelSoundsi_e,i",238.656,100,2024-09-23 16:20:00,2024,9,2024-W39,週一,下午,1,0,0,0,0,0
138583728,113961,1377,5,英語108,"語音-VowelSoundsa_e,a",330.368,44,2024-09-23 16:23:27,2024,9,2024-W39,週一,下午,1,1,0,0,0,0
138583788,77402,1377,5,英語108,語音-ConsonantSoundsMnNn,320.32,100,2024-09-23 16:23:32,2024,9,2024-W39,週一,下午,2,1,0,0,0,0
138584017,113961,1377,5,英語108,"語音-VowelSoundsa_e,a",330.368,100,2024-09-23 16:23:49,2024,9,2024-W39,週一,下午,7,6,0,0,0,0
138584398,14637,1377,5,英語108,語音-TheNGSound,178.112,100,2024-09-23 16:24:22,2024,9,2024-W39,週一,下午,1,0,0,0,0,0
138584449,13053,1377,5,英語108,"語音-VowelSoundsa_e,a",330.368,27,2024-09-23 16:24:28,2024,9,2024-W39,週一,下午,1,1,0,0,0,0
138585591,179767,1377,6,英語108,"語音-VowelSoundsa,e,i",433.024,100,2024-09-23 16:26:04,2024,9,2024-W39,週一,下午,4,3,0,0,0,0
138586403,13295,1377,5,英語108,語音-ConsonantSoundsBbPp,263.616,100,2024-09-23 16:27:03,2024,9,2024-W39,週一,下午,2,1,0,0,0,0
138590595,113961,1377,5,英語108,語音-ConsonantSoundsMnNn,320.32,100,2024-09-23 16:32:53,2024,9,2024-W39,週一,下午,3,2,0,0,0,0
138595006,179767,1377,6,英語108,"語音-ConsonantSoundsLl,Rr,Mm,Nn",318.016,100,2024-09-23 16:39:12,2024,9,2024-W39,週一,下午,2,1,0,0,0,0
138601426,113961,1377,5,英語108,語音-LetterMmSound,277.824,100,2024-09-23 16:51:55,2024,9,2024-W39,週一,下午,2,1,0,0,0,0
138603533,13053,1377,5,英語108,"語音-VowelSoundsa_e,a",330.368,30,2024-09-23 16:58:01,2024,9,2024-W39,週一,下午,2,1,0,0,0,0
138603706,13053,1377,5,英語108,"語音-VowelSoundsa_e,a",330.368,100,2024-09-23 16:58:30,2024,9,2024-W39,週一,下午,1,1,0,0,0,0
138604648,77402,1377,5,英語108,語音-ConsonantSoundsMnNn,320.32,100,2024-09-23 17:01:47,2024,9,2024-W39,週一,下午,1,0,0,0,0,0
138605462,13053,1377,5,英語108,"語音-VowelSoundse_e,e)",372.928,100,2024-09-23 17:04:49,2024,9,2024-W39,週一,下午,2,1,0,0,0,0
138605816,168571,1377,2,數學108,10以內聽讀寫做、0的使用,383.516,100,2024-09-23 17:06:11,2024,9,2024-W39,週一,下午,4,3,0,0,0,2
138607551,77402,1377,5,英語108,語音-LetterMmSound,277.824,100,2024-09-23 17:12:43,2024,9,2024-W39,週一,下午,1,0,0,0,0,0
138696272,60833,2284,5,數學108,video:N-5-3-S03,280.0,100,2024-09-24 11:01:26,2024,9,2024-W39,週二,上午,7,6,0,3,0,0
138696958,60833,2284,5,數學108,video:N-5-3-S03,280.0,100,2024-09-24 11:04:54,2024,9,2024-W39,週二,上午,5,4,0,3,0,0
138697157,60833,2284,5,數學108,video:N-5-3-S03,280.0,100,2024-09-24 11:05:42,2024,9,2024-W39,週二,上午,3,2,0,2,0,0
138697257,60833,2284,5,數學108,video:N-5-3-S03,280.0,100,2024-09-24 11:06:06,2024,9,2024-W39,週二,上午,4,3,0,3,0,0
138698863,78703,1377,3,資訊教育,作業系統介紹與操作-視窗與滑鼠的操作,352.619,33,2024-09-24 11:14:34,2024,9,2024-W39,週二,上午,7,6,0,0,0,0
138786694,60833,2284,5,數學108,video:N-4-1-S01,1061.894,24,2024-09-24 15:58:47,2024,9,2024-W39,週二,下午,10,10,1,0,0,0
138788714,77402,1377,5,英語108,語音-LetterNnSound,281.28,100,2024-09-24 16:03:52,2024,9,2024-W39,週二,下午,1,0,0,0,0,0
138789893,60826,2284,5,數學108,video:N-4-1-S01,1061.894,7,2024-09-24 16:06:09,2024,9,2024-W39,週二,下午,4,3,0,0,0,0
138789920,13295,1377,5,英語108,語音-VowelSound/o/(oeoaowo_e,220.544,100,2024-09-24 16:06:12,2024,9,2024-W39,週二,下午,3,2,0,0,0,0
138790218,80778,2284,5,數學108,video:N-4-1-S01,1061.894,25,2024-09-24 16:06:38,2024,9,2024-W39,週二,下午,2,1,0,0,0,0
138790465,70502,2284,5,數學108,video:N-4-1-S01,1061.894,12,2024-09-24 16:07:01,2024,9,2024-W39,週二,下午,2,1,0,0,0,0
138790480,13053,1377,5,數學108,video:D-4-1-S01,237.703,20,2024-09-24 16:07:02,2024,9,2024-W39,週二,下午,1,1,0,0,0,0
138791063,113961,1377,5,英語108,語音-LetterNnSound,281.28,100,2024-09-24 16:08:02,2024,9,2024-W39,週二,下午,2,1,0,0,0,0
138791948,14637,1377,5,英語108,"語音-LongVowelSound/i/:i_e,i,igh,ie,y",315.008,100,2024-09-24 16:09:24,2024,9,2024-W39,週二,下午,4,3,0,0,0,0
138795552,77402,1377,5,英語108,語音-ConsonantSoundsQW,314.24,100,2024-09-24 16:15:34,2024,9,2024-W39,週二,下午,3,2,0,0,0,0
138798198,13053,1377,5,英語108,語音-ConsonantSoundsMnNn,320.32,100,2024-09-24 16:19:48,2024,9,2024-W39,週二,下午,1,0,0,0,0,0
138798755,87061,2284,5,數學108,video:N-4-12-S01,293.461,0,2024-09-24 16:20:43,2024,9,2024-W39,週二,下午,2,1,0,0,0,0
138799828,179767,1377,6,英語108,"語音-CVCSoundCombinations母音a,e,i+無聲子音",354.176,100,2024-09-24 16:22:15,2024,9,2024-W39,週二,下午,2,1,0,0,0,0
138800848,60833,2284,5,數學108,video:N-4-1-S01,1061.894,47,2024-09-24 16:23:37,2024,9,2024-W39,週二,下午,23,23,1,0,1,0
138801674,87061,2284,5,數學108,video:N-4-1-S01,1061.894,1,2024-09-24 16:24:45,2024,9,2024-W39,週二,下午,2,2,0,0,0,0
138801834,113961,1377,5,英語108,"語音-VowelSoundsi_e,i",318.784,80,2024-09-24 16:24:56,2024,9,2024-W39,週二,下午,3,3,0,0,0,0
138803061,87061,2284,5,數學108,video:N-4-1-S01,1061.894,55,2024-09-24 16:26:39,2024,9,2024-W39,週二,下午,9,9,0,0,0,0
138804449,80778,2284,5,數學108,video:N-4-1-S01,1061.894,72,2024-09-24 16:28:20,2024,9,2024-W39,週二,下午,1,1,0,0,0,0
138805630,60826,2284,5,數學108,video:N-4-1-S01,1061.894,44,2024-09-24 16:29:47,2024,9,2024-W39,週二,下午,4,3,0,0,0,0
138807374,179767,1377,6,英語108,"語音-CVCSoundCombinations母音o,u+無聲子音",291.136,100,2024-09-24 16:32:00,2024,9,2024-W39,週二,下午,10,8,0,0,0,0
138809445,113961,1377,5,英語108,"語音-VowelSoundsi_e,i",318.784,100,2024-09-24 16:34:34,2024,9,2024-W39,週二,下午,2,1,0,0,0,0
138810932,165765,2284,5,數學108,video:N-4-1-S01,1061.894,0,2024-09-24 16:36:23,2024,9,2024-W39,週二,下午,2,2,0,0,0,0
138812120,165765,2284,5,數學108,video:N-4-1-S01,1061.894,0,2024-09-24 16:37:49,2024,9,2024-W39,週二,下午,1,1,0,0,0,0
138844328,178455,2284,5,數學108,video:N-5-3-S03,280.0,100,2024-09-24 19:46:14,2024,9,2024-W39,週二,晚上,2,1,0,0,0,0
139047468,177942,2284,5,數學108,video:N-5-3-S03,280.0,100,2024-09-25 21:52:46,2024,9,2024-W39,週三,晚上,2,1,1,0,0,0
139070485,94080,2284,2,數學108,能直接比較物件的「長」、「短」、「高」、「矮」,242.207,29,2024-09-26 08:15:53,2024,9,2024-W39,週四,上午,3,3,1,0,0,0
139074719,93778,2284,2,數學108,觀察鐘面的變化，並使用常用時間用語,257.161,2,2024-09-26 08:21:05,2024,9,2024-W39,週四,上午,3,3,0,0,0,1
139075979,89055,2284,2,國語文108,文章[一]/語句組織2,223.014,2,2024-09-26 08:22:24,2024,9,2024-W39,週四,上午,1,1,1,0,0,0
139077426,94080,2284,2,數學108,能複製及記錄物件的長短,239.932,28,2024-09-26 08:23:50,2024,9,2024-W39,週四,上午,3,3,0,0,0,0
139078422,89055,2284,2,國語文108,文章[一]/語句組織2,223.014,55,2024-09-26 08:24:48,2024,9,2024-W39,週四,上午,7,6,0,0,1,0
139080737,93778,2284,2,國語文108,文章[二]/段落結構1,306.142,100,2024-09-26 08:27:15,2024,9,2024-W39,週四,上午,6,5,3,0,0,0
139082389,89055,2284,2,國語文108,文章[一]/語句組織2,223.014,100,2024-09-26 08:29:06,2024,9,2024-W39,週四,上午,2,1,0,0,0,0
139082890,180923,2284,2,數學108,能計算一位數的加減混合的式子,367.92,31,2024-09-26 08:29:43,2024,9,2024-W39,週四,上午,1,1,0,0,0,1
139083151,94098,2284,2,國語文108,文章[二]/段落結構2,231.925,100,2024-09-26 08:30:00,2024,9,2024-W39,週四,上午,10,9,3,0,0,0
139084316,94080,2284,2,數學108,能用個別單位做長度的合成及分解活動,374.886,14,2024-09-26 08:31:23,2024,9,2024-W39,週四,上午,2,2,0,0,0,0
139086183,189551,2284,2,國語文108,詞義[一]/本義詞2,139.392,100,2024-09-26 08:33:55,2024,9,2024-W39,週四,上午,3,3,0,1,1,0
139087502,93778,2284,2,國語文108,文章[二]/段落結構1,306.142,1,2024-09-26 08:35:53,2024,9,2024-W39,週四,上午,1,1,0,0,0,0
139091313,93778,2284,2,國語文108,文章[二]/段落結構2,231.925,5,2024-09-26 08:44:53,2024,9,2024-W39,週四,上午,1,1,0,0,0,0
139096958,94098,2284,2,國語文108,語法[一]/直述句,366.908,21,2024-09-26 08:49:53,2024,9,2024-W39,週四,上午,1,1,0,0,0,0
139127342,230454,1377,6,資訊教育,認識海報規劃及繪圖軟體Inkscape,399.061,47,2024-09-26 10:32:20,2024,9,2024-W39,週四,上午,1,1,0,0,0,0
139129475,230454,1377,6,資訊教育,認識海報規劃及繪圖軟體Inkscape,399.061,100,2024-09-26 10:41:44,2024,9,2024-W39,週四,上午,2,1,0,0,0,0
139130734,230630,1377,6,資訊教育,認識海報規劃及繪圖軟體Inkscape,399.061,100,2024-09-26 10:46:13,2024,9,2024-W39,週四,上午,1,0,0,0,0,0
139130756,230454,1377,6,資訊教育,使用Inkscape工具繪製向量物件,460.501,64,2024-09-26 10:46:17,2024,9,2024-W39,週四,上午,4,3,0,0,0,1
139130878,241854,1377,6,資訊教育,認識海報規劃及繪圖軟體Inkscape,399.061,100,2024-09-26 10:46:38,2024,9,2024-W39,週四,上午,2,1,0,0,0,0
139130956,242894,1377,6,資訊教育,認識海報規劃及繪圖軟體Inkscape,399.061,100,2024-09-26 10:46:52,2024,9,2024-W39,週四,上午,3,2,0,0,0,0
139131703,230014,1377,6,資訊教育,手繪與物件順序-繪製樹木與物件順序,374.208,13,2024-09-26 10:49:32,2024,9,2024-W39,週四,上午,1,0,0,0,0,0
139131734,230630,1377,6,資訊教育,使用Inkscape工具繪製向量物件,460.501,100,2024-09-26 10:49:39,2024,9,2024-W39,週四,上午,4,3,0,0,0,1
139132000,241840,1377,6,資訊教育,認識海報規劃及繪圖軟體Inkscape,399.061,100,2024-09-26 10:50:30,2024,9,2024-W39,週四,上午,1,0,0,0,0,0
139132095,241568,1377,6,資訊教育,手繪與物件順序-繪製白雲,411.077,100,2024-09-26 10:50:47,2024,9,2024-W39,週四,上午,4,3,0,0,0,1
139132112,230014,1377,6,資訊教育,認識海報規劃及繪圖軟體Inkscape,399.061,100,2024-09-26 10:50:51,2024,9,2024-W39,週四,上午,5,4,0,0,0,1
139132402,241854,1377,6,資訊教育,手繪與物件順序-繪製白雲,411.077,12,2024-09-26 10:51:34,2024,9,2024-W39,週四,上午,1,0,0,0,0,0
139132493,230454,1377,6,資訊教育,使用Inkscape工具繪製向量物件,460.501,100,2024-09-26 10:51:49,2024,9,2024-W39,週四,上午,1,0,0,0,0,0
139132585,239005,1377,6,資訊教育,認識海報規劃及繪圖軟體Inkscape,399.061,100,2024-09-26 10:52:02,2024,9,2024-W39,週四,上午,1,0,0,0,0,0
139132705,242894,1377,6,資訊教育,使用Inkscape工具繪製向量物件,460.501,100,2024-09-26 10:52:23,2024,9,2024-W39,週四,上午,4,3,0,0,0,1
139132833,241854,1377,6,資訊教育,使用Inkscape工具繪製向量物件,460.501,2,2024-09-26 10:52:45,2024,9,2024-W39,週四,上午,1,0,0,0,0,0
139132914,240765,1377,6,資訊教育,使用Inkscape工具繪製向量物件,460.501,100,2024-09-26 10:53:01,2024,9,2024-W39,週四,上午,8,7,0,0,0,1
139133110,241840,1377,6,資訊教育,手繪與物件順序-繪製白雲,411.077,100,2024-09-26 10:53:32,2024,9,2024-W39,週四,上午,2,1,0,0,0,1
139133199,241854,1377,6,資訊教育,使用Inkscape工具繪製向量物件,460.501,15,2024-09-26 10:53:45,2024,9,2024-W39,週四,上午,1,0,0,0,0,0
139133630,241854,1377,6,資訊教育,使用Inkscape工具繪製向量物件,460.501,100,2024-09-26 10:54:54,2024,9,2024-W39,週四,上午,8,7,0,0,0,1
139133966,230454,1377,6,資訊教育,手繪與物件順序-繪製白雲,411.077,100,2024-09-26 10:55:43,2024,9,2024-W39,週四,上午,2,1,0,0,0,1
139134188,239005,1377,6,資訊教育,使用Inkscape工具繪製向量物件,460.501,100,2024-09-26 10:56:14,2024,9,2024-W39,週四,上午,13,12,0,0,0,1
139134222,241568,1377,6,資訊教育,建立自創角色,292.058,99,2024-09-26 10:56:17,2024,9,2024-W39,週四,上午,4,3,0,0,0,1
139135470,238943,1377,6,資訊教育,使用Inkscape工具繪製向量物件,460.501,100,2024-09-26 10:59:02,2024,9,2024-W39,週四,上午,4,4,0,0,0,1
139135703,230630,1377,6,資訊教育,手繪與物件順序-繪製白雲,411.077,100,2024-09-26 10:59:31,2024,9,2024-W39,週四,上午,4,3,1,0,0,2
139136349,242894,1377,6,資訊教育,手繪與物件順序-繪製白雲,411.077,100,2024-09-26 11:00:54,2024,9,2024-W39,週四,上午,2,1,0,0,0,1
139136859,240765,1377,6,資訊教育,Scratch角色動起來,504.871,97,2024-09-26 11:02:08,2024,9,2024-W39,週四,上午,5,5,0,0,0,0
139136922,241840,1377,6,資訊教育,使用Inkscape工具繪製向量物件,460.501,100,2024-09-26 11:02:16,2024,9,2024-W39,週四,上午,3,2,0,0,0,1
139137012,241568,1377,6,資訊教育,建立自創角色,292.058,100,2024-09-26 11:02:29,2024,9,2024-W39,週四,上午,1,0,0,0,0,0
139137193,244127,1377,6,資訊教育,使用Inkscape工具繪製向量物件,460.501,53,2024-09-26 11:02:58,2024,9,2024-W39,週四,上午,7,7,0,0,0,0
139137431,230454,1377,6,資訊教育,手繪與物件順序-繪製樹木與物件順序,374.208,100,2024-09-26 11:03:34,2024,9,2024-W39,週四,上午,2,1,0,0,0,1
139137452,241568,1377,6,資訊教育,自創角色跑起來,455.221,80,2024-09-26 11:03:39,2024,9,2024-W39,週四,上午,3,5,0,0,0,1
139137459,238715,1377,6,資訊教育,建立自創角色,292.058,43,2024-09-26 11:03:40,2024,9,2024-W39,週四,上午,1,1,0,0,0,0
139138054,230014,1377,6,資訊教育,使用Inkscape工具繪製向量物件,460.501,16,2024-09-26 11:05:37,2024,9,2024-W39,週四,上午,1,1,0,0,0,0
139138108,241854,1377,6,資訊教育,手繪與物件順序-繪製白雲,411.077,52,2024-09-26 11:05:47,2024,9,2024-W39,週四,上午,1,1,0,0,0,1
139138189,238715,1377,6,資訊教育,建立自創角色,292.058,100,2024-09-26 11:06:00,2024,9,2024-W39,週四,上午,2,1,0,0,0,1
139138648,230630,1377,6,資訊教育,手繪與物件順序-繪製樹木與物件順序,374.208,46,2024-09-26 11:07:18,2024,9,2024-W39,週四,上午,4,4,0,0,0,1
139138840,239765,1377,6,資訊教育,認識海報規劃及繪圖軟體Inkscape,399.061,92,2024-09-26 11:07:46,2024,9,2024-W39,週四,上午,1,1,0,0,0,0
139138971,238943,1377,6,資訊教育,手繪與物件順序-繪製白雲,411.077,13,2024-09-26 11:08:03,2024,9,2024-W39,週四,上午,1,1,0,0,0,0
139139251,238999,1377,6,資訊教育,使用Inkscape工具繪製向量物件,460.501,52,2024-09-26 11:08:40,2024,9,2024-W39,週四,上午,1,1,0,0,0,0
139139306,242894,1377,6,資訊教育,手繪與物件順序-繪製樹木與物件順序,374.208,28,2024-09-26 11:08:48,2024,9,2024-W39,週四,上午,1,4,0,0,0,1
139139401,239005,1377,6,資訊教育,手繪與物件順序-繪製白雲,411.077,25,2024-09-26 11:09:02,2024,9,2024-W39,週四,上午,1,1,0,0,0,0
139139527,238715,1377,6,資訊教育,自創角色跑起來,455.221,19,2024-09-26 11:09:20,2024,9,2024-W39,週四,上午,1,1,0,0,0,0
139139803,240896,1377,6,資訊教育,認識海報規劃及繪圖軟體Inkscape,399.061,43,2024-09-26 11:10:03,2024,9,2024-W39,週四,上午,1,1,0,0,0,0
139158629,75855,2284,5,數學108,video:N-5-3-S03,280.0,100,2024-09-26 12:04:53,2024,9,2024-W39,週四,下午,1,0,0,0,0,0
139158776,75855,2284,5,數學108,video:N-5-3-S02,346.069,100,2024-09-26 12:10:28,2024,9,2024-W39,週四,下午,5,4,0,0,0,0
139158940,75855,2284,5,數學108,video:N-5-3-S01,260.91,41,2024-09-26 12:16:49,2024,9,2024-W39,週四,下午,1,1,0,0,0,0
139169644,77402,1377,5,英語108,語音-ConsonantSoundsJYZ,312.256,100,2024-09-26 13:08:47,2024,9,2024-W39,週四,下午,2,4,0,0,0,0
139174046,77402,1377,5,英語108,"語音-ConsonantSoundsLl,Rr,Mm,Nn",318.016,14,2024-09-26 13:25:59,2024,9,2024-W39,週四,下午,2,2,0,0,0,0
139193119,75855,2284,5,數學108,video:N-5-3-S03,280.0,100,2024-09-26 14:20:05,2024,9,2024-W39,週四,下午,1,0,0,0,0,0
139196356,75855,2284,5,數學108,video:N-5-3-S04,359.816,100,2024-09-26 14:25:32,2024,9,2024-W39,週四,下午,1,0,0,0,0,0
139200914,75855,2284,5,數學108,video:N-5-3-S05,281.576,100,2024-09-26 14:34:45,2024,9,2024-W39,週四,下午,2,1,0,0,0,0
139232845,78205,1377,3,資訊教育,作業系統介紹與操作-視窗與滑鼠的操作,352.619,36,2024-09-26 15:47:54,2024,9,2024-W39,週四,下午,1,42,0,0,0,1
139232897,116465,1377,3,資訊教育,作業系統介紹與操作-視窗與滑鼠的操作,352.619,36,2024-09-26 15:48:03,2024,9,2024-W39,週四,下午,11,11,4,0,0,1
139234369,78205,1377,3,資訊教育,作業系統介紹與操作-視窗與滑鼠的操作,352.619,60,2024-09-26 15:52:08,2024,9,2024-W39,週四,下午,2,1,0,0,0,0
139238133,77402,1377,5,英語108,"語音-ConsonantSoundsLl,Rr,Mm,Nn",318.016,100,2024-09-26 16:02:54,2024,9,2024-W39,週四,下午,1,0,0,0,0,0
139240968,77402,1377,5,英語108,"語音-CVCSoundCombinations母音a,e,i+無聲子音",354.176,100,2024-09-26 16:10:17,2024,9,2024-W39,週四,下午,4,3,0,0,0,0
139245615,179767,1377,6,英語108,"語音-CVCSoundCombinations母音a,e,i+有聲子音",314.432,100,2024-09-26 16:17:39,2024,9,2024-W39,週四,下午,2,1,0,0,0,0
139250588,179767,1377,6,英語108,"語音-CVCSoundCombinations母音o,u+有聲子音",263.68,100,2024-09-26 16:23:52,2024,9,2024-W39,週四,下午,6,5,0,0,0,0
139337368,93669,2284,2,數學108,N-2-2-S01,286.486,13,2024-09-27 08:12:41,2024,9,2024-W39,週五,上午,3,3,0,0,0,0
139338456,93898,2284,2,數學108,N-2-2-S01,286.486,100,2024-09-27 08:14:23,2024,9,2024-W39,週五,上午,1,0,0,0,0,0
139338595,93669,2284,2,數學108,N-2-2-S01,286.486,100,2024-09-27 08:14:36,2024,9,2024-W39,週五,上午,3,2,0,0,0,0
139338988,93753,2284,2,數學108,N-2-2-S01,286.486,100,2024-09-27 08:15:14,2024,9,2024-W39,週五,上午,3,2,0,0,0,0
139339381,93668,2284,2,數學108,N-2-2-S01,286.486,100,2024-09-27 08:15:51,2024,9,2024-W39,週五,上午,3,2,0,0,0,0
139339594,94149,2284,2,數學108,N-2-2-S01,286.486,100,2024-09-27 08:16:11,2024,9,2024-W39,週五,上午,2,1,0,0,0,0
139340273,93867,2284,2,數學108,N-2-2-S01,286.486,100,2024-09-27 08:17:16,2024,9,2024-W39,週五,上午,2,1,1,0,0,0
139340757,93893,2284,2,數學108,N-2-2-S01,286.486,100,2024-09-27 08:18:01,2024,9,2024-W39,週五,上午,1,0,0,0,0,0
139342247,94092,2284,2,國語文108,文章[一]/語句組織1,221.695,100,2024-09-27 08:20:16,2024,9,2024-W39,週五,上午,1,0,0,0,0,0
139342892,189828,2284,2,數學108,N-2-2-S01,286.486,100,2024-09-27 08:21:09,2024,9,2024-W39,週五,上午,8,7,1,0,0,0
139344940,93845,2284,2,數學108,N-2-2-S01,286.486,100,2024-09-27 08:23:47,2024,9,2024-W39,週五,上午,1,0,0,0,0,0
139345088,93669,2284,2,數學108,N-2-2-S03,372.939,100,2024-09-27 08:23:57,2024,9,2024-W39,週五,上午,7,6,1,0,0,0
139346135,94092,2284,2,國語文108,文章[一]/語句組織2,223.014,100,2024-09-27 08:25:17,2024,9,2024-W39,週五,上午,2,1,0,0,0,0
139346307,93753,2284,2,數學108,N-2-2-S03,372.939,100,2024-09-27 08:25:31,2024,9,2024-W39,週五,上午,2,1,0,0,0,0
139346630,93893,2284,2,數學108,N-2-2-S03,372.939,100,2024-09-27 08:25:53,2024,9,2024-W39,週五,上午,1,0,0,0,0,0
139347063,93668,2284,2,數學108,N-2-2-S03,372.939,100,2024-09-27 08:26:24,2024,9,2024-W39,週五,上午,3,2,0,0,0,0
139348310,93898,2284,2,數學108,N-2-2-S03,372.939,100,2024-09-27 08:28:01,2024,9,2024-W39,週五,上午,3,3,0,0,0,0
139351445,94078,2284,2,國語文108,推論理解[一]/段落情緒推論,231.786,94,2024-09-27 08:32:25,2024,9,2024-W39,週五,上午,4,4,0,0,0,0
139351493,94149,2284,2,數學108,N-2-2-S03,372.939,46,2024-09-27 08:32:29,2024,9,2024-W39,週五,上午,2,2,0,0,0,0
139351735,94092,2284,2,國語文108,文章[一]/段落結構1,243.67,27,2024-09-27 08:32:52,2024,9,2024-W39,週五,上午,3,3,0,0,0,0
139352552,93867,2284,2,數學108,N-2-2-S03,372.939,16,2024-09-27 08:34:05,2024,9,2024-W39,週五,上午,1,0,0,0,0,0
139375557,113961,1377,5,資訊教育,插入資料來源及投影片編號,318.421,91,2024-09-27 09:34:41,2024,9,2024-W39,週五,上午,20,20,0,0,0,1
139375572,77402,1377,5,資訊教育,插入資料來源及投影片編號,318.421,100,2024-09-27 09:34:44,2024,9,2024-W39,週五,上午,8,7,0,0,0,1
139375631,79251,1377,5,資訊教育,簡報製作的觀念與規劃,279.744,100,2024-09-27 09:34:51,2024,9,2024-W39,週五,上午,4,3,0,0,0,1
139375641,78872,1377,5,資訊教育,簡報製作的觀念與規劃,279.744,100,2024-09-27 09:34:52,2024,9,2024-W39,週五,上午,10,9,0,0,0,1
139376102,80909,1377,5,資訊教育,設計好看的封面,362.795,16,2024-09-27 09:36:02,2024,9,2024-W39,週五,上午,6,5,0,0,0,1
139376170,75112,1377,5,資訊教育,簡報製作的觀念與規劃,279.744,100,2024-09-27 09:36:11,2024,9,2024-W39,週五,上午,3,3,0,0,0,2
139376186,75415,1377,5,資訊教育,Google簡報的操作介面與檔案管理,290.453,100,2024-09-27 09:36:13,2024,9,2024-W39,週五,上午,10,9,1,0,0,1
139376505,75777,1377,5,資訊教育,簡報製作的觀念與規劃,279.744,100,2024-09-27 09:36:57,2024,9,2024-W39,週五,上午,10,9,1,0,0,1
139377081,75110,1377,5,資訊教育,簡報的應用程式,269.568,100,2024-09-27 09:38:49,2024,9,2024-W39,週五,上午,12,11,0,0,0,1
139377215,75069,1377,5,資訊教育,簡報的應用程式,269.568,100,2024-09-27 09:39:13,2024,9,2024-W39,週五,上午,6,6,2,0,0,0
139377561,79251,1377,5,資訊教育,Google簡報的操作介面與檔案管理,290.453,39,2024-09-27 09:40:20,2024,9,2024-W39,週五,上午,2,2,0,0,0,1
139377598,75825,1377,5,資訊教育,簡報製作的觀念與規劃,279.744,100,2024-09-27 09:40:26,2024,9,2024-W39,週五,上午,8,7,1,0,0,2
139377737,75076,1377,5,資訊教育,插入資料來源及投影片編號,318.421,100,2024-09-27 09:40:48,2024,9,2024-W39,週五,上午,7,6,0,0,0,1
139377786,75816,1377,5,資訊教育,簡報製作的觀念與規劃,279.744,100,2024-09-27 09:40:59,2024,9,2024-W39,週五,上午,18,17,1,0,0,2
139378100,80909,1377,5,資訊教育,Google簡報的操作介面與檔案管理,290.453,100,2024-09-27 09:41:48,2024,9,2024-W39,週五,上午,2,1,0,0,0,1
139378360,77402,1377,5,資訊教育,插入圖案,226.432,84,2024-09-27 09:42:25,2024,9,2024-W39,週五,上午,3,3,0,0,0,1
139378524,78872,1377,5,資訊教育,Google簡報的操作介面與檔案管理,290.453,100,2024-09-27 09:42:46,2024,9,2024-W39,週五,上午,4,3,0,0,0,1
139378704,79251,1377,5,資訊教育,Google簡報的操作介面與檔案管理,290.453,100,2024-09-27 09:43:11,2024,9,2024-W39,週五,上午,2,1,0,0,0,0
139378751,113961,1377,5,資訊教育,插入資料來源及投影片編號,318.421,100,2024-09-27 09:43:21,2024,9,2024-W39,週五,上午,1,0,0,0,0,0
139379100,75112,1377,5,資訊教育,Google簡報的操作介面與檔案管理,290.453,100,2024-09-27 09:44:10,2024,9,2024-W39,週五,上午,4,3,0,0,0,1
139379448,75777,1377,5,資訊教育,Google簡報的操作介面與檔案管理,290.453,12,2024-09-27 09:45:10,2024,9,2024-W39,週五,上午,1,1,0,0,0,1
139379478,113961,1377,5,資訊教育,插入圖案,226.432,74,2024-09-27 09:45:14,2024,9,2024-W39,週五,上午,1,1,0,0,0,1
139379708,75816,1377,5,資訊教育,簡報製作的觀念與規劃,279.744,2,2024-09-27 09:45:57,2024,9,2024-W39,週五,上午,1,1,0,0,0,0
139390536,80909,1377,5,資訊教育,Google簡報的操作介面與檔案管理,290.453,10,2024-09-27 10:11:54,2024,9,2024-W39,週五,上午,1,1,0,0,0,0
139418289,230454,1377,6,資訊教育,建立自創角色,292.058,100,2024-09-27 11:32:39,2024,9,2024-W39,週五,上午,18,17,0,0,0,1
139418587,239005,1377,6,資訊教育,手繪與物件順序-繪製白雲,411.077,27,2024-09-27 11:33:24,2024,9,2024-W39,週五,上午,1,1,0,0,0,0
139418718,230014,1377,6,資訊教育,自創角色跑起來,455.221,58,2024-09-27 11:33:40,2024,9,2024-W39,週五,上午,3,3,7,0,0,0
139418828,239005,1377,6,資訊教育,建立自創角色,292.058,100,2024-09-27 11:33:55,2024,9,2024-W39,週五,上午,9,8,0,0,0,1
139418840,241840,1377,6,資訊教育,自創角色跑起來,455.221,6,2024-09-27 11:33:56,2024,9,2024-W39,週五,上午,9,9,9,0,0,0
139419186,239765,1377,6,資訊教育,自創角色跑起來,455.221,21,2024-09-27 11:34:35,2024,9,2024-W39,週五,上午,8,8,0,0,0,0
139419991,238999,1377,6,資訊教育,自創角色跑起來,455.221,0,2024-09-27 11:36:17,2024,9,2024-W39,週五,上午,2,1,0,0,0,0
139420193,238999,1377,6,資訊教育,建立自創角色,292.058,77,2024-09-27 11:36:43,2024,9,2024-W39,週五,上午,4,4,0,0,0,1
139420392,242347,1377,6,資訊教育,建立自創角色,292.058,97,2024-09-27 11:37:06,2024,9,2024-W39,週五,上午,2,1,0,0,0,0
139423159,230630,1377,6,資訊教育,自創角色跑起來,455.221,16,2024-09-27 11:43:03,2024,9,2024-W39,週五,上午,8,8,0,0,0,0
139425298,239275,1377,6,資訊教育,Scratch舞台設計與認識角色,331.898,100,2024-09-27 11:47:25,2024,9,2024-W39,週五,上午,4,4,0,2,0,0
139426330,60833,2284,5,數學108,video:N-4-1-S01,1061.894,48,2024-09-27 11:49:12,2024,9,2024-W39,週五,上午,1,0,0,0,0,0
139426331,230454,1377,6,資訊教育,自創角色跑起來,455.221,69,2024-09-27 11:49:12,2024,9,2024-W39,週五,上午,23,23,0,0,0,0
139426597,239765,1377,6,資訊教育,自創角色跑起來,455.221,43,2024-09-27 11:49:40,2024,9,2024-W39,週五,上午,6,6,1,0,0,0
139427554,239005,1377,6,資訊教育,自創角色跑起來,455.221,32,2024-09-27 11:51:30,2024,9,2024-W39,週五,上午,17,17,2,0,0,0
139427865,158918,2284,5,數學108,video:N-5-3-S03,280.0,40,2024-09-27 11:52:05,2024,9,2024-W39,週五,上午,3,3,1,0,0,0
139428325,241840,1377,6,資訊教育,兩個角色的互動,293.16,88,2024-09-27 11:52:56,2024,9,2024-W39,週五,上午,3,3,0,0,0,0
139428583,239275,1377,6,資訊教育,Scratch角色動起來,504.871,80,2024-09-27 11:53:22,2024,9,2024-W39,週五,上午,4,4,3,1,0,0
139429305,238999,1377,6,資訊教育,建立自創角色,292.058,100,2024-09-27 11:54:49,2024,9,2024-W39,週五,上午,5,4,1,0,0,0
139430402,230630,1377,6,資訊教育,自創角色跑起來,455.221,36,2024-09-27 11:57:02,2024,9,2024-W39,週五,上午,10,10,0,0,0,0
139430608,237057,1377,6,資訊教育,Scratch角色動起來,504.871,79,2024-09-27 11:57:28,2024,9,2024-W39,週五,上午,2,2,2,4,0,0
139431054,238999,1377,6,資訊教育,自創角色跑起來,455.221,11,2024-09-27 11:58:52,2024,9,2024-W39,週五,上午,1,1,0,0,0,0
139431639,238999,1377,6,資訊教育,自創角色跑起來,455.221,26,2024-09-27 12:02:47,2024,9,2024-W39,週五,下午,1,0,0,0,0,0
139433898,77402,1377,5,英語108,"語音-CVCSoundCombinations母音o,u+無聲子音",291.136,100,2024-09-27 12:43:14,2024,9,2024-W39,週五,下午,1,0,0,0,0,0
139434999,77402,1377,5,英語108,"語音-CVCSoundCombinations母音o,u+無聲子音",291.136,3,2024-09-27 12:48:13,2024,9,2024-W39,週五,下午,1,1,0,0,0,0
139435458,77402,1377,5,英語108,"語音-VowelSoundso_e,o",282.048,100,2024-09-27 12:49:55,2024,9,2024-W39,週五,下午,4,3,2,0,0,0
139444351,126435,1377,6,資訊教育,建立自創角色,292.058,100,2024-09-27 13:30:14,2024,9,2024-W39,週五,下午,6,5,0,0,0,1
139444372,51708,1377,6,資訊教育,兩個角色的互動,293.16,100,2024-09-27 13:30:21,2024,9,2024-W39,週五,下午,2,1,0,0,0,0
139447177,93669,2284,2,數學108,N-2-11-S01,397.873,16,2024-09-27 13:41:14,2024,9,2024-W39,週五,下午,3,3,0,0,0,0
139447661,93669,2284,2,數學108,N-2-11-S01,397.873,100,2024-09-27 13:42:46,2024,9,2024-W39,週五,下午,2,1,0,0,0,0
139448019,94078,2284,2,國語文108,推論理解[一]/段落情緒推論,231.786,100,2024-09-27 13:43:53,2024,9,2024-W39,週五,下午,3,2,0,0,0,0
139449478,56500,1377,6,資訊教育,建立自創角色,292.058,100,2024-09-27 13:48:02,2024,9,2024-W39,週五,下午,7,6,0,0,0,1
139449566,94078,2284,2,國語文108,推論理解[一]/句子角色推論,207.467,100,2024-09-27 13:48:17,2024,9,2024-W39,週五,下午,2,1,0,0,0,0
139449803,93669,2284,2,數學108,S-2-3-S01,685.755,100,2024-09-27 13:48:48,2024,9,2024-W39,週五,下午,4,3,1,0,0,0
139449830,51708,1377,6,資訊教育,兩個角色的互動,293.16,0,2024-09-27 13:48:51,2024,9,2024-W39,週五,下午,1,0,0,0,0,0
139449864,52022,1377,6,資訊教育,建立自創角色,292.058,5,2024-09-27 13:48:55,2024,9,2024-W39,週五,下午,6,6,0,0,0,1
139450408,51970,1377,6,資訊教育,建立自創角色,292.058,100,2024-09-27 13:50:09,2024,9,2024-W39,週五,下午,6,6,1,0,0,0
139452288,56500,1377,6,資訊教育,自創角色跑起來,455.221,10,2024-09-27 13:54:51,2024,9,2024-W39,週五,下午,5,5,0,0,0,0
139452595,94078,2284,2,國語文108,推論理解[一]/句子狀態推論,184.917,100,2024-09-27 13:55:22,2024,9,2024-W39,週五,下午,4,3,0,1,0,0
139453136,51708,1377,6,資訊教育,自創角色跑起來,455.221,84,2024-09-27 13:56:22,2024,9,2024-W39,週五,下午,17,19,5,8,0,1
139453198,51943,1377,6,資訊教育,建立自創角色,292.058,100,2024-09-27 13:56:28,2024,9,2024-W39,週五,下午,3,2,0,0,0,1
139453485,56500,1377,6,資訊教育,建立自創角色,292.058,14,2024-09-27 13:57:01,2024,9,2024-W39,週五,下午,1,1,1,1,0,0
139455169,51408,1377,6,資訊教育,建立自創角色,292.058,42,2024-09-27 14:00:06,2024,9,2024-W39,週五,下午,2,2,0,0,0,0
139455830,51872,1377,6,資訊教育,建立自創角色,292.058,14,2024-09-27 14:01:28,2024,9,2024-W39,週五,下午,1,1,0,0,0,0
139456381,94078,2284,2,國語文108,推論理解[一]/句子情緒推論,178.7,100,2024-09-27 14:02:49,2024,9,2024-W39,週五,下午,1,0,0,0,0,0
139456596,93669,2284,2,數學108,S-2-3-S02,503.803,25,2024-09-27 14:03:30,2024,9,2024-W39,週五,下午,3,3,0,0,0,0
139457658,51408,1377,6,資訊教育,什麼是動畫？,204.237,5,2024-09-27 14:06:21,2024,9,2024-W39,週五,下午,1,0,0,0,0,0
139457904,51408,1377,6,資訊教育,建立自創角色,292.058,100,2024-09-27 14:06:57,2024,9,2024-W39,週五,下午,2,1,0,0,0,1
139458964,51970,1377,6,資訊教育,建立自創角色,292.058,100,2024-09-27 14:09:45,2024,9,2024-W39,週五,下午,1,1,0,0,0,0
139459018,94078,2284,2,國語文108,推論理解[一]/句子工具推論,298.518,100,2024-09-27 14:09:52,2024,9,2024-W39,週五,下午,5,4,0,0,0,0
139459028,51970,1377,6,資訊教育,建立自創角色,292.058,100,2024-09-27 14:09:54,2024,9,2024-W39,週五,下午,1,1,0,0,0,0
139459140,51970,1377,6,資訊教育,自創角色跑起來,455.221,0,2024-09-27 14:10:08,2024,9,2024-W39,週五,下午,2,2,0,0,0,0
139459183,93669,2284,2,數學108,S-2-3-S02,503.803,100,2024-09-27 14:10:14,2024,9,2024-W39,週五,下午,1,0,0,0,0,0
139461095,94078,2284,2,數學108,N-2-11-S01,397.873,100,2024-09-27 14:16:44,2024,9,2024-W39,週五,下午,1,0,0,0,0,0
139461182,93669,2284,2,數學108,N-2-2-S02,468.935,100,2024-09-27 14:17:07,2024,9,2024-W39,週五,下午,3,2,0,0,0,0
139462586,6792,1377,5,資訊教育,變更投影片主題,337.237,100,2024-09-27 14:23:07,2024,9,2024-W39,週五,下午,1,0,0,0,0,0
139462600,14640,1377,5,資訊教育,匯入投影片主題,253.227,52,2024-09-27 14:23:13,2024,9,2024-W39,週五,下午,2,0,0,0,0,0
139465866,94078,2284,2,數學108,S-2-3-S01,685.755,100,2024-09-27 14:35:40,2024,9,2024-W39,週五,下午,6,5,0,0,0,0
139467775,93669,2284,2,數學108,N-2-2-S01,286.486,50,2024-09-27 14:39:23,2024,9,2024-W39,週五,下午,3,3,1,1,0,0
139470973,6792,1377,5,資訊教育,變更投影片主題,337.237,100,2024-09-27 14:48:02,2024,9,2024-W39,週五,下午,1,1,0,0,0,0
139471216,6792,1377,5,資訊教育,設計好看的封面,362.795,9,2024-09-27 14:48:42,2024,9,2024-W39,週五,下午,5,6,0,0,0,1
139472545,13107,1377,5,資訊教育,設計好看的封面,362.795,20,2024-09-27 14:52:39,2024,9,2024-W39,週五,下午,3,3,0,0,0,2
139472696,94078,2284,2,數學108,S-2-3-S02,503.803,100,2024-09-27 14:53:10,2024,9,2024-W39,週五,下午,4,3,0,0,0,0
139472767,6622,1377,5,資訊教育,設計好看的封面,362.795,15,2024-09-27 14:53:25,2024,9,2024-W39,週五,下午,2,2,0,0,0,1
139473961,13063,1377,5,資訊教育,插入資料來源及投影片編號,318.421,46,2024-09-27 14:57:53,2024,9,2024-W39,週五,下午,1,1,0,0,0,0
139476026,94078,2284,2,數學108,N-2-2-S01,286.486,100,2024-09-27 15:06:14,2024,9,2024-W39,週五,下午,2,1,0,0,0,0
139477921,94078,2284,2,數學108,N-2-2-S03,372.939,100,2024-09-27 15:16:46,2024,9,2024-W39,週五,下午,1,0,0,0,0,0
139480078,93753,2284,2,數學108,N-2-2-S02,468.935,100,2024-09-27 15:24:34,2024,9,2024-W39,週五,下午,6,5,2,0,0,0
139481179,94078,2284,2,數學108,N-2-2-S02,468.935,100,2024-09-27 15:27:33,2024,9,2024-W39,週五,下午,1,0,0,0,0,0
139482136,94149,2284,2,數學108,N-2-2-S03,372.939,100,2024-09-27 15:29:58,2024,9,2024-W39,週五,下午,2,1,0,0,0,0
139482666,180013,1377,6,資訊教育,Scratch角色動起來,504.871,69,2024-09-27 15:31:08,2024,9,2024-W39,週五,下午,26,26,0,0,0,1
139483704,170744,1377,6,資訊教育,建立自創角色,292.058,95,2024-09-27 15:33:12,2024,9,2024-W39,週五,下午,5,5,1,0,0,0
139483716,169901,1377,6,資訊教育,建立自創角色,292.058,78,2024-09-27 15:33:13,2024,9,2024-W39,週五,下午,17,17,2,0,0,1
139483912,170622,1377,6,資訊教育,兩個角色的互動,293.16,91,2024-09-27 15:33:38,2024,9,2024-W39,週五,下午,20,20,1,0,0,2
139484943,170471,1377,6,資訊教育,建立自創角色,292.058,100,2024-09-27 15:35:40,2024,9,2024-W39,週五,下午,23,22,0,0,0,1
139485365,93753,2284,2,國語文108,文章[一]/語句組織1,221.695,48,2024-09-27 15:36:22,2024,9,2024-W39,週五,下午,4,4,0,0,0,0
139485612,180502,1377,6,資訊教育,建立自創角色,292.058,100,2024-09-27 15:36:49,2024,9,2024-W39,週五,下午,4,3,0,0,0,1
139485614,94149,2284,2,數學108,N-2-2-S02,468.935,100,2024-09-27 15:36:49,2024,9,2024-W39,週五,下午,7,6,0,0,0,0
139486942,170651,1377,6,資訊教育,自創角色跑起來,455.221,100,2024-09-27 15:39:23,2024,9,2024-W39,週五,下午,5,4,0,0,0,1
139486999,93753,2284,2,國語文108,文章[一]/語句組織1,221.695,100,2024-09-27 15:39:30,2024,9,2024-W39,週五,下午,9,8,2,0,0,0
139488519,180502,1377,6,資訊教育,自創角色跑起來,455.221,57,2024-09-27 15:43:26,2024,9,2024-W39,週五,下午,12,12,1,0,0,0
139489255,94092,2284,2,國語文108,文章[一]/段落結構1,243.67,100,2024-09-27 15:45:37,2024,9,2024-W39,週五,下午,1,0,0,0,0,0
139489954,170642,1377,6,資訊教育,自創角色跑起來,455.221,1,2024-09-27 15:47:45,2024,9,2024-W39,週五,下午,1,1,0,0,0,0
139490026,93753,2284,2,國語文108,文章[一]/語句組織2,223.014,7,2024-09-27 15:47:59,2024,9,2024-W39,週五,下午,2,2,0,0,0,0
139490238,93753,2284,2,國語文108,文章[一]/語句組織2,223.014,92,2024-09-27 15:48:37,2024,9,2024-W39,週五,下午,14,14,0,0,0,0
139490438,94092,2284,2,國語文108,文章[一]/段落結構2,303.85,86,2024-09-27 15:49:12,2024,9,2024-W39,週五,下午,1,1,0,0,0,0
139490587,170642,1377,6,資訊教育,自創角色跑起來,455.221,49,2024-09-27 15:49:32,2024,9,2024-W39,週五,下午,5,5,0,0,0,0
139490595,170744,1377,6,資訊教育,自創角色跑起來,455.221,0,2024-09-27 15:49:33,2024,9,2024-W39,週五,下午,1,1,0,0,0,0
139491044,94149,2284,2,數學108,N-2-11-S01,397.873,31,2024-09-27 15:51:05,2024,9,2024-W39,週五,下午,9,9,0,0,0,0
139491448,170471,1377,6,資訊教育,自創角色跑起來,455.221,5,2024-09-27 15:52:39,2024,9,2024-W39,週五,下午,3,3,1,0,0,0
139499476,179767,1377,6,英語108,"語音-VowelSoundso_e,o",282.048,100,2024-09-27 16:22:54,2024,9,2024-W39,週五,下午,2,1,0,0,0,0
139501054,179767,1377,6,英語108,"語音-VowelSoundsu_e,u",289.856,100,2024-09-27 16:28:02,2024,9,2024-W39,週五,下午,2,1,0,0,0,0
139511187,169038,1377,2,數學108,10以內聽讀寫做、0的使用,383.516,100,2024-09-27 17:05:06,2024,9,2024-W39,週五,下午,5,4,0,0,0,2
139512718,169038,1377,2,數學108,10以內聽讀寫做、0的使用,383.516,100,2024-09-27 17:12:33,2024,9,2024-W39,週五,下午,1,1,0,0,0,0
139512981,94149,2284,2,數學108,N-2-11-S01,397.873,100,2024-09-27 17:13:58,2024,9,2024-W39,週五,下午,5,4,0,0,0,0
139514863,94149,2284,2,數學108,S-2-3-S01,685.755,2,2024-09-27 17:24:04,2024,9,2024-W39,週五,下午,2,2,1,0,0,0
139518683,94149,2284,2,數學108,S-2-3-S01,685.755,6,2024-09-27 18:14:58,2024,9,2024-W39,週五,晚上,1,1,0,0,0,0
139519433,94149,2284,2,數學108,S-2-3-S01,685.755,95,2024-09-27 18:25:54,2024,9,2024-W39,週五,晚上,6,6,0,0,0,0
139522439,93893,2284,2,數學108,N-2-2-S02,468.935,25,2024-09-27 19:02:27,2024,9,2024-W39,週五,晚上,2,1,0,0,0,0
139522843,93893,2284,2,數學108,N-2-2-S02,468.935,100,2024-09-27 19:06:10,2024,9,2024-W39,週五,晚上,1,0,0,0,0,0
139524429,93893,2284,2,數學108,N-2-11-S01,397.873,100,2024-09-27 19:20:51,2024,9,2024-W39,週五,晚上,1,0,0,0,0,0
139525737,93893,2284,2,數學108,S-2-3-S01,685.755,100,2024-09-27 19:31:37,2024,9,2024-W39,週五,晚上,1,0,0,0,0,0
139527465,93893,2284,2,數學108,S-2-3-S02,503.803,100,2024-09-27 19:46:04,2024,9,2024-W39,週五,晚上,1,0,0,0,0,0
139529188,93893,2284,2,數學108,S-2-3-S02,503.803,1,2024-09-27 19:59:11,2024,9,2024-W39,週五,晚上,1,1,0,0,0,0
139535800,88805,2284,2,國語文108,字形[二]/同音字1,104.384,100,2024-09-27 20:47:47,2024,9,2024-W39,週五,晚上,3,2,0,0,0,0
139536687,88805,2284,2,國語文108,字形[二]/同音字2,108.587,100,2024-09-27 20:54:17,2024,9,2024-W39,週五,晚上,9,8,0,0,0,0
139537183,189551,2284,2,國語文108,文章[二]/段落結構1,306.142,100,2024-09-27 20:57:43,2024,9,2024-W39,週五,晚上,2,1,0,0,0,0
139537660,189551,2284,2,國語文108,文章[二]/段落結構2,231.925,6,2024-09-27 21:01:18,2024,9,2024-W39,週五,晚上,6,6,1,0,0,0
139538207,189551,2284,2,國語文108,文章[二]/段落結構2,231.925,100,2024-09-27 21:06:32,2024,9,2024-W39,週五,晚上,4,3,0,0,0,0
139557726,94149,2284,2,數學108,S-2-3-S01,685.755,100,2024-09-28 09:00:18,2024,9,2024-W39,週六,上午,3,2,0,0,0,0
139558285,94149,2284,2,數學108,S-2-3-S02,503.803,0,2024-09-28 09:12:10,2024,9,2024-W39,週六,上午,1,2,1,0,0,0
139558301,94149,2284,2,數學108,S-2-3-S02,503.803,4,2024-09-28 09:12:24,2024,9,2024-W39,週六,上午,1,0,0,0,0,0
139558440,94149,2284,2,數學108,S-2-3-S02,503.803,100,2024-09-28 09:14:19,2024,9,2024-W39,週六,上午,1,0,0,0,0,0
139569730,89348,2284,2,國語文108,字形[二]/同音字1,104.384,100,2024-09-28 11:06:27,2024,9,2024-W39,週六,上午,1,0,0,0,0,0
139571533,89348,2284,2,國語文108,字形[二]/同音字2,108.587,100,2024-09-28 11:18:26,2024,9,2024-W39,週六,上午,2,1,1,0,0,0
139580564,93845,2284,2,數學108,N-2-11-S01,397.873,51,2024-09-28 12:47:43,2024,9,2024-W39,週六,下午,1,1,0,0,0,0
139580865,93845,2284,2,數學108,N-2-11-S01,397.873,100,2024-09-28 12:51:21,2024,9,2024-W39,週六,下午,1,0,0,0,0,0
139582052,93845,2284,2,數學108,S-2-3-S01,685.755,10,2024-09-28 13:05:37,2024,9,2024-W39,週六,下午,2,1,1,0,0,0
139582191,93845,2284,2,數學108,S-2-3-S01,685.755,99,2024-09-28 13:07:23,2024,9,2024-W39,週六,下午,1,0,0,0,0,0
139584061,93845,2284,2,數學108,S-2-3-S01,685.755,100,2024-09-28 13:28:36,2024,9,2024-W39,週六,下午,1,0,0,0,0,0
139585510,93845,2284,2,數學108,S-2-3-S02,503.803,100,2024-09-28 13:40:43,2024,9,2024-W39,週六,下午,2,1,0,0,0,0
139621284,93898,2284,2,數學108,N-2-11-S01,397.873,100,2024-09-28 20:17:18,2024,9,2024-W39,週六,晚上,1,0,0,0,0,0
139622522,93898,2284,2,數學108,S-2-3-S01,685.755,100,2024-09-28 20:30:21,2024,9,2024-W39,週六,晚上,3,2,1,0,0,0
139623992,93898,2284,2,數學108,S-2-3-S02,503.803,100,2024-09-28 20:46:52,2024,9,2024-W39,週六,晚上,2,1,0,0,0,0
139625987,93898,2284,2,數學108,N-2-2-S02,468.935,100,2024-09-28 21:09:04,2024,9,2024-W39,週六,晚上,5,4,0,0,0,0
139657507,93778,2284,2,國語文108,文章[二]/段落結構2,231.925,100,2024-09-29 12:29:33,2024,9,2024-W39,週日,下午,2,1,0,0,0,0
139671695,94092,2284,2,國語文108,文章[一]/段落結構2,303.85,100,2024-09-29 14:54:51,2024,9,2024-W39,週日,下午,6,5,1,0,0,0
139673646,94092,2284,2,國語文108,文體[一]/記敘文,219.961,100,2024-09-29 15:10:45,2024,9,2024-W39,週日,下午,2,1,0,0,0,0
139674305,94092,2284,2,國語文108,文體[一]/故事,236.433,100,2024-09-29 15:15:59,2024,9,2024-W39,週日,下午,1,0,0,0,0,0
139675853,94092,2284,2,國語文108,文體[一]/應用文,190.167,100,2024-09-29 15:29:36,2024,9,2024-W39,週日,下午,1,0,0,0,0,0
139676465,94092,2284,2,數學108,N-2-11-S01,397.873,100,2024-09-29 15:36:29,2024,9,2024-W39,週日,下午,1,0,0,0,0,0
139678524,94092,2284,2,數學108,S-2-3-S01,685.755,100,2024-09-29 15:54:43,2024,9,2024-W39,週日,下午,3,2,1,0,0,0
139681055,94092,2284,2,數學108,S-2-3-S02,503.803,100,2024-09-29 16:17:16,2024,9,2024-W39,週日,下午,2,1,0,0,0,0
139706342,230630,1377,6,資訊教育,自創角色跑起來,455.221,100,2024-09-29 20:34:30,2024,9,2024-W39,週日,晚上,47,47,14,0,0,3
139720228,94098,2284,2,數學108,10以內聽讀寫做、0的使用,383.516,100,2024-09-29 21:47:30,2024,9,2024-W39,週日,晚上,5,5,0,0,0,3
139722921,230630,1377,6,資訊教育,兩個角色的互動,293.16,100,2024-09-29 22:08:31,2024,9,2024-W39,週日,晚上,16,15,0,0,0,1
139724326,88836,2284,2,國語文108,文章[二]/段落結構1,306.142,100,2024-09-29 22:21:36,2024,9,2024-W39,週日,晚上,3,2,0,0,0,0
139724589,230630,1377,6,資訊教育,手繪與物件順序-繪製樹木與物件順序,374.208,100,2024-09-29 22:24:11,2024,9,2024-W39,週日,晚上,1,0,0,0,0,0
139725240,88836,2284,2,國語文108,文章[二]/段落結構2,231.925,100,2024-09-29 22:30:21,2024,9,2024-W39,週日,晚上,4,3,1,0,0,0
139795546,80905,1377,3,資訊教育,作業系統介紹與操作-視窗與滑鼠的操作,352.619,100,2024-09-30 09:52:35,2024,9,2024-W40,週一,上午,2,1,0,0,0,1
139809354,129597,1377,3,資訊教育,作業系統介紹與操作-作業系統的介紹,290.325,1,2024-09-30 10:36:44,2024,9,2024-W40,週一,上午,1,1,0,0,0,0
139812889,129597,1377,3,資訊教育,作業系統介紹與操作-作業系統的介紹,290.325,100,2024-09-30 10:49:30,2024,9,2024-W40,週一,上午,5,14,0,0,0,1
139812972,75413,1377,3,資訊教育,作業系統介紹與操作-視窗與滑鼠的操作,352.619,100,2024-09-30 10:49:41,2024,9,2024-W40,週一,上午,3,2,0,0,0,1
139817315,129597,1377,3,資訊教育,作業系統介紹與操作-視窗與滑鼠的操作,352.619,85,2024-09-30 10:59:57,2024,9,2024-W40,週一,上午,7,7,0,0,0,0
139817519,75413,1377,3,資訊教育,作業系統介紹與操作-作業系統的介紹,290.325,10,2024-09-30 11:00:23,2024,9,2024-W40,週一,上午,1,0,0,0,0,0
139846914,78872,1377,5,資訊教育,增刪投影片與版面配置,283.008,11,2024-09-30 12:47:46,2024,9,2024-W40,週一,下午,2,2,0,0,0,0
139851218,77402,1377,5,英語108,語音-CVCSoundCombinationsPart1,299.392,100,2024-09-30 12:59:59,2024,9,2024-W40,週一,下午,2,1,0,0,0,0
139859066,115966,1377,4,資訊教育,使用Google街景尋找世界美景,266.24,100,2024-09-30 13:35:00,2024,9,2024-W40,週一,下午,6,5,1,0,0,1
139859508,51985,1377,4,資訊教育,使用Google街景尋找世界美景,266.24,100,2024-09-30 13:36:24,2024,9,2024-W40,週一,下午,3,2,0,0,0,1
139859611,51593,1377,4,資訊教育,使用Google街景尋找世界美景,266.24,100,2024-09-30 13:36:45,2024,9,2024-W40,週一,下午,2,1,0,0,0,1
139874782,18127,1377,4,資訊教育,關鍵字搜尋與辨別假訊息,449.877,41,2024-09-30 14:24:08,2024,9,2024-W40,週一,下午,3,3,0,0,0,1
139875341,20357,1377,4,資訊教育,Google地圖功能介紹,216.213,100,2024-09-30 14:26:00,2024,9,2024-W40,週一,下午,2,1,0,0,0,1
139881748,20357,1377,4,資訊教育,Google地圖基本操作,325.888,100,2024-09-30 14:42:00,2024,9,2024-W40,週一,下午,3,2,0,0,0,1
139884365,18127,1377,4,資訊教育,關鍵字搜尋與辨別假訊息,449.877,100,2024-09-30 14:47:44,2024,9,2024-W40,週一,下午,4,4,1,0,0,0
139888832,18127,1377,4,資訊教育,Google地圖功能介紹,216.213,100,2024-09-30 14:56:29,2024,9,2024-W40,週一,下午,3,2,0,0,0,1
139911704,87061,2284,5,數學108,video:N-4-1-S01,1061.894,100,2024-09-30 16:05:11,2024,9,2024-W40,週一,下午,216,215,0,0,0,0
139912079,80778,2284,5,數學108,video:N-4-1-S01,1061.894,19,2024-09-30 16:06:13,2024,9,2024-W40,週一,下午,4,3,1,0,0,0
139912242,70502,2284,5,數學108,video:N-4-1-S01,1061.894,100,2024-09-30 16:06:40,2024,9,2024-W40,週一,下午,3,2,0,0,0,0
139912477,60833,2284,5,數學108,video:N-4-1-S01,1061.894,100,2024-09-30 16:07:16,2024,9,2024-W40,週一,下午,5,4,0,0,0,0
139913595,80289,2284,5,數學108,video:N-4-1-S01,1061.894,3,2024-09-30 16:09:53,2024,9,2024-W40,週一,下午,3,2,0,0,0,0
139914008,80289,2284,5,數學108,video:N-4-1-S01,1061.894,100,2024-09-30 16:10:45,2024,9,2024-W40,週一,下午,3,2,0,0,0,0
139915228,113961,1377,5,英語108,"語音-VowelSoundsa,e,i",433.024,100,2024-09-30 16:13:08,2024,9,2024-W40,週一,下午,3,2,0,0,0,0
139915830,79645,2284,5,數學108,"能在具體情境中,認識加法的交換",311.08,0,2024-09-30 16:14:12,2024,9,2024-W40,週一,下午,1,0,0,0,0,0
139915940,79645,2284,5,數學108,"能在具體情境中,認識加法的交換",311.08,10,2024-09-30 16:14:23,2024,9,2024-W40,週一,下午,3,3,0,0,0,0
139916706,60833,2284,5,數學108,video:N-4-1-S01,1061.894,100,2024-09-30 16:15:40,2024,9,2024-W40,週一,下午,6,5,0,0,0,0
139916892,80778,2284,5,數學108,video:N-4-1-S01,1061.894,100,2024-09-30 16:15:55,2024,9,2024-W40,週一,下午,2,1,0,0,0,0
139916914,79645,2284,5,數學108,N-2-1-S01,153.739,100,2024-09-30 16:15:58,2024,9,2024-W40,週一,下午,4,3,0,0,0,0
139917063,13053,1377,5,英語108,語音-LetterMmSound,277.824,100,2024-09-30 16:16:13,2024,9,2024-W40,週一,下午,2,1,0,0,0,0
139917524,60826,2284,5,數學108,video:N-4-1-S01,1061.894,100,2024-09-30 16:17:05,2024,9,2024-W40,週一,下午,204,205,0,0,0,0
139918561,79645,2284,5,數學108,N-2-1-S04,298.075,100,2024-09-30 16:18:56,2024,9,2024-W40,週一,下午,2,1,0,0,0,0
139920196,13053,1377,5,英語108,語音-LetterMmSound,277.824,100,2024-09-30 16:21:39,2024,9,2024-W40,週一,下午,3,2,0,0,0,0
139921834,79645,2284,5,數學108,N-2-1-S02,260.237,100,2024-09-30 16:24:08,2024,9,2024-W40,週一,下午,2,1,0,0,0,0
139922915,13053,1377,5,英語108,語音-LetterNnSound,281.28,12,2024-09-30 16:25:45,2024,9,2024-W40,週一,下午,1,1,0,0,0,0
139923649,13053,1377,5,英語108,語音-LetterNnSound,281.28,100,2024-09-30 16:26:54,2024,9,2024-W40,週一,下午,2,1,0,0,0,0
139923935,113961,1377,5,英語108,"語音-CVCSoundCombinations母音a,e,i+無聲子音",354.176,35,2024-09-30 16:27:17,2024,9,2024-W40,週一,下午,5,5,0,0,0,0
139925429,79645,2284,5,數學108,N-2-1-S01,153.739,100,2024-09-30 16:29:29,2024,9,2024-W40,週一,下午,1,1,0,0,0,0
139925661,113961,1377,5,英語108,"語音-CVCSoundCombinations母音a,e,i+無聲子音",354.176,100,2024-09-30 16:29:48,2024,9,2024-W40,週一,下午,1,0,0,0,0,0
139926929,79645,2284,5,數學108,video:N-1-2-S03,493.802,64,2024-09-30 16:31:43,2024,9,2024-W40,週一,下午,3,6,0,0,0,1
139932535,179767,1377,6,英語108,語音-Long/ShortVowelSoundsPart1,343.872,100,2024-09-30 16:41:14,2024,9,2024-W40,週一,下午,1,0,0,0,0,0
139932678,13053,1377,5,英語108,語音-ConsonantSoundsQW,314.24,50,2024-09-30 16:41:35,2024,9,2024-W40,週一,下午,2,2,0,0,0,0
139933971,13053,1377,5,英語108,語音-ConsonantSoundsQW,314.24,100,2024-09-30 16:44:43,2024,9,2024-W40,週一,下午,5,4,0,0,0,0
139936238,179767,1377,6,英語108,語音-Long/ShortVowelSoundsPart2,337.344,100,2024-09-30 16:51:01,2024,9,2024-W40,週一,下午,1,0,0,0,0,0
139961552,167466,2284,5,數學108,video:N-5-3-S03,280.0,100,2024-09-30 19:50:26,2024,9,2024-W40,週一,晚上,1,0,0,0,0,0
140046603,78703,1377,3,資訊教育,作業系統介紹與操作-視窗與滑鼠的操作,352.619,100,2024-10-01 10:51:05,2024,10,2024-W40,週二,上午,4,3,0,0,0,1
140049068,76576,1377,3,資訊教育,作業系統介紹與操作-視窗與滑鼠的操作,352.619,36,2024-10-01 10:59:16,2024,10,2024-W40,週二,上午,3,3,0,0,0,1
140074116,94098,2284,2,國語文108,語法[一]/直述句,366.908,100,2024-10-01 11:45:07,2024,10,2024-W40,週二,上午,6,5,0,0,0,0
140078879,94098,2284,2,國語文108,語法[一]/疑問句,519.446,17,2024-10-01 12:03:40,2024,10,2024-W40,週二,下午,1,1,0,0,0,0
140079122,94098,2284,2,國語文108,語法[一]/疑問句,519.446,25,2024-10-01 12:05:23,2024,10,2024-W40,週二,下午,1,0,0,0,0,0
140080729,94098,2284,2,國語文108,語法[一]/疑問句,519.446,72,2024-10-01 12:19:19,2024,10,2024-W40,週二,下午,2,2,0,0,0,0
140087486,77402,1377,5,英語108,語音-CVCSoundCombinationsPart2,279.744,100,2024-10-01 12:52:09,2024,10,2024-W40,週二,下午,1,0,0,0,0,0
140091430,94098,2284,2,國語文108,語法[一]/疑問句,519.446,100,2024-10-01 13:05:04,2024,10,2024-W40,週二,下午,4,3,0,0,0,0
140146328,113961,1377,5,英語108,"語音-CVCSoundCombinations母音a,e,i+有聲子音",314.432,100,2024-10-01 16:03:53,2024,10,2024-W40,週二,下午,3,2,0,0,0,0
140146462,13053,1377,5,英語108,"語音-VowelSoundsa,e,i",433.024,98,2024-10-01 16:04:15,2024,10,2024-W40,週二,下午,9,8,2,0,0,0
140148509,113961,1377,5,英語108,語音-Long/ShortVowelSoundsPart1,343.872,100,2024-10-01 16:10:28,2024,10,2024-W40,週二,下午,6,6,0,0,0,0
140149326,13053,1377,5,英語108,"語音-VowelSoundsa,e,i",433.024,100,2024-10-01 16:12:54,2024,10,2024-W40,週二,下午,1,0,0,0,0,0
140150416,13053,1377,5,英語108,"語音-VowelSoundso,u",265.6,100,2024-10-01 16:15:37,2024,10,2024-W40,週二,下午,1,0,0,0,0,0
140153634,179767,1377,6,英語108,語音-CVCSoundCombinationsPart2,279.744,100,2024-10-01 16:23:06,2024,10,2024-W40,週二,下午,1,0,0,0,0,0
140154188,13053,1377,5,英語108,"語音-CVCSoundCombinations母音a,e,i+有聲子音",314.432,100,2024-10-01 16:24:09,2024,10,2024-W40,週二,下午,1,0,0,0,0,0
140157237,179767,1377,6,英語108,"語音-ConsonantSoundsck,-ss,-ll,-zz,-ff",211.84,100,2024-10-01 16:29:24,2024,10,2024-W40,週二,下午,1,0,0,0,0,0
140254475,79645,2284,5,數學108,video:N-5-3-S01,260.91,100,2024-10-02 09:33:05,2024,10,2024-W40,週三,上午,20,20,1,0,2,0
140256245,79645,2284,5,數學108,video:N-5-3-S02,346.069,1,2024-10-02 09:40:18,2024,10,2024-W40,週三,上午,1,1,0,0,0,0
140256695,79645,2284,5,數學108,video:N-5-3-S02,346.069,20,2024-10-02 09:42:10,2024,10,2024-W40,週三,上午,1,1,1,0,0,0
140266555,184411,2284,4,數學108,video:N-4-10-S04,344.96,100,2024-10-02 10:14:02,2024,10,2024-W40,週三,上午,3,2,0,0,0,0
140282557,94098,2284,2,國語文108,詞義[一]/成語義1,129.493,100,2024-10-02 10:57:52,2024,10,2024-W40,週三,上午,2,1,0,0,0,0
140283561,94098,2284,2,國語文108,詞義[一]/成語義2,114.261,100,2024-10-02 11:00:21,2024,10,2024-W40,週三,上午,4,3,1,0,0,0
140284559,94098,2284,2,國語文108,詞義[一]/成語義3,118.016,100,2024-10-02 11:02:59,2024,10,2024-W40,週三,上午,4,3,0,0,0,0
140297274,94098,2284,2,國語文108,語法[一]/祈使句,481.942,100,2024-10-02 11:35:03,2024,10,2024-W40,週三,上午,1,0,0,0,0,0
140302417,94098,2284,2,國語文108,字音[一]/本音1,140.757,100,2024-10-02 11:47:55,2024,10,2024-W40,週三,上午,1,0,0,0,0,0
140303421,94098,2284,2,國語文108,字音[一]/本音2,138.965,100,2024-10-02 11:50:29,2024,10,2024-W40,週三,上午,1,0,0,0,0,0
140304470,94098,2284,2,國語文108,字音[一]/輕音,88.567,100,2024-10-02 11:53:06,2024,10,2024-W40,週三,上午,3,2,0,0,0,0
140317338,183928,2284,4,數學108,video:N-4-10-S04,344.96,20,2024-10-02 12:32:25,2024,10,2024-W40,週三,下午,1,1,0,0,0,0
140317683,183928,2284,4,數學108,video:N-4-10-S04,344.96,19,2024-10-02 12:33:32,2024,10,2024-W40,週三,下午,1,1,0,0,0,0
140317857,183928,2284,4,數學108,video:N-4-10-S04,344.96,23,2024-10-02 12:33:59,2024,10,2024-W40,週三,下午,2,2,0,0,0,0
140318462,183928,2284,4,數學108,video:N-4-10-S04,344.96,69,2024-10-02 12:35:42,2024,10,2024-W40,週三,下午,1,2,0,0,0,0
140319323,183928,2284,4,數學108,video:N-4-10-S04,344.96,100,2024-10-02 12:38:37,2024,10,2024-W40,週三,下午,1,0,0,0,0,0
140333174,88026,2284,5,數學108,video:N-5-3-S01,260.91,36,2024-10-02 13:24:01,2024,10,2024-W40,週三,下午,1,1,0,0,0,0
140376226,184449,2284,4,數學108,video:N-4-10-S04,344.96,11,2024-10-02 15:33:05,2024,10,2024-W40,週三,下午,1,1,0,0,0,0
140376869,184449,2284,4,數學108,video:N-4-10-S04,344.96,22,2024-10-02 15:34:52,2024,10,2024-W40,週三,下午,3,3,0,0,0,0
140380302,184449,2284,4,數學108,video:N-4-10-S04,344.96,44,2024-10-02 15:44:30,2024,10,2024-W40,週三,下午,1,1,0,0,0,0
140408700,178311,2284,5,數學108,video:D-5-1-S03,400.76,1,2024-10-02 17:12:19,2024,10,2024-W40,週三,下午,1,1,0,0,0,0
140408840,178311,2284,5,數學108,video:D-5-1-S03,400.76,22,2024-10-02 17:12:47,2024,10,2024-W40,週三,下午,1,1,0,0,0,0
140412170,178311,2284,5,數學108,video:D-5-1-S03,400.76,63,2024-10-02 17:24:33,2024,10,2024-W40,週三,下午,2,2,0,0,1,0
140413809,178311,2284,5,數學108,video:D-5-1-S03,400.76,85,2024-10-02 17:30:12,2024,10,2024-W40,週三,下午,1,0,0,0,0,0
140416230,194425,2284,4,數學108,video:N-4-10-S04,344.96,100,2024-10-02 17:39:03,2024,10,2024-W40,週三,下午,6,5,0,0,0,0
140423989,78872,1377,5,資訊教育,增刪投影片與版面配置,283.008,100,2024-10-02 18:12:55,2024,10,2024-W40,週三,晚上,2,1,0,0,0,1
140425299,78872,1377,5,資訊教育,應用探索功能-插入圖片,257.749,100,2024-10-02 18:20:00,2024,10,2024-W40,週三,晚上,2,1,0,0,0,1
140426643,78872,1377,5,資訊教育,變更投影片主題,337.237,100,2024-10-02 18:26:15,2024,10,2024-W40,週三,晚上,4,3,0,0,0,0
140427311,178146,2284,5,數學108,video:D-5-1-S01,342.76,4,2024-10-02 18:29:19,2024,10,2024-W40,週三,晚上,3,3,0,0,0,0
140428898,78872,1377,5,資訊教育,匯入投影片主題,253.227,100,2024-10-02 18:36:17,2024,10,2024-W40,週三,晚上,7,6,0,0,0,1
140431609,78872,1377,5,資訊教育,匯入投影片主題,253.227,0,2024-10-02 18:46:58,2024,10,2024-W40,週三,晚上,1,0,0,0,0,0
140433944,78872,1377,5,資訊教育,設計好看的封面,362.795,100,2024-10-02 18:54:41,2024,10,2024-W40,週三,晚上,3,2,0,0,0,1
140439933,75497,2284,5,數學108,video:D-5-1-S04,361.72,2,2024-10-02 19:12:18,2024,10,2024-W40,週三,晚上,1,1,0,0,0,0
140441129,78872,1377,5,資訊教育,輸入簡報內容及插入網頁圖片,393.195,38,2024-10-02 19:16:10,2024,10,2024-W40,週三,晚上,2,3,0,0,0,2
140453525,184449,2284,4,數學108,video:N-4-10-S04,344.96,84,2024-10-02 19:47:12,2024,10,2024-W40,週三,晚上,1,1,0,0,0,0
140453681,75497,2284,5,數學108,video:D-5-1-S03,400.76,100,2024-10-02 19:47:36,2024,10,2024-W40,週三,晚上,6,5,1,0,0,0
140457403,184449,2284,4,數學108,video:N-4-10-S04,344.96,100,2024-10-02 19:55:34,2024,10,2024-W40,週三,晚上,1,0,0,0,0,0
140457803,75497,2284,5,數學108,video:D-5-1-S04,361.72,100,2024-10-02 19:56:29,2024,10,2024-W40,週三,晚上,2,1,0,0,0,0
140536670,178311,2284,5,數學108,video:D-5-1-S03,400.76,85,2024-10-02 23:17:42,2024,10,2024-W40,週三,晚上,1,1,0,0,0,0
140549474,98589,2284,4,數學108,video:N-4-10-S04,344.96,14,2024-10-03 08:14:45,2024,10,2024-W40,週四,上午,4,4,0,0,0,0
140573885,88415,2284,5,數學108,video:N-5-3-S03,280.0,100,2024-10-03 09:41:47,2024,10,2024-W40,週四,上午,5,4,0,0,0,0
140678825,158918,2284,5,數學108,video:N-5-3-S03,280.0,100,2024-10-03 11:58:18,2024,10,2024-W40,週四,上午,1,0,0,0,0,0
140684919,183584,2284,4,數學108,video:N-4-1-S03,1237.205,52,2024-10-03 12:06:40,2024,10,2024-W40,週四,下午,5,5,0,0,0,0
140929741,183581,2284,4,數學108,video:N-4-10-S04,344.96,100,2024-10-03 18:54:13,2024,10,2024-W40,週四,晚上,3,2,0,0,0,0
140957689,193572,2284,5,數學108,video:N-5-3-S03,280.0,100,2024-10-03 20:03:28,2024,10,2024-W40,週四,晚上,1,0,0,0,0,0
140976602,183584,2284,4,數學108,video:N-4-1-S03,1237.205,100,2024-10-03 20:43:12,2024,10,2024-W40,週四,晚上,1,0,0,0,0,0
141035766,229503,2284,3,國語文108,字音[三]/本音2,84.767,100,2024-10-04 07:40:56,2024,10,2024-W40,週五,上午,1,0,0,0,0,0
141035903,229503,2284,3,國語文108,字音[三]/本音3,80.9,100,2024-10-04 07:42:56,2024,10,2024-W40,週五,上午,1,0,0,0,0,0
141036054,229503,2284,3,國語文108,字形[三]/同音字3,135.167,100,2024-10-04 07:44:51,2024,10,2024-W40,週五,上午,3,2,0,0,0,0
141036286,229503,2284,3,國語文108,字形[三]/形近字,116.067,100,2024-10-04 07:47:35,2024,10,2024-W40,週五,上午,1,0,0,0,0,0
141036521,229503,2284,3,國語文108,字形筆畫名稱[三]/長頓點,103.567,100,2024-10-04 07:49:49,2024,10,2024-W40,週五,上午,1,0,0,0,0,0
141037115,229503,2284,3,國語文108,Ac-Ⅱ-2-03-11語法[三]／條件複句,287.808,41,2024-10-04 07:53:35,2024,10,2024-W40,週五,上午,1,1,0,0,0,0
141057275,86372,2284,5,數學108,video:N-5-3-S03,280.0,100,2024-10-04 08:42:39,2024,10,2024-W40,週五,上午,2,1,0,1,0,0
141058737,87061,2284,5,數學108,video:N-5-3-S03,280.0,100,2024-10-04 08:48:01,2024,10,2024-W40,週五,上午,3,2,0,0,0,0
141059701,178455,2284,5,數學108,video:N-5-3-S03,280.0,60,2024-10-04 08:52:10,2024,10,2024-W40,週五,上午,4,4,0,0,0,0
141060120,87645,2284,5,數學108,video:N-5-3-S03,280.0,100,2024-10-04 08:53:52,2024,10,2024-W40,週五,上午,3,3,0,1,0,0
141065494,178455,2284,5,數學108,video:N-5-3-S01,260.91,100,2024-10-04 09:12:06,2024,10,2024-W40,週五,上午,2,1,0,0,0,0
141065909,87061,2284,5,數學108,video:N-5-3-S03,280.0,100,2024-10-04 09:13:29,2024,10,2024-W40,週五,上午,4,3,0,0,0,0
141066963,178455,2284,5,數學108,video:N-5-3-S02,346.069,100,2024-10-04 09:16:54,2024,10,2024-W40,週五,上午,2,1,0,0,0,0
141068763,178455,2284,5,數學108,video:N-5-3-S01,260.91,12,2024-10-04 09:23:35,2024,10,2024-W40,週五,上午,2,2,0,0,0,0
141073288,75415,1377,5,資訊教育,設計好看的封面,362.795,41,2024-10-04 09:42:49,2024,10,2024-W40,週五,上午,6,6,0,0,0,1
141073844,75816,1377,5,資訊教育,輸入簡報內容及插入網頁圖片,393.195,0,2024-10-04 09:44:08,2024,10,2024-W40,週五,上午,1,1,0,0,0,0
141074027,75816,1377,5,資訊教育,設定共用與還原檔案版本,335.595,2,2024-10-04 09:44:57,2024,10,2024-W40,週五,上午,2,2,1,0,0,0
141074033,75069,1377,5,資訊教育,簡報製作的觀念與規劃,279.744,100,2024-10-04 09:44:58,2024,10,2024-W40,週五,上午,5,4,1,0,0,2
141079567,80909,1377,5,資訊教育,設計好看的封面,362.795,17,2024-10-04 09:58:19,2024,10,2024-W40,週五,上午,2,2,0,0,0,0
141079801,77402,1377,5,資訊教育,插入圖案,226.432,100,2024-10-04 09:58:55,2024,10,2024-W40,週五,上午,2,1,0,0,0,0
141080426,75816,1377,5,資訊教育,設計好看的封面,362.795,63,2024-10-04 10:00:32,2024,10,2024-W40,週五,上午,18,18,2,0,0,2
141080557,77402,1377,5,資訊教育,插入影片,279.68,16,2024-10-04 10:00:52,2024,10,2024-W40,週五,上午,9,9,1,0,0,2
141080839,75069,1377,5,資訊教育,Google簡報的操作介面與檔案管理,290.453,61,2024-10-04 10:01:36,2024,10,2024-W40,週五,上午,5,5,1,0,0,2
141081297,75076,1377,5,資訊教育,Google簡報的操作介面與檔案管理,290.453,45,2024-10-04 10:02:58,2024,10,2024-W40,週五,上午,2,2,0,0,0,0
141081689,77402,1377,5,資訊教育,插入影片,279.68,100,2024-10-04 10:03:59,2024,10,2024-W40,週五,上午,2,2,1,0,0,1
141097799,26970,1377,5,資訊教育,設計好看的封面,362.795,12,2024-10-04 10:53:02,2024,10,2024-W40,週五,上午,4,3,0,0,0,2
141099054,26970,1377,5,資訊教育,增刪投影片與版面配置,283.008,14,2024-10-04 10:56:05,2024,10,2024-W40,週五,上午,1,1,0,0,0,0
141101051,29165,1377,5,資訊教育,插入資料來源及投影片編號,318.421,100,2024-10-04 11:00:28,2024,10,2024-W40,週五,上午,7,6,1,0,0,2
141101185,29075,1377,5,資訊教育,插入資料來源及投影片編號,318.421,100,2024-10-04 11:00:45,2024,10,2024-W40,週五,上午,6,5,1,0,0,1
141101235,34771,1377,5,資訊教育,設計好看的封面,362.795,100,2024-10-04 11:00:52,2024,10,2024-W40,週五,上午,6,5,0,0,0,2
141103247,39073,1377,5,資訊教育,簡報物件動畫設計,309.077,37,2024-10-04 11:05:11,2024,10,2024-W40,週五,上午,3,3,0,0,0,0
141103736,29204,1377,5,資訊教育,設計好看的封面,362.795,9,2024-10-04 11:06:09,2024,10,2024-W40,週五,上午,2,4,0,0,0,0
141103938,25068,1377,5,資訊教育,設計好看的封面,362.795,12,2024-10-04 11:06:34,2024,10,2024-W40,週五,上午,3,3,0,0,0,1
141104411,29231,1377,5,資訊教育,設計好看的封面,362.795,19,2024-10-04 11:07:33,2024,10,2024-W40,週五,上午,2,2,0,0,0,1
141104568,39073,1377,5,資訊教育,其他簡報軟體插入投影片編號,367.275,14,2024-10-04 11:07:52,2024,10,2024-W40,週五,上午,2,1,0,0,0,0
141104608,27845,1377,5,資訊教育,設計好看的封面,362.795,21,2024-10-04 11:07:56,2024,10,2024-W40,週五,上午,5,5,1,0,0,2
141104620,29075,1377,5,資訊教育,簡報物件動畫設計,309.077,56,2024-10-04 11:07:58,2024,10,2024-W40,週五,上午,2,2,0,0,0,1
141105038,24756,1377,5,資訊教育,設計好看的封面,362.795,10,2024-10-04 11:08:49,2024,10,2024-W40,週五,上午,2,2,0,0,0,1
141105100,39073,1377,5,資訊教育,簡報圖片配色與圖層概念,392.853,17,2024-10-04 11:08:56,2024,10,2024-W40,週五,上午,3,3,0,0,0,1
141105284,29204,1377,5,資訊教育,設計好看的封面,362.795,9,2024-10-04 11:09:17,2024,10,2024-W40,週五,上午,2,2,1,0,0,1
141108614,238999,1377,6,資訊教育,自創角色跑起來,455.221,29,2024-10-04 11:20:04,2024,10,2024-W40,週五,上午,3,3,0,0,0,0
141108686,239765,1377,6,資訊教育,自創角色跑起來,455.221,52,2024-10-04 11:20:20,2024,10,2024-W40,週五,上午,6,6,0,0,0,0
141108739,238943,1377,6,資訊教育,建立自創角色,292.058,0,2024-10-04 11:20:30,2024,10,2024-W40,週五,上午,1,0,0,0,0,0
141109090,230454,1377,6,資訊教育,自創角色跑起來,455.221,74,2024-10-04 11:21:47,2024,10,2024-W40,週五,上午,2,2,0,0,0,1
141109220,239005,1377,6,資訊教育,自創角色跑起來,455.221,37,2024-10-04 11:22:21,2024,10,2024-W40,週五,上午,5,6,2,0,0,0
141113516,242894,1377,6,資訊教育,建立自創角色,292.058,100,2024-10-04 11:35:18,2024,10,2024-W40,週五,上午,2,1,0,0,0,0
141114328,242894,1377,6,資訊教育,自創角色跑起來,455.221,100,2024-10-04 11:37:06,2024,10,2024-W40,週五,上午,4,3,1,0,0,2
141114945,238943,1377,6,資訊教育,建立自創角色,292.058,93,2024-10-04 11:38:33,2024,10,2024-W40,週五,上午,16,16,2,0,0,1
141114951,89055,2284,2,數學108,N-2-2-S07,443.376,7,2024-10-04 11:38:34,2024,10,2024-W40,週五,上午,2,2,0,0,0,0
141119107,242894,1377,6,資訊教育,兩個角色的互動,293.16,100,2024-10-04 11:47:06,2024,10,2024-W40,週五,上午,4,3,0,0,0,1
141123856,230454,1377,6,資訊教育,自創角色跑起來,455.221,91,2024-10-04 11:57:58,2024,10,2024-W40,週五,上午,2,2,1,0,0,1
141132537,126435,1377,6,資訊教育,自創角色跑起來,455.221,100,2024-10-04 12:41:54,2024,10,2024-W40,週五,下午,3,2,0,0,0,1
141147994,14640,1377,5,資訊教育,匯入投影片主題,253.227,100,2024-10-04 13:22:56,2024,10,2024-W40,週五,下午,2,1,0,0,0,0
141148875,14640,1377,5,資訊教育,匯入投影片主題,253.227,0,2024-10-04 13:25:28,2024,10,2024-W40,週五,下午,5,4,0,1,0,0
141149121,14640,1377,5,資訊教育,設計好看的封面,362.795,78,2024-10-04 13:26:13,2024,10,2024-W40,週五,下午,4,4,0,0,0,1
141149187,126435,1377,6,資訊教育,兩個角色的互動,293.16,100,2024-10-04 13:26:28,2024,10,2024-W40,週五,下午,2,1,0,0,0,1
141150904,51708,1377,6,資訊教育,兩個角色的互動,293.16,84,2024-10-04 13:31:59,2024,10,2024-W40,週五,下午,6,6,1,8,0,0
141151004,164256,1377,6,資訊教育,建立自創角色,292.058,0,2024-10-04 13:32:21,2024,10,2024-W40,週五,下午,1,1,0,0,0,0
141151023,52229,1377,6,資訊教育,建立自創角色,292.058,100,2024-10-04 13:32:26,2024,10,2024-W40,週五,下午,3,2,0,0,0,1
141151080,164256,1377,6,資訊教育,建立自創角色,292.058,93,2024-10-04 13:32:37,2024,10,2024-W40,週五,下午,5,4,0,0,0,1
141151296,51787,1377,6,資訊教育,建立自創角色,292.058,99,2024-10-04 13:33:28,2024,10,2024-W40,週五,下午,4,3,0,0,0,1
141151486,52537,1377,6,資訊教育,Scratch角色動起來,504.871,76,2024-10-04 13:34:17,2024,10,2024-W40,週五,下午,2,1,0,0,0,0
141151688,79490,1377,6,資訊教育,建立自創角色,292.058,100,2024-10-04 13:35:04,2024,10,2024-W40,週五,下午,12,11,0,0,0,1
141151739,52983,1377,6,資訊教育,建立自創角色,292.058,37,2024-10-04 13:35:19,2024,10,2024-W40,週五,下午,5,5,0,0,0,0
141151755,52202,1377,6,資訊教育,建立自創角色,292.058,100,2024-10-04 13:35:26,2024,10,2024-W40,週五,下午,2,1,0,0,0,1
141151850,51515,1377,6,資訊教育,建立自創角色,292.058,100,2024-10-04 13:35:46,2024,10,2024-W40,週五,下午,2,1,0,0,0,1
141152325,126435,1377,6,資訊教育,Scratch舞台設計與認識角色,331.898,23,2024-10-04 13:37:22,2024,10,2024-W40,週五,下午,1,0,0,0,0,0
141152721,52814,1377,6,資訊教育,建立自創角色,292.058,57,2024-10-04 13:38:37,2024,10,2024-W40,週五,下午,8,8,0,0,0,0
141152802,52229,1377,6,資訊教育,自創角色跑起來,455.221,100,2024-10-04 13:38:49,2024,10,2024-W40,週五,下午,2,1,0,0,0,1
141152945,52022,1377,6,資訊教育,自創角色跑起來,455.221,30,2024-10-04 13:39:14,2024,10,2024-W40,週五,下午,11,11,6,0,0,1
141153111,51787,1377,6,資訊教育,自創角色跑起來,455.221,71,2024-10-04 13:39:41,2024,10,2024-W40,週五,下午,1,1,0,0,0,1
141153170,79490,1377,6,資訊教育,自創角色跑起來,455.221,0,2024-10-04 13:39:51,2024,10,2024-W40,週五,下午,1,1,0,0,0,0
141153250,79490,1377,6,資訊教育,自創角色跑起來,455.221,31,2024-10-04 13:40:03,2024,10,2024-W40,週五,下午,73,73,0,0,0,0
141153385,164256,1377,6,資訊教育,建立自創角色,292.058,100,2024-10-04 13:40:28,2024,10,2024-W40,週五,下午,1,0,0,0,0,0
141153436,126435,1377,6,資訊教育,建立自創角色,292.058,95,2024-10-04 13:40:39,2024,10,2024-W40,週五,下午,15,15,4,0,0,1
141153939,52202,1377,6,資訊教育,自創角色跑起來,455.221,100,2024-10-04 13:41:42,2024,10,2024-W40,週五,下午,3,2,0,0,0,1
141154072,51970,1377,6,資訊教育,自創角色跑起來,455.221,84,2024-10-04 13:42:02,2024,10,2024-W40,週五,下午,26,26,8,0,0,1
141154242,51515,1377,6,資訊教育,自創角色跑起來,455.221,67,2024-10-04 13:42:27,2024,10,2024-W40,週五,下午,2,2,0,0,0,0
141154320,52418,1377,6,資訊教育,自創角色跑起來,455.221,78,2024-10-04 13:42:40,2024,10,2024-W40,週五,下午,26,26,8,0,0,1
141155590,51787,1377,6,資訊教育,自創角色跑起來,455.221,100,2024-10-04 13:45:28,2024,10,2024-W40,週五,下午,2,1,0,0,0,1
141155656,52983,1377,6,資訊教育,建立自創角色,292.058,100,2024-10-04 13:45:36,2024,10,2024-W40,週五,下午,6,5,0,0,0,1
141155862,79490,1377,6,資訊教育,兩個角色的互動,293.16,1,2024-10-04 13:45:57,2024,10,2024-W40,週五,下午,2,1,0,0,0,0
141155908,164256,1377,6,資訊教育,自創角色跑起來,455.221,68,2024-10-04 13:46:02,2024,10,2024-W40,週五,下午,2,2,0,0,0,0
141156218,79490,1377,6,資訊教育,自創角色跑起來,455.221,58,2024-10-04 13:46:35,2024,10,2024-W40,週五,下午,1,1,0,0,0,0
141156944,51787,1377,6,資訊教育,自創角色跑起來,455.221,0,2024-10-04 13:47:54,2024,10,2024-W40,週五,下午,1,1,0,0,0,0
141156997,56500,1377,6,資訊教育,自創角色跑起來,455.221,100,2024-10-04 13:48:00,2024,10,2024-W40,週五,下午,32,30,0,0,0,1
141157050,52229,1377,6,資訊教育,兩個角色的互動,293.16,100,2024-10-04 13:48:07,2024,10,2024-W40,週五,下午,4,3,0,0,0,1
141158742,52202,1377,6,資訊教育,兩個角色的互動,293.16,100,2024-10-04 13:51:24,2024,10,2024-W40,週五,下午,3,3,0,0,0,1
141158758,51787,1377,6,資訊教育,建立自創角色,292.058,100,2024-10-04 13:51:27,2024,10,2024-W40,週五,下午,1,0,0,0,0,0
141158855,51787,1377,6,資訊教育,建立自創角色,292.058,94,2024-10-04 13:51:38,2024,10,2024-W40,週五,下午,6,6,0,1,0,0
141162045,51943,1377,6,資訊教育,建立自創角色,292.058,99,2024-10-04 13:57:44,2024,10,2024-W40,週五,下午,8,7,0,0,0,1
141162551,51970,1377,6,資訊教育,自創角色跑起來,455.221,83,2024-10-04 13:58:57,2024,10,2024-W40,週五,下午,1,1,0,0,0,0
141162709,51970,1377,6,資訊教育,自創角色跑起來,455.221,100,2024-10-04 13:59:17,2024,10,2024-W40,週五,下午,2,3,2,0,0,0
141163764,51515,1377,6,資訊教育,兩個角色的互動,293.16,78,2024-10-04 14:01:50,2024,10,2024-W40,週五,下午,8,8,3,0,0,1
141163797,126435,1377,6,資訊教育,自創角色跑起來,455.221,4,2024-10-04 14:01:54,2024,10,2024-W40,週五,下午,4,4,3,2,0,0
141163812,51970,1377,6,資訊教育,兩個角色的互動,293.16,83,2024-10-04 14:01:56,2024,10,2024-W40,週五,下午,9,9,4,0,0,0
141164381,51787,1377,6,資訊教育,自創角色跑起來,455.221,82,2024-10-04 14:03:22,2024,10,2024-W40,週五,下午,9,10,2,5,0,0
141165784,51943,1377,6,資訊教育,建立自創角色,292.058,100,2024-10-04 14:06:34,2024,10,2024-W40,週五,下午,1,0,0,0,0,0
141165882,51943,1377,6,資訊教育,建立自創角色,292.058,100,2024-10-04 14:06:48,2024,10,2024-W40,週五,下午,1,1,0,0,0,0
141166080,126435,1377,6,資訊教育,建立自創角色,292.058,92,2024-10-04 14:07:16,2024,10,2024-W40,週五,下午,10,11,5,0,0,0
141166132,51943,1377,6,資訊教育,自創角色跑起來,455.221,11,2024-10-04 14:07:22,2024,10,2024-W40,週五,下午,4,4,2,0,0,0
141166429,52022,1377,6,資訊教育,兩個角色的互動,293.16,3,2024-10-04 14:08:04,2024,10,2024-W40,週五,下午,4,4,1,0,0,0
141169391,88959,2284,2,國語文108,語法標點[二]/冒號,412.827,51,2024-10-04 14:16:16,2024,10,2024-W40,週五,下午,2,1,1,0,0,0
141170260,13063,1377,5,資訊教育,變更投影片主題,337.237,100,2024-10-04 14:18:53,2024,10,2024-W40,週五,下午,1,0,0,0,0,0
141170899,88959,2284,2,國語文108,語法標點[二]/冒號,412.827,100,2024-10-04 14:20:30,2024,10,2024-W40,週五,下午,6,5,0,0,0,0
141171727,14737,1377,5,資訊教育,匯入投影片主題,253.227,100,2024-10-04 14:23:22,2024,10,2024-W40,週五,下午,1,0,0,0,0,0
141172005,6792,1377,5,資訊教育,簡報物件動畫設計,309.077,100,2024-10-04 14:24:11,2024,10,2024-W40,週五,下午,6,5,1,0,0,2
141172075,13107,1377,5,資訊教育,變更投影片主題,337.237,100,2024-10-04 14:24:21,2024,10,2024-W40,週五,下午,1,0,0,0,0,0
141172089,14637,1377,5,資訊教育,簡報物件動畫設計,309.077,100,2024-10-04 14:24:23,2024,10,2024-W40,週五,下午,6,5,0,0,0,1
141172337,13295,1377,5,資訊教育,設計好看的封面,362.795,100,2024-10-04 14:25:05,2024,10,2024-W40,週五,下午,2,1,0,0,0,1
141172338,13063,1377,5,資訊教育,變更投影片主題,337.237,100,2024-10-04 14:25:05,2024,10,2024-W40,週五,下午,2,1,0,0,0,0
141172587,14940,1377,5,資訊教育,變更投影片主題,337.237,100,2024-10-04 14:25:48,2024,10,2024-W40,週五,下午,5,4,0,0,0,0
141172934,13107,1377,5,資訊教育,匯入投影片主題,253.227,100,2024-10-04 14:26:42,2024,10,2024-W40,週五,下午,4,3,0,0,0,1
141172988,88959,2284,2,國語文108,語法標點[二]/冒號,412.827,6,2024-10-04 14:26:50,2024,10,2024-W40,週五,下午,3,3,0,1,0,0
141173232,14737,1377,5,資訊教育,設計好看的封面,362.795,100,2024-10-04 14:27:25,2024,10,2024-W40,週五,下午,756,754,0,0,0,1
141173762,13877,1377,5,資訊教育,簡報物件動畫設計,309.077,43,2024-10-04 14:28:49,2024,10,2024-W40,週五,下午,4,3,0,0,0,0
141173864,14640,1377,5,資訊教育,設計好看的封面,362.795,100,2024-10-04 14:29:06,2024,10,2024-W40,週五,下午,2,1,0,0,0,0
141174373,13020,1377,5,資訊教育,應用探索功能-插入圖片,257.749,100,2024-10-04 14:30:23,2024,10,2024-W40,週五,下午,1,0,0,0,0,0
141174418,6792,1377,5,資訊教育,簡報物件動畫設計,309.077,100,2024-10-04 14:30:30,2024,10,2024-W40,週五,下午,1,1,0,0,0,0
141174482,6792,1377,5,資訊教育,簡報物件動畫設計,309.077,100,2024-10-04 14:30:38,2024,10,2024-W40,週五,下午,1,1,0,0,0,0
141174491,14640,1377,5,資訊教育,設計好看的封面,362.795,100,2024-10-04 14:30:38,2024,10,2024-W40,週五,下午,1,1,0,0,0,0
141174749,13063,1377,5,資訊教育,變更投影片主題,337.237,100,2024-10-04 14:31:13,2024,10,2024-W40,週五,下午,1,0,0,0,0,0
141174983,14106,1377,5,資訊教育,變更投影片主題,337.237,100,2024-10-04 14:31:43,2024,10,2024-W40,週五,下午,3,2,0,0,0,0
141175130,14640,1377,5,資訊教育,輸入簡報內容及插入網頁圖片,393.195,100,2024-10-04 14:32:04,2024,10,2024-W40,週五,下午,3,2,0,0,0,1
141175317,13107,1377,5,資訊教育,插入圖案,226.432,94,2024-10-04 14:32:29,2024,10,2024-W40,週五,下午,4,3,1,0,0,1
141175330,14047,1377,5,資訊教育,變更投影片主題,337.237,100,2024-10-04 14:32:31,2024,10,2024-W40,週五,下午,2,1,0,0,0,0
141175889,6622,1377,5,資訊教育,應用探索功能-插入圖片,257.749,100,2024-10-04 14:33:41,2024,10,2024-W40,週五,下午,3,2,0,0,0,1
141175896,14940,1377,5,資訊教育,匯入投影片主題,253.227,100,2024-10-04 14:33:42,2024,10,2024-W40,週五,下午,5,4,0,0,0,1
141175971,13295,1377,5,資訊教育,輸入簡報內容及插入網頁圖片,393.195,41,2024-10-04 14:33:50,2024,10,2024-W40,週五,下午,2,2,0,0,0,1
141176634,13020,1377,5,資訊教育,變更投影片主題,337.237,100,2024-10-04 14:35:11,2024,10,2024-W40,週五,下午,2,1,0,0,0,0
141176811,6792,1377,5,資訊教育,匯入投影片主題,253.227,48,2024-10-04 14:35:31,2024,10,2024-W40,週五,下午,1,1,0,0,0,1
141176814,13877,1377,5,資訊教育,簡報物件動畫設計,309.077,100,2024-10-04 14:35:32,2024,10,2024-W40,週五,下午,839,840,1,0,0,2
141176897,13053,1377,5,資訊教育,增刪投影片與版面配置,283.008,100,2024-10-04 14:35:41,2024,10,2024-W40,週五,下午,7,35,0,0,0,1
141178735,6792,1377,5,資訊教育,匯入投影片主題,253.227,100,2024-10-04 14:38:04,2024,10,2024-W40,週五,下午,2,1,0,0,0,1
141178773,14047,1377,5,資訊教育,變更投影片主題,337.237,4,2024-10-04 14:38:09,2024,10,2024-W40,週五,下午,1,0,0,0,0,0
141178808,14940,1377,5,資訊教育,匯入投影片主題,253.227,0,2024-10-04 14:38:12,2024,10,2024-W40,週五,下午,1,1,0,0,0,0
141179462,14640,1377,5,資訊教育,輸入簡報內容及插入網頁圖片,393.195,100,2024-10-04 14:39:23,2024,10,2024-W40,週五,下午,1,1,0,0,0,0
141179587,14940,1377,5,資訊教育,設計好看的封面,362.795,43,2024-10-04 14:39:35,2024,10,2024-W40,週五,下午,2,4,0,0,0,1
141180190,14637,1377,5,資訊教育,簡報投影片轉換,254.955,100,2024-10-04 14:40:25,2024,10,2024-W40,週五,下午,5,4,1,0,0,1
141180247,6792,1377,5,資訊教育,匯入投影片主題,253.227,100,2024-10-04 14:40:31,2024,10,2024-W40,週五,下午,1,1,0,1,0,0
141180288,14106,1377,5,資訊教育,匯入投影片主題,253.227,81,2024-10-04 14:40:35,2024,10,2024-W40,週五,下午,5,4,0,0,0,1
141180364,6792,1377,5,資訊教育,匯入投影片主題,253.227,100,2024-10-04 14:40:43,2024,10,2024-W40,週五,下午,1,1,0,0,0,0
141180370,14047,1377,5,資訊教育,匯入投影片主題,253.227,100,2024-10-04 14:40:44,2024,10,2024-W40,週五,下午,56,55,0,0,0,1
141180581,14640,1377,5,資訊教育,使用項目符號、探索功能,337.237,28,2024-10-04 14:41:09,2024,10,2024-W40,週五,下午,3,2,0,0,0,1
141180585,13020,1377,5,資訊教育,匯入投影片主題,253.227,100,2024-10-04 14:41:10,2024,10,2024-W40,週五,下午,9,9,0,0,0,1
141180768,13107,1377,5,資訊教育,插入資料來源及投影片編號,318.421,84,2024-10-04 14:41:29,2024,10,2024-W40,週五,下午,4,4,1,0,0,1
141180849,6792,1377,5,資訊教育,簡報投影片轉換,254.955,52,2024-10-04 14:41:38,2024,10,2024-W40,週五,下午,4,4,1,0,0,2
141182100,14640,1377,5,資訊教育,使用項目符號、探索功能,337.237,100,2024-10-04 14:44:00,2024,10,2024-W40,週五,下午,1,0,0,0,0,0
141182248,13877,1377,5,資訊教育,簡報投影片轉換,254.955,100,2024-10-04 14:44:20,2024,10,2024-W40,週五,下午,4,3,1,0,0,2
141182375,6792,1377,5,資訊教育,簡報投影片轉換,254.955,100,2024-10-04 14:44:38,2024,10,2024-W40,週五,下午,1,0,0,0,0,0
141183305,14940,1377,5,資訊教育,設計好看的封面,362.795,79,2024-10-04 14:46:34,2024,10,2024-W40,週五,下午,1,0,0,0,0,0
141183396,6792,1377,5,資訊教育,簡報投影片轉換,254.955,100,2024-10-04 14:46:47,2024,10,2024-W40,週五,下午,1,1,0,0,0,0
141183401,14637,1377,5,資訊教育,簡報圖片配色與圖層概念,392.853,100,2024-10-04 14:46:48,2024,10,2024-W40,週五,下午,5,4,0,0,0,1
141183442,6792,1377,5,資訊教育,簡報投影片轉換,254.955,100,2024-10-04 14:46:52,2024,10,2024-W40,週五,下午,1,1,0,0,0,0
141183690,13020,1377,5,資訊教育,設計好看的封面,362.795,6,2024-10-04 14:47:26,2024,10,2024-W40,週五,下午,7,6,2,0,0,3
141183855,13107,1377,5,資訊教育,簡報物件動畫設計,309.077,100,2024-10-04 14:47:52,2024,10,2024-W40,週五,下午,2,1,0,0,0,1
141183917,14106,1377,5,資訊教育,匯入投影片主題,253.227,100,2024-10-04 14:47:59,2024,10,2024-W40,週五,下午,1,0,0,0,0,0
141183936,14737,1377,5,資訊教育,輸入簡報內容及插入網頁圖片,393.195,100,2024-10-04 14:48:02,2024,10,2024-W40,週五,下午,10,9,0,0,0,1
141183943,14047,1377,5,資訊教育,匯入投影片主題,253.227,0,2024-10-04 14:48:03,2024,10,2024-W40,週五,下午,1,0,0,0,0,0
141184331,14940,1377,5,資訊教育,設計好看的封面,362.795,100,2024-10-04 14:48:53,2024,10,2024-W40,週五,下午,1,0,0,0,0,0
141184412,13020,1377,5,資訊教育,設計好看的封面,362.795,23,2024-10-04 14:49:03,2024,10,2024-W40,週五,下午,2,2,0,0,0,2
141184588,13053,1377,5,資訊教育,增刪投影片與版面配置,283.008,95,2024-10-04 14:49:28,2024,10,2024-W40,週五,下午,9,9,1,0,0,1
141184597,13877,1377,5,資訊教育,簡報投影片轉換,254.955,100,2024-10-04 14:49:29,2024,10,2024-W40,週五,下午,1,1,0,0,0,0
141184628,14640,1377,5,資訊教育,插入影片,279.68,95,2024-10-04 14:49:34,2024,10,2024-W40,週五,下午,5,5,0,0,0,1
141184976,6622,1377,5,資訊教育,變更投影片主題,337.237,98,2024-10-04 14:50:23,2024,10,2024-W40,週五,下午,4,4,0,0,0,0
141185054,6792,1377,5,資訊教育,設計好看的封面,362.795,46,2024-10-04 14:50:34,2024,10,2024-W40,週五,下午,6,6,2,0,0,2
141185315,14106,1377,5,資訊教育,匯入投影片主題,253.227,100,2024-10-04 14:51:17,2024,10,2024-W40,週五,下午,2,2,1,0,0,0
141185392,13020,1377,5,資訊教育,設計好看的封面,362.795,37,2024-10-04 14:51:30,2024,10,2024-W40,週五,下午,1,0,0,0,0,0
141185583,13877,1377,5,資訊教育,簡報圖片配色與圖層概念,392.853,100,2024-10-04 14:52:04,2024,10,2024-W40,週五,下午,4,3,2,0,0,2
141185699,13020,1377,5,資訊教育,設計好看的封面,362.795,100,2024-10-04 14:52:27,2024,10,2024-W40,週五,下午,3,3,0,0,0,0
141186098,14106,1377,5,資訊教育,設計好看的封面,362.795,91,2024-10-04 14:53:31,2024,10,2024-W40,週五,下午,522,521,0,0,0,1
141186141,6792,1377,5,資訊教育,設計好看的封面,362.795,58,2024-10-04 14:53:37,2024,10,2024-W40,週五,下午,5,4,0,0,0,0
141186284,14940,1377,5,資訊教育,輸入簡報內容及插入網頁圖片,393.195,68,2024-10-04 14:54:01,2024,10,2024-W40,週五,下午,4,4,0,0,0,1
141186547,6792,1377,5,資訊教育,設計好看的封面,362.795,99,2024-10-04 14:54:35,2024,10,2024-W40,週五,下午,35,35,0,0,0,0
141186585,13107,1377,5,資訊教育,簡報物件動畫設計,309.077,0,2024-10-04 14:54:40,2024,10,2024-W40,週五,下午,1,0,0,0,0,0
141186757,14640,1377,5,資訊教育,插入影片,279.68,100,2024-10-04 14:55:03,2024,10,2024-W40,週五,下午,1,0,0,0,0,0
141186822,14637,1377,5,資訊教育,其他簡報軟體插入投影片編號,367.275,63,2024-10-04 14:55:12,2024,10,2024-W40,週五,下午,4,4,0,0,0,1
141187451,14640,1377,5,資訊教育,插入圖案,226.432,58,2024-10-04 14:56:41,2024,10,2024-W40,週五,下午,4,4,0,0,0,0
141187490,13020,1377,5,資訊教育,輸入簡報內容及插入網頁圖片,393.195,41,2024-10-04 14:56:46,2024,10,2024-W40,週五,下午,4,4,0,0,0,1
141188115,6792,1377,5,資訊教育,簡報圖片配色與圖層概念,392.853,1,2024-10-04 14:58:18,2024,10,2024-W40,週五,下午,1,1,0,0,0,0
141188233,6792,1377,5,資訊教育,簡報圖片配色與圖層概念,392.853,16,2024-10-04 14:58:33,2024,10,2024-W40,週五,下午,2,5,0,0,0,1
141193274,180923,2284,2,國語文108,語法標點[二]/冒號,412.827,100,2024-10-04 15:15:28,2024,10,2024-W40,週五,下午,10,9,0,0,0,0
141193673,169901,1377,6,資訊教育,建立自創角色,292.058,100,2024-10-04 15:16:38,2024,10,2024-W40,週五,下午,2,1,0,0,0,0
141193693,170622,1377,6,資訊教育,兩個角色的互動,293.16,96,2024-10-04 15:16:39,2024,10,2024-W40,週五,下午,1,0,0,0,0,0
141193699,170651,1377,6,資訊教育,兩個角色的互動,293.16,100,2024-10-04 15:16:40,2024,10,2024-W40,週五,下午,2,1,0,0,0,1
141193704,180013,1377,6,資訊教育,Scratch角色動起來,504.871,100,2024-10-04 15:16:41,2024,10,2024-W40,週五,下午,5,4,0,0,0,0
141193756,170372,1377,6,資訊教育,建立自創角色,292.058,100,2024-10-04 15:16:50,2024,10,2024-W40,週五,下午,3,2,0,0,0,1
141193791,170744,1377,6,資訊教育,Scratch角色動起來,504.871,100,2024-10-04 15:16:57,2024,10,2024-W40,週五,下午,10,9,2,0,0,1
141193808,169177,1377,6,資訊教育,自創角色跑起來,455.221,100,2024-10-04 15:16:59,2024,10,2024-W40,週五,下午,4,3,0,0,0,1
141193818,180502,1377,6,資訊教育,自創角色跑起來,455.221,100,2024-10-04 15:17:02,2024,10,2024-W40,週五,下午,17,18,9,0,0,1
141193862,73300,1377,6,資訊教育,Scratch角色動起來,504.871,100,2024-10-04 15:17:07,2024,10,2024-W40,週五,下午,2,1,0,0,0,0
141194180,179767,1377,6,資訊教育,建立自創角色,292.058,68,2024-10-04 15:18:10,2024,10,2024-W40,週五,下午,1,1,0,0,0,1
141194283,180313,1377,6,資訊教育,建立自創角色,292.058,100,2024-10-04 15:18:32,2024,10,2024-W40,週五,下午,2,1,0,0,0,1
141194346,170471,1377,6,資訊教育,建立自創角色,292.058,100,2024-10-04 15:18:44,2024,10,2024-W40,週五,下午,5,5,0,4,0,0
141194353,73123,1377,6,資訊教育,建立自創角色,292.058,100,2024-10-04 15:18:45,2024,10,2024-W40,週五,下午,5,4,0,0,0,1
141194363,89348,2284,2,國語文108,字形[二]/同音字3,98.027,100,2024-10-04 15:18:47,2024,10,2024-W40,週五,下午,3,2,0,0,0,0
141194441,169901,1377,6,資訊教育,自創角色跑起來,455.221,100,2024-10-04 15:19:03,2024,10,2024-W40,週五,下午,14,13,0,0,0,1
141194449,170471,1377,6,資訊教育,建立自創角色,292.058,100,2024-10-04 15:19:05,2024,10,2024-W40,週五,下午,5,4,0,1,0,0
141194526,170382,1377,6,資訊教育,建立自創角色,292.058,100,2024-10-04 15:19:18,2024,10,2024-W40,週五,下午,3,2,0,0,0,1
141194544,170743,1377,6,資訊教育,建立自創角色,292.058,100,2024-10-04 15:19:24,2024,10,2024-W40,週五,下午,3,2,0,0,0,1
141194681,90284,2284,2,國語文108,字形[二]/同音字3,98.027,100,2024-10-04 15:19:49,2024,10,2024-W40,週五,下午,1,0,0,0,0,0
141195245,179767,1377,6,資訊教育,建立自創角色,292.058,100,2024-10-04 15:21:28,2024,10,2024-W40,週五,下午,4,3,0,0,0,1
141195364,73300,1377,6,資訊教育,Scratch角色動起來,504.871,100,2024-10-04 15:21:58,2024,10,2024-W40,週五,下午,2,2,0,1,0,0
141195421,170471,1377,6,資訊教育,自創角色跑起來,455.221,73,2024-10-04 15:22:11,2024,10,2024-W40,週五,下午,39,40,3,0,0,1
141195541,170642,1377,6,資訊教育,自創角色跑起來,455.221,28,2024-10-04 15:22:37,2024,10,2024-W40,週五,下午,3,3,0,0,0,0
141195683,180013,1377,6,資訊教育,建立自創角色,292.058,100,2024-10-04 15:23:02,2024,10,2024-W40,週五,下午,7,6,1,0,0,1
141195757,90284,2284,2,國語文108,字形[二]/同音字4,84.949,100,2024-10-04 15:23:14,2024,10,2024-W40,週五,下午,1,0,0,0,0,0
141195819,73300,1377,6,資訊教育,建立自創角色,292.058,100,2024-10-04 15:23:25,2024,10,2024-W40,週五,下午,2,1,0,0,0,1
141195971,170651,1377,6,資訊教育,自創角色跑起來,455.221,52,2024-10-04 15:23:51,2024,10,2024-W40,週五,下午,21,21,5,4,0,1
141195997,170372,1377,6,資訊教育,Scratch角色動起來,504.871,100,2024-10-04 15:23:56,2024,10,2024-W40,週五,下午,1,0,0,0,0,0
141196012,170622,1377,6,資訊教育,兩個角色的互動,293.16,100,2024-10-04 15:23:58,2024,10,2024-W40,週五,下午,1,0,0,0,0,0
141196214,170622,1377,6,資訊教育,建立自創角色,292.058,41,2024-10-04 15:24:38,2024,10,2024-W40,週五,下午,1,0,0,0,0,0
141196249,170382,1377,6,資訊教育,建立自創角色,292.058,100,2024-10-04 15:24:48,2024,10,2024-W40,週五,下午,1,1,0,0,0,0
141196253,94080,2284,2,國語文108,語法標點[二]/冒號,412.827,100,2024-10-04 15:24:48,2024,10,2024-W40,週五,下午,8,7,2,0,0,0
141196282,170382,1377,6,資訊教育,建立自創角色,292.058,100,2024-10-04 15:24:53,2024,10,2024-W40,週五,下午,1,1,0,0,0,0
141196463,180313,1377,6,資訊教育,自創角色跑起來,455.221,100,2024-10-04 15:25:26,2024,10,2024-W40,週五,下午,15,15,1,0,0,1
141196499,170382,1377,6,資訊教育,自創角色跑起來,455.221,100,2024-10-04 15:25:32,2024,10,2024-W40,週五,下午,4,3,0,0,0,1
141196567,90284,2284,2,國語文108,字形[二]/同音字1,104.384,100,2024-10-04 15:25:42,2024,10,2024-W40,週五,下午,1,0,0,0,0,0
141196724,184828,1377,6,資訊教育,建立自創角色,292.058,100,2024-10-04 15:26:06,2024,10,2024-W40,週五,下午,2,1,0,0,0,1
141196782,179767,1377,6,資訊教育,兩個角色的互動,293.16,100,2024-10-04 15:26:15,2024,10,2024-W40,週五,下午,14,13,5,0,0,4
141196783,73123,1377,6,資訊教育,自創角色跑起來,455.221,100,2024-10-04 15:26:15,2024,10,2024-W40,週五,下午,3,2,0,0,0,1
141196791,73206,1377,6,資訊教育,建立自創角色,292.058,100,2024-10-04 15:26:17,2024,10,2024-W40,週五,下午,5,4,0,0,0,1
141196823,89348,2284,2,國語文108,字形[二]/同音字4,84.949,100,2024-10-04 15:26:22,2024,10,2024-W40,週五,下午,1,0,0,0,0,0
141196873,170743,1377,6,資訊教育,自創角色跑起來,455.221,100,2024-10-04 15:26:30,2024,10,2024-W40,週五,下午,2,1,0,0,0,1
141196975,170622,1377,6,資訊教育,建立自創角色,292.058,99,2024-10-04 15:26:50,2024,10,2024-W40,週五,下午,2,5,0,0,0,1
141196987,169177,1377,6,資訊教育,兩個角色的互動,293.16,100,2024-10-04 15:26:52,2024,10,2024-W40,週五,下午,3,2,0,0,0,1
141197049,170839,1377,6,資訊教育,Scratch角色動起來,504.871,67,2024-10-04 15:27:04,2024,10,2024-W40,週五,下午,2,2,0,0,0,1
141197990,170372,1377,6,資訊教育,自創角色跑起來,455.221,100,2024-10-04 15:29:32,2024,10,2024-W40,週五,下午,8,7,0,0,0,1
141197994,73300,1377,6,資訊教育,自創角色跑起來,455.221,100,2024-10-04 15:29:33,2024,10,2024-W40,週五,下午,8,7,3,0,0,2
141198141,170839,1377,6,資訊教育,建立自創角色,292.058,100,2024-10-04 15:29:58,2024,10,2024-W40,週五,下午,22,21,3,0,0,1
141198302,90284,2284,2,國語文108,字形[二]/同音字2,108.587,100,2024-10-04 15:30:26,2024,10,2024-W40,週五,下午,1,0,0,0,0,0
141198344,170622,1377,6,資訊教育,建立自創角色,292.058,99,2024-10-04 15:30:33,2024,10,2024-W40,週五,下午,1,0,0,0,0,0
141198357,169901,1377,6,資訊教育,兩個角色的互動,293.16,100,2024-10-04 15:30:34,2024,10,2024-W40,週五,下午,11,10,1,0,0,2
141198451,170622,1377,6,資訊教育,建立自創角色,292.058,100,2024-10-04 15:30:51,2024,10,2024-W40,週五,下午,1,0,0,0,0,0
141199201,184828,1377,6,資訊教育,自創角色跑起來,455.221,100,2024-10-04 15:32:45,2024,10,2024-W40,週五,下午,4,5,0,0,0,1
141200337,169177,1377,6,資訊教育,Scratch角色動起來,504.871,100,2024-10-04 15:35:03,2024,10,2024-W40,週五,下午,1,0,0,0,0,0
141200411,180013,1377,6,資訊教育,自創角色跑起來,455.221,69,2024-10-04 15:35:12,2024,10,2024-W40,週五,下午,27,27,4,0,0,1
141200566,73123,1377,6,資訊教育,兩個角色的互動,293.16,100,2024-10-04 15:35:34,2024,10,2024-W40,週五,下午,6,5,0,0,0,1
141200624,170743,1377,6,資訊教育,兩個角色的互動,293.16,100,2024-10-04 15:35:43,2024,10,2024-W40,週五,下午,2,1,0,0,0,1
141200639,73206,1377,6,資訊教育,自創角色跑起來,455.221,100,2024-10-04 15:35:46,2024,10,2024-W40,週五,下午,409,408,0,0,0,1
141200892,170169,1377,6,資訊教育,建立自創角色,292.058,100,2024-10-04 15:36:23,2024,10,2024-W40,週五,下午,3,2,0,0,0,1
141200981,90284,2284,2,國語文108,段落[二]/段意故事,194.865,100,2024-10-04 15:36:37,2024,10,2024-W40,週五,下午,2,1,0,0,0,0
141201011,170382,1377,6,資訊教育,兩個角色的互動,293.16,100,2024-10-04 15:36:41,2024,10,2024-W40,週五,下午,2,1,0,0,0,1
141201163,169177,1377,6,資訊教育,建立自創角色,292.058,100,2024-10-04 15:37:01,2024,10,2024-W40,週五,下午,3,2,0,0,0,1
141201481,180502,1377,6,資訊教育,兩個角色的互動,293.16,100,2024-10-04 15:37:50,2024,10,2024-W40,週五,下午,12,11,0,0,0,1
141201668,169901,1377,6,資訊教育,Scratch網站介紹,442.609,53,2024-10-04 15:38:19,2024,10,2024-W40,週五,下午,1,0,0,0,0,0
141202337,179767,1377,6,資訊教育,自創角色跑起來,455.221,100,2024-10-04 15:39:47,2024,10,2024-W40,週五,下午,2,1,0,0,0,1
141202366,170372,1377,6,資訊教育,兩個角色的互動,293.16,100,2024-10-04 15:39:51,2024,10,2024-W40,週五,下午,12,11,4,0,0,3
141202527,73300,1377,6,資訊教育,兩個角色的互動,293.16,100,2024-10-04 15:40:17,2024,10,2024-W40,週五,下午,8,7,1,0,0,2
141202840,90284,2284,2,國語文108,段落[二]/段意記敘,216.942,100,2024-10-04 15:41:06,2024,10,2024-W40,週五,下午,1,0,0,0,0,0
141202957,184828,1377,6,資訊教育,自創角色跑起來,455.221,97,2024-10-04 15:41:27,2024,10,2024-W40,週五,下午,1,1,0,1,0,0
141203254,72906,1377,6,資訊教育,Scratch角色動起來,504.871,98,2024-10-04 15:42:12,2024,10,2024-W40,週五,下午,15,14,0,0,0,0
141203319,184828,1377,6,資訊教育,兩個角色的互動,293.16,100,2024-10-04 15:42:23,2024,10,2024-W40,週五,下午,4,3,0,0,0,1
141203788,73123,1377,6,資訊教育,Scratch角色動起來,504.871,100,2024-10-04 15:43:34,2024,10,2024-W40,週五,下午,4,3,0,0,0,0
141203998,170169,1377,6,資訊教育,自創角色跑起來,455.221,69,2024-10-04 15:44:08,2024,10,2024-W40,週五,下午,5,5,0,0,0,0
141204126,169177,1377,6,資訊教育,Scratch舞台設計與認識角色,331.898,92,2024-10-04 15:44:33,2024,10,2024-W40,週五,下午,5,4,0,2,0,0
141204772,180313,1377,6,資訊教育,兩個角色的互動,293.16,81,2024-10-04 15:46:26,2024,10,2024-W40,週五,下午,8,8,2,0,0,1
141204848,90284,2284,2,國語文108,段落[二]/段旨故事,154.209,100,2024-10-04 15:46:38,2024,10,2024-W40,週五,下午,1,0,0,0,0,0
141204994,72906,1377,6,資訊教育,Scratch角色動起來,504.871,100,2024-10-04 15:47:00,2024,10,2024-W40,週五,下午,1,0,0,0,0,0
141205251,169177,1377,6,資訊教育,Scratch角色動起來,504.871,74,2024-10-04 15:47:39,2024,10,2024-W40,週五,下午,15,16,1,4,0,2
141205287,73206,1377,6,資訊教育,兩個角色的互動,293.16,100,2024-10-04 15:47:43,2024,10,2024-W40,週五,下午,4,3,0,0,0,1
141206459,90284,2284,2,國語文108,段落[二]/段旨記敘,171.584,100,2024-10-04 15:51:08,2024,10,2024-W40,週五,下午,1,0,0,0,0,0
141206595,170839,1377,6,資訊教育,自創角色跑起來,455.221,32,2024-10-04 15:51:34,2024,10,2024-W40,週五,下午,11,11,0,0,0,0
141206904,180013,1377,6,資訊教育,自創角色跑起來,455.221,92,2024-10-04 15:52:39,2024,10,2024-W40,週五,下午,10,10,0,0,0,1
141207477,90284,2284,2,國語文108,字形[二]/字體字形1,143.531,100,2024-10-04 15:54:24,2024,10,2024-W40,週五,下午,1,0,0,0,0,0
141208351,90284,2284,2,國語文108,字形[二]/字體字形2,130.667,100,2024-10-04 15:57:12,2024,10,2024-W40,週五,下午,1,0,0,0,0,0
141225104,77402,1377,5,英語108,語音-VowelSoundsue,237.461,41,2024-10-04 16:45:59,2024,10,2024-W40,週五,下午,3,2,0,0,0,0
141226125,77402,1377,5,英語108,語音-VowelSoundsue,237.461,100,2024-10-04 16:48:58,2024,10,2024-W40,週五,下午,1,0,0,0,0,0
141227534,88836,2284,2,國語文108,語法標點[二]/冒號,412.827,100,2024-10-04 16:53:48,2024,10,2024-W40,週五,下午,2,1,0,0,1,0
141229514,77402,1377,5,英語108,語音-VowelSoundsue,237.461,100,2024-10-04 17:01:15,2024,10,2024-W40,週五,下午,1,0,0,0,0,0
141230625,77402,1377,5,英語108,語音-VowelSoundsue,237.461,7,2024-10-04 17:05:23,2024,10,2024-W40,週五,下午,1,1,0,0,0,0
141231838,77402,1377,5,英語108,語音-VowelSound/o/(oeoaowo_e,220.544,100,2024-10-04 17:10:28,2024,10,2024-W40,週五,下午,1,0,0,0,0,0
141275362,94098,2284,2,國語文108,語法標點[二]/冒號,412.827,39,2024-10-04 21:16:44,2024,10,2024-W40,週五,晚上,12,12,0,0,0,0
141277442,94098,2284,2,國語文108,語法標點[二]/冒號,412.827,75,2024-10-04 21:26:34,2024,10,2024-W40,週五,晚上,4,3,0,0,0,0
141278376,94098,2284,2,國語文108,語法標點[二]/冒號,412.827,100,2024-10-04 21:30:38,2024,10,2024-W40,週五,晚上,1,0,0,0,0,0
141280259,89055,2284,2,國語文108,語法標點[二]/冒號,412.827,100,2024-10-04 21:38:54,2024,10,2024-W40,週五,晚上,18,17,2,0,1,0
141292991,88805,2284,2,國語文108,字形[二]/同音字3,98.027,100,2024-10-04 23:21:17,2024,10,2024-W40,週五,晚上,1,0,0,0,0,0
141293347,88805,2284,2,國語文108,字形[二]/同音字4,84.949,100,2024-10-04 23:25:40,2024,10,2024-W40,週五,晚上,1,0,0,0,0,0
141300624,189551,2284,2,國語文108,語法標點[二]/冒號,412.827,100,2024-10-05 08:42:31,2024,10,2024-W40,週六,上午,3,2,1,0,0,0
141314362,466,2284,3,數學108,N-3-2-S01,422.441,9,2024-10-05 10:51:03,2024,10,2024-W40,週六,上午,4,4,1,0,0,0
141328593,238446,2284,3,國語文108,字音[三]/本音2,84.767,100,2024-10-05 12:18:46,2024,10,2024-W40,週六,下午,4,3,0,0,0,0
141332582,89352,2284,2,國語文108,語法標點[二]/冒號,412.827,100,2024-10-05 12:52:04,2024,10,2024-W40,週六,下午,4,3,0,0,0,0
141332619,238446,2284,3,國語文108,字音[三]/本音3,80.9,100,2024-10-05 12:52:21,2024,10,2024-W40,週六,下午,3,2,0,0,1,0
141332843,238446,2284,3,國語文108,字形[三]/同音字3,135.167,100,2024-10-05 12:54:35,2024,10,2024-W40,週六,下午,2,1,0,0,1,0
141333347,238446,2284,3,國語文108,字形[三]/形近字,116.067,100,2024-10-05 13:00:10,2024,10,2024-W40,週六,下午,2,1,0,0,1,0
141333728,238446,2284,3,國語文108,字音[三]/本音2,84.767,100,2024-10-05 13:04:32,2024,10,2024-W40,週六,下午,2,1,0,0,0,0
141333986,238446,2284,3,國語文108,Ac-Ⅱ-2-03-11語法[三]／條件複句,287.808,100,2024-10-05 13:07:12,2024,10,2024-W40,週六,下午,1,0,0,0,0,0
141336500,238446,2284,3,國語文108,推論理解[三]/句子後果推論,336.469,100,2024-10-05 13:27:22,2024,10,2024-W40,週六,下午,4,3,0,0,2,0
141337535,238446,2284,3,國語文108,句義[三]/句義2,193.908,100,2024-10-05 13:35:02,2024,10,2024-W40,週六,下午,1,0,0,0,0,0
141338200,238446,2284,3,國語文108,詞義[三]/成語義,214.6,0,2024-10-05 13:40:03,2024,10,2024-W40,週六,下午,1,1,0,0,0,0
141338311,238446,2284,3,國語文108,詞義[三]/成語義,214.6,97,2024-10-05 13:40:46,2024,10,2024-W40,週六,下午,8,7,3,0,2,0
141339306,238446,2284,3,國語文108,詞義[三]/本義,323.005,100,2024-10-05 13:46:47,2024,10,2024-W40,週六,下午,6,5,0,0,4,0
141340345,238446,2284,3,國語文108,字義[三]/語境義1,120.533,100,2024-10-05 13:54:46,2024,10,2024-W40,週六,下午,2,1,0,0,1,0
141340866,238446,2284,3,國語文108,Ac-Ⅱ-2-03-11語法[三]／條件複句,287.808,29,2024-10-05 13:58:19,2024,10,2024-W40,週六,下午,1,1,0,0,0,0
141341121,238446,2284,3,國語文108,字形筆畫名稱[三]/長頓點,103.567,8,2024-10-05 13:59:54,2024,10,2024-W40,週六,下午,2,2,0,0,0,0
141351429,94098,2284,2,國語文108,語法標點[二]/冒號,412.827,100,2024-10-05 15:02:09,2024,10,2024-W40,週六,下午,22,21,3,2,0,0
141368635,238446,2284,3,數學108,N-3-1-S01,722.8,57,2024-10-05 17:13:12,2024,10,2024-W40,週六,下午,1,0,0,0,0,0
141369163,238446,2284,3,數學108,N-3-1-S01,722.8,2,2024-10-05 17:20:06,2024,10,2024-W40,週六,下午,2,1,0,0,0,0
141369222,238446,2284,3,數學108,N-3-1-S01,722.8,100,2024-10-05 17:20:38,2024,10,2024-W40,週六,下午,6,5,0,0,1,0
141370711,238446,2284,3,數學108,N-3-1-S02,440.52,100,2024-10-05 17:35:13,2024,10,2024-W40,週六,下午,1,0,0,0,0,0
141371565,238446,2284,3,數學108,N-3-1-S03,435.04,2,2024-10-05 17:43:00,2024,10,2024-W40,週六,下午,1,0,0,0,0,0
141371662,238446,2284,3,數學108,N-3-1-S03,435.04,100,2024-10-05 17:43:54,2024,10,2024-W40,週六,下午,1,0,0,0,0,0
141378273,238446,2284,3,國語文108,字音[三]/多音1,91.667,100,2024-10-05 18:57:14,2024,10,2024-W40,週六,晚上,1,0,0,0,0,0
141378656,238446,2284,3,國語文108,字音[三]/本音1,87.367,100,2024-10-05 19:01:19,2024,10,2024-W40,週六,晚上,1,0,0,0,0,0
141379912,238446,2284,3,國語文108,字形[三]/字體字形,128.067,100,2024-10-05 19:13:57,2024,10,2024-W40,週六,晚上,1,0,0,0,0,0
141380575,238446,2284,3,國語文108,字形筆畫名稱[三]/豎曲鉤,92.7,53,2024-10-05 19:19:38,2024,10,2024-W40,週六,晚上,1,1,0,0,0,0
141380848,238446,2284,3,國語文108,字形筆畫名稱[三]/豎曲鉤,92.7,100,2024-10-05 19:21:48,2024,10,2024-W40,週六,晚上,1,0,0,0,0,0
141381427,238446,2284,3,國語文108,語法[三]/並列句,248.722,100,2024-10-05 19:26:29,2024,10,2024-W40,週六,晚上,1,0,0,0,0,0
141382499,238446,2284,3,國語文108,詞義[三]/成語義,214.6,100,2024-10-05 19:35:58,2024,10,2024-W40,週六,晚上,1,0,0,0,0,0
141382657,238446,2284,3,國語文108,句義[三]/句義1,209.515,100,2024-10-05 19:37:26,2024,10,2024-W40,週六,晚上,1,0,0,0,0,0
141383600,238446,2284,3,國語文108,詞義[二]/本義詞1,143.893,100,2024-10-05 19:45:33,2024,10,2024-W40,週六,晚上,1,0,0,0,0,0
141385676,238446,2284,3,國語文108,字形[三]/同音字1,133.5,100,2024-10-05 20:03:20,2024,10,2024-W40,週六,晚上,1,0,0,0,0,0
141388297,238446,2284,3,國語文108,字形[三]/同音字2,147.136,100,2024-10-05 20:24:15,2024,10,2024-W40,週六,晚上,1,0,0,0,0,0
141389001,238446,2284,3,國語文108,字形結構[三]/左窄右寬結構,126.0,100,2024-10-05 20:28:55,2024,10,2024-W40,週六,晚上,1,0,0,0,0,0
141389551,238446,2284,3,國語文108,語法標點[三]/引號,506.252,100,2024-10-05 20:32:27,2024,10,2024-W40,週六,晚上,1,0,0,0,0,0
141391889,238446,2284,3,國語文108,詞義[三]/同義,219.78,100,2024-10-05 20:47:11,2024,10,2024-W40,週六,晚上,1,0,0,0,0,0
141393004,238446,2284,3,國語文108,字義[三]/本義1,81.5,100,2024-10-05 20:53:39,2024,10,2024-W40,週六,晚上,1,0,0,0,0,0
141393656,238446,2284,3,國語文108,字形筆畫名稱[三]/長頓點,103.567,100,2024-10-05 20:57:16,2024,10,2024-W40,週六,晚上,1,0,0,0,0,0
141394260,238446,2284,3,數學108,N-3-13-S01,294.545,100,2024-10-05 21:02:03,2024,10,2024-W40,週六,晚上,1,0,0,0,0,0
141394416,93778,2284,2,國語文108,語法標點[二]/冒號,412.827,32,2024-10-05 21:03:21,2024,10,2024-W40,週六,晚上,8,8,1,0,0,0
141395036,238446,2284,3,數學108,N-3-13-S02,301.047,78,2024-10-05 21:07:49,2024,10,2024-W40,週六,晚上,3,2,0,0,2,0
141395931,238446,2284,3,數學108,N-3-13-S02,301.047,100,2024-10-05 21:15:24,2024,10,2024-W40,週六,晚上,1,0,0,0,0,0
141396185,238446,2284,3,數學108,N-3-13-S02,301.047,100,2024-10-05 21:17:21,2024,10,2024-W40,週六,晚上,1,0,0,0,0,0
141396293,93778,2284,2,國語文108,語法標點[二]/冒號,412.827,35,2024-10-05 21:18:09,2024,10,2024-W40,週六,晚上,1,1,0,0,0,0
141396404,93778,2284,2,國語文108,語法標點[二]/冒號,412.827,100,2024-10-05 21:19:04,2024,10,2024-W40,週六,晚上,9,8,8,0,0,0
141398133,238446,2284,3,數學108,N-3-13-S01,294.545,23,2024-10-05 21:35:21,2024,10,2024-W40,週六,晚上,1,1,0,0,0,0
141398387,238446,2284,3,數學108,N-3-13-S03,312.843,30,2024-10-05 21:37:48,2024,10,2024-W40,週六,晚上,2,1,0,0,0,0
141399868,238446,2284,3,數學108,N-3-13-S03,312.843,35,2024-10-05 21:52:35,2024,10,2024-W40,週六,晚上,1,1,0,0,0,0
141399913,238446,2284,3,數學108,N-3-13-S03,312.843,100,2024-10-05 21:52:55,2024,10,2024-W40,週六,晚上,1,0,0,0,0,0
141404614,238446,2284,3,數學108,N-3-13-S04,290.552,100,2024-10-05 22:45:21,2024,10,2024-W40,週六,晚上,1,0,0,0,0,0
141405862,238446,2284,3,數學108,S-3-2-S01,364.12,100,2024-10-05 23:00:42,2024,10,2024-W40,週六,晚上,1,0,0,0,0,0
141410337,238446,2284,3,數學108,S-3-2-S02,408.137,100,2024-10-06 00:27:09,2024,10,2024-W40,週日,凌晨,1,0,0,0,0,0
141411305,238446,2284,3,數學108,N-2-13-S03,315.164,100,2024-10-06 01:16:27,2024,10,2024-W40,週日,凌晨,1,0,0,0,0,0
141411443,238446,2284,3,數學108,N-2-13-S04,326.879,100,2024-10-06 01:24:18,2024,10,2024-W40,週日,凌晨,1,0,0,0,0,0
141411488,238446,2284,3,數學108,N-2-13-S04,326.879,2,2024-10-06 01:30:19,2024,10,2024-W40,週日,凌晨,1,1,0,0,0,0
141411624,238446,2284,3,數學108,N-2-13-S03,315.164,0,2024-10-06 01:42:08,2024,10,2024-W40,週日,凌晨,1,0,0,0,0,0
141411660,238446,2284,3,數學108,N-2-13-S04,326.879,100,2024-10-06 01:47:10,2024,10,2024-W40,週日,凌晨,1,0,0,0,0,0
141446150,229503,2284,3,數學108,N-3-3-S01,255.189,100,2024-10-06 13:04:42,2024,10,2024-W40,週日,下午,2,1,0,0,0,0
141447533,229503,2284,3,數學108,N-3-3-S02,266.773,100,2024-10-06 13:16:21,2024,10,2024-W40,週日,下午,4,3,1,0,0,0
141456253,251838,2284,3,數學108,N-3-1-S01,722.8,10,2024-10-06 14:13:15,2024,10,2024-W40,週日,下午,1,1,0,0,0,0
141456521,251838,2284,3,數學108,N-3-1-S04,714.24,0,2024-10-06 14:14:51,2024,10,2024-W40,週日,下午,1,0,0,0,0,0
141456810,251838,2284,3,數學108,N-3-1-S04,714.24,16,2024-10-06 14:16:41,2024,10,2024-W40,週日,下午,1,1,0,0,0,0
141484288,229503,2284,3,數學108,N-3-3-S03,317.269,73,2024-10-06 17:03:05,2024,10,2024-W40,週日,下午,4,3,0,0,0,0
141485337,229503,2284,3,數學108,N-3-3-S03,317.269,100,2024-10-06 17:10:15,2024,10,2024-W40,週日,下午,2,1,0,0,0,0
141486499,229503,2284,3,數學108,N-3-3-S04,305.557,100,2024-10-06 17:18:04,2024,10,2024-W40,週日,下午,1,0,0,0,0,0
141514419,189828,2284,2,數學108,N-2-2-S01,286.486,8,2024-10-06 20:16:25,2024,10,2024-W40,週日,晚上,1,1,0,0,0,0
141516223,189828,2284,2,數學108,N-2-2-S03,372.939,100,2024-10-06 20:24:52,2024,10,2024-W40,週日,晚上,2,1,0,0,0,0
141519114,189828,2284,2,數學108,N-2-2-S02,468.935,100,2024-10-06 20:37:28,2024,10,2024-W40,週日,晚上,1,0,0,0,0,0
141526455,189828,2284,2,數學108,N-2-11-S01,397.873,100,2024-10-06 21:11:20,2024,10,2024-W40,週日,晚上,1,0,0,0,0,0
141528464,189828,2284,2,數學108,S-2-3-S01,685.755,100,2024-10-06 21:20:20,2024,10,2024-W40,週日,晚上,1,0,0,0,0,0
141531223,189828,2284,2,數學108,S-2-3-S02,503.803,100,2024-10-06 21:33:51,2024,10,2024-W40,週日,晚上,1,0,0,0,0,0
141596657,75413,1377,3,資訊教育,作業系統介紹與操作-作業系統的介紹,290.325,21,2024-10-07 10:36:36,2024,10,2024-W41,週一,上午,1,0,0,0,0,0
141596709,77526,1377,3,資訊教育,英文輸入真Easy,201.664,100,2024-10-07 10:36:58,2024,10,2024-W41,週一,上午,2,6,0,0,0,1
141597171,129597,1377,3,資訊教育,中文輸入真Easy,237.12,9,2024-10-07 10:39:01,2024,10,2024-W41,週一,上午,3,2,0,0,0,0
141597967,129597,1377,3,資訊教育,認識鍵盤,332.224,100,2024-10-07 10:42:31,2024,10,2024-W41,週一,上午,9,8,0,0,0,1
141598109,75413,1377,3,資訊教育,作業系統介紹與操作-作業系統的介紹,290.325,41,2024-10-07 10:43:15,2024,10,2024-W41,週一,上午,3,3,0,0,0,1
141598468,75413,1377,3,資訊教育,作業系統介紹與操作-作業系統的介紹,290.325,100,2024-10-07 10:44:44,2024,10,2024-W41,週一,上午,2,2,0,0,0,2
141598473,77526,1377,3,資訊教育,認識鍵盤,332.224,100,2024-10-07 10:44:45,2024,10,2024-W41,週一,上午,3,2,0,0,0,1
141600176,75413,1377,3,資訊教育,認識鍵盤,332.224,100,2024-10-07 10:51:10,2024,10,2024-W41,週一,上午,8,8,4,0,0,3
141601063,129597,1377,3,資訊教育,英文輸入真Easy,201.664,100,2024-10-07 10:53:44,2024,10,2024-W41,週一,上午,35,34,0,0,0,1
141605212,75413,1377,3,資訊教育,英文輸入真Easy,201.664,43,2024-10-07 11:08:29,2024,10,2024-W41,週一,上午,1,1,0,0,0,0
141605271,129597,1377,3,資訊教育,中文輸入真Easy,237.12,50,2024-10-07 11:08:46,2024,10,2024-W41,週一,上午,3,3,0,0,0,1
141682991,13053,1377,5,英語108,"語音-VowelSoundso_e,o",282.048,100,2024-10-07 16:04:41,2024,10,2024-W41,週一,下午,3,2,0,0,0,0
141686690,165765,2284,5,數學108,video:N-4-1-S01,1061.894,100,2024-10-07 16:12:01,2024,10,2024-W41,週一,下午,20,19,1,0,0,0
141694634,13053,1377,5,英語108,"語音-VowelSoundsu_e,u",289.856,100,2024-10-07 16:23:07,2024,10,2024-W41,週一,下午,1,0,0,0,0,0
141694717,60833,2284,5,數學108,video:N-4-1-S01,1061.894,0,2024-10-07 16:23:12,2024,10,2024-W41,週一,下午,1,1,0,0,0,0
141696375,113961,1377,5,英語108,語音-Long/ShortVowelSoundsPart2,337.344,100,2024-10-07 16:25:15,2024,10,2024-W41,週一,下午,2,1,0,0,0,0
141699318,13295,1377,5,英語108,"語音-LongVowelSound/i/:i_e,i,igh,ie,y",315.008,100,2024-10-07 16:28:55,2024,10,2024-W41,週一,下午,3,2,0,0,0,0
141701891,113961,1377,5,英語108,語音-CVCSoundCombinationsPart1,299.392,100,2024-10-07 16:32:12,2024,10,2024-W41,週一,下午,2,1,0,0,0,0
141702282,13053,1377,5,英語108,語音-Long/ShortVowelSoundsPart1,343.872,100,2024-10-07 16:32:45,2024,10,2024-W41,週一,下午,1,0,0,0,0,0
141703268,179767,1377,6,英語108,語音-LetterXxSound,194.624,100,2024-10-07 16:34:09,2024,10,2024-W41,週一,下午,2,1,0,0,0,0
141704383,13295,1377,5,英語108,"語音-LongVowelSound/i/:i_e,i,igh,ie,y",315.008,0,2024-10-07 16:35:41,2024,10,2024-W41,週一,下午,1,1,0,0,0,0
141705249,13295,1377,5,英語108,語音-LetterXxSound,194.624,100,2024-10-07 16:36:58,2024,10,2024-W41,週一,下午,1,0,0,0,0,0
141705892,179767,1377,6,英語108,語音-TheNGSound,178.112,100,2024-10-07 16:37:57,2024,10,2024-W41,週一,下午,1,0,0,0,0,0
141709075,113961,1377,5,英語108,語音-CVCSoundCombinationsPart2,279.744,100,2024-10-07 16:43:36,2024,10,2024-W41,週一,下午,2,1,0,0,0,0
141713384,113961,1377,5,英語108,"語音-ConsonantSoundsck,-ss,-ll,-zz,-ff",211.84,100,2024-10-07 16:52:30,2024,10,2024-W41,週一,下午,3,2,0,0,0,0
141778944,189551,2284,2,國語文108,語法標點[二]/引號,509.329,95,2024-10-08 08:07:16,2024,10,2024-W41,週二,上午,7,7,3,0,1,0
141779982,88959,2284,2,國語文108,語法標點[二]/引號,509.329,100,2024-10-08 08:10:06,2024,10,2024-W41,週二,上午,8,7,0,0,0,0
141780896,93778,2284,2,國語文108,語法標點[二]/引號,509.329,23,2024-10-08 08:12:03,2024,10,2024-W41,週二,上午,11,11,5,0,0,0
141780941,93701,2284,2,國語文108,語法標點[二]/引號,509.329,0,2024-10-08 08:12:08,2024,10,2024-W41,週二,上午,2,2,1,0,0,0
141781074,89055,2284,2,國語文108,語法標點[二]/引號,509.329,100,2024-10-08 08:12:23,2024,10,2024-W41,週二,上午,14,13,1,0,6,0
141781367,94080,2284,2,國語文108,語法標點[二]/引號,509.329,100,2024-10-08 08:12:54,2024,10,2024-W41,週二,上午,8,7,1,0,0,0
141782192,89352,2284,2,國語文108,語法標點[二]/引號,509.329,100,2024-10-08 08:14:14,2024,10,2024-W41,週二,上午,12,11,3,0,0,0
141785182,180923,2284,2,國語文108,語法標點[二]/引號,509.329,51,2024-10-08 08:19:02,2024,10,2024-W41,週二,上午,6,6,3,0,0,0
141785543,189551,2284,2,國語文108,語法標點[二]/引號,509.329,100,2024-10-08 08:19:35,2024,10,2024-W41,週二,上午,1,0,0,0,0,0
141786017,94098,2284,2,國語文108,語法標點[二]/引號,509.329,55,2024-10-08 08:20:15,2024,10,2024-W41,週二,上午,6,6,2,0,0,0
141786491,93701,2284,2,國語文108,語法標點[二]/引號,509.329,71,2024-10-08 08:20:55,2024,10,2024-W41,週二,上午,1,0,0,0,0,0
141786998,178025,2284,5,數學108,video:N-5-3-S03,280.0,66,2024-10-08 08:21:28,2024,10,2024-W41,週二,上午,3,2,0,0,0,0
141791659,93778,2284,2,國語文108,語法標點[二]/引號,509.329,100,2024-10-08 08:28:24,2024,10,2024-W41,週二,上午,1,0,0,0,0,0
141793429,93701,2284,2,國語文108,語法標點[二]/冒號,412.827,32,2024-10-08 08:31:07,2024,10,2024-W41,週二,上午,2,2,0,0,0,0
141795100,180923,2284,2,國語文108,語法標點[二]/引號,509.329,80,2024-10-08 08:34:01,2024,10,2024-W41,週二,上午,1,1,0,0,0,0
141819846,88836,2284,2,國語文108,語法標點[二]/引號,509.329,32,2024-10-08 10:24:02,2024,10,2024-W41,週二,上午,4,3,0,0,0,0
141819859,94098,2284,2,國語文108,語法標點[二]/引號,509.329,57,2024-10-08 10:24:06,2024,10,2024-W41,週二,上午,1,1,0,0,0,0
141823210,76576,1377,3,資訊教育,作業系統介紹與操作-視窗與滑鼠的操作,352.619,80,2024-10-08 10:46:26,2024,10,2024-W41,週二,上午,7,7,0,0,0,1
141823734,78703,1377,3,資訊教育,認識鍵盤,332.224,100,2024-10-08 10:48:26,2024,10,2024-W41,週二,上午,3,2,0,0,0,1
141825255,131251,1377,3,資訊教育,認識鍵盤,332.224,6,2024-10-08 10:52:25,2024,10,2024-W41,週二,上午,3,3,0,0,0,0
141831988,131251,1377,3,資訊教育,認識鍵盤,332.224,7,2024-10-08 11:12:22,2024,10,2024-W41,週二,上午,1,1,0,0,0,0
141856870,228994,2284,3,數學108,N-3-2-S01,422.441,1,2024-10-08 13:18:27,2024,10,2024-W41,週二,下午,3,2,0,0,0,0
141856981,228994,2284,3,數學108,N-3-2-S01,422.441,17,2024-10-08 13:18:56,2024,10,2024-W41,週二,下午,3,3,1,0,0,0
141858949,94080,2284,2,數學108,R-2-4-S02,583.727,25,2024-10-08 13:32:09,2024,10,2024-W41,週二,下午,9,9,0,0,0,0
141859727,189551,2284,2,數學108,R-2-4-S02,583.727,100,2024-10-08 13:39:13,2024,10,2024-W41,週二,下午,8,7,3,0,0,0
141859793,93778,2284,2,數學108,R-2-4-S02,583.727,100,2024-10-08 13:39:35,2024,10,2024-W41,週二,下午,14,13,3,0,0,0
141859814,89055,2284,2,數學108,R-2-4-S02,583.727,5,2024-10-08 13:39:42,2024,10,2024-W41,週二,下午,3,2,0,0,0,0
141859816,88836,2284,2,數學108,R-2-4-S02,583.727,10,2024-10-08 13:39:43,2024,10,2024-W41,週二,下午,5,5,0,0,0,0
141860106,89055,2284,2,數學108,R-2-4-S02,583.727,100,2024-10-08 13:41:19,2024,10,2024-W41,週二,下午,11,10,0,0,9,0
141860109,94098,2284,2,數學108,R-2-4-S02,583.727,8,2024-10-08 13:41:20,2024,10,2024-W41,週二,下午,9,9,6,0,1,0
141860116,88959,2284,2,數學108,R-2-4-S02,583.727,100,2024-10-08 13:41:21,2024,10,2024-W41,週二,下午,6,5,0,0,0,0
141860259,180923,2284,2,數學108,R-2-4-S02,583.727,100,2024-10-08 13:42:04,2024,10,2024-W41,週二,下午,5,4,2,0,0,0
141860733,89352,2284,2,數學108,R-2-4-S02,583.727,100,2024-10-08 13:44:00,2024,10,2024-W41,週二,下午,24,23,5,0,0,0
141861301,94080,2284,2,數學108,R-2-4-S02,583.727,100,2024-10-08 13:46:17,2024,10,2024-W41,週二,下午,10,20,0,0,0,0
141861371,88836,2284,2,數學108,R-2-4-S02,583.727,100,2024-10-08 13:46:32,2024,10,2024-W41,週二,下午,9,8,1,0,0,0
141862265,93701,2284,2,數學108,R-2-4-S02,583.727,81,2024-10-08 13:49:45,2024,10,2024-W41,週二,下午,14,14,4,0,0,0
141864613,94098,2284,2,數學108,R-2-4-S02,583.727,79,2024-10-08 13:55:45,2024,10,2024-W41,週二,下午,11,11,5,0,1,0
141866213,180923,2284,2,數學108,R-2-4-S02,583.727,100,2024-10-08 13:58:42,2024,10,2024-W41,週二,下午,3,2,0,2,0,0
141868480,93778,2284,2,數學108,R-2-4-S02,583.727,100,2024-10-08 14:03:23,2024,10,2024-W41,週二,下午,1,1,0,0,0,0
141868707,93778,2284,2,數學108,R-2-4-S02,583.727,100,2024-10-08 14:03:48,2024,10,2024-W41,週二,下午,2,1,0,1,0,0
141872204,93701,2284,2,數學108,R-2-4-S02,583.727,98,2024-10-08 14:11:39,2024,10,2024-W41,週二,下午,1,1,0,0,0,0
141873144,89352,2284,2,數學108,R-2-4-S02,583.727,99,2024-10-08 14:16:11,2024,10,2024-W41,週二,下午,2,2,0,1,0,0
141873245,89352,2284,2,數學108,R-2-4-S02,583.727,100,2024-10-08 14:16:38,2024,10,2024-W41,週二,下午,1,1,1,1,0,0
141873375,88836,2284,2,國語文108,語法標點[二]/引號,509.329,100,2024-10-08 14:17:27,2024,10,2024-W41,週二,下午,1,0,0,0,0,0
141873664,93701,2284,2,數學108,R-2-4-S02,583.727,97,2024-10-08 14:19:22,2024,10,2024-W41,週二,下午,4,3,1,0,0,0
141875266,93701,2284,2,數學108,R-2-4-S02,583.727,100,2024-10-08 14:26:16,2024,10,2024-W41,週二,下午,1,0,0,0,0,0
141875873,94098,2284,2,數學108,R-2-4-S02,583.727,100,2024-10-08 14:28:00,2024,10,2024-W41,週二,下午,1,0,0,0,0,0
141876599,94098,2284,2,數學108,R-2-4-S02,583.727,24,2024-10-08 14:30:10,2024,10,2024-W41,週二,下午,1,1,0,0,0,0
141880657,94098,2284,2,數學108,R-2-4-S02,583.727,15,2024-10-08 14:42:41,2024,10,2024-W41,週二,下午,2,1,1,0,0,0
141909580,14637,1377,5,英語108,語音-VowelSound/o/(oeoaowo_e,220.544,100,2024-10-08 16:11:54,2024,10,2024-W41,週二,下午,2,1,0,0,0,0
141910092,13053,1377,5,英語108,語音-Long/ShortVowelSoundsPart2,337.344,100,2024-10-08 16:12:49,2024,10,2024-W41,週二,下午,4,3,0,0,0,0
141910994,60833,2284,5,數學108,video:N-4-1-S01,1061.894,100,2024-10-08 16:14:26,2024,10,2024-W41,週二,下午,3,3,0,1,0,0
141911606,60833,2284,5,數學108,video:N-4-1-S01,1061.894,80,2024-10-08 16:15:20,2024,10,2024-W41,週二,下午,4,4,0,1,0,0
141912668,13295,1377,5,英語108,"食物-Doyoulikecake,pizza,orangejuice,milk,tea?Yes,Ido./No,Idon't",318.252,100,2024-10-08 16:16:44,2024,10,2024-W41,週二,下午,2,1,0,0,0,0
141918173,165765,2284,5,數學108,N-3-2-S04,652.48,39,2024-10-08 16:23:07,2024,10,2024-W41,週二,下午,10,10,0,0,0,0
141918805,251838,2284,3,英語108,自我介紹-What'syourname?,138.776,32,2024-10-08 16:23:54,2024,10,2024-W41,週二,下午,5,5,2,0,0,0
141919731,113961,1377,5,英語108,"語音-LongVowelSound/i/:i_e,i,igh,ie,y",315.008,100,2024-10-08 16:25:06,2024,10,2024-W41,週二,下午,3,2,0,0,0,0
141920852,13053,1377,5,英語108,語音-CVCSoundCombinationsPart1,299.392,1,2024-10-08 16:26:43,2024,10,2024-W41,週二,下午,2,2,0,0,0,0
141921403,165765,2284,5,數學108,N-3-2-S04,652.48,100,2024-10-08 16:27:29,2024,10,2024-W41,週二,下午,3,2,0,0,0,0
141921676,13053,1377,5,英語108,語音-CVCSoundCombinationsPart1,299.392,100,2024-10-08 16:27:48,2024,10,2024-W41,週二,下午,13,13,0,0,0,0
141924229,113961,1377,5,英語108,"語音-LongVowelSound/i/:i_e,i,igh,ie,y",315.008,100,2024-10-08 16:30:59,2024,10,2024-W41,週二,下午,3,2,0,0,0,0
141926141,179767,1377,6,英語108,語音-TheTHSound,193.088,100,2024-10-08 16:33:15,2024,10,2024-W41,週二,下午,1,0,0,0,0,0
141927288,13053,1377,5,英語108,語音-CVCSoundCombinationsPart1,299.392,100,2024-10-08 16:34:38,2024,10,2024-W41,週二,下午,2,1,0,0,0,0
141929885,13053,1377,5,英語108,語音-CVCSoundCombinationsPart1,299.392,100,2024-10-08 16:38:11,2024,10,2024-W41,週二,下午,1,0,0,0,0,0
141932494,179767,1377,6,英語108,語音-VowelSound/o/(oeoaowo_e,220.544,100,2024-10-08 16:42:16,2024,10,2024-W41,週二,下午,1,0,0,0,0,0
141932950,13053,1377,5,英語108,語音-CVCSoundCombinationsPart2,279.744,100,2024-10-08 16:43:03,2024,10,2024-W41,週二,下午,6,5,0,0,0,0
141933724,113961,1377,5,英語108,語音-TheNGSound,178.112,22,2024-10-08 16:44:27,2024,10,2024-W41,週二,下午,1,0,0,0,0,0
141934338,113961,1377,5,英語108,語音-TheNGSound,178.112,100,2024-10-08 16:45:31,2024,10,2024-W41,週二,下午,3,2,0,0,0,0
141936306,113961,1377,5,英語108,語音-TheTHSound,193.088,100,2024-10-08 16:49:24,2024,10,2024-W41,週二,下午,2,1,0,0,0,0
141936713,13053,1377,5,英語108,"語音-ConsonantSoundsck,-ss,-ll,-zz,-ff",211.84,100,2024-10-08 16:50:15,2024,10,2024-W41,週二,下午,3,2,0,0,0,0
142135542,39073,1377,5,資訊教育,簡報物件動畫設計,309.077,100,2024-10-09 20:41:05,2024,10,2024-W41,週三,晚上,2,2,0,0,0,2
142136766,39073,1377,5,資訊教育,簡報投影片轉換,254.955,100,2024-10-09 20:48:13,2024,10,2024-W41,週三,晚上,3,2,0,0,0,2
142138970,39073,1377,5,資訊教育,簡報圖片配色與圖層概念,392.853,100,2024-10-09 21:02:26,2024,10,2024-W41,週三,晚上,1,0,0,0,0,0
142139860,39073,1377,5,資訊教育,其他簡報軟體插入投影片編號,367.275,100,2024-10-09 21:09:06,2024,10,2024-W41,週三,晚上,2,1,0,0,0,1
142182553,238446,2284,3,國語文108,字音[三]/多音2,116.2,100,2024-10-10 11:52:03,2024,10,2024-W41,週四,上午,1,0,0,0,0,0
142182756,238446,2284,3,國語文108,字音[三]/多音2,116.2,1,2024-10-10 11:54:09,2024,10,2024-W41,週四,上午,1,1,0,0,0,0
142183873,238446,2284,3,國語文108,字形[三]/形近字,116.067,100,2024-10-10 12:05:33,2024,10,2024-W41,週四,下午,2,1,0,0,1,0
142184762,238446,2284,3,國語文108,字音[三]/多音3,126.733,100,2024-10-10 12:14:10,2024,10,2024-W41,週四,下午,1,0,0,0,0,0
142185173,238446,2284,3,國語文108,字形[三]/同音字5,123.6,100,2024-10-10 12:18:48,2024,10,2024-W41,週四,下午,1,0,0,0,0,0
142186089,238446,2284,3,國語文108,語法標點[三]/驚嘆號,617.163,100,2024-10-10 12:28:37,2024,10,2024-W41,週四,下午,2,1,0,0,0,0
142188217,238446,2284,3,數學108,N-3-2-S01,422.441,100,2024-10-10 12:52:58,2024,10,2024-W41,週四,下午,1,0,0,0,0,0
142189782,238446,2284,3,數學108,N-3-2-S02,480.769,0,2024-10-10 13:06:21,2024,10,2024-W41,週四,下午,1,0,0,0,0,0
142190486,238446,2284,3,數學108,N-3-2-S02,480.769,100,2024-10-10 13:12:25,2024,10,2024-W41,週四,下午,1,0,0,0,0,0
142192596,239474,2284,3,英語108,字母-AlphabetA-Z,390.208,100,2024-10-10 13:30:40,2024,10,2024-W41,週四,下午,1,0,0,0,0,0
142193375,239474,2284,3,英語108,字母-AlphabetA-Z,390.208,5,2024-10-10 13:37:20,2024,10,2024-W41,週四,下午,1,0,0,0,0,0
142193626,239474,2284,3,英語108,字母-AlphabetN-Z,349.077,100,2024-10-10 13:39:22,2024,10,2024-W41,週四,下午,2,1,0,0,0,0
142199819,238446,2284,3,數學108,N-3-2-S03,408.52,100,2024-10-10 14:26:27,2024,10,2024-W41,週四,下午,1,0,0,0,0,0
142201315,238446,2284,3,數學108,N-3-2-S04,652.48,100,2024-10-10 14:36:51,2024,10,2024-W41,週四,下午,1,0,0,0,0,0
142203826,238446,2284,3,數學108,N-3-8-S01,375.443,100,2024-10-10 14:55:12,2024,10,2024-W41,週四,下午,1,0,0,0,0,0
142219958,238446,2284,3,數學108,N-3-8-S02,385.8,100,2024-10-10 17:15:47,2024,10,2024-W41,週四,下午,3,2,0,0,1,0
142221059,238446,2284,3,數學108,N-3-8-S03,325.2,100,2024-10-10 17:27:46,2024,10,2024-W41,週四,下午,17,16,1,0,5,0
142357071,14640,1377,5,資訊教育,插入圖案,226.432,100,2024-10-11 12:38:29,2024,10,2024-W41,週五,下午,2,1,0,0,0,1
142357372,14640,1377,5,資訊教育,插入圖案,226.432,100,2024-10-11 12:40:16,2024,10,2024-W41,週五,下午,4,4,0,3,0,0
142357838,14640,1377,5,資訊教育,插入資料來源及投影片編號,318.421,100,2024-10-11 12:42:03,2024,10,2024-W41,週五,下午,5,4,0,0,0,1
142374579,88959,2284,2,數學108,R-2-4-S03,614.052,100,2024-10-11 13:46:36,2024,10,2024-W41,週五,下午,5,4,0,0,0,0
142374607,56500,1377,6,資訊教育,兩個角色的互動,293.16,100,2024-10-11 13:46:42,2024,10,2024-W41,週五,下午,14,13,0,0,0,1
142377349,56500,1377,6,資訊教育,兩個角色的互動,293.16,16,2024-10-11 13:58:07,2024,10,2024-W41,週五,下午,3,3,1,4,0,0
142377422,51787,1377,6,資訊教育,建立自創角色,292.058,84,2024-10-11 13:58:30,2024,10,2024-W41,週五,下午,2,4,3,1,0,0
142377894,180923,2284,2,數學108,R-2-4-S03,614.052,100,2024-10-11 14:00:29,2024,10,2024-W41,週五,下午,3,2,0,0,0,0
142378006,51787,1377,6,資訊教育,自創角色跑起來,455.221,92,2024-10-11 14:01:01,2024,10,2024-W41,週五,下午,9,13,5,5,0,0
142378426,56500,1377,6,資訊教育,自創角色跑起來,455.221,96,2024-10-11 14:02:43,2024,10,2024-W41,週五,下午,6,6,0,9,0,0
142379332,94080,2284,2,數學108,R-2-4-S03,614.052,100,2024-10-11 14:06:24,2024,10,2024-W41,週五,下午,11,10,0,0,0,0
142379666,52983,1377,6,資訊教育,自創角色跑起來,455.221,5,2024-10-11 14:07:37,2024,10,2024-W41,週五,下午,2,2,1,0,0,0
142380014,51515,1377,6,資訊教育,建立自創角色,292.058,100,2024-10-11 14:09:01,2024,10,2024-W41,週五,下午,1,1,0,0,0,0
142380043,51787,1377,6,資訊教育,兩個角色的互動,293.16,37,2024-10-11 14:09:08,2024,10,2024-W41,週五,下午,1,1,0,0,0,0
142380127,51515,1377,6,資訊教育,自創角色跑起來,455.221,74,2024-10-11 14:09:27,2024,10,2024-W41,週五,下午,2,2,0,0,0,1
142381268,89352,2284,2,數學108,R-2-4-S03,614.052,100,2024-10-11 14:14:46,2024,10,2024-W41,週五,下午,13,12,2,0,0,0
142397537,90284,2284,2,國語文108,字音[二]/單音1,91.029,100,2024-10-11 15:19:44,2024,10,2024-W41,週五,下午,6,5,0,0,0,0
142398733,90284,2284,2,國語文108,字音[二]/單音2,84.459,100,2024-10-11 15:23:58,2024,10,2024-W41,週五,下午,1,0,0,0,0,0
142400392,180923,2284,2,國語文108,語法標點[二]/引號,509.329,100,2024-10-11 15:29:36,2024,10,2024-W41,週五,下午,1,0,0,0,0,0
142400508,90284,2284,2,國語文108,推論理解[二]/段落工具推論,369.237,100,2024-10-11 15:30:01,2024,10,2024-W41,週五,下午,2,1,0,0,0,0
142401311,180923,2284,2,國語文108,語法[一]/感嘆句,287.162,100,2024-10-11 15:32:48,2024,10,2024-W41,週五,下午,1,0,0,0,0,0
142403632,180013,1377,6,資訊教育,自創角色跑起來,455.221,100,2024-10-11 15:39:05,2024,10,2024-W41,週五,下午,1,0,0,0,0,0
142403978,170471,1377,6,資訊教育,自創角色跑起來,455.221,100,2024-10-11 15:39:51,2024,10,2024-W41,週五,下午,10,10,3,0,0,1
142404041,180013,1377,6,資訊教育,兩個角色的互動,293.16,100,2024-10-11 15:40:00,2024,10,2024-W41,週五,下午,16,15,6,0,0,1
142404213,90284,2284,2,國語文108,推論理解[二]/段落情緒推論,337.28,100,2024-10-11 15:40:24,2024,10,2024-W41,週五,下午,2,1,0,0,0,0
142406757,170372,1377,6,資訊教育,建立自創角色,292.058,94,2024-10-11 15:45:56,2024,10,2024-W41,週五,下午,18,17,0,6,0,1
142408064,170471,1377,6,資訊教育,Scratch角色動起來,504.871,33,2024-10-11 15:49:36,2024,10,2024-W41,週五,下午,3,2,0,0,0,0
142409560,170372,1377,6,資訊教育,自創角色跑起來,455.221,9,2024-10-11 15:54:08,2024,10,2024-W41,週五,下午,3,3,0,1,0,0
142418844,93893,2284,2,數學108,N-2-2-S01,286.486,100,2024-10-11 16:29:54,2024,10,2024-W41,週五,下午,1,0,0,0,0,0
142422334,93893,2284,2,數學108,N-2-2-S02,468.935,100,2024-10-11 16:39:52,2024,10,2024-W41,週五,下午,1,0,0,0,0,0
142425168,93893,2284,2,數學108,N-2-2-S03,372.939,100,2024-10-11 16:50:45,2024,10,2024-W41,週五,下午,2,1,0,0,0,0
142425984,179767,1377,6,英語108,"食物-Riddles-Fruits-pineapple,watermelon,starfruit,dragonfruit,strawberry,blueberry",252.288,100,2024-10-11 16:54:52,2024,10,2024-W41,週五,下午,1,0,0,0,0,0
142426803,229503,2284,3,英語108,自我介紹-What'syourname?,138.776,100,2024-10-11 16:58:46,2024,10,2024-W41,週五,下午,3,2,0,0,0,0
142427879,229503,2284,3,英語108,自我介紹-HappyBirthday.I'm_____year(s),187.096,100,2024-10-11 17:03:20,2024,10,2024-W41,週五,下午,2,1,0,0,0,0
142430076,229503,2284,3,英語108,字母-AlphabetA-Z,390.208,100,2024-10-11 17:13:40,2024,10,2024-W41,週五,下午,1,0,0,0,0,0
142432527,229503,2284,3,英語108,字母-AlphabetN-Z,349.077,100,2024-10-11 17:27:54,2024,10,2024-W41,週五,下午,1,0,0,0,0,0
142435189,94149,2284,2,數學108,N-2-2-S01,286.486,1,2024-10-11 18:03:35,2024,10,2024-W41,週五,晚上,1,1,0,0,0,0
142436655,94149,2284,2,數學108,N-2-2-S01,286.486,100,2024-10-11 18:21:23,2024,10,2024-W41,週五,晚上,4,3,0,0,0,0
142436901,94149,2284,2,數學108,N-2-2-S02,468.935,100,2024-10-11 18:25:18,2024,10,2024-W41,週五,晚上,1,0,0,0,0,0
142437469,94149,2284,2,數學108,N-2-2-S03,372.939,100,2024-10-11 18:31:08,2024,10,2024-W41,週五,晚上,1,0,0,0,0,0
142438497,94149,2284,2,數學108,N-2-2-S04,429.729,5,2024-10-11 18:45:53,2024,10,2024-W41,週五,晚上,2,2,0,0,0,0
142438766,94149,2284,2,數學108,N-2-2-S04,429.729,9,2024-10-11 18:49:08,2024,10,2024-W41,週五,晚上,1,0,1,0,0,0
142439437,228685,2284,3,英語108,字母-AlphabetA-Z,390.208,100,2024-10-11 18:55:41,2024,10,2024-W41,週五,晚上,2,1,0,0,0,0
142440396,93893,2284,2,數學108,N-2-2-S04,429.729,100,2024-10-11 19:04:33,2024,10,2024-W41,週五,晚上,1,0,0,0,0,0
142459899,466,2284,3,數學108,N-3-1-S01,722.8,9,2024-10-11 21:18:56,2024,10,2024-W41,週五,晚上,3,3,0,0,0,0
142461143,466,2284,3,英語108,自我介紹-What'syourname?,138.776,100,2024-10-11 21:27:25,2024,10,2024-W41,週五,晚上,1,0,0,0,0,0
142461558,466,2284,3,英語108,自我介紹-What'syourname?,138.776,100,2024-10-11 21:29:57,2024,10,2024-W41,週五,晚上,1,1,0,0,0,0
142462036,466,2284,3,英語108,自我介紹-HappyBirthday.I'm_____year(s),187.096,94,2024-10-11 21:33:58,2024,10,2024-W41,週五,晚上,1,1,0,0,0,0
142463184,466,2284,3,英語108,自我介紹-HappyBirthday.I'm_____year(s),187.096,100,2024-10-11 21:42:13,2024,10,2024-W41,週五,晚上,1,0,0,0,0,0
142464523,466,2284,3,英語108,字母-AlphabetA-Z,390.208,31,2024-10-11 21:52:04,2024,10,2024-W41,週五,晚上,3,2,0,0,0,0
142465300,89055,2284,2,數學108,R-2-4-S03,614.052,20,2024-10-11 21:57:50,2024,10,2024-W41,週五,晚上,8,8,4,0,2,0
142468656,230106,2284,3,英語108,字母-AlphabetA-Z,390.208,7,2024-10-11 22:28:22,2024,10,2024-W41,週五,晚上,1,1,0,0,0,0
142469434,88805,2284,2,國語文108,字音[二]/單音1,91.029,100,2024-10-11 22:37:25,2024,10,2024-W41,週五,晚上,1,0,0,0,0,0
142469698,88805,2284,2,國語文108,字音[二]/單音2,84.459,100,2024-10-11 22:41:00,2024,10,2024-W41,週五,晚上,1,0,0,0,0,0
142469943,88805,2284,2,國語文108,推論理解[二]/段落工具推論,369.237,100,2024-10-11 22:44:07,2024,10,2024-W41,週五,晚上,1,0,0,0,0,0
142470656,88805,2284,2,國語文108,推論理解[二]/段落情緒推論,337.28,100,2024-10-11 22:54:03,2024,10,2024-W41,週五,晚上,1,0,0,0,0,0
142471304,466,2284,3,英語108,字母-AlphabetA-Z,390.208,100,2024-10-11 23:05:03,2024,10,2024-W41,週五,晚上,2,1,0,0,0,0
142471750,466,2284,3,英語108,字母-AlphabetN-Z,349.077,100,2024-10-11 23:15:37,2024,10,2024-W41,週五,晚上,1,0,0,0,0,0
142474547,189551,2284,2,數學108,R-2-4-S03,614.052,100,2024-10-12 07:15:35,2024,10,2024-W41,週六,上午,4,3,2,0,1,0
142483468,94149,2284,2,數學108,N-2-2-S04,429.729,49,2024-10-12 10:13:13,2024,10,2024-W41,週六,上午,1,1,0,0,0,0
142490195,94098,2284,2,國語文108,語法標點[二]/引號,509.329,100,2024-10-12 11:10:10,2024,10,2024-W41,週六,上午,2,1,0,0,0,0
142510110,239474,2284,3,英語108,自我介紹-What'syourname?,138.776,100,2024-10-12 14:18:28,2024,10,2024-W41,週六,下午,1,0,0,0,0,0
142511745,88836,2284,2,數學108,R-2-4-S03,614.052,100,2024-10-12 14:32:44,2024,10,2024-W41,週六,下午,5,4,1,0,0,0
142513801,2766,2284,3,英語108,自我介紹-What'syourname?,138.776,100,2024-10-12 14:49:32,2024,10,2024-W41,週六,下午,5,4,1,0,0,0
142514087,239474,2284,3,英語108,自我介紹-HappyBirthday.I'm_____year(s),187.096,100,2024-10-12 14:52:23,2024,10,2024-W41,週六,下午,1,0,0,0,0,0
142516139,2766,2284,3,英語108,自我介紹-HappyBirthday.I'm_____year(s),187.096,100,2024-10-12 15:13:41,2024,10,2024-W41,週六,下午,5,4,0,0,0,0
142518985,2766,2284,3,英語108,字母-AlphabetA-Z,390.208,100,2024-10-12 15:39:30,2024,10,2024-W41,週六,下午,1,0,0,0,0,0
142520260,2766,2284,3,英語108,字母-AlphabetN-Z,349.077,12,2024-10-12 15:51:37,2024,10,2024-W41,週六,下午,1,0,0,0,0,0
142520833,2766,2284,3,英語108,字母-AlphabetN-Z,349.077,100,2024-10-12 15:57:23,2024,10,2024-W41,週六,下午,3,2,0,0,0,0
142524234,89348,2284,2,國語文108,字音[二]/單音1,91.029,100,2024-10-12 16:31:03,2024,10,2024-W41,週六,下午,1,0,0,0,0,0
142524552,89348,2284,2,國語文108,字音[二]/單音2,84.459,100,2024-10-12 16:34:03,2024,10,2024-W41,週六,下午,1,0,0,0,0,0
142524841,89348,2284,2,國語文108,推論理解[二]/段落工具推論,369.237,100,2024-10-12 16:36:49,2024,10,2024-W41,週六,下午,1,0,0,0,0,0
142525632,89348,2284,2,國語文108,推論理解[二]/段落情緒推論,337.28,100,2024-10-12 16:46:30,2024,10,2024-W41,週六,下午,6,5,0,0,0,0
142546868,251838,2284,3,英語108,自我介紹-What'syourname?,138.776,100,2024-10-12 21:14:33,2024,10,2024-W41,週六,晚上,3,2,1,0,0,0
142547307,251838,2284,3,英語108,字母-AlphabetA-Z,390.208,100,2024-10-12 21:19:25,2024,10,2024-W41,週六,晚上,2,1,1,0,0,0
142594269,93845,2284,2,數學108,N-2-2-S01,286.486,100,2024-10-13 14:27:22,2024,10,2024-W41,週日,下午,3,2,0,0,0,0
142595596,93845,2284,2,數學108,N-2-2-S02,468.935,100,2024-10-13 14:39:44,2024,10,2024-W41,週日,下午,6,5,0,0,0,0
142597465,93845,2284,2,數學108,N-2-2-S03,372.939,100,2024-10-13 14:56:25,2024,10,2024-W41,週日,下午,1,0,0,0,0,0
142599153,93845,2284,2,數學108,N-2-2-S04,429.729,100,2024-10-13 15:11:13,2024,10,2024-W41,週日,下午,1,0,0,0,0,0
142610837,93778,2284,2,數學108,R-2-4-S03,614.052,100,2024-10-13 16:43:13,2024,10,2024-W41,週日,下午,14,13,3,0,0,0
142619186,2068,2284,3,國語文108,字音[三]/多音3,126.733,3,2024-10-13 18:06:49,2024,10,2024-W41,週日,晚上,1,1,0,0,0,0
142622771,93668,2284,2,數學108,N-2-2-S01,286.486,100,2024-10-13 18:44:37,2024,10,2024-W41,週日,晚上,1,0,0,0,0,0
142623725,93668,2284,2,數學108,N-2-2-S02,468.935,100,2024-10-13 18:54:06,2024,10,2024-W41,週日,晚上,1,0,0,0,0,0
142624623,93668,2284,2,數學108,N-2-2-S02,468.935,3,2024-10-13 19:02:04,2024,10,2024-W41,週日,晚上,1,1,0,0,0,0
142625674,93668,2284,2,數學108,N-2-2-S03,372.939,100,2024-10-13 19:10:48,2024,10,2024-W41,週日,晚上,1,0,0,0,0,0
142630500,93668,2284,2,數學108,N-2-2-S04,429.729,100,2024-10-13 19:48:39,2024,10,2024-W41,週日,晚上,2,1,0,0,0,0
142632463,229503,2284,3,國語文108,字音[三]/多音2,116.2,100,2024-10-13 19:59:37,2024,10,2024-W41,週日,晚上,1,0,0,0,0,0
142632875,229503,2284,3,國語文108,字音[三]/多音3,126.733,100,2024-10-13 20:01:50,2024,10,2024-W41,週日,晚上,1,0,0,0,0,0
142634074,229503,2284,3,國語文108,字形[三]/同音字5,123.6,100,2024-10-13 20:08:41,2024,10,2024-W41,週日,晚上,1,0,0,0,0,0
142634496,229503,2284,3,國語文108,字形結構[三]/左窄右寬結構,126.0,100,2024-10-13 20:10:57,2024,10,2024-W41,週日,晚上,1,0,0,0,0,0
142635122,229503,2284,3,國語文108,語法標點[三]/驚嘆號,617.163,100,2024-10-13 20:13:57,2024,10,2024-W41,週日,晚上,1,0,0,0,0,0
142638492,229503,2284,3,國語文108,詞義[三]/同義,219.78,100,2024-10-13 20:30:28,2024,10,2024-W41,週日,晚上,1,0,0,0,0,0
142639314,229503,2284,3,國語文108,句義[三]/句義1,209.515,100,2024-10-13 20:34:20,2024,10,2024-W41,週日,晚上,1,0,0,0,0,0
142646852,94098,2284,2,數學108,R-2-4-S03,614.052,100,2024-10-13 21:13:33,2024,10,2024-W41,週日,晚上,2,1,1,0,0,0
142707535,80905,1377,3,資訊教育,作業系統介紹與操作-作業系統的介紹,290.325,100,2024-10-14 09:40:58,2024,10,2024-W42,週一,上午,8,7,1,0,0,2
142713845,80905,1377,3,資訊教育,作業系統介紹與操作-作業系統的介紹,290.325,100,2024-10-14 09:56:59,2024,10,2024-W42,週一,上午,2,2,1,0,0,0
142717895,80905,1377,3,資訊教育,作業系統介紹與操作-作業系統的介紹,290.325,23,2024-10-14 10:08:50,2024,10,2024-W42,週一,上午,2,1,1,0,0,0
142720616,228994,2284,3,數學108,N-3-1-S04,714.24,7,2024-10-14 10:21:41,2024,10,2024-W42,週一,上午,6,5,0,0,0,0
142725475,75413,1377,3,資訊教育,英文輸入真Easy,201.664,100,2024-10-14 10:49:08,2024,10,2024-W42,週一,上午,11,10,3,0,0,3
142735080,172421,1377,4,資訊教育,關鍵字搜尋與辨別假訊息,449.877,26,2024-10-14 11:20:48,2024,10,2024-W42,週一,上午,4,4,1,0,0,2
142755240,242339,2284,3,國語文108,字音[三]/多音3,126.733,100,2024-10-14 12:51:39,2024,10,2024-W42,週一,下午,2,1,0,0,0,0
142757178,242339,2284,3,國語文108,字形結構[三]/左窄右寬結構,126.0,100,2024-10-14 12:57:23,2024,10,2024-W42,週一,下午,1,0,0,0,0,0
142758138,242339,2284,3,國語文108,字形結構[三]/左窄右寬結構,126.0,100,2024-10-14 12:59:54,2024,10,2024-W42,週一,下午,1,0,0,0,0,0
142759375,242339,2284,3,國語文108,字形結構[三]/左窄右寬結構,126.0,7,2024-10-14 13:03:36,2024,10,2024-W42,週一,下午,1,1,0,0,0,0
142818588,70359,2284,5,數學108,video:N-4-1-S01,1061.894,100,2024-10-14 16:07:48,2024,10,2024-W42,週一,下午,8,7,0,0,0,0
142818835,79645,2284,5,數學108,video:N-4-1-S01,1061.894,1,2024-10-14 16:08:17,2024,10,2024-W42,週一,下午,1,1,0,0,0,0
142822072,79645,2284,5,數學108,video:N-4-1-S01,1061.894,100,2024-10-14 16:14:32,2024,10,2024-W42,週一,下午,2,1,0,0,0,0
142827837,252831,2284,3,數學108,N-3-3-S01,255.189,0,2024-10-14 16:22:28,2024,10,2024-W42,週一,下午,1,1,0,0,0,0
142827938,251838,2284,3,數學108,N-3-3-S01,255.189,100,2024-10-14 16:22:36,2024,10,2024-W42,週一,下午,13,12,2,0,0,0
142828086,252831,2284,3,數學108,N-3-3-S01,255.189,100,2024-10-14 16:22:48,2024,10,2024-W42,週一,下午,6,5,0,0,0,0
142828587,252712,2284,3,數學108,N-3-3-S01,255.189,100,2024-10-14 16:23:28,2024,10,2024-W42,週一,下午,10,9,1,0,0,0
142829662,113961,1377,5,英語108,語音-VowelSound/o/(oeoaowo_e,220.544,100,2024-10-14 16:24:54,2024,10,2024-W42,週一,下午,3,2,0,0,0,0
142829898,2865,2284,3,數學108,N-3-3-S01,255.189,62,2024-10-14 16:25:12,2024,10,2024-W42,週一,下午,3,2,0,0,0,0
142831652,228994,2284,3,數學108,N-3-3-S01,255.189,16,2024-10-14 16:27:21,2024,10,2024-W42,週一,下午,6,6,0,0,0,0
142832919,228994,2284,3,數學108,N-3-3-S01,255.189,29,2024-10-14 16:29:01,2024,10,2024-W42,週一,下午,2,1,0,0,0,0
142833906,228994,2284,3,數學108,N-3-3-S01,255.189,44,2024-10-14 16:30:15,2024,10,2024-W42,週一,下午,2,1,0,0,0,0
142833976,2865,2284,3,數學108,N-3-3-S01,255.189,100,2024-10-14 16:30:20,2024,10,2024-W42,週一,下午,3,2,0,0,0,0
142835347,228994,2284,3,數學108,N-3-3-S01,255.189,100,2024-10-14 16:32:09,2024,10,2024-W42,週一,下午,8,7,1,0,0,0
142835561,251838,2284,3,數學108,N-3-3-S02,266.773,100,2024-10-14 16:32:25,2024,10,2024-W42,週一,下午,7,6,6,0,0,0
142836141,113961,1377,5,英語108,語音-VowelSoundsue,237.461,80,2024-10-14 16:33:13,2024,10,2024-W42,週一,下午,4,4,0,0,0,0
142837147,252712,2284,3,數學108,N-3-3-S02,266.773,0,2024-10-14 16:34:34,2024,10,2024-W42,週一,下午,1,1,0,0,0,0
142837523,252831,2284,3,數學108,N-3-3-S02,266.773,73,2024-10-14 16:35:06,2024,10,2024-W42,週一,下午,1,1,0,0,0,0
142838770,228994,2284,3,數學108,N-3-3-S01,255.189,45,2024-10-14 16:36:45,2024,10,2024-W42,週一,下午,1,1,0,0,0,0
142838944,252712,2284,3,數學108,N-3-3-S02,266.773,0,2024-10-14 16:36:59,2024,10,2024-W42,週一,下午,1,1,0,0,0,0
142839168,2865,2284,3,數學108,N-3-3-S02,266.773,38,2024-10-14 16:37:20,2024,10,2024-W42,週一,下午,1,0,0,0,0,0
142843993,179767,1377,6,英語108,"位置-AMessyDesk-in,on,under,by",158.897,100,2024-10-14 16:45:04,2024,10,2024-W42,週一,下午,3,3,0,0,0,0
142848908,113961,1377,5,英語108,語音-VowelSoundsue,237.461,100,2024-10-14 16:55:25,2024,10,2024-W42,週一,下午,1,0,0,0,0,0
142848926,179767,1377,6,英語108,"物品-What's in the classroom? -window, desk, door, blackboard, chair",155.104,100,2024-10-14 16:55:27,2024,10,2024-W42,週一,下午,2,1,0,0,0,0
142851042,113961,1377,5,英語108,語音-ConsonantSoundsBbPp,263.616,100,2024-10-14 17:01:26,2024,10,2024-W42,週一,下午,1,0,0,0,0,0
142852090,179767,1377,6,英語108,"房間名稱-FavoritePlaceAtHome-livingroom,diningroom,bedroom,bathroom,kitchen",229.504,100,2024-10-14 17:04:11,2024,10,2024-W42,週一,下午,2,1,0,0,0,0
142855780,179767,1377,6,英語108,"算數-thirteen,fourteen,fifteen,sixteen,eighteen,nineteen",456.852,57,2024-10-14 17:12:57,2024,10,2024-W42,週一,下午,4,4,0,0,0,0
142918691,89348,2284,2,數學108,N-2-11-S02,422.87,2,2024-10-15 08:12:39,2024,10,2024-W42,週二,上午,1,1,0,0,0,0
142960280,78703,1377,3,資訊教育,中文輸入真Easy,237.12,100,2024-10-15 10:34:46,2024,10,2024-W42,週二,上午,14,13,3,0,0,5
142960962,76576,1377,3,資訊教育,中文輸入真Easy,237.12,100,2024-10-15 10:39:15,2024,10,2024-W42,週二,上午,13,12,0,0,0,1
142961607,131251,1377,3,資訊教育,作業系統介紹與操作-視窗與滑鼠的操作,352.619,77,2024-10-15 10:42:32,2024,10,2024-W42,週二,上午,15,15,0,0,0,2
142962174,76576,1377,3,資訊教育,中文輸入真Easy,237.12,8,2024-10-15 10:44:19,2024,10,2024-W42,週二,上午,4,4,0,0,0,0
142969422,78703,1377,3,資訊教育,認識鍵盤,332.224,100,2024-10-15 11:04:28,2024,10,2024-W42,週二,上午,4,3,2,2,0,0
142969453,76576,1377,3,資訊教育,英文輸入真Easy,201.664,100,2024-10-15 11:04:36,2024,10,2024-W42,週二,上午,3,2,0,0,0,1
142970207,78703,1377,3,資訊教育,英文輸入真Easy,201.664,57,2024-10-15 11:07:40,2024,10,2024-W42,週二,上午,2,2,0,0,0,0
142970412,76576,1377,3,資訊教育,認識鍵盤,332.224,28,2024-10-15 11:08:37,2024,10,2024-W42,週二,上午,1,1,0,0,0,0
142994611,228745,2284,3,數學108,S-3-2-S01,364.12,20,2024-10-15 13:12:05,2024,10,2024-W42,週二,下午,5,4,0,0,0,0
142995457,228745,2284,3,數學108,S-3-2-S01,364.12,50,2024-10-15 13:15:04,2024,10,2024-W42,週二,下午,1,0,0,0,0,0
143018252,93669,2284,2,數學108,N-2-2-S01,286.486,100,2024-10-15 14:31:00,2024,10,2024-W42,週二,下午,3,2,0,0,0,0
143019979,94092,2284,2,國語文108,語法[一]/病句,415.815,100,2024-10-15 14:35:09,2024,10,2024-W42,週二,下午,2,1,0,0,0,0
143020824,93893,2284,2,數學108,N-2-3-S01,884.76,100,2024-10-15 14:37:07,2024,10,2024-W42,週二,下午,5,4,0,0,0,0
143021986,93668,2284,2,數學108,N-2-3-S01,884.76,82,2024-10-15 14:39:30,2024,10,2024-W42,週二,下午,4,4,1,0,0,0
143022860,94078,2284,2,數學108,N-2-3-S01,884.76,100,2024-10-15 14:41:13,2024,10,2024-W42,週二,下午,6,5,1,0,0,0
143023444,93669,2284,2,數學108,N-2-2-S02,468.935,100,2024-10-15 14:42:24,2024,10,2024-W42,週二,下午,4,4,0,0,0,0
143026598,93845,2284,2,數學108,N-2-3-S01,884.76,78,2024-10-15 14:48:40,2024,10,2024-W42,週二,下午,9,9,6,0,0,0
143028267,94092,2284,2,國語文108,詞義[一]/指代詞3,85.952,74,2024-10-15 14:51:55,2024,10,2024-W42,週二,下午,14,14,4,0,0,0
143028967,93669,2284,2,數學108,N-2-2-S03,372.939,89,2024-10-15 14:53:25,2024,10,2024-W42,週二,下午,3,3,0,0,0,0
143029733,93753,2284,2,數學108,N-2-3-S01,884.76,12,2024-10-15 14:55:22,2024,10,2024-W42,週二,下午,3,2,0,0,0,0
143031082,93893,2284,2,數學108,N-2-3-S01,884.76,0,2024-10-15 14:58:49,2024,10,2024-W42,週二,下午,7,7,2,3,0,0
143058478,252712,2284,3,數學108,N-3-3-S02,266.773,0,2024-10-15 16:06:56,2024,10,2024-W42,週二,下午,1,1,0,0,0,0
143059586,239474,2284,3,數學108,N-3-3-S01,255.189,100,2024-10-15 16:08:53,2024,10,2024-W42,週二,下午,1,0,0,0,0,0
143060659,249749,2284,3,數學108,N-3-3-S01,255.189,100,2024-10-15 16:10:33,2024,10,2024-W42,週二,下午,34,33,6,0,0,0
143060973,2865,2284,3,數學108,N-3-3-S02,266.773,100,2024-10-15 16:11:00,2024,10,2024-W42,週二,下午,5,4,0,0,0,0
143061182,60833,2284,5,數學108,video:N-5-3-S03,280.0,31,2024-10-15 16:11:19,2024,10,2024-W42,週二,下午,2,2,0,0,0,0
143061782,252831,2284,3,數學108,N-3-3-S02,266.773,78,2024-10-15 16:12:17,2024,10,2024-W42,週二,下午,1,1,0,0,0,0
143061809,252712,2284,3,數學108,N-3-3-S02,266.773,0,2024-10-15 16:12:19,2024,10,2024-W42,週二,下午,1,1,0,0,0,0
143062354,252831,2284,3,數學108,N-3-3-S02,266.773,100,2024-10-15 16:13:05,2024,10,2024-W42,週二,下午,3,2,0,0,0,0
143063552,228994,2284,3,數學108,N-3-3-S01,255.189,100,2024-10-15 16:14:36,2024,10,2024-W42,週二,下午,4,3,0,0,0,0
143066046,113961,1377,5,英語108,"語音-VowelSoundsee,e_e,e",317.696,100,2024-10-15 16:17:46,2024,10,2024-W42,週二,下午,9,8,0,0,0,0
143066384,252712,2284,3,數學108,N-3-3-S02,266.773,25,2024-10-15 16:18:13,2024,10,2024-W42,週二,下午,1,1,0,0,0,0
143067441,228994,2284,3,數學108,N-3-3-S02,266.773,72,2024-10-15 16:19:37,2024,10,2024-W42,週二,下午,104,104,0,0,0,0
143067786,239474,2284,3,數學108,N-3-3-S02,266.773,100,2024-10-15 16:20:08,2024,10,2024-W42,週二,下午,3,2,0,0,0,0
143067938,252712,2284,3,數學108,N-3-3-S02,266.773,100,2024-10-15 16:20:20,2024,10,2024-W42,週二,下午,1,0,0,0,0,0
143069245,249749,2284,3,數學108,N-3-3-S02,266.773,100,2024-10-15 16:22:05,2024,10,2024-W42,週二,下午,6,5,0,0,0,0
143072447,228994,2284,3,數學108,N-3-3-S02,266.773,100,2024-10-15 16:26:02,2024,10,2024-W42,週二,下午,2,1,0,0,0,0
143073289,113961,1377,5,英語108,"語音-VowelSoundsee,e_e,e",317.696,100,2024-10-15 16:27:05,2024,10,2024-W42,週二,下午,5,4,0,0,0,0
143079230,13053,1377,5,英語108,語音-TheNGSound,178.112,100,2024-10-15 16:34:01,2024,10,2024-W42,週二,下午,2,1,0,0,0,0
143083256,113961,1377,5,英語108,"語音-VowelSoundsa_e,a",279.104,100,2024-10-15 16:38:51,2024,10,2024-W42,週二,下午,2,1,0,0,0,0
143083446,14637,1377,5,英語108,"位置-AMessyDesk-in,on,under,by",158.897,100,2024-10-15 16:39:06,2024,10,2024-W42,週二,下午,1,0,0,0,0,0
143091589,113961,1377,5,英語108,"語音-VowelSoundsi_e,i",238.656,100,2024-10-15 16:50:57,2024,10,2024-W42,週二,下午,2,1,0,0,0,0
143092921,179767,1377,6,英語108,語音-VowelSounds/e/,193.408,67,2024-10-15 16:53:41,2024,10,2024-W42,週二,下午,7,5,0,0,0,0
143095510,179767,1377,6,英語108,語音-VowelSounds/e/,193.408,100,2024-10-15 16:58:27,2024,10,2024-W42,週二,下午,3,2,0,0,0,0
143348057,93898,2284,2,數學108,N-2-3-S01,884.76,100,2024-10-17 08:19:25,2024,10,2024-W42,週四,上午,5,4,0,0,0,0
143348444,89348,2284,2,數學108,N-2-11-S02,422.87,32,2024-10-17 08:19:52,2024,10,2024-W42,週四,上午,4,4,0,0,0,0
143349371,93669,2284,2,數學108,N-2-3-S01,884.76,100,2024-10-17 08:20:59,2024,10,2024-W42,週四,上午,3,2,0,0,0,0
143350164,88805,2284,2,數學108,N-2-11-S04,647.07,64,2024-10-17 08:21:57,2024,10,2024-W42,週四,上午,12,12,5,0,0,0
143350824,89348,2284,2,數學108,N-2-11-S02,422.87,100,2024-10-17 08:22:46,2024,10,2024-W42,週四,上午,2,1,0,0,0,0
143351547,93845,2284,2,數學108,N-2-3-S01,884.76,100,2024-10-17 08:23:40,2024,10,2024-W42,週四,上午,2,1,1,0,0,0
143351977,93668,2284,2,數學108,N-2-3-S01,884.76,100,2024-10-17 08:24:11,2024,10,2024-W42,週四,上午,1,0,0,0,0,0
143353412,93867,2284,2,數學108,N-2-3-S01,884.76,72,2024-10-17 08:25:48,2024,10,2024-W42,週四,上午,1,0,0,0,0,0
143354300,94149,2284,2,數學108,N-2-3-S01,884.76,23,2024-10-17 08:26:48,2024,10,2024-W42,週四,上午,1,0,0,0,0,0
143354610,93893,2284,2,數學108,N-2-3-S01,884.76,40,2024-10-17 08:27:07,2024,10,2024-W42,週四,上午,3,3,0,1,0,0
143354964,94078,2284,2,國語文108,文章[一]/語句組織1,221.695,68,2024-10-17 08:27:28,2024,10,2024-W42,週四,上午,15,14,1,0,0,0
143355596,89348,2284,2,數學108,N-2-11-S05,302.579,100,2024-10-17 08:28:10,2024,10,2024-W42,週四,上午,10,9,0,0,0,0
143357431,88805,2284,2,數學108,N-2-11-S04,647.07,100,2024-10-17 08:30:25,2024,10,2024-W42,週四,上午,2,1,1,0,0,0
143359474,94078,2284,2,國語文108,文章[一]/語句組織1,221.695,100,2024-10-17 08:33:07,2024,10,2024-W42,週四,上午,1,0,0,0,0,0
143360615,89348,2284,2,數學108,S-2-3-S02,503.803,8,2024-10-17 08:34:46,2024,10,2024-W42,週四,上午,1,1,2,0,0,0
143501299,249749,2284,3,國語文108,字形[三]/同音字5,123.6,100,2024-10-17 15:43:47,2024,10,2024-W42,週四,下午,14,13,5,0,0,0
143506593,249749,2284,3,國語文108,字形結構[三]/左窄右寬結構,126.0,100,2024-10-17 15:51:59,2024,10,2024-W42,週四,下午,3,2,0,0,0,0
143507186,251097,2284,3,數學108,N-3-1-S01,722.8,14,2024-10-17 15:53:13,2024,10,2024-W42,週四,下午,1,0,0,0,0,0
143539425,179767,1377,6,英語108,"情緒-Feelings(angry,happy,sad,sick,tired)",195.392,100,2024-10-17 16:41:01,2024,10,2024-W42,週四,下午,1,0,0,0,0,0
143661637,77402,1377,5,資訊教育,簡報物件動畫設計,309.077,91,2024-10-18 09:55:55,2024,10,2024-W42,週五,上午,4,4,0,0,0,1
143662154,75112,1377,5,資訊教育,增刪投影片與版面配置,283.008,11,2024-10-18 09:56:58,2024,10,2024-W42,週五,上午,2,3,0,0,0,0
143663290,75816,1377,5,資訊教育,Google簡報的操作介面與檔案管理,290.453,100,2024-10-18 09:59:28,2024,10,2024-W42,週五,上午,45,45,1,0,0,2
143663580,78872,1377,5,資訊教育,設計好看的封面,362.795,11,2024-10-18 10:00:10,2024,10,2024-W42,週五,上午,2,3,0,0,0,1
143663711,75112,1377,5,資訊教育,增刪投影片與版面配置,283.008,73,2024-10-18 10:00:28,2024,10,2024-W42,週五,上午,5,6,1,0,0,3
143664164,77402,1377,5,資訊教育,簡報物件動畫設計,309.077,100,2024-10-18 10:01:34,2024,10,2024-W42,週五,上午,1,0,0,0,0,0
143664432,75415,1377,5,資訊教育,插入影片,279.68,34,2024-10-18 10:02:11,2024,10,2024-W42,週五,上午,2,2,0,0,0,1
143664783,77402,1377,5,資訊教育,簡報投影片轉換,254.955,90,2024-10-18 10:03:02,2024,10,2024-W42,週五,上午,2,2,0,0,0,1
143665122,75208,1377,5,資訊教育,設計好看的封面,362.795,100,2024-10-18 10:03:45,2024,10,2024-W42,週五,上午,6,5,0,0,0,0
143666347,75076,1377,5,資訊教育,設計好看的封面,362.795,65,2024-10-18 10:06:26,2024,10,2024-W42,週五,上午,6,6,1,0,0,0
143666432,75816,1377,5,資訊教育,Google簡報的操作介面與檔案管理,290.453,100,2024-10-18 10:06:40,2024,10,2024-W42,週五,上午,1,1,0,0,0,0
143666849,75069,1377,5,資訊教育,Google簡報的操作介面與檔案管理,290.453,75,2024-10-18 10:07:49,2024,10,2024-W42,週五,上午,2,2,0,0,0,0
143666998,75112,1377,5,資訊教育,增刪投影片與版面配置,283.008,91,2024-10-18 10:08:14,2024,10,2024-W42,週五,上午,2,2,0,0,0,0
143667230,75816,1377,5,資訊教育,插入圖案,226.432,15,2024-10-18 10:08:51,2024,10,2024-W42,週五,上午,3,3,0,0,0,0
143667536,75816,1377,5,資訊教育,輸入簡報內容及插入網頁圖片,393.195,0,2024-10-18 10:09:40,2024,10,2024-W42,週五,上午,2,2,0,0,0,0
143667653,75816,1377,5,資訊教育,輸入簡報內容及插入網頁圖片,393.195,0,2024-10-18 10:10:00,2024,10,2024-W42,週五,上午,1,1,0,0,0,0
143684118,26970,1377,5,資訊教育,增刪投影片與版面配置,283.008,53,2024-10-18 10:58:26,2024,10,2024-W42,週五,上午,5,5,1,0,0,1
143684329,29204,1377,5,資訊教育,設計好看的封面,362.795,50,2024-10-18 10:58:55,2024,10,2024-W42,週五,上午,8,8,16,0,0,0
143684589,29165,1377,5,資訊教育,變更投影片主題,337.237,100,2024-10-18 10:59:28,2024,10,2024-W42,週五,上午,1,0,0,0,0,0
143685537,26970,1377,5,資訊教育,變更投影片主題,337.237,6,2024-10-18 11:01:25,2024,10,2024-W42,週五,上午,2,2,0,0,0,0
143685703,39073,1377,5,資訊教育,簡報物件動畫設計,309.077,23,2024-10-18 11:01:44,2024,10,2024-W42,週五,上午,1,1,0,0,0,0
143686050,29231,1377,5,資訊教育,設計好看的封面,362.795,15,2024-10-18 11:02:22,2024,10,2024-W42,週五,上午,4,4,0,0,0,1
143686053,26970,1377,5,資訊教育,設計好看的封面,362.795,24,2024-10-18 11:02:22,2024,10,2024-W42,週五,上午,10,10,1,0,0,1
143687044,29075,1377,5,資訊教育,簡報的基本概念,236.203,100,2024-10-18 11:04:24,2024,10,2024-W42,週五,上午,7,6,0,0,0,1
143687543,29165,1377,5,資訊教育,匯入投影片主題,253.227,100,2024-10-18 11:05:31,2024,10,2024-W42,週五,上午,8,8,2,0,0,1
143688657,24756,1377,5,資訊教育,插入資料來源及投影片編號,318.421,13,2024-10-18 11:08:01,2024,10,2024-W42,週五,上午,2,2,0,0,0,0
143688763,34771,1377,5,資訊教育,Google簡報的操作介面與檔案管理,290.453,15,2024-10-18 11:08:16,2024,10,2024-W42,週五,上午,5,5,0,0,0,1
143689099,24756,1377,5,資訊教育,插入影片,279.68,48,2024-10-18 11:08:59,2024,10,2024-W42,週五,上午,7,7,0,0,0,1
143689330,29075,1377,5,資訊教育,簡報的應用程式,269.568,25,2024-10-18 11:09:36,2024,10,2024-W42,週五,上午,2,1,0,0,0,0
143698019,238943,1377,6,資訊教育,建立自創角色,292.058,100,2024-10-18 11:40:08,2024,10,2024-W42,週五,上午,1,0,0,0,0,0
143698389,238943,1377,6,資訊教育,建立自創角色,292.058,10,2024-10-18 11:40:47,2024,10,2024-W42,週五,上午,1,0,0,0,0,0
143698645,238943,1377,6,資訊教育,自創角色跑起來,455.221,52,2024-10-18 11:41:16,2024,10,2024-W42,週五,上午,17,17,3,0,0,0
143699343,239275,1377,6,資訊教育,建立自創角色,292.058,7,2024-10-18 11:42:40,2024,10,2024-W42,週五,上午,2,2,0,0,0,0
143700402,239765,1377,6,資訊教育,兩個角色的互動,293.16,2,2024-10-18 11:44:54,2024,10,2024-W42,週五,上午,10,9,3,0,0,2
143702746,239765,1377,6,資訊教育,兩個角色的互動,293.16,11,2024-10-18 11:50:09,2024,10,2024-W42,週五,上午,3,3,0,0,0,0
143703552,230630,1377,6,資訊教育,建立自創角色,292.058,100,2024-10-18 11:51:36,2024,10,2024-W42,週五,上午,3,3,0,2,0,0
143703638,239275,1377,6,資訊教育,自創角色跑起來,455.221,73,2024-10-18 11:51:46,2024,10,2024-W42,週五,上午,3,2,0,0,0,1
143704086,230630,1377,6,資訊教育,兩個角色的互動,293.16,18,2024-10-18 11:52:34,2024,10,2024-W42,週五,上午,2,2,0,1,0,0
143719121,3276,2284,3,數學108,N-3-13-S01,294.545,31,2024-10-18 13:11:30,2024,10,2024-W42,週五,下午,2,2,0,0,0,0
143719714,3276,2284,3,數學108,S-3-2-S01,364.12,93,2024-10-18 13:14:06,2024,10,2024-W42,週五,下午,9,9,2,0,0,0
143728168,51787,1377,6,資訊教育,兩個角色的互動,293.16,87,2024-10-18 13:50:59,2024,10,2024-W42,週五,下午,11,11,1,0,0,1
143786736,179767,1377,6,英語108,問候-GoodJob.TryAgain.,180.992,100,2024-10-18 16:17:32,2024,10,2024-W42,週五,下午,1,0,0,0,0,0
143797406,179767,1377,6,英語108,"身體外型-I&#039;m___.(tall,short,thin,old,young)",151.599,100,2024-10-18 16:45:54,2024,10,2024-W42,週五,下午,2,1,0,0,0,0
143833310,88805,2284,2,國語文108,字音[二]/輕音,107.712,100,2024-10-18 21:28:15,2024,10,2024-W42,週五,晚上,1,0,0,0,0,0
143833953,88805,2284,2,國語文108,字音[二]/多音1,102.379,100,2024-10-18 21:32:42,2024,10,2024-W42,週五,晚上,1,0,0,0,0,0
143834215,88805,2284,2,國語文108,字音[二]/多音1,102.379,0,2024-10-18 21:34:31,2024,10,2024-W42,週五,晚上,1,1,1,2,0,0
143834481,88805,2284,2,國語文108,字音[二]/多音2,101.461,100,2024-10-18 21:36:14,2024,10,2024-W42,週五,晚上,1,0,0,0,0,0
143834996,88805,2284,2,國語文108,推論理解[二]/句子多因單果推論,351.189,100,2024-10-18 21:39:06,2024,10,2024-W42,週五,晚上,1,0,0,0,0,0
143836125,88805,2284,2,國語文108,推論理解[二]/句子情緒推論,351.061,100,2024-10-18 21:46:49,2024,10,2024-W42,週五,晚上,1,0,0,0,0,0
143838258,89348,2284,2,國語文108,字音[二]/輕音,107.712,100,2024-10-18 22:03:06,2024,10,2024-W42,週五,晚上,1,0,0,0,0,0
143838835,89348,2284,2,國語文108,字音[二]/多音2,101.461,100,2024-10-18 22:08:07,2024,10,2024-W42,週五,晚上,1,0,0,0,0,0
143839207,89348,2284,2,國語文108,字音[二]/多音1,102.379,100,2024-10-18 22:12:31,2024,10,2024-W42,週五,晚上,2,1,0,0,0,0
143839506,89348,2284,2,國語文108,推論理解[二]/句子多因單果推論,351.189,100,2024-10-18 22:15:40,2024,10,2024-W42,週五,晚上,1,0,0,0,0,0
143840316,89348,2284,2,國語文108,推論理解[二]/句子情緒推論,351.061,100,2024-10-18 22:23:35,2024,10,2024-W42,週五,晚上,2,1,0,0,0,0
143849494,252091,2284,3,數學108,N-3-8-S01,375.443,100,2024-10-19 08:41:16,2024,10,2024-W42,週六,上午,1,0,0,0,0,0
143850526,252091,2284,3,數學108,N-3-8-S02,385.8,100,2024-10-19 09:00:22,2024,10,2024-W42,週六,上午,1,0,0,0,0,0
143851380,252091,2284,3,數學108,N-3-8-S03,325.2,12,2024-10-19 09:13:39,2024,10,2024-W42,週六,上午,1,0,0,0,0,0
143884530,52983,1377,6,資訊教育,自創角色跑起來,455.221,100,2024-10-19 14:43:13,2024,10,2024-W42,週六,下午,2,1,0,0,0,1
143909706,238446,2284,3,英語108,"算數-Number(one,two,three,four,five,six)",168.003,100,2024-10-19 20:01:00,2024,10,2024-W42,週六,晚上,2,1,0,0,0,0
143910010,252091,2284,3,數學108,N-3-8-S03,325.2,12,2024-10-19 20:03:46,2024,10,2024-W42,週六,晚上,2,2,0,0,0,0
143911848,238446,2284,3,英語108,字母-AlphabetCcDd,325.0,100,2024-10-19 20:23:46,2024,10,2024-W42,週六,晚上,1,0,0,0,0,0
143912342,238446,2284,3,英語108,字母-AlphabetEeFf,283.833,100,2024-10-19 20:30:31,2024,10,2024-W42,週六,晚上,1,0,0,0,0,0
143917540,238446,2284,3,英語108,字母-AlphabetGgHh,258.9,66,2024-10-19 21:23:11,2024,10,2024-W42,週六,晚上,1,0,0,0,0,0
143920344,252023,2284,3,數學108,N-3-8-S01,375.443,28,2024-10-19 21:48:08,2024,10,2024-W42,週六,晚上,4,4,0,0,0,0
143920671,252023,2284,3,數學108,N-3-8-S01,375.443,100,2024-10-19 21:51:40,2024,10,2024-W42,週六,晚上,5,4,2,0,0,0
143921263,252023,2284,3,數學108,N-3-2-S01,422.441,100,2024-10-19 21:57:45,2024,10,2024-W42,週六,晚上,2,1,0,0,0,0
143921983,252023,2284,3,數學108,S-3-2-S01,364.12,11,2024-10-19 22:05:53,2024,10,2024-W42,週六,晚上,3,2,0,0,0,0
143922465,252023,2284,3,數學108,S-3-2-S01,364.12,85,2024-10-19 22:11:30,2024,10,2024-W42,週六,晚上,2,1,0,0,0,0
143923217,252023,2284,3,數學108,S-3-2-S01,364.12,100,2024-10-19 22:22:37,2024,10,2024-W42,週六,晚上,2,1,0,0,0,0
143987929,238446,2284,3,國語文108,字音[三]/多音4,158.167,2,2024-10-20 17:05:02,2024,10,2024-W42,週日,下午,1,1,0,0,0,0
143991129,238446,2284,3,國語文108,字音[三]/多音4,158.167,100,2024-10-20 17:35:26,2024,10,2024-W42,週日,下午,1,0,0,0,0,0
143994167,238446,2284,3,國語文108,字形[三]/同音字4,173.933,100,2024-10-20 18:06:27,2024,10,2024-W42,週日,晚上,5,4,1,0,2,0
143998198,238446,2284,3,國語文108,字形[三]/同音字5,123.6,100,2024-10-20 18:44:24,2024,10,2024-W42,週日,晚上,1,0,0,0,0,0
143998580,238446,2284,3,國語文108,字形[三]/部首,107.0,100,2024-10-20 18:48:19,2024,10,2024-W42,週日,晚上,1,0,0,0,0,0
143999002,238446,2284,3,國語文108,字形筆畫名稱[三]/豎橫折,103.531,100,2024-10-20 18:53:09,2024,10,2024-W42,週日,晚上,1,0,0,0,0,0
143999440,238446,2284,3,國語文108,字形[三]/同音字2,147.136,32,2024-10-20 18:56:11,2024,10,2024-W42,週日,晚上,1,1,0,0,0,0
144000851,238446,2284,3,國語文108,語法[三]/疑問句,181.567,100,2024-10-20 19:07:42,2024,10,2024-W42,週日,晚上,1,0,0,0,0,0
144001936,238446,2284,3,國語文108,字義[三]/語境義2,124.4,100,2024-10-20 19:14:51,2024,10,2024-W42,週日,晚上,1,0,0,0,0,0
144109069,75413,1377,3,資訊教育,英文輸入真Easy,201.664,89,2024-10-21 10:51:03,2024,10,2024-W43,週一,上午,3,3,0,1,0,1
144110750,75413,1377,3,資訊教育,英文輸入真Easy,201.664,100,2024-10-21 10:55:31,2024,10,2024-W43,週一,上午,1,0,0,0,0,0
144110988,75413,1377,3,資訊教育,英文輸入真Easy,201.664,4,2024-10-21 10:56:08,2024,10,2024-W43,週一,上午,1,1,0,0,0,0
144119448,172421,1377,4,資訊教育,關鍵字搜尋與辨別假訊息,449.877,26,2024-10-21 11:20:08,2024,10,2024-W43,週一,上午,1,1,0,0,0,1
144122487,172421,1377,4,資訊教育,使用Google街景尋找世界美景,266.24,5,2024-10-21 11:30:07,2024,10,2024-W43,週一,上午,2,2,0,0,0,0
144122915,172421,1377,4,資訊教育,關鍵字搜尋與辨別假訊息,449.877,100,2024-10-21 11:31:05,2024,10,2024-W43,週一,上午,3,2,0,0,0,1
144131766,172421,1377,4,資訊教育,使用Google街景尋找世界美景,266.24,39,2024-10-21 11:47:10,2024,10,2024-W43,週一,上午,1,1,0,0,0,0
144152738,13020,1377,5,資訊教育,輸入簡報內容及插入網頁圖片,393.195,82,2024-10-21 13:17:14,2024,10,2024-W43,週一,下午,1,1,0,0,0,0
144153206,228997,2284,3,數學108,N-3-2-S01,422.441,100,2024-10-21 13:19:48,2024,10,2024-W43,週一,下午,10,9,1,0,0,0
144153953,228921,2284,3,數學108,N-3-2-S01,422.441,71,2024-10-21 13:24:07,2024,10,2024-W43,週一,下午,7,7,0,0,0,0
144154126,252091,2284,3,數學108,N-3-8-S03,325.2,80,2024-10-21 13:25:17,2024,10,2024-W43,週一,下午,7,7,0,0,0,0
144171932,18127,1377,4,資訊教育,使用Google地圖看世界,310.4,28,2024-10-21 14:22:56,2024,10,2024-W43,週一,下午,2,1,0,0,0,0
144185637,18127,1377,4,資訊教育,搜尋合理使用的多媒體,399.061,53,2024-10-21 14:55:07,2024,10,2024-W43,週一,下午,6,5,0,0,0,1
144185890,20357,1377,4,資訊教育,搜尋合理使用的多媒體,399.061,100,2024-10-21 14:55:41,2024,10,2024-W43,週一,下午,3,2,0,0,0,1
144187223,18127,1377,4,資訊教育,搜尋合理使用的多媒體,399.061,98,2024-10-21 15:00:00,2024,10,2024-W43,週一,下午,1,0,0,0,0,0
144218258,14637,1377,5,英語108,"語音-VowelSoundse_e,e)",372.928,100,2024-10-21 16:20:25,2024,10,2024-W43,週一,下午,1,0,0,0,0,0
144225198,113961,1377,5,英語108,"玩具-What a Mess! -robot, doll, yo-yo, ball",152.032,100,2024-10-21 16:29:15,2024,10,2024-W43,週一,下午,1,0,0,0,0,0
144227620,14637,1377,5,英語108,語音-ConsonantSoundsMnNn,320.32,16,2024-10-21 16:32:05,2024,10,2024-W43,週一,下午,1,0,0,0,0,0
144229060,179767,1377,6,英語108,Howareyou,144.704,100,2024-10-21 16:33:58,2024,10,2024-W43,週一,下午,2,1,0,0,0,0
144229434,113961,1377,5,英語108,"文具-Colors(2)(green,orange,purple,pink,gray)",189.914,100,2024-10-21 16:34:28,2024,10,2024-W43,週一,下午,1,0,0,0,0,0
144229764,14637,1377,5,英語108,語音-ConsonantSoundsMnNn,320.32,100,2024-10-21 16:34:54,2024,10,2024-W43,週一,下午,3,2,0,0,0,0
144232871,113961,1377,5,英語108,"身體外型-MyAlienFriends-heavy,short,thin,tall,strong",373.472,2,2024-10-21 16:39:29,2024,10,2024-W43,週一,下午,9,9,0,0,0,0
144235435,14637,1377,5,英語108,語音-LetterNnSound,281.28,100,2024-10-21 16:43:48,2024,10,2024-W43,週一,下午,1,0,0,0,0,0
144240755,14637,1377,5,英語108,語音-ConsonantSoundsQW,314.24,100,2024-10-21 16:54:23,2024,10,2024-W43,週一,下午,1,0,0,0,0,0
144243425,14637,1377,5,英語108,"語音-VowelSoundsu_e,u",289.856,63,2024-10-21 17:00:39,2024,10,2024-W43,週一,下午,1,1,0,0,0,0
144244942,77402,1377,5,英語108,自我介紹-What'syourname?,138.776,100,2024-10-21 17:04:27,2024,10,2024-W43,週一,下午,2,1,0,0,0,0
144245809,113961,1377,5,英語108,"身體外型-MyAlienFriends-heavy,short,thin,tall,strong",373.472,46,2024-10-21 17:06:41,2024,10,2024-W43,週一,下午,3,3,0,0,0,0
144269842,252091,2284,3,數學108,N-3-8-S03,325.2,80,2024-10-21 20:00:30,2024,10,2024-W43,週一,晚上,1,0,0,0,0,0
144269878,252091,2284,3,數學108,N-3-8-S03,325.2,80,2024-10-21 20:00:43,2024,10,2024-W43,週一,晚上,3,3,0,0,0,0
144271135,252091,2284,3,數學108,N-3-8-S03,325.2,0,2024-10-21 20:07:21,2024,10,2024-W43,週一,晚上,1,0,1,0,0,0
144271175,252091,2284,3,數學108,N-3-8-S03,325.2,100,2024-10-21 20:07:39,2024,10,2024-W43,週一,晚上,3,2,2,0,0,0
144272670,2663,2284,3,數學108,N-3-8-S01,375.443,99,2024-10-21 20:15:07,2024,10,2024-W43,週一,晚上,7,6,4,0,0,0
144273292,252091,2284,3,數學108,N-3-2-S01,422.441,100,2024-10-21 20:18:00,2024,10,2024-W43,週一,晚上,1,0,0,0,0,0
144274765,2663,2284,3,數學108,N-3-8-S01,375.443,5,2024-10-21 20:24:32,2024,10,2024-W43,週一,晚上,1,0,0,0,0,0
144275354,2663,2284,3,數學108,N-3-8-S01,375.443,38,2024-10-21 20:27:18,2024,10,2024-W43,週一,晚上,5,4,3,0,0,0
144275947,252091,2284,3,數學108,N-3-2-S02,480.769,100,2024-10-21 20:29:50,2024,10,2024-W43,週一,晚上,1,0,0,0,0,0
144276183,2663,2284,3,數學108,N-3-8-S01,375.443,18,2024-10-21 20:30:41,2024,10,2024-W43,週一,晚上,7,6,0,0,0,0
144279047,2663,2284,3,數學108,N-3-8-S03,325.2,10,2024-10-21 20:44:56,2024,10,2024-W43,週一,晚上,2,1,0,0,0,0
144279959,2663,2284,3,數學108,N-3-8-S02,385.8,100,2024-10-21 20:48:59,2024,10,2024-W43,週一,晚上,10,9,4,0,0,0
144284556,2663,2284,3,數學108,N-3-8-S01,375.443,100,2024-10-21 21:13:40,2024,10,2024-W43,週一,晚上,1,0,0,0,0,0
144285586,2663,2284,3,數學108,N-3-8-S02,385.8,100,2024-10-21 21:19:12,2024,10,2024-W43,週一,晚上,2,1,1,0,0,0
144286608,2663,2284,3,數學108,N-3-8-S03,325.2,6,2024-10-21 21:25:05,2024,10,2024-W43,週一,晚上,1,0,0,0,0,0
144286704,2663,2284,3,數學108,N-3-8-S03,325.2,100,2024-10-21 21:25:37,2024,10,2024-W43,週一,晚上,6,5,1,0,0,0
144308929,93669,2284,2,國語文108,段落[二]/段旨故事,154.209,100,2024-10-22 08:06:12,2024,10,2024-W43,週二,上午,2,1,0,0,0,0
144309006,93898,2284,2,國語文108,段落[二]/段旨故事,154.209,100,2024-10-22 08:06:20,2024,10,2024-W43,週二,上午,1,0,0,0,0,0
144309536,93668,2284,2,國語文108,段落[二]/段旨故事,154.209,100,2024-10-22 08:07:21,2024,10,2024-W43,週二,上午,2,1,0,0,0,0
144310541,93893,2284,2,國語文108,段落[二]/段旨故事,154.209,100,2024-10-22 08:09:09,2024,10,2024-W43,週二,上午,2,1,0,0,0,0
144310767,94149,2284,2,國語文108,段落[二]/段旨故事,154.209,100,2024-10-22 08:09:34,2024,10,2024-W43,週二,上午,2,1,0,0,0,0
144311049,93867,2284,2,國語文108,段落[二]/段旨故事,154.209,100,2024-10-22 08:10:04,2024,10,2024-W43,週二,上午,5,4,3,0,0,0
144311518,93669,2284,2,國語文108,段落[二]/段落訊息故事,163.264,100,2024-10-22 08:10:51,2024,10,2024-W43,週二,上午,1,0,0,0,0,0
144311899,93898,2284,2,國語文108,段落[二]/段落訊息故事,163.264,100,2024-10-22 08:11:25,2024,10,2024-W43,週二,上午,8,7,2,0,0,0
144312423,93845,2284,2,國語文108,段落[二]/段旨故事,154.209,100,2024-10-22 08:12:15,2024,10,2024-W43,週二,上午,1,0,0,0,0,0
144313485,93893,2284,2,國語文108,段落[二]/段旨故事,154.209,91,2024-10-22 08:13:52,2024,10,2024-W43,週二,上午,1,0,0,0,0,0
144313775,94078,2284,2,國語文108,段落[二]/段旨故事,154.209,100,2024-10-22 08:14:17,2024,10,2024-W43,週二,上午,1,0,0,0,0,0
144314539,93898,2284,2,國語文108,篇章[二]/篇章訊息記敘,171.072,100,2024-10-22 08:15:26,2024,10,2024-W43,週二,上午,1,0,0,0,0,0
144314703,93669,2284,2,國語文108,篇章[二]/篇章訊息記敘,171.072,100,2024-10-22 08:15:41,2024,10,2024-W43,週二,上午,2,1,0,0,0,0
144315108,94149,2284,2,國語文108,段落[二]/段落訊息故事,163.264,100,2024-10-22 08:16:16,2024,10,2024-W43,週二,上午,2,1,0,0,0,0
144315163,93893,2284,2,國語文108,段落[二]/段旨故事,154.209,97,2024-10-22 08:16:20,2024,10,2024-W43,週二,上午,1,0,0,0,0,0
144315374,89348,2284,2,數學108,S-2-3-S01,685.755,71,2024-10-22 08:16:39,2024,10,2024-W43,週二,上午,6,6,0,0,0,0
144315449,93893,2284,2,國語文108,段落[二]/段旨故事,154.209,100,2024-10-22 08:16:45,2024,10,2024-W43,週二,上午,1,0,0,0,0,0
144316127,93867,2284,2,國語文108,段落[二]/段落訊息故事,163.264,100,2024-10-22 08:17:43,2024,10,2024-W43,週二,上午,2,1,1,0,0,0
144317104,93893,2284,2,國語文108,段落[二]/段落訊息故事,163.264,100,2024-10-22 08:19:05,2024,10,2024-W43,週二,上午,1,0,0,0,0,0
144317148,94078,2284,2,國語文108,段落[二]/段落訊息故事,163.264,100,2024-10-22 08:19:08,2024,10,2024-W43,週二,上午,5,4,0,0,0,0
144318664,93668,2284,2,國語文108,段落[二]/段落訊息故事,163.264,100,2024-10-22 08:21:08,2024,10,2024-W43,週二,上午,1,0,0,0,0,0
144319266,94149,2284,2,國語文108,篇章[二]/篇章訊息記敘,171.072,100,2024-10-22 08:21:56,2024,10,2024-W43,週二,上午,1,0,0,0,0,0
144320113,93867,2284,2,國語文108,篇章[二]/篇章訊息記敘,171.072,94,2024-10-22 08:22:57,2024,10,2024-W43,週二,上午,7,6,0,0,0,0
144320410,93845,2284,2,國語文108,段落[二]/段落訊息故事,163.264,100,2024-10-22 08:23:18,2024,10,2024-W43,週二,上午,1,0,0,0,0,0
144321081,93893,2284,2,國語文108,篇章[二]/篇章訊息記敘,171.072,100,2024-10-22 08:24:10,2024,10,2024-W43,週二,上午,1,0,0,0,0,0
144321107,94092,2284,2,數學108,N-2-2-S01,286.486,100,2024-10-22 08:24:12,2024,10,2024-W43,週二,上午,1,0,0,0,0,0
144321175,93898,2284,2,數學108,N-2-2-S01,286.486,100,2024-10-22 08:24:17,2024,10,2024-W43,週二,上午,1,0,0,0,0,0
144322453,88805,2284,2,數學108,N-2-11-S02,422.87,16,2024-10-22 08:25:45,2024,10,2024-W43,週二,上午,2,2,0,0,0,0
144323394,93867,2284,2,國語文108,篇章[二]/篇章訊息記敘,171.072,100,2024-10-22 08:26:56,2024,10,2024-W43,週二,上午,1,0,0,0,0,0
144323524,94149,2284,2,數學108,N-2-3-S01,884.76,67,2024-10-22 08:27:04,2024,10,2024-W43,週二,上午,9,8,0,0,0,0
144324394,93669,2284,2,數學108,N-2-2-S03,372.939,100,2024-10-22 08:28:02,2024,10,2024-W43,週二,上午,1,0,0,0,0,0
144324422,93845,2284,2,國語文108,篇章[二]/篇章訊息記敘,171.072,100,2024-10-22 08:28:03,2024,10,2024-W43,週二,上午,1,0,0,0,0,0
144324915,94078,2284,2,國語文108,篇章[二]/篇章訊息記敘,171.072,100,2024-10-22 08:28:42,2024,10,2024-W43,週二,上午,1,0,0,0,0,0
144325976,93668,2284,2,國語文108,篇章[二]/篇章訊息記敘,171.072,100,2024-10-22 08:30:00,2024,10,2024-W43,週二,上午,1,0,0,0,0,0
144326499,93898,2284,2,數學108,N-2-2-S02,468.935,100,2024-10-22 08:30:46,2024,10,2024-W43,週二,上午,4,4,0,0,0,0
144327770,93669,2284,2,數學108,N-2-2-S04,429.729,69,2024-10-22 08:32:44,2024,10,2024-W43,週二,上午,1,1,0,0,0,0
144327792,93867,2284,2,數學108,N-2-3-S01,884.76,5,2024-10-22 08:32:47,2024,10,2024-W43,週二,上午,5,5,3,0,0,0
144328785,94078,2284,2,數學108,N-2-2-S01,286.486,51,2024-10-22 08:34:32,2024,10,2024-W43,週二,上午,2,1,0,0,0,0
144329256,94092,2284,2,數學108,N-2-2-S03,372.939,31,2024-10-22 08:35:27,2024,10,2024-W43,週二,上午,1,1,0,0,0,0
144359234,131251,1377,3,資訊教育,作業系統介紹與操作-視窗與滑鼠的操作,352.619,100,2024-10-22 10:34:02,2024,10,2024-W43,週二,上午,2,1,0,0,0,0
144359402,78703,1377,3,資訊教育,英文輸入真Easy,201.664,100,2024-10-22 10:35:05,2024,10,2024-W43,週二,上午,5,4,0,0,0,1
144359597,131251,1377,3,資訊教育,作業系統介紹與操作-視窗與滑鼠的操作,352.619,0,2024-10-22 10:35:54,2024,10,2024-W43,週二,上午,2,2,0,0,0,0
144361556,78703,1377,3,資訊教育,英文輸入真Easy,201.664,100,2024-10-22 10:42:40,2024,10,2024-W43,週二,上午,10,9,1,4,0,3
144361595,76576,1377,3,資訊教育,英文輸入真Easy,201.664,100,2024-10-22 10:42:46,2024,10,2024-W43,週二,上午,6,5,0,0,0,1
144361840,131251,1377,3,資訊教育,英文輸入真Easy,201.664,68,2024-10-22 10:43:28,2024,10,2024-W43,週二,上午,4,5,0,0,0,1
144365860,76576,1377,3,資訊教育,認識鍵盤,332.224,77,2024-10-22 10:50:35,2024,10,2024-W43,週二,上午,4,4,0,0,0,1
144366370,78703,1377,3,資訊教育,英文輸入真Easy,201.664,100,2024-10-22 10:51:04,2024,10,2024-W43,週二,上午,5,5,0,3,0,1
144377193,76576,1377,3,資訊教育,認識鍵盤,332.224,15,2024-10-22 11:10:58,2024,10,2024-W43,週二,上午,1,0,0,0,0,0
144412200,252091,2284,3,數學108,N-3-2-S03,408.52,19,2024-10-22 12:46:18,2024,10,2024-W43,週二,下午,3,2,1,0,0,0
144413383,252091,2284,3,數學108,N-3-2-S03,408.52,21,2024-10-22 12:49:01,2024,10,2024-W43,週二,下午,1,1,0,0,0,0
144413452,252091,2284,3,數學108,N-3-2-S03,408.52,100,2024-10-22 12:49:14,2024,10,2024-W43,週二,下午,2,1,0,0,0,0
144414400,228921,2284,3,數學108,N-3-8-S01,375.443,3,2024-10-22 12:51:39,2024,10,2024-W43,週二,下午,1,1,0,0,0,0
144416678,228921,2284,3,數學108,N-3-8-S01,375.443,25,2024-10-22 12:57:48,2024,10,2024-W43,週二,下午,5,5,0,0,0,0
144416993,252091,2284,3,數學108,N-3-2-S04,652.48,3,2024-10-22 12:58:42,2024,10,2024-W43,週二,下午,1,1,0,0,0,0
144417395,252091,2284,3,數學108,N-3-2-S04,652.48,100,2024-10-22 13:00:02,2024,10,2024-W43,週二,下午,3,2,0,0,0,0
144417606,228921,2284,3,數學108,S-3-2-S01,364.12,25,2024-10-22 13:00:42,2024,10,2024-W43,週二,下午,4,3,0,0,0,0
144418576,228921,2284,3,數學108,N-3-2-S01,422.441,100,2024-10-22 13:04:12,2024,10,2024-W43,週二,下午,7,6,0,0,0,0
144424346,228921,2284,3,數學108,N-3-8-S01,375.443,47,2024-10-22 13:08:39,2024,10,2024-W43,週二,下午,3,3,0,0,0,0
144426357,2472,2284,3,數學108,N-3-8-S01,375.443,27,2024-10-22 13:15:52,2024,10,2024-W43,週二,下午,6,5,1,0,0,0
144494609,14637,1377,5,英語108,"身體外型-MyAlienFriends-heavy,short,thin,tall,strong",373.472,100,2024-10-22 16:13:42,2024,10,2024-W43,週二,下午,1,0,0,0,0,0
144496645,113961,1377,5,英語108,問候-Howareyou?,237.632,100,2024-10-22 16:16:25,2024,10,2024-W43,週二,下午,2,1,0,0,0,0
144505426,113961,1377,5,英語108,問候-Thankyou.You&#039;rewelcome.,193.152,100,2024-10-22 16:26:05,2024,10,2024-W43,週二,下午,1,0,0,0,0,0
144510943,113961,1377,5,英語108,問候-I&#039;msorry.That&#039;sOK,204.224,12,2024-10-22 16:31:51,2024,10,2024-W43,週二,下午,1,1,0,0,0,0
144525124,113961,1377,5,英語108,問候-I&#039;msorry.That&#039;sOK,204.224,100,2024-10-22 16:52:30,2024,10,2024-W43,週二,下午,3,2,1,0,0,0
144529600,179767,1377,6,英語108,文具-What'sthis/that?It'sapencil/book/ruler.,222.808,100,2024-10-22 16:57:32,2024,10,2024-W43,週二,下午,5,4,0,0,0,0
144562490,252091,2284,3,數學108,S-3-2-S01,364.12,100,2024-10-22 20:06:17,2024,10,2024-W43,週二,晚上,2,1,0,0,0,0
144564415,252091,2284,3,數學108,S-3-2-S02,408.137,100,2024-10-22 20:16:42,2024,10,2024-W43,週二,晚上,2,1,0,0,0,0
144566141,2663,2284,3,數學108,N-3-2-S01,422.441,20,2024-10-22 20:25:27,2024,10,2024-W43,週二,晚上,5,4,0,0,0,0
144568712,76576,1377,3,資訊教育,認識鍵盤,332.224,26,2024-10-22 20:37:10,2024,10,2024-W43,週二,晚上,4,4,0,0,0,0
144569913,76576,1377,3,資訊教育,認識鍵盤,332.224,3,2024-10-22 20:42:50,2024,10,2024-W43,週二,晚上,1,1,0,0,0,0
144577940,2663,2284,3,數學108,N-3-2-S01,422.441,9,2024-10-22 21:24:56,2024,10,2024-W43,週二,晚上,2,1,0,0,0,0
144580014,2663,2284,3,國語文108,詞義[三]/本義,323.005,6,2024-10-22 21:37:48,2024,10,2024-W43,週二,晚上,1,1,0,0,0,0
144580088,2663,2284,3,國語文108,字義[三]/語境義1,120.533,23,2024-10-22 21:38:16,2024,10,2024-W43,週二,晚上,1,1,0,0,0,0
144580185,2663,2284,3,國語文108,字形筆畫名稱[三]/長頓點,103.567,3,2024-10-22 21:38:52,2024,10,2024-W43,週二,晚上,1,1,0,0,0,0
144592602,65352,2284,5,數學108,video:N-5-3-S03,280.0,100,2024-10-23 07:33:46,2024,10,2024-W43,週三,上午,4,3,0,0,0,0
144592738,178455,2284,5,數學108,video:N-5-3-S01,260.91,98,2024-10-23 07:36:15,2024,10,2024-W43,週三,上午,1,0,0,0,0,0
144603298,93669,2284,2,數學108,N-2-2-S04,429.729,100,2024-10-23 08:14:13,2024,10,2024-W43,週三,上午,2,1,0,0,0,0
144603710,93845,2284,2,數學108,N-2-2-S03,372.939,100,2024-10-23 08:14:53,2024,10,2024-W43,週三,上午,1,0,0,0,0,0
144603738,93753,2284,2,國語文108,段落[二]/段旨故事,154.209,100,2024-10-23 08:14:56,2024,10,2024-W43,週三,上午,11,10,0,0,0,0
144604919,93867,2284,2,數學108,N-2-3-S01,884.76,0,2024-10-23 08:16:32,2024,10,2024-W43,週三,上午,2,2,2,0,0,0
144605421,94078,2284,2,數學108,N-2-2-S01,286.486,100,2024-10-23 08:17:11,2024,10,2024-W43,週三,上午,1,0,0,0,0,0
144605791,93898,2284,2,數學108,N-2-2-S03,372.939,100,2024-10-23 08:17:39,2024,10,2024-W43,週三,上午,9,8,6,0,0,0
144605892,93867,2284,2,數學108,N-2-3-S01,884.76,51,2024-10-23 08:17:45,2024,10,2024-W43,週三,上午,2,1,0,0,0,0
144606629,94092,2284,2,數學108,N-2-2-S03,372.939,100,2024-10-23 08:18:41,2024,10,2024-W43,週三,上午,3,2,0,0,0,0
144606800,178025,2284,5,數學108,video:N-5-3-S03,280.0,100,2024-10-23 08:18:52,2024,10,2024-W43,週三,上午,4,3,0,0,0,0
144614054,93753,2284,2,國語文108,段落[二]/段落訊息故事,163.264,100,2024-10-23 08:26:42,2024,10,2024-W43,週三,上午,4,3,1,0,0,0
144614402,94092,2284,2,數學108,N-2-2-S02,468.935,89,2024-10-23 08:27:04,2024,10,2024-W43,週三,上午,3,3,0,0,0,0
144615469,93845,2284,2,數學108,N-2-2-S02,468.935,100,2024-10-23 08:28:18,2024,10,2024-W43,週三,上午,1,0,0,0,0,0
144616007,94078,2284,2,數學108,N-2-2-S02,468.935,100,2024-10-23 08:28:55,2024,10,2024-W43,週三,上午,2,1,0,0,0,0
144617588,93898,2284,2,數學108,N-2-2-S04,429.729,100,2024-10-23 08:30:32,2024,10,2024-W43,週三,上午,1,0,0,0,0,0
144619163,93668,2284,2,數學108,N-2-11-S01,397.873,8,2024-10-23 08:32:22,2024,10,2024-W43,週三,上午,2,2,0,0,0,0
144619347,93669,2284,2,數學108,N-2-3-S01,884.76,100,2024-10-23 08:32:37,2024,10,2024-W43,週三,上午,5,4,1,2,0,0
144619469,93753,2284,2,國語文108,篇章[二]/篇章訊息記敘,171.072,77,2024-10-23 08:32:47,2024,10,2024-W43,週三,上午,2,2,0,0,0,0
144620603,93893,2284,2,國語文108,字義[二]/本義2,143.595,10,2024-10-23 08:34:19,2024,10,2024-W43,週三,上午,5,5,1,0,0,0
144623644,93701,2284,2,國語文108,語法標點[二]/引號,509.329,100,2024-10-23 08:38:27,2024,10,2024-W43,週三,上午,1,0,0,0,0,0
144625481,93701,2284,2,國語文108,語法標點[二]/冒號,412.827,100,2024-10-23 08:41:23,2024,10,2024-W43,週三,上午,3,2,0,0,0,0
144633515,2472,2284,3,數學108,N-3-8-S01,375.443,100,2024-10-23 09:05:37,2024,10,2024-W43,週三,上午,12,11,0,0,0,0
144634134,228997,2284,3,數學108,N-3-2-S02,480.769,82,2024-10-23 09:08:09,2024,10,2024-W43,週三,上午,21,20,3,0,0,0
144636204,2472,2284,3,數學108,N-3-8-S01,375.443,100,2024-10-23 09:14:49,2024,10,2024-W43,週三,上午,1,0,0,0,0,0
144647898,228998,2284,3,數學108,N-3-8-S01,375.443,100,2024-10-23 09:49:33,2024,10,2024-W43,週三,上午,4,3,0,0,0,0
144652664,228998,2284,3,數學108,N-3-8-S02,385.8,37,2024-10-23 10:01:35,2024,10,2024-W43,週三,上午,5,4,0,0,0,0
144654571,228998,2284,3,數學108,N-3-8-S02,385.8,10,2024-10-23 10:05:50,2024,10,2024-W43,週三,上午,1,1,0,0,0,0
144656788,228998,2284,3,數學108,N-3-8-S02,385.8,19,2024-10-23 10:10:32,2024,10,2024-W43,週三,上午,4,4,2,0,0,0
144844518,2663,2284,3,數學108,N-3-3-S01,255.189,5,2024-10-23 20:23:27,2024,10,2024-W43,週三,晚上,1,1,0,0,0,0
144846773,2663,2284,3,數學108,N-3-2-S01,422.441,49,2024-10-23 20:35:58,2024,10,2024-W43,週三,晚上,4,3,1,0,0,0
144848234,2663,2284,3,數學108,N-3-2-S01,422.441,88,2024-10-23 20:42:36,2024,10,2024-W43,週三,晚上,4,3,2,0,0,0
144849351,2663,2284,3,數學108,N-3-2-S01,422.441,100,2024-10-23 20:49:30,2024,10,2024-W43,週三,晚上,2,1,0,0,0,0
144851739,2663,2284,3,數學108,N-3-2-S01,422.441,0,2024-10-23 21:03:58,2024,10,2024-W43,週三,晚上,1,0,0,0,0,0
144851960,2663,2284,3,數學108,N-3-2-S02,480.769,6,2024-10-23 21:05:11,2024,10,2024-W43,週三,晚上,4,4,0,0,0,0
144852599,2663,2284,3,數學108,N-3-2-S02,480.769,0,2024-10-23 21:08:34,2024,10,2024-W43,週三,晚上,1,0,0,0,0,0
144853638,2663,2284,3,數學108,S-3-2-S01,364.12,40,2024-10-23 21:14:48,2024,10,2024-W43,週三,晚上,7,4,1,0,0,0
144854881,2663,2284,3,數學108,S-3-2-S01,364.12,16,2024-10-23 21:21:18,2024,10,2024-W43,週三,晚上,2,1,0,0,0,0
144855693,2663,2284,3,數學108,S-3-2-S01,364.12,57,2024-10-23 21:22:36,2024,10,2024-W43,週三,晚上,2,1,0,0,0,0
144862172,2663,2284,3,數學108,S-3-2-S01,364.12,1,2024-10-23 21:26:23,2024,10,2024-W43,週三,晚上,1,1,0,0,0,0
144862651,2663,2284,3,數學108,S-3-2-S01,364.12,100,2024-10-23 21:29:16,2024,10,2024-W43,週三,晚上,3,2,0,0,0,0
144983773,2663,2284,3,數學108,S-3-2-S02,408.137,46,2024-10-24 12:48:15,2024,10,2024-W43,週四,下午,16,16,0,0,0,0
144987883,2663,2284,3,數學108,N-3-2-S02,480.769,5,2024-10-24 12:59:27,2024,10,2024-W43,週四,下午,3,3,0,0,0,0
144988110,228921,2284,3,數學108,N-3-8-S01,375.443,100,2024-10-24 13:00:00,2024,10,2024-W43,週四,下午,9,8,0,0,0,0
144988656,2663,2284,3,數學108,N-3-2-S02,480.769,17,2024-10-24 13:01:42,2024,10,2024-W43,週四,下午,3,2,0,0,0,0
144989515,228921,2284,3,數學108,S-3-2-S01,364.12,69,2024-10-24 13:05:10,2024,10,2024-W43,週四,下午,14,14,0,0,0,0
144991924,228921,2284,3,數學108,S-3-2-S01,364.12,100,2024-10-24 13:14:44,2024,10,2024-W43,週四,下午,1,0,0,0,0,0
145044223,78205,1377,3,資訊教育,中文輸入真Easy,237.12,29,2024-10-24 15:32:40,2024,10,2024-W43,週四,下午,3,3,0,0,0,0
145044345,116465,1377,3,資訊教育,中文輸入真Easy,237.12,30,2024-10-24 15:32:57,2024,10,2024-W43,週四,下午,2,1,0,0,0,0
145063208,179767,1377,6,英語108,"算數-thirteen,fourteen,fifteen,sixteen,eighteen,nineteen",456.852,58,2024-10-24 16:12:57,2024,10,2024-W43,週四,下午,1,2,0,0,0,0
145065023,179767,1377,6,英語108,"算數-thirteen,fourteen,fifteen,sixteen,eighteen,nineteen",456.852,100,2024-10-24 16:15:20,2024,10,2024-W43,週四,下午,2,1,0,0,0,0
145065830,77402,1377,5,英語108,問候-Thankyou.You&#039;rewelcome.,193.152,15,2024-10-24 16:16:16,2024,10,2024-W43,週四,下午,1,0,0,0,0,0
145068984,179767,1377,6,英語108,"動物-OntheFarm(horse,duck,cow,pig,chicken",293.728,16,2024-10-24 16:20:01,2024,10,2024-W43,週四,下午,2,2,0,0,0,0
145071365,179767,1377,6,英語108,"動物-OntheFarm(horse,duck,cow,pig,chicken",293.728,100,2024-10-24 16:22:36,2024,10,2024-W43,週四,下午,4,2,0,0,0,0
145073403,77402,1377,5,英語108,問候-Thankyou.You&#039;rewelcome.,193.152,100,2024-10-24 16:24:41,2024,10,2024-W43,週四,下午,1,0,0,0,0,0
145080983,179767,1377,6,英語108,"算術/購物/食物-Fieldtripsnack((dollar,ten,twenty,thirty,forty,fifty,hundred",242.432,35,2024-10-24 16:32:31,2024,10,2024-W43,週四,下午,4,4,0,0,0,0
145081619,179767,1377,6,英語108,"動物-OntheFarm(horse,duck,cow,pig,chicken",293.728,1,2024-10-24 16:33:11,2024,10,2024-W43,週四,下午,1,1,0,0,0,0
145082483,179767,1377,6,英語108,"天氣-GoodmorningTaiwan(sunny,windy,cloudy,snowy,rainy)",255.618,100,2024-10-24 16:34:09,2024,10,2024-W43,週四,下午,2,1,0,0,0,0
145095784,77402,1377,5,英語108,文具-What'sthis/that?It'sapencil/book/ruler.,222.808,100,2024-10-24 16:51:02,2024,10,2024-W43,週四,下午,4,3,1,0,0,0
145100519,77402,1377,5,英語108,"顏色-Whatcolorisit?-red,yellow,green,blue",201.496,100,2024-10-24 17:00:30,2024,10,2024-W43,週四,下午,7,6,2,0,0,0
145102819,179767,1377,6,英語108,"位置-AMessyDesk-in,on,under,by",158.897,18,2024-10-24 17:05:11,2024,10,2024-W43,週四,下午,1,1,0,0,0,0
145105980,179767,1377,6,英語108,"算術/購物/食物-Fieldtripsnack((dollar,ten,twenty,thirty,forty,fifty,hundred",242.432,100,2024-10-24 17:11:20,2024,10,2024-W43,週四,下午,1,0,0,0,0,0
145106639,77402,1377,5,英語108,"家人-Who'she?He'smybrother/father.Who'sshe?She'smysister,/mother",243.032,100,2024-10-24 17:12:58,2024,10,2024-W43,週四,下午,11,10,0,0,0,0
145126339,2663,2284,3,數學108,N-3-2-S02,480.769,4,2024-10-24 19:47:04,2024,10,2024-W43,週四,晚上,1,0,0,0,0,0
145126604,2663,2284,3,數學108,N-3-2-S02,480.769,5,2024-10-24 19:48:45,2024,10,2024-W43,週四,晚上,2,1,0,0,0,0
145126781,2663,2284,3,數學108,S-3-2-S02,408.137,10,2024-10-24 19:49:50,2024,10,2024-W43,週四,晚上,1,0,0,0,0,0
145126978,2663,2284,3,數學108,S-3-2-S02,408.137,26,2024-10-24 19:51:12,2024,10,2024-W43,週四,晚上,1,1,0,0,0,0
145127334,2663,2284,3,數學108,S-3-2-S02,408.137,7,2024-10-24 19:53:29,2024,10,2024-W43,週四,晚上,1,0,0,0,0,0
145127521,2663,2284,3,數學108,S-3-2-S02,408.137,100,2024-10-24 19:54:31,2024,10,2024-W43,週四,晚上,2,1,0,0,0,0
145128627,2663,2284,3,數學108,N-3-2-S02,480.769,94,2024-10-24 20:03:15,2024,10,2024-W43,週四,晚上,4,3,0,0,0,0
145129968,2663,2284,3,數學108,N-3-2-S02,480.769,74,2024-10-24 20:11:33,2024,10,2024-W43,週四,晚上,3,2,0,0,0,0
145131046,2663,2284,3,數學108,N-3-2-S02,480.769,100,2024-10-24 20:17:49,2024,10,2024-W43,週四,晚上,4,3,0,0,0,0
145133675,2663,2284,3,數學108,N-3-2-S03,408.52,16,2024-10-24 20:33:54,2024,10,2024-W43,週四,晚上,3,3,0,0,0,0
145135588,2663,2284,3,數學108,N-3-2-S03,408.52,5,2024-10-24 20:45:26,2024,10,2024-W43,週四,晚上,2,1,0,0,0,0
145139403,2663,2284,3,數學108,N-3-2-S03,408.52,2,2024-10-24 21:03:48,2024,10,2024-W43,週四,晚上,1,0,0,0,0,0
145142026,2663,2284,3,數學108,N-3-2-S03,408.52,5,2024-10-24 21:18:01,2024,10,2024-W43,週四,晚上,1,0,0,0,0,0
145208356,75415,1377,5,資訊教育,簡報投影片轉換,254.955,48,2024-10-25 09:29:56,2024,10,2024-W43,週五,上午,5,5,0,0,0,1
145208691,75816,1377,5,資訊教育,設計好看的封面,362.795,68,2024-10-25 09:31:03,2024,10,2024-W43,週五,上午,2,1,0,0,0,0
145209037,75816,1377,5,資訊教育,插入圖案,226.432,13,2024-10-25 09:32:28,2024,10,2024-W43,週五,上午,1,1,1,0,0,0
145209265,75816,1377,5,資訊教育,插入影片,279.68,13,2024-10-25 09:33:18,2024,10,2024-W43,週五,上午,3,3,0,0,0,1
145216218,75208,1377,5,資訊教育,簡報物件動畫設計,309.077,13,2024-10-25 09:48:16,2024,10,2024-W43,週五,上午,1,1,0,0,0,0
145216361,75415,1377,5,資訊教育,插入圖案,226.432,100,2024-10-25 09:48:34,2024,10,2024-W43,週五,上午,11,10,1,0,0,1
145218968,75112,1377,5,資訊教育,簡報製作注意要點,403.243,0,2024-10-25 09:53:12,2024,10,2024-W43,週五,上午,1,1,0,0,0,0
145221158,75076,1377,5,資訊教育,設計好看的封面,362.795,64,2024-10-25 09:56:39,2024,10,2024-W43,週五,上午,2,4,2,0,0,0
145222683,113961,1377,5,資訊教育,設計好看的封面,362.795,55,2024-10-25 09:59:00,2024,10,2024-W43,週五,上午,10,11,3,0,0,1
145224625,75069,1377,5,資訊教育,Google簡報的操作介面與檔案管理,290.453,77,2024-10-25 10:02:10,2024,10,2024-W43,週五,上午,2,2,0,0,0,0
145225011,75076,1377,5,資訊教育,輸入簡報內容及插入網頁圖片,393.195,100,2024-10-25 10:02:57,2024,10,2024-W43,週五,上午,4,4,1,0,0,0
145225821,75208,1377,5,資訊教育,設定共用與還原檔案版本,335.595,1,2024-10-25 10:04:27,2024,10,2024-W43,週五,上午,1,1,0,0,0,0
145226186,75825,1377,5,資訊教育,插入影片,279.68,24,2024-10-25 10:05:05,2024,10,2024-W43,週五,上午,11,11,3,0,0,4
145227572,113961,1377,5,資訊教育,輸入簡報內容及插入網頁圖片,393.195,12,2024-10-25 10:07:42,2024,10,2024-W43,週五,上午,1,1,1,0,0,0
145227750,75415,1377,5,資訊教育,簡報圖片配色與圖層概念,392.853,56,2024-10-25 10:08:06,2024,10,2024-W43,週五,上午,2,2,0,0,0,1
145227769,75777,1377,5,資訊教育,插入圖案,226.432,62,2024-10-25 10:08:08,2024,10,2024-W43,週五,上午,1,0,0,0,0,0
145228800,75777,1377,5,資訊教育,Google簡報的操作介面與檔案管理,290.453,23,2024-10-25 10:10:47,2024,10,2024-W43,週五,上午,2,3,0,0,0,1
145237015,39073,1377,5,資訊教育,簡報物件動畫設計,309.077,100,2024-10-25 10:42:27,2024,10,2024-W43,週五,上午,1,1,0,0,0,0
145237489,39073,1377,5,資訊教育,變更投影片主題,337.237,100,2024-10-25 10:43:27,2024,10,2024-W43,週五,上午,2,2,0,0,0,0
145240417,25068,1377,5,資訊教育,應用探索功能-插入圖片,257.749,67,2024-10-25 10:48:47,2024,10,2024-W43,週五,上午,640,640,3,0,0,1
145240779,26970,1377,5,資訊教育,設計好看的封面,362.795,55,2024-10-25 10:49:29,2024,10,2024-W43,週五,上午,17,18,2,0,0,1
145241522,29204,1377,5,資訊教育,插入影片,279.68,20,2024-10-25 10:50:54,2024,10,2024-W43,週五,上午,2,2,2,0,0,0
145241562,39073,1377,5,資訊教育,插入影片,279.68,100,2024-10-25 10:50:58,2024,10,2024-W43,週五,上午,2,2,0,0,0,0
145244111,132515,1377,5,資訊教育,簡報投影片轉換,254.955,32,2024-10-25 10:55:42,2024,10,2024-W43,週五,上午,1,6,0,0,0,1
145244339,29204,1377,5,資訊教育,插入資料來源及投影片編號,318.421,0,2024-10-25 10:56:05,2024,10,2024-W43,週五,上午,1,1,0,0,0,0
145244842,29204,1377,5,資訊教育,設計好看的封面,362.795,41,2024-10-25 10:56:53,2024,10,2024-W43,週五,上午,2,4,2,0,0,0
145245138,132515,1377,5,資訊教育,其他簡報軟體插入投影片編號,367.275,9,2024-10-25 10:57:27,2024,10,2024-W43,週五,上午,2,1,0,0,0,0
145245473,29204,1377,5,資訊教育,輸入簡報內容及插入網頁圖片,393.195,55,2024-10-25 10:57:59,2024,10,2024-W43,週五,上午,7,7,6,0,0,0
145245943,39073,1377,5,資訊教育,變更投影片主題,337.237,100,2024-10-25 10:58:51,2024,10,2024-W43,週五,上午,2,2,0,1,0,0
145246360,132515,1377,5,資訊教育,插入影片,279.68,48,2024-10-25 10:59:38,2024,10,2024-W43,週五,上午,9,8,0,0,0,2
145246387,34771,1377,5,資訊教育,Google簡報的操作介面與檔案管理,290.453,100,2024-10-25 10:59:41,2024,10,2024-W43,週五,上午,6,5,0,0,0,0
145248319,39073,1377,5,資訊教育,簡報的基本概念,236.203,18,2024-10-25 11:03:15,2024,10,2024-W43,週五,上午,2,2,0,1,0,0
145248720,39073,1377,5,資訊教育,Google簡報的操作介面與檔案管理,290.453,100,2024-10-25 11:03:59,2024,10,2024-W43,週五,上午,2,2,0,1,0,0
145249284,39073,1377,5,資訊教育,增刪投影片與版面配置,283.008,100,2024-10-25 11:05:09,2024,10,2024-W43,週五,上午,1,1,0,0,0,0
145249665,132515,1377,5,資訊教育,簡報投影片轉換,254.955,87,2024-10-25 11:05:57,2024,10,2024-W43,週五,上午,2,1,0,0,0,1
145250457,24756,1377,5,資訊教育,其他簡報軟體插入投影片編號,367.275,38,2024-10-25 11:07:45,2024,10,2024-W43,週五,上午,5,5,0,0,0,1
145254694,230454,1377,6,資訊教育,遊戲分析與故事構想,328.628,100,2024-10-25 11:23:17,2024,10,2024-W43,週五,上午,4,3,1,0,0,2
145254705,241840,1377,6,資訊教育,自動與手動開始的遊戲場景,494.16,69,2024-10-25 11:23:19,2024,10,2024-W43,週五,上午,6,6,8,0,0,1
145254828,239005,1377,6,資訊教育,遊戲分析與故事構想,328.628,100,2024-10-25 11:23:49,2024,10,2024-W43,週五,上午,3,2,0,0,0,1
145255047,238715,1377,6,資訊教育,自創角色跑起來,455.221,100,2024-10-25 11:24:51,2024,10,2024-W43,週五,上午,5,4,0,0,0,1
145255062,230630,1377,6,資訊教育,遊戲分析與故事構想,328.628,100,2024-10-25 11:24:54,2024,10,2024-W43,週五,上午,4,3,0,0,0,1
145255120,230014,1377,6,資訊教育,隨機移動的小老鼠,430.196,1,2024-10-25 11:25:10,2024,10,2024-W43,週五,上午,1,1,0,0,0,0
145255182,238943,1377,6,資訊教育,自創角色跑起來,455.221,59,2024-10-25 11:25:23,2024,10,2024-W43,週五,上午,2,2,0,0,0,0
145255195,230014,1377,6,資訊教育,隨機移動的小老鼠,430.196,26,2024-10-25 11:25:25,2024,10,2024-W43,週五,上午,1,1,0,0,0,1
145255729,242347,1377,6,資訊教育,建立自創角色,292.058,30,2024-10-25 11:27:06,2024,10,2024-W43,週五,上午,6,6,4,0,0,0
145255997,230014,1377,6,資訊教育,隨機移動的小老鼠,430.196,29,2024-10-25 11:27:52,2024,10,2024-W43,週五,上午,2,1,0,0,0,1
145256155,230014,1377,6,資訊教育,控制大花貓,234.96,1,2024-10-25 11:28:26,2024,10,2024-W43,週五,上午,1,1,0,0,0,0
145256287,230014,1377,6,資訊教育,自動與手動開始的遊戲場景,494.16,100,2024-10-25 11:28:54,2024,10,2024-W43,週五,上午,4,4,12,0,0,0
145256816,230454,1377,6,資訊教育,自動與手動開始的遊戲場景,494.16,79,2024-10-25 11:30:26,2024,10,2024-W43,週五,上午,57,58,9,0,0,1
145256880,239005,1377,6,資訊教育,自動與手動開始的遊戲場景,494.16,81,2024-10-25 11:30:35,2024,10,2024-W43,週五,上午,39,39,1,0,0,1
145257058,242347,1377,6,資訊教育,自創角色跑起來,455.221,9,2024-10-25 11:31:09,2024,10,2024-W43,週五,上午,2,2,0,0,0,0
145257562,238715,1377,6,資訊教育,兩個角色的互動,293.16,100,2024-10-25 11:32:35,2024,10,2024-W43,週五,上午,17,16,0,0,0,1
145257914,230630,1377,6,資訊教育,自動與手動開始的遊戲場景,494.16,71,2024-10-25 11:33:23,2024,10,2024-W43,週五,上午,38,38,7,0,0,1
145257976,239275,1377,6,資訊教育,建立自創角色,292.058,58,2024-10-25 11:33:32,2024,10,2024-W43,週五,上午,12,12,0,0,0,0
145258507,239765,1377,6,資訊教育,遊戲分析與故事構想,328.628,100,2024-10-25 11:34:59,2024,10,2024-W43,週五,上午,7,6,0,0,0,1
145259013,242347,1377,6,資訊教育,兩個角色的互動,293.16,57,2024-10-25 11:36:12,2024,10,2024-W43,週五,上午,3,3,0,0,0,0
145261073,238715,1377,6,資訊教育,自動與手動開始的遊戲場景,494.16,100,2024-10-25 11:41:00,2024,10,2024-W43,週五,上午,16,15,1,0,0,1
145261765,241840,1377,6,資訊教育,遊戲中的小老鼠,311.244,91,2024-10-25 11:42:36,2024,10,2024-W43,週五,上午,1,1,3,0,0,0
145262298,239765,1377,6,資訊教育,自動與手動開始的遊戲場景,494.16,61,2024-10-25 11:43:54,2024,10,2024-W43,週五,上午,4,4,0,0,0,1
145263886,239275,1377,6,資訊教育,自創角色跑起來,455.221,100,2024-10-25 11:47:53,2024,10,2024-W43,週五,上午,25,24,0,0,0,1
145264466,230014,1377,6,資訊教育,遊戲中的小老鼠,311.244,51,2024-10-25 11:49:09,2024,10,2024-W43,週五,上午,1,1,3,0,0,0
145264833,241568,1377,6,資訊教育,遊戲分析與故事構想,328.628,54,2024-10-25 11:49:54,2024,10,2024-W43,週五,上午,3,2,0,0,0,1
145264883,240765,1377,6,資訊教育,自動與手動開始的遊戲場景,494.16,87,2024-10-25 11:50:01,2024,10,2024-W43,週五,上午,5,4,0,0,0,1
145265458,242347,1377,6,資訊教育,自創角色跑起來,455.221,11,2024-10-25 11:51:15,2024,10,2024-W43,週五,上午,1,0,0,0,0,0
145265638,242347,1377,6,資訊教育,兩個角色的互動,293.16,83,2024-10-25 11:51:35,2024,10,2024-W43,週五,上午,1,1,1,0,0,0
145265933,52398,1377,6,資訊教育,細說變數,214.96,14,2024-10-25 11:52:11,2024,10,2024-W43,週五,上午,5,5,0,0,0,0
145266468,241840,1377,6,資訊教育,向左走向右走,442.876,61,2024-10-25 11:53:29,2024,10,2024-W43,週五,上午,1,1,2,0,0,0
145266996,241568,1377,6,資訊教育,自創角色跑起來,455.221,88,2024-10-25 11:54:54,2024,10,2024-W43,週五,上午,1,1,0,0,0,0
145267106,244127,1377,6,資訊教育,自動與手動開始的遊戲場景,494.16,29,2024-10-25 11:55:14,2024,10,2024-W43,週五,上午,2,2,1,0,0,1
145267550,238715,1377,6,資訊教育,遊戲中的小老鼠,311.244,9,2024-10-25 11:56:37,2024,10,2024-W43,週五,上午,5,5,0,0,0,0
145267777,239275,1377,6,資訊教育,自創角色跑起來,455.221,3,2024-10-25 11:57:31,2024,10,2024-W43,週五,上午,1,0,0,0,0,0
145285429,52983,1377,6,資訊教育,遊戲分析與故事構想,328.628,100,2024-10-25 13:29:39,2024,10,2024-W43,週五,下午,3,3,0,0,0,1
145285597,52814,1377,6,資訊教育,自動與手動開始的遊戲場景,494.16,100,2024-10-25 13:30:23,2024,10,2024-W43,週五,下午,2,1,0,0,0,1
145285630,52229,1377,6,資訊教育,細說變數,214.96,51,2024-10-25 13:30:35,2024,10,2024-W43,週五,下午,2,3,0,0,0,1
145285670,52202,1377,6,資訊教育,細說變數,214.96,45,2024-10-25 13:30:50,2024,10,2024-W43,週五,下午,2,1,0,0,0,1
145287503,52537,1377,6,資訊教育,自動與手動開始的遊戲場景,494.16,100,2024-10-25 13:39:37,2024,10,2024-W43,週五,下午,6,5,0,0,0,1
145287579,126435,1377,6,資訊教育,遊戲分析與故事構想,328.628,0,2024-10-25 13:39:48,2024,10,2024-W43,週五,下午,1,0,0,0,0,0
145287657,56500,1377,6,資訊教育,遊戲分析與故事構想,328.628,100,2024-10-25 13:40:03,2024,10,2024-W43,週五,下午,9,8,0,0,0,1
145287841,51787,1377,6,資訊教育,兩個角色的互動,293.16,100,2024-10-25 13:40:29,2024,10,2024-W43,週五,下午,1,0,0,0,0,0
145287849,51408,1377,6,資訊教育,自創角色跑起來,455.221,100,2024-10-25 13:40:31,2024,10,2024-W43,週五,下午,5,4,0,0,0,1
145287903,126435,1377,6,資訊教育,遊戲分析與故事構想,328.628,100,2024-10-25 13:40:39,2024,10,2024-W43,週五,下午,9,8,1,0,0,1
145287971,52418,1377,6,資訊教育,自動與手動開始的遊戲場景,494.16,100,2024-10-25 13:40:48,2024,10,2024-W43,週五,下午,7,6,0,0,0,1
145288787,51970,1377,6,資訊教育,自動與手動開始的遊戲場景,494.16,100,2024-10-25 13:42:44,2024,10,2024-W43,週五,下午,38,38,10,0,0,0
145288810,164256,1377,6,資訊教育,遊戲分析與故事構想,328.628,100,2024-10-25 13:42:45,2024,10,2024-W43,週五,下午,4,3,0,0,0,1
145289107,51787,1377,6,資訊教育,遊戲分析與故事構想,328.628,100,2024-10-25 13:43:23,2024,10,2024-W43,週五,下午,2,0,0,0,0,1
145289277,52983,1377,6,資訊教育,自動與手動開始的遊戲場景,494.16,100,2024-10-25 13:43:46,2024,10,2024-W43,週五,下午,34,33,0,0,0,1
145289398,51708,1377,6,資訊教育,遊戲分析與故事構想,328.628,100,2024-10-25 13:44:04,2024,10,2024-W43,週五,下午,3,2,0,0,0,1
145290250,52814,1377,6,資訊教育,遊戲分析與故事構想,328.628,100,2024-10-25 13:46:38,2024,10,2024-W43,週五,下午,2,1,0,0,0,1
145290650,56500,1377,6,資訊教育,自動與手動開始的遊戲場景,494.16,100,2024-10-25 13:47:47,2024,10,2024-W43,週五,下午,46,45,0,0,0,1
145290853,51515,1377,6,資訊教育,遊戲分析與故事構想,328.628,100,2024-10-25 13:48:25,2024,10,2024-W43,週五,下午,5,4,0,0,0,1
145290917,126435,1377,6,資訊教育,自動與手動開始的遊戲場景,494.16,32,2024-10-25 13:48:37,2024,10,2024-W43,週五,下午,23,23,5,0,1,1
145291275,52418,1377,6,資訊教育,自動與手動開始的遊戲場景,494.16,100,2024-10-25 13:49:38,2024,10,2024-W43,週五,下午,2,1,0,0,0,1
145291324,52537,1377,6,資訊教育,遊戲中的小老鼠,311.244,100,2024-10-25 13:49:47,2024,10,2024-W43,週五,下午,3,2,0,0,0,1
145291542,51708,1377,6,資訊教育,自動與手動開始的遊戲場景,494.16,100,2024-10-25 13:50:21,2024,10,2024-W43,週五,下午,3,2,0,0,0,1
145291559,51787,1377,6,資訊教育,自動與手動開始的遊戲場景,494.16,100,2024-10-25 13:50:23,2024,10,2024-W43,週五,下午,3,2,0,0,0,1
145291653,51408,1377,6,資訊教育,兩個角色的互動,293.16,1,2024-10-25 13:50:40,2024,10,2024-W43,週五,下午,1,0,0,0,0,0
145291755,51408,1377,6,資訊教育,兩個角色的互動,293.16,100,2024-10-25 13:50:59,2024,10,2024-W43,週五,下午,2,1,0,0,0,1
145292365,163235,1377,6,資訊教育,控制大花貓,234.96,100,2024-10-25 13:53:06,2024,10,2024-W43,週五,下午,17,16,0,0,0,1
145293129,51515,1377,6,資訊教育,自動與手動開始的遊戲場景,494.16,71,2024-10-25 13:55:23,2024,10,2024-W43,週五,下午,5,5,0,0,0,1
145293262,79490,1377,6,資訊教育,自動與手動開始的遊戲場景,494.16,25,2024-10-25 13:55:43,2024,10,2024-W43,週五,下午,33,33,7,0,0,1
145293497,52814,1377,6,資訊教育,遊戲中的小老鼠,311.244,11,2024-10-25 13:56:19,2024,10,2024-W43,週五,下午,4,4,0,0,0,0
145293655,51408,1377,6,資訊教育,遊戲分析與故事構想,328.628,100,2024-10-25 13:56:48,2024,10,2024-W43,週五,下午,2,1,0,0,0,1
145293785,164256,1377,6,資訊教育,遊戲分析與故事構想,328.628,2,2024-10-25 13:57:07,2024,10,2024-W43,週五,下午,5,5,0,2,0,1
145294304,79490,1377,6,資訊教育,隨機移動的小老鼠,430.196,0,2024-10-25 13:58:25,2024,10,2024-W43,週五,下午,2,1,0,0,0,0
145294413,52022,1377,6,資訊教育,遊戲分析與故事構想,328.628,2,2024-10-25 13:58:42,2024,10,2024-W43,週五,下午,2,2,1,0,0,0
145294450,79490,1377,6,資訊教育,隨機移動的小老鼠,430.196,0,2024-10-25 13:58:46,2024,10,2024-W43,週五,下午,1,1,0,0,0,0
145294516,52537,1377,6,資訊教育,遊戲分析與故事構想,328.628,100,2024-10-25 13:58:56,2024,10,2024-W43,週五,下午,6,5,0,0,0,1
145294550,52022,1377,6,資訊教育,遊戲分析與故事構想,328.628,100,2024-10-25 13:58:59,2024,10,2024-W43,週五,下午,6,5,0,0,0,1
145294651,52418,1377,6,資訊教育,遊戲中的小老鼠,311.244,84,2024-10-25 13:59:14,2024,10,2024-W43,週五,下午,4,4,0,0,0,0
145294684,51708,1377,6,資訊教育,遊戲中的小老鼠,311.244,100,2024-10-25 13:59:19,2024,10,2024-W43,週五,下午,4,3,0,0,0,1
145295102,51787,1377,6,資訊教育,遊戲中的小老鼠,311.244,100,2024-10-25 14:00:21,2024,10,2024-W43,週五,下午,4,3,0,0,0,1
145296048,51872,1377,6,資訊教育,遊戲分析與故事構想,328.628,100,2024-10-25 14:02:50,2024,10,2024-W43,週五,下午,5,4,0,0,0,1
145296093,51408,1377,6,資訊教育,自動與手動開始的遊戲場景,494.16,100,2024-10-25 14:02:57,2024,10,2024-W43,週五,下午,2,1,0,0,0,1
145296956,51708,1377,6,資訊教育,隨機移動的小老鼠,430.196,31,2024-10-25 14:05:05,2024,10,2024-W43,週五,下午,11,11,3,0,0,1
145297192,52537,1377,6,資訊教育,隨機移動的小老鼠,430.196,2,2024-10-25 14:05:45,2024,10,2024-W43,週五,下午,1,1,0,0,0,0
145297630,163235,1377,6,資訊教育,消失的老鼠,232.92,63,2024-10-25 14:07:01,2024,10,2024-W43,週五,下午,6,6,0,0,0,1
145298253,51708,1377,6,資訊教育,隨機移動的小老鼠,430.196,34,2024-10-25 14:08:48,2024,10,2024-W43,週五,下午,1,3,1,0,0,0
145298447,52740,1377,6,資訊教育,遊戲分析與故事構想,328.628,16,2024-10-25 14:09:23,2024,10,2024-W43,週五,下午,1,1,0,0,0,0
145298451,51787,1377,6,資訊教育,隨機移動的小老鼠,430.196,2,2024-10-25 14:09:23,2024,10,2024-W43,週五,下午,1,1,0,0,0,0
145298983,51970,1377,6,資訊教育,遊戲中的小老鼠,311.244,27,2024-10-25 14:11:05,2024,10,2024-W43,週五,下午,4,4,1,0,0,0
145322014,169901,1377,6,資訊教育,控制大花貓,234.96,40,2024-10-25 15:18:30,2024,10,2024-W43,週五,下午,2,2,0,0,0,1
145322324,170471,1377,6,資訊教育,遊戲分析與故事構想,328.628,75,2024-10-25 15:19:59,2024,10,2024-W43,週五,下午,11,11,0,0,0,1
145322957,93753,2284,2,國語文108,篇章[二]/篇章訊息記敘,171.072,100,2024-10-25 15:22:11,2024,10,2024-W43,週五,下午,7,6,0,0,0,0
145325599,180502,1377,6,資訊教育,遊戲分析與故事構想,328.628,100,2024-10-25 15:30:10,2024,10,2024-W43,週五,下午,6,5,0,0,0,1
145325609,180313,1377,6,資訊教育,遊戲分析與故事構想,328.628,100,2024-10-25 15:30:13,2024,10,2024-W43,週五,下午,11,10,0,0,0,1
145325616,169901,1377,6,資訊教育,遊戲分析與故事構想,328.628,100,2024-10-25 15:30:14,2024,10,2024-W43,週五,下午,4,3,0,0,0,1
145325696,72906,1377,6,資訊教育,自動與手動開始的遊戲場景,494.16,4,2024-10-25 15:30:28,2024,10,2024-W43,週五,下午,2,1,0,0,0,0
145325706,170169,1377,6,資訊教育,遊戲分析與故事構想,328.628,100,2024-10-25 15:30:29,2024,10,2024-W43,週五,下午,5,4,0,0,0,1
145325954,72906,1377,6,資訊教育,自動與手動開始的遊戲場景,494.16,4,2024-10-25 15:31:17,2024,10,2024-W43,週五,下午,1,0,0,0,0,0
145325994,72906,1377,6,資訊教育,遊戲中的小老鼠,311.244,100,2024-10-25 15:31:26,2024,10,2024-W43,週五,下午,26,26,3,0,0,1
145326079,169177,1377,6,資訊教育,遊戲分析與故事構想,328.628,100,2024-10-25 15:31:47,2024,10,2024-W43,週五,下午,4,3,0,0,0,1
145326083,184828,1377,6,資訊教育,自創角色跑起來,455.221,79,2024-10-25 15:31:48,2024,10,2024-W43,週五,下午,9,10,3,2,0,1
145326201,179767,1377,6,資訊教育,遊戲分析與故事構想,328.628,100,2024-10-25 15:32:13,2024,10,2024-W43,週五,下午,8,7,0,0,0,1
145326230,170642,1377,6,資訊教育,遊戲分析與故事構想,328.628,100,2024-10-25 15:32:20,2024,10,2024-W43,週五,下午,10,9,0,0,0,1
145326430,93753,2284,2,數學108,N-2-11-S01,397.873,30,2024-10-25 15:33:00,2024,10,2024-W43,週五,下午,14,14,1,0,0,0
145326443,170622,1377,6,資訊教育,遊戲分析與故事構想,328.628,99,2024-10-25 15:33:01,2024,10,2024-W43,週五,下午,12,11,0,0,0,1
145326656,180013,1377,6,資訊教育,遊戲分析與故事構想,328.628,100,2024-10-25 15:33:50,2024,10,2024-W43,週五,下午,11,10,0,0,0,1
145326969,170839,1377,6,資訊教育,遊戲分析與故事構想,328.628,100,2024-10-25 15:34:47,2024,10,2024-W43,週五,下午,7,6,0,0,0,1
145327928,73123,1377,6,資訊教育,兩個角色的互動,293.16,17,2024-10-25 15:37:35,2024,10,2024-W43,週五,下午,3,3,1,1,0,0
145328024,180313,1377,6,資訊教育,自動與手動開始的遊戲場景,494.16,32,2024-10-25 15:37:52,2024,10,2024-W43,週五,下午,12,12,1,0,0,1
145328186,170471,1377,6,資訊教育,自動與手動開始的遊戲場景,494.16,39,2024-10-25 15:38:25,2024,10,2024-W43,週五,下午,27,29,2,0,0,1
145328205,180502,1377,6,資訊教育,自動與手動開始的遊戲場景,494.16,29,2024-10-25 15:38:29,2024,10,2024-W43,週五,下午,12,12,3,0,0,1
145328217,170169,1377,6,資訊教育,自動與手動開始的遊戲場景,494.16,32,2024-10-25 15:38:30,2024,10,2024-W43,週五,下午,11,11,1,0,0,1
145328420,169177,1377,6,資訊教育,自動與手動開始的遊戲場景,494.16,8,2024-10-25 15:39:07,2024,10,2024-W43,週五,下午,8,7,3,0,0,1
145328529,179767,1377,6,資訊教育,自動與手動開始的遊戲場景,494.16,90,2024-10-25 15:39:28,2024,10,2024-W43,週五,下午,2,2,0,0,0,1
145328653,169901,1377,6,資訊教育,自動與手動開始的遊戲場景,494.16,32,2024-10-25 15:39:52,2024,10,2024-W43,週五,下午,18,18,2,0,0,1
145328680,170651,1377,6,資訊教育,兩個角色的互動,293.16,92,2024-10-25 15:39:58,2024,10,2024-W43,週五,下午,19,19,2,15,0,0
145328900,170839,1377,6,資訊教育,遊戲分析與故事構想,328.628,100,2024-10-25 15:40:51,2024,10,2024-W43,週五,下午,2,1,0,1,0,0
145328969,180013,1377,6,資訊教育,自動與手動開始的遊戲場景,494.16,30,2024-10-25 15:41:05,2024,10,2024-W43,週五,下午,21,22,2,0,0,1
145329004,170642,1377,6,資訊教育,自動與手動開始的遊戲場景,494.16,38,2024-10-25 15:41:13,2024,10,2024-W43,週五,下午,16,16,0,0,0,1
145329067,170622,1377,6,資訊教育,遊戲分析與故事構想,328.628,100,2024-10-25 15:41:28,2024,10,2024-W43,週五,下午,1,0,0,0,0,0
145329162,90284,2284,2,國語文108,字音[二]/輕音,107.712,100,2024-10-25 15:41:49,2024,10,2024-W43,週五,下午,2,1,0,0,0,0
145329179,170622,1377,6,資訊教育,Scratch舞台設計與認識角色,331.898,12,2024-10-25 15:41:53,2024,10,2024-W43,週五,下午,1,0,0,0,0,0
145329484,170622,1377,6,資訊教育,自動與手動開始的遊戲場景,494.16,30,2024-10-25 15:42:57,2024,10,2024-W43,週五,下午,10,10,0,0,0,1
145329490,170839,1377,6,資訊教育,自動與手動開始的遊戲場景,494.16,32,2024-10-25 15:42:58,2024,10,2024-W43,週五,下午,18,18,6,0,0,1
145330222,170744,1377,6,資訊教育,遊戲分析與故事構想,328.628,61,2024-10-25 15:45:32,2024,10,2024-W43,週五,下午,6,6,1,0,0,1
145330549,90284,2284,2,國語文108,字音[二]/多音1,102.379,100,2024-10-25 15:46:45,2024,10,2024-W43,週五,下午,1,0,0,0,0,0
145330868,169177,1377,6,資訊教育,建立自創角色,292.058,57,2024-10-25 15:47:56,2024,10,2024-W43,週五,下午,6,6,0,0,0,0
145331426,90284,2284,2,國語文108,字音[二]/多音2,101.461,100,2024-10-25 15:50:14,2024,10,2024-W43,週五,下午,4,3,0,0,0,0
145331558,170744,1377,6,資訊教育,自動與手動開始的遊戲場景,494.16,23,2024-10-25 15:50:53,2024,10,2024-W43,週五,下午,2,2,2,0,0,0
145331648,73206,1377,6,資訊教育,遊戲分析與故事構想,328.628,11,2024-10-25 15:51:22,2024,10,2024-W43,週五,下午,2,2,0,0,0,0
145331974,73206,1377,6,資訊教育,自動與手動開始的遊戲場景,494.16,16,2024-10-25 15:52:54,2024,10,2024-W43,週五,下午,3,3,0,0,0,0
145331997,170382,1377,6,資訊教育,遊戲分析與故事構想,328.628,39,2024-10-25 15:53:03,2024,10,2024-W43,週五,下午,2,2,0,0,0,0
145340255,179767,1377,6,英語108,"顏色-Whatcolorisit?-red,yellow,green,blue",201.496,100,2024-10-25 16:09:22,2024,10,2024-W43,週五,下午,4,3,0,0,0,0
145342902,179767,1377,6,英語108,自我介紹-HappyBirthday.I'm_____year(s),187.096,100,2024-10-25 16:19:29,2024,10,2024-W43,週五,下午,3,2,0,0,0,0
145344083,77402,1377,5,英語108,"動物/玩具-Yes/NoQuestions-Yes,itis.No,it'snot.",154.328,100,2024-10-25 16:22:27,2024,10,2024-W43,週五,下午,1,0,0,0,0,0
145346305,77402,1377,5,英語108,身材外型-Iamtall/short/strong/thin/fat.,256.92,100,2024-10-25 16:27:53,2024,10,2024-W43,週五,下午,1,0,0,0,0,0
145347223,179767,1377,6,英語108,"家人-Who'she?He'smybrother/father.Who'sshe?She'smysister,/mother",243.032,100,2024-10-25 16:30:33,2024,10,2024-W43,週五,下午,2,1,0,0,0,0
145349220,77402,1377,5,英語108,"能力-Canyou/he/she_______?-dance,draw,swim,sing,rideabike",221.336,100,2024-10-25 16:36:17,2024,10,2024-W43,週五,下午,1,0,0,0,0,0
145350898,77402,1377,5,英語108,身體部位-TouchYourFace/Mouth/Eyes/Nose/Ears(SafeTouch/UnsafeTouch),194.52,100,2024-10-25 16:41:21,2024,10,2024-W43,週五,下午,1,0,0,0,0,0
145350991,179767,1377,6,英語108,"動物/玩具-Yes/NoQuestions-Yes,itis.No,it'snot.",154.328,100,2024-10-25 16:41:36,2024,10,2024-W43,週五,下午,1,0,0,0,0,0
145352638,179767,1377,6,英語108,"能力-Canyou/he/she_______?-dance,draw,swim,sing,rideabike",221.336,100,2024-10-25 16:46:01,2024,10,2024-W43,週五,下午,1,0,0,0,0,0
145352858,77402,1377,5,英語108,"玩具-Isthis/thata________?-robot,yo-yo,kite,doll,ball",195.928,100,2024-10-25 16:46:49,2024,10,2024-W43,週五,下午,1,0,0,0,0,0
145357970,179767,1377,6,英語108,"情緒-AreYou________?-sad,happy,hungry,tired,angry)",208.792,100,2024-10-25 16:50:35,2024,10,2024-W43,週五,下午,1,0,0,0,0,0
145359228,179767,1377,6,英語108,身體部位-FiveSenses,151.039,100,2024-10-25 16:56:00,2024,10,2024-W43,週五,下午,1,0,0,0,0,0
145360449,179767,1377,6,英語108,動物-Whatisthat?That/Itis_________.,202.432,100,2024-10-25 17:01:58,2024,10,2024-W43,週五,下午,1,0,0,0,0,0
145368512,51970,1377,6,資訊教育,遊戲中的小老鼠,311.244,100,2024-10-25 18:07:31,2024,10,2024-W43,週五,晚上,18,19,9,0,0,1
145369152,51970,1377,6,資訊教育,隨機移動的小老鼠,430.196,100,2024-10-25 18:17:38,2024,10,2024-W43,週五,晚上,28,28,10,0,0,0
145370015,51970,1377,6,資訊教育,隨機移動的小老鼠,430.196,0,2024-10-25 18:30:04,2024,10,2024-W43,週五,晚上,1,1,0,0,0,0
145370096,51970,1377,6,資訊教育,向左走向右走,442.876,0,2024-10-25 18:31:10,2024,10,2024-W43,週五,晚上,2,1,0,0,0,0
145370122,51970,1377,6,資訊教育,向左走向右走,442.876,100,2024-10-25 18:31:35,2024,10,2024-W43,週五,晚上,26,31,7,0,0,2
145370247,52814,1377,6,資訊教育,遊戲中的小老鼠,311.244,19,2024-10-25 18:32:57,2024,10,2024-W43,週五,晚上,3,4,0,0,0,0
145370314,52814,1377,6,資訊教育,遊戲中的小老鼠,311.244,100,2024-10-25 18:34:07,2024,10,2024-W43,週五,晚上,18,17,0,0,0,1
145370940,52814,1377,6,資訊教育,隨機移動的小老鼠,430.196,100,2024-10-25 18:45:13,2024,10,2024-W43,週五,晚上,11,10,0,0,0,1
145371435,51970,1377,6,資訊教育,控制大花貓,234.96,100,2024-10-25 18:51:56,2024,10,2024-W43,週五,晚上,17,16,6,0,0,1
145371929,51970,1377,6,資訊教育,消失的老鼠,232.92,4,2024-10-25 18:59:17,2024,10,2024-W43,週五,晚上,3,3,0,0,0,0
145372169,52814,1377,6,資訊教育,向左走向右走,442.876,50,2024-10-25 19:02:06,2024,10,2024-W43,週五,晚上,10,10,1,0,0,2
145372192,51970,1377,6,資訊教育,隨機移動的小老鼠,430.196,74,2024-10-25 19:02:26,2024,10,2024-W43,週五,晚上,8,7,1,2,0,0
145372410,51970,1377,6,資訊教育,消失的老鼠,232.92,76,2024-10-25 19:05:06,2024,10,2024-W43,週五,晚上,2,2,0,0,0,0
145372714,51970,1377,6,資訊教育,細說變數,214.96,10,2024-10-25 19:08:57,2024,10,2024-W43,週五,晚上,3,3,0,0,0,0
145372834,51970,1377,6,資訊教育,變數的應用,223.84,100,2024-10-25 19:10:29,2024,10,2024-W43,週五,晚上,19,19,5,0,0,1
145372878,52814,1377,6,資訊教育,向左走向右走,442.876,100,2024-10-25 19:10:54,2024,10,2024-W43,週五,晚上,14,13,3,0,0,1
145373785,52814,1377,6,資訊教育,控制大花貓,234.96,58,2024-10-25 19:20:23,2024,10,2024-W43,週五,晚上,16,17,2,0,0,2
145373818,51970,1377,6,資訊教育,變數的應用,223.84,100,2024-10-25 19:20:38,2024,10,2024-W43,週五,晚上,3,3,1,2,0,0
145382505,52814,1377,6,資訊教育,控制大花貓,234.96,100,2024-10-25 20:35:07,2024,10,2024-W43,週五,晚上,5,4,1,0,0,0
145383475,52814,1377,6,資訊教育,消失的老鼠,232.92,100,2024-10-25 20:44:23,2024,10,2024-W43,週五,晚上,2,1,0,0,0,1
145384281,52814,1377,6,資訊教育,細說變數,214.96,100,2024-10-25 20:50:18,2024,10,2024-W43,週五,晚上,4,3,0,0,0,1
145385082,52814,1377,6,資訊教育,變數的應用,223.84,100,2024-10-25 20:56:14,2024,10,2024-W43,週五,晚上,2,1,0,0,0,1
145387676,52814,1377,6,資訊教育,控制大花貓,234.96,48,2024-10-25 21:17:14,2024,10,2024-W43,週五,晚上,3,3,0,2,0,0
145394762,88805,2284,2,數學108,N-2-2-S04,429.729,100,2024-10-25 22:18:56,2024,10,2024-W43,週五,晚上,1,0,0,0,0,0
145400239,94098,2284,2,數學108,R-2-4-S01,375.025,13,2024-10-26 07:56:47,2024,10,2024-W43,週六,上午,1,0,0,0,0,0
145417368,2663,2284,3,數學108,N-3-2-S03,408.52,94,2024-10-26 11:54:24,2024,10,2024-W43,週六,上午,2,2,0,0,0,0
145423133,2663,2284,3,數學108,N-3-2-S03,408.52,13,2024-10-26 13:14:38,2024,10,2024-W43,週六,下午,1,0,0,0,0,0
145423344,2663,2284,3,數學108,N-3-2-S03,408.52,10,2024-10-26 13:17:45,2024,10,2024-W43,週六,下午,1,0,0,0,0,0
145429583,2663,2284,3,數學108,N-3-2-S03,408.52,7,2024-10-26 14:26:54,2024,10,2024-W43,週六,下午,1,1,0,0,0,0
145437222,89352,2284,2,數學108,R-2-4-S01,375.025,17,2024-10-26 15:48:08,2024,10,2024-W43,週六,下午,1,1,0,0,0,0
145448829,94098,2284,2,數學108,R-2-4-S01,375.025,100,2024-10-26 18:04:16,2024,10,2024-W43,週六,晚上,1,0,0,0,0,0
145483763,89348,2284,2,數學108,N-2-2-S01,286.486,38,2024-10-27 10:14:33,2024,10,2024-W43,週日,上午,1,1,0,0,0,0
145487754,89055,2284,2,數學108,R-2-4-S03,614.052,100,2024-10-27 10:49:47,2024,10,2024-W43,週日,上午,17,16,8,0,9,0
145491429,2663,2284,3,數學108,N-3-2-S03,408.52,25,2024-10-27 11:27:26,2024,10,2024-W43,週日,上午,2,3,0,0,0,0
145541555,89352,2284,2,數學108,R-2-4-S01,375.025,100,2024-10-27 19:27:35,2024,10,2024-W43,週日,晚上,2,1,0,0,0,0
145611728,80905,1377,3,資訊教育,中文輸入真Easy,237.12,100,2024-10-28 09:33:47,2024,10,2024-W44,週一,上午,11,10,1,0,0,3
145631929,75413,1377,3,資訊教育,中文輸入真Easy,237.12,100,2024-10-28 10:38:48,2024,10,2024-W44,週一,上午,2,1,0,0,0,1
145632178,129597,1377,3,資訊教育,中文輸入真Easy,237.12,100,2024-10-28 10:39:39,2024,10,2024-W44,週一,上午,38,37,1,0,0,1
145634646,129597,1377,3,資訊教育,作業系統介紹與操作-視窗與滑鼠的操作,352.619,97,2024-10-28 10:48:45,2024,10,2024-W44,週一,上午,2,1,0,0,0,0
145634661,77526,1377,3,資訊教育,中文輸入真Easy,237.12,100,2024-10-28 10:48:48,2024,10,2024-W44,週一,上午,5,4,2,0,0,1
145643546,129597,1377,3,資訊教育,作業系統介紹與操作-視窗與滑鼠的操作,352.619,100,2024-10-28 11:08:02,2024,10,2024-W44,週一,上午,1,0,0,0,0,0
145682387,51593,1377,4,資訊教育,Google地圖基本操作,325.888,57,2024-10-28 13:49:15,2024,10,2024-W44,週一,下午,1,1,0,0,0,1
145695876,18127,1377,4,資訊教育,搜尋合理使用的多媒體,399.061,100,2024-10-28 14:28:35,2024,10,2024-W44,週一,下午,1,0,0,0,0,0
145696385,18127,1377,4,資訊教育,搜尋合理使用的多媒體,399.061,100,2024-10-28 14:29:46,2024,10,2024-W44,週一,下午,1,1,0,0,0,0
145696628,18127,1377,4,資訊教育,搜尋合理使用的多媒體,399.061,100,2024-10-28 14:30:28,2024,10,2024-W44,週一,下午,12,11,1,9,0,1
145697361,18127,1377,4,資訊教育,搜尋合理使用的多媒體,399.061,100,2024-10-28 14:32:22,2024,10,2024-W44,週一,下午,7,6,0,0,0,1
145701097,249749,2284,3,英語108,字母-AlphabetMmNn,378.3,100,2024-10-28 14:40:26,2024,10,2024-W44,週一,下午,11,10,0,0,0,0
145705046,18127,1377,4,資訊教育,搜尋合理使用的多媒體,399.061,100,2024-10-28 14:49:16,2024,10,2024-W44,週一,下午,1,1,0,0,0,0
145705498,18127,1377,4,資訊教育,搜尋創用CC授權的圖片,355.883,6,2024-10-28 14:50:16,2024,10,2024-W44,週一,下午,1,1,0,0,0,0
145705856,20357,1377,4,資訊教育,Google地圖基本操作,325.888,13,2024-10-28 14:51:04,2024,10,2024-W44,週一,下午,1,0,0,0,0,0
145706195,20357,1377,4,資訊教育,寫一封信件給老師,167.381,100,2024-10-28 14:51:50,2024,10,2024-W44,週一,下午,4,3,0,0,0,3
145706649,249749,2284,3,英語108,自我介紹-Howoldareyou?,237.184,87,2024-10-28 14:52:51,2024,10,2024-W44,週一,下午,5,5,0,0,0,0
145707390,18127,1377,4,資訊教育,搜尋創用CC授權的圖片,355.883,9,2024-10-28 14:54:32,2024,10,2024-W44,週一,下午,2,2,0,0,0,0
145709083,18127,1377,4,資訊教育,Google地圖基本操作,325.888,3,2024-10-28 14:58:23,2024,10,2024-W44,週一,下午,1,0,0,0,0,0
145709992,20357,1377,4,資訊教育,電子郵件信箱簡介,236.075,17,2024-10-28 15:00:39,2024,10,2024-W44,週一,下午,1,0,0,0,0,0
145710125,18127,1377,4,資訊教育,電子郵件信箱簡介,236.075,4,2024-10-28 15:01:07,2024,10,2024-W44,週一,下午,1,0,0,0,0,0
145743462,179767,1377,6,英語108,教室用語-Raiseyourhand.Putdownyourhand.,182.72,100,2024-10-28 16:26:21,2024,10,2024-W44,週一,下午,1,0,0,0,0,0
145746439,179767,1377,6,英語108,教室用語-Look,103.616,100,2024-10-28 16:30:11,2024,10,2024-W44,週一,下午,1,0,0,0,0,0
145747652,14637,1377,5,英語108,身體部位-FiveSenses,151.039,100,2024-10-28 16:31:55,2024,10,2024-W44,週一,下午,1,0,0,0,0,0
145748547,77402,1377,5,英語108,動物-Whatisthat?That/Itis_________.,202.432,100,2024-10-28 16:33:15,2024,10,2024-W44,週一,下午,1,0,0,0,0,0
145749710,113961,1377,5,英語108,"身體外型-MyAlienFriends-heavy,short,thin,tall,strong",373.472,100,2024-10-28 16:35:04,2024,10,2024-W44,週一,下午,2,1,0,0,0,0
145750210,14637,1377,5,英語108,動物-Whatisthat?That/Itis_________.,202.432,100,2024-10-28 16:35:54,2024,10,2024-W44,週一,下午,2,1,0,0,0,0
145750534,13053,1377,5,英語108,動物-Whatisthat?That/Itis_________.,202.432,100,2024-10-28 16:36:26,2024,10,2024-W44,週一,下午,4,3,0,0,0,0
145751231,77402,1377,5,英語108,自我介紹-Howoldareyou?,237.184,100,2024-10-28 16:37:39,2024,10,2024-W44,週一,下午,2,1,0,0,0,0
145755953,77402,1377,5,英語108,Ishe/shea________?(Occupations),166.366,100,2024-10-28 16:46:40,2024,10,2024-W44,週一,下午,10,9,0,0,0,0
145756373,13053,1377,5,英語108,動物-Whatisthat?That/Itis_________.,202.432,0,2024-10-28 16:47:32,2024,10,2024-W44,週一,下午,1,0,0,0,0,0
145757112,13053,1377,5,英語108,自我介紹-Howoldareyou?,237.184,100,2024-10-28 16:49:09,2024,10,2024-W44,週一,下午,2,1,0,0,0,0
145758456,14637,1377,5,英語108,能力-ICanDance/Jump/Read/Run/Sing/Swim/Write.,140.01,100,2024-10-28 16:52:25,2024,10,2024-W44,週一,下午,1,0,0,0,0,0
145759079,113961,1377,5,英語108,"玩具-Mr.Dale's toy garage -top, doll, robot, yo-yo, ball",163.488,100,2024-10-28 16:54:04,2024,10,2024-W44,週一,下午,2,1,0,0,0,0
145759281,13053,1377,5,英語108,能力-ICanDance/Jump/Read/Run/Sing/Swim/Write.,140.01,100,2024-10-28 16:54:37,2024,10,2024-W44,週一,下午,1,0,0,0,0,0
145760064,77402,1377,5,英語108,能力-ICanDance/Jump/Read/Run/Sing/Swim/Write.,140.01,100,2024-10-28 16:57:00,2024,10,2024-W44,週一,下午,1,0,0,0,0,0
145760298,113961,1377,5,英語108,字母-AlphabetN-Z,179.68,100,2024-10-28 16:57:34,2024,10,2024-W44,週一,下午,1,0,0,0,0,0
145762908,113961,1377,5,英語108,"顏色-Colors(red,blue,yellow,black,white)",167.97,100,2024-10-28 17:05:07,2024,10,2024-W44,週一,下午,2,1,0,0,0,0
145813447,94149,2284,2,數學108,N-2-2-S04,429.729,44,2024-10-29 08:03:50,2024,10,2024-W44,週二,上午,1,1,1,0,0,0
145813651,94149,2284,2,數學108,N-2-2-S04,429.729,100,2024-10-29 08:04:36,2024,10,2024-W44,週二,上午,2,1,0,0,0,0
145815046,94149,2284,2,數學108,N-2-3-S01,884.76,81,2024-10-29 08:09:19,2024,10,2024-W44,週二,上午,2,2,0,0,0,0
145819928,94149,2284,2,數學108,N-2-3-S01,884.76,100,2024-10-29 08:19:46,2024,10,2024-W44,週二,上午,3,2,0,0,0,0
145870231,78703,1377,3,資訊教育,中文輸入真Easy,237.12,100,2024-10-29 11:04:20,2024,10,2024-W44,週二,上午,10,9,4,1,0,1
145870813,76576,1377,3,資訊教育,認識鍵盤,332.224,77,2024-10-29 11:05:51,2024,10,2024-W44,週二,上午,8,8,0,0,0,1
145870972,131251,1377,3,資訊教育,中文輸入真Easy,237.12,33,2024-10-29 11:06:17,2024,10,2024-W44,週二,上午,5,5,0,0,0,0
146002518,113961,1377,5,英語108,"職業/工作-Jobs-doctor,nurse,cook,teacher,student",202.588,100,2024-10-29 16:33:34,2024,10,2024-W44,週二,下午,4,3,0,0,0,0
146006003,113961,1377,5,英語108,"職業/工作-Jobs-doctor,nurse,cook,teacher,student",202.588,0,2024-10-29 16:37:33,2024,10,2024-W44,週二,下午,3,2,0,0,0,0
146225110,70178,2284,4,數學108,video:N-4-5-S01,731.974,100,2024-10-30 21:04:43,2024,10,2024-W44,週三,晚上,27,26,3,0,0,0
146291558,70078,2284,4,數學108,video:N-4-5-S01,731.974,100,2024-10-31 11:44:20,2024,10,2024-W44,週四,上午,4,3,0,0,0,0
146297716,70078,2284,4,數學108,video:N-4-5-S02,925.664,53,2024-10-31 12:02:30,2024,10,2024-W44,週四,下午,2,2,0,0,0,0
146300500,70078,2284,4,數學108,video:N-4-5-S02,925.664,100,2024-10-31 12:11:24,2024,10,2024-W44,週四,下午,4,3,0,0,0,0
146302377,70078,2284,4,數學108,video:N-4-5-S02,925.664,100,2024-10-31 12:17:46,2024,10,2024-W44,週四,下午,2,1,0,0,0,0
146302905,70078,2284,4,數學108,video:N-4-5-S03,761.359,68,2024-10-31 12:19:35,2024,10,2024-W44,週四,下午,10,9,0,0,0,0
146304493,98073,2284,4,數學108,video:N-4-5-S01,731.974,0,2024-10-31 12:25:32,2024,10,2024-W44,週四,下午,2,2,0,0,0,0
146306561,70078,2284,4,數學108,video:N-4-5-S03,761.359,100,2024-10-31 12:33:21,2024,10,2024-W44,週四,下午,1,1,0,0,0,0
146308214,70178,2284,4,數學108,video:N-4-5-S02,925.664,100,2024-10-31 12:39:59,2024,10,2024-W44,週四,下午,10,9,0,0,0,0
146312289,70178,2284,4,數學108,video:N-4-5-S03,761.359,100,2024-10-31 12:57:11,2024,10,2024-W44,週四,下午,2,1,0,0,0,0
146383020,70334,2284,4,數學108,video:N-4-5-S01,731.974,24,2024-10-31 16:53:03,2024,10,2024-W44,週四,下午,2,2,0,0,0,0
146383956,70334,2284,4,數學108,video:N-4-5-S01,731.974,34,2024-10-31 16:56:37,2024,10,2024-W44,週四,下午,1,1,0,0,0,0
146384315,70334,2284,4,數學108,video:N-4-5-S01,731.974,100,2024-10-31 16:58:04,2024,10,2024-W44,週四,下午,2,1,0,0,0,0
146387652,70075,2284,4,數學108,video:N-4-5-S01,731.974,1,2024-10-31 17:09:57,2024,10,2024-W44,週四,下午,1,1,0,0,0,0
146403824,2663,2284,3,數學108,N-3-2-S03,408.52,100,2024-10-31 18:19:19,2024,10,2024-W44,週四,晚上,5,4,0,0,0,0
146404883,70075,2284,4,數學108,video:N-4-5-S01,731.974,100,2024-10-31 18:25:23,2024,10,2024-W44,週四,晚上,8,7,0,0,0,0
146405524,2663,2284,3,數學108,N-3-2-S04,652.48,100,2024-10-31 18:29:22,2024,10,2024-W44,週四,晚上,8,7,0,0,0,0
146407427,70075,2284,4,數學108,video:N-4-5-S02,925.664,28,2024-10-31 18:43:57,2024,10,2024-W44,週四,晚上,2,1,0,0,0,0
146462856,13107,1377,5,國語文108,字義[五]/本義,71.6,52,2024-11-01 08:35:47,2024,11,2024-W44,週五,上午,1,0,0,0,0,0
146463219,13107,1377,5,國語文108,字義[五]/本義,71.6,100,2024-11-01 08:36:41,2024,11,2024-W44,週五,上午,1,0,0,0,0,0
146477650,75415,1377,5,資訊教育,簡報圖片配色與圖層概念,392.853,87,2024-11-01 09:30:49,2024,11,2024-W44,週五,上午,7,7,0,0,0,0
146477694,75112,1377,5,資訊教育,增刪投影片與版面配置,283.008,96,2024-11-01 09:30:59,2024,11,2024-W44,週五,上午,2,1,0,0,0,0
146477988,113961,1377,5,資訊教育,輸入簡報內容及插入網頁圖片,393.195,79,2024-11-01 09:32:24,2024,11,2024-W44,週五,上午,14,15,5,0,0,1
146478195,75208,1377,5,資訊教育,簡報圖片配色與圖層概念,392.853,15,2024-11-01 09:33:18,2024,11,2024-W44,週五,上午,4,4,0,0,0,2
146478404,75076,1377,5,資訊教育,其他簡報軟體插入投影片編號,367.275,0,2024-11-01 09:34:14,2024,11,2024-W44,週五,上午,2,2,1,0,0,0
146482790,75208,1377,5,資訊教育,設計好看的封面,362.795,0,2024-11-01 09:49:36,2024,11,2024-W44,週五,上午,15,14,9,10,0,0
146482884,75076,1377,5,資訊教育,輸入簡報內容及插入網頁圖片,393.195,68,2024-11-01 09:49:56,2024,11,2024-W44,週五,上午,3,2,1,1,0,0
146482969,79251,1377,5,資訊教育,增刪投影片與版面配置,283.008,15,2024-11-01 09:50:14,2024,11,2024-W44,週五,上午,1,1,0,0,0,0
146483096,75069,1377,5,資訊教育,Google簡報的操作介面與檔案管理,290.453,100,2024-11-01 09:50:35,2024,11,2024-W44,週五,上午,7,6,0,0,0,0
146483103,75076,1377,5,資訊教育,使用項目符號、探索功能,337.237,86,2024-11-01 09:50:36,2024,11,2024-W44,週五,上午,18,17,7,0,0,0
146483172,75816,1377,5,資訊教育,輸入簡報內容及插入網頁圖片,393.195,0,2024-11-01 09:50:47,2024,11,2024-W44,週五,上午,1,1,0,0,0,0
146483347,75816,1377,5,資訊教育,插入圖案,226.432,100,2024-11-01 09:51:14,2024,11,2024-W44,週五,上午,93,92,2,0,0,2
146483529,75825,1377,5,資訊教育,插入影片,279.68,68,2024-11-01 09:51:40,2024,11,2024-W44,週五,上午,7,7,2,0,0,0
146483924,75777,1377,5,資訊教育,設計好看的封面,362.795,33,2024-11-01 09:52:48,2024,11,2024-W44,週五,上午,3,3,1,0,0,1
146484675,75069,1377,5,資訊教育,增刪投影片與版面配置,283.008,82,2024-11-01 09:54:32,2024,11,2024-W44,週五,上午,11,11,5,0,0,2
146485322,75816,1377,5,資訊教育,插入圖案,226.432,100,2024-11-01 09:56:19,2024,11,2024-W44,週五,上午,1,1,0,0,0,0
146485460,75816,1377,5,資訊教育,插入資料來源及投影片編號,318.421,0,2024-11-01 09:56:40,2024,11,2024-W44,週五,上午,1,1,0,0,0,0
146488364,75112,1377,5,資訊教育,設計好看的封面,362.795,35,2024-11-01 10:05:49,2024,11,2024-W44,週五,上午,4,4,0,0,0,2
146489892,75076,1377,5,資訊教育,插入影片,279.68,45,2024-11-01 10:10:36,2024,11,2024-W44,週五,上午,3,3,0,0,0,0
146507780,39073,1377,5,資訊教育,簡報圖片配色與圖層概念,392.853,23,2024-11-01 11:00:34,2024,11,2024-W44,週五,上午,3,3,0,2,0,0
146508638,39073,1377,5,資訊教育,輸入簡報內容及插入網頁圖片,393.195,71,2024-11-01 11:02:12,2024,11,2024-W44,週五,上午,7,7,2,1,0,0
146509172,27845,1377,5,資訊教育,應用探索功能-插入圖片,257.749,27,2024-11-01 11:03:19,2024,11,2024-W44,週五,上午,3,4,1,0,0,2
146509493,26970,1377,5,資訊教育,設計好看的封面,362.795,54,2024-11-01 11:03:57,2024,11,2024-W44,週五,上午,10,11,1,0,0,0
146509579,29204,1377,5,資訊教育,輸入簡報內容及插入網頁圖片,393.195,75,2024-11-01 11:04:05,2024,11,2024-W44,週五,上午,20,21,9,0,0,0
146509943,34771,1377,5,資訊教育,簡報物件動畫設計,309.077,44,2024-11-01 11:04:53,2024,11,2024-W44,週五,上午,7,7,0,0,0,0
146510584,116516,1377,5,資訊教育,設計好看的封面,362.795,20,2024-11-01 11:06:10,2024,11,2024-W44,週五,上午,5,5,0,0,0,1
146511845,29231,1377,5,資訊教育,輸入簡報內容及插入網頁圖片,393.195,12,2024-11-01 11:08:48,2024,11,2024-W44,週五,上午,2,1,0,0,0,0
146512178,89055,2284,2,數學108,N-2-1-S04,298.075,100,2024-11-01 11:09:40,2024,11,2024-W44,週五,上午,5,4,1,0,1,0
146512693,29231,1377,5,資訊教育,簡報圖片配色與圖層概念,392.853,4,2024-11-01 11:11:15,2024,11,2024-W44,週五,上午,1,1,0,0,0,0
146514224,230454,1377,6,資訊教育,自動與手動開始的遊戲場景,494.16,100,2024-11-01 11:19:32,2024,11,2024-W44,週五,上午,4,3,0,0,0,0
146514303,241840,1377,6,資訊教育,向左走向右走,442.876,61,2024-11-01 11:20:00,2024,11,2024-W44,週五,上午,1,1,0,0,0,0
146514310,239765,1377,6,資訊教育,自動與手動開始的遊戲場景,494.16,100,2024-11-01 11:20:01,2024,11,2024-W44,週五,上午,1,0,0,0,0,0
146520115,241840,1377,6,資訊教育,隨機移動的小老鼠,430.196,0,2024-11-01 11:35:35,2024,11,2024-W44,週五,上午,1,1,0,0,0,0
146520315,241854,1377,6,資訊教育,遊戲分析與故事構想,328.628,100,2024-11-01 11:36:05,2024,11,2024-W44,週五,上午,4,3,0,0,0,1
146520330,230014,1377,6,資訊教育,遊戲中的小老鼠,311.244,100,2024-11-01 11:36:07,2024,11,2024-W44,週五,上午,1,0,4,0,0,0
146520336,230454,1377,6,資訊教育,遊戲中的小老鼠,311.244,100,2024-11-01 11:36:09,2024,11,2024-W44,週五,上午,29,28,3,0,0,1
146520493,230630,1377,6,資訊教育,自動與手動開始的遊戲場景,494.16,93,2024-11-01 11:36:34,2024,11,2024-W44,週五,上午,15,15,1,0,0,0
146520550,242894,1377,6,資訊教育,遊戲分析與故事構想,328.628,100,2024-11-01 11:36:44,2024,11,2024-W44,週五,上午,3,2,0,0,0,1
146520558,240896,1377,6,資訊教育,控制大花貓,234.96,40,2024-11-01 11:36:45,2024,11,2024-W44,週五,上午,4,4,1,0,0,1
146520578,237057,1377,6,資訊教育,遊戲分析與故事構想,328.628,100,2024-11-01 11:36:48,2024,11,2024-W44,週五,上午,4,3,0,0,0,1
146520627,238999,1377,6,資訊教育,遊戲分析與故事構想,328.628,100,2024-11-01 11:36:56,2024,11,2024-W44,週五,上午,7,6,1,0,0,2
146520633,1016,1377,6,資訊教育,遊戲分析與故事構想,328.628,100,2024-11-01 11:36:58,2024,11,2024-W44,週五,上午,4,3,0,0,0,1
146520658,240765,1377,6,資訊教育,遊戲分析與故事構想,328.628,100,2024-11-01 11:37:02,2024,11,2024-W44,週五,上午,4,3,0,0,0,1
146520676,242347,1377,6,資訊教育,自動與手動開始的遊戲場景,494.16,9,2024-11-01 11:37:05,2024,11,2024-W44,週五,上午,2,1,0,0,0,0
146520742,238943,1377,6,資訊教育,自動與手動開始的遊戲場景,494.16,10,2024-11-01 11:37:15,2024,11,2024-W44,週五,上午,1,0,0,0,0,0
146520754,241568,1377,6,資訊教育,遊戲分析與故事構想,328.628,100,2024-11-01 11:37:17,2024,11,2024-W44,週五,上午,1,0,0,0,0,0
146520798,239275,1377,6,資訊教育,控制大花貓,234.96,3,2024-11-01 11:37:24,2024,11,2024-W44,週五,上午,2,1,0,0,0,0
146520810,239765,1377,6,資訊教育,遊戲分析與故事構想,328.628,89,2024-11-01 11:37:26,2024,11,2024-W44,週五,上午,6,5,0,3,0,0
146520989,52398,1377,6,資訊教育,遊戲分析與故事構想,328.628,100,2024-11-01 11:37:52,2024,11,2024-W44,週五,上午,3,2,0,0,0,1
146520992,244127,1377,6,資訊教育,遊戲分析與故事構想,328.628,100,2024-11-01 11:37:52,2024,11,2024-W44,週五,上午,11,10,0,0,0,1
146521070,241840,1377,6,資訊教育,隨機移動的小老鼠,430.196,0,2024-11-01 11:38:05,2024,11,2024-W44,週五,上午,1,1,0,0,0,0
146521077,239702,1377,6,資訊教育,遊戲分析與故事構想,328.628,100,2024-11-01 11:38:06,2024,11,2024-W44,週五,上午,4,3,1,0,0,2
146521138,242347,1377,6,資訊教育,遊戲分析與故事構想,328.628,100,2024-11-01 11:38:15,2024,11,2024-W44,週五,上午,4,3,0,0,0,1
146521237,239275,1377,6,資訊教育,遊戲分析與故事構想,328.628,100,2024-11-01 11:38:32,2024,11,2024-W44,週五,上午,2,1,0,0,0,1
146521244,238943,1377,6,資訊教育,遊戲分析與故事構想,328.628,100,2024-11-01 11:38:32,2024,11,2024-W44,週五,上午,3,2,0,0,0,1
146521535,239765,1377,6,資訊教育,自動與手動開始的遊戲場景,494.16,71,2024-11-01 11:39:21,2024,11,2024-W44,週五,上午,40,40,3,1,0,1
146521722,238715,1377,6,資訊教育,遊戲分析與故事構想,328.628,100,2024-11-01 11:39:49,2024,11,2024-W44,週五,上午,2,1,0,0,0,1
146521858,241840,1377,6,資訊教育,建立自創角色,292.058,10,2024-11-01 11:40:11,2024,11,2024-W44,週五,上午,1,0,0,0,0,0
146522094,241568,1377,6,資訊教育,自動與手動開始的遊戲場景,494.16,24,2024-11-01 11:40:45,2024,11,2024-W44,週五,上午,13,14,1,0,0,1
146522115,241840,1377,6,資訊教育,遊戲分析與故事構想,328.628,100,2024-11-01 11:40:48,2024,11,2024-W44,週五,上午,2,1,0,0,0,1
146522188,230014,1377,6,資訊教育,遊戲分析與故事構想,328.628,0,2024-11-01 11:41:00,2024,11,2024-W44,週五,上午,2,1,0,0,0,1
146522345,240896,1377,6,資訊教育,遊戲分析與故事構想,328.628,100,2024-11-01 11:41:25,2024,11,2024-W44,週五,上午,4,3,0,0,0,1
146522843,241854,1377,6,資訊教育,自動與手動開始的遊戲場景,494.16,48,2024-11-01 11:42:41,2024,11,2024-W44,週五,上午,17,17,1,0,0,1
146522930,1016,1377,6,資訊教育,自動與手動開始的遊戲場景,494.16,40,2024-11-01 11:42:52,2024,11,2024-W44,週五,上午,17,17,3,0,0,2
146523052,242894,1377,6,資訊教育,自動與手動開始的遊戲場景,494.16,49,2024-11-01 11:43:09,2024,11,2024-W44,週五,上午,25,25,1,0,0,1
146523437,238999,1377,6,資訊教育,自創角色跑起來,455.221,32,2024-11-01 11:43:59,2024,11,2024-W44,週五,上午,1,1,0,0,0,0
146523510,237057,1377,6,資訊教育,遊戲分析與故事構想,328.628,9,2024-11-01 11:44:11,2024,11,2024-W44,週五,上午,1,0,0,0,0,0
146523609,238999,1377,6,資訊教育,自動與手動開始的遊戲場景,494.16,41,2024-11-01 11:44:25,2024,11,2024-W44,週五,上午,18,18,1,0,0,1
146523709,230014,1377,6,資訊教育,遊戲分析與故事構想,328.628,3,2024-11-01 11:44:39,2024,11,2024-W44,週五,上午,1,1,0,0,0,0
146523796,238943,1377,6,資訊教育,自動與手動開始的遊戲場景,494.16,100,2024-11-01 11:44:51,2024,11,2024-W44,週五,上午,5,4,0,0,0,1
146523824,240765,1377,6,資訊教育,自動與手動開始的遊戲場景,494.16,100,2024-11-01 11:44:54,2024,11,2024-W44,週五,上午,1,0,0,0,0,0
146523987,244127,1377,6,資訊教育,自動與手動開始的遊戲場景,494.16,29,2024-11-01 11:45:14,2024,11,2024-W44,週五,上午,6,7,3,0,0,0
146524112,230014,1377,6,資訊教育,遊戲分析與故事構想,328.628,100,2024-11-01 11:45:32,2024,11,2024-W44,週五,上午,2,5,0,0,0,1
146524202,242347,1377,6,資訊教育,遊戲分析與故事構想,328.628,3,2024-11-01 11:45:46,2024,11,2024-W44,週五,上午,1,0,0,0,0,0
146524365,52398,1377,6,資訊教育,自動與手動開始的遊戲場景,494.16,2,2024-11-01 11:46:09,2024,11,2024-W44,週五,上午,2,2,0,0,0,0
146524547,238715,1377,6,資訊教育,遊戲中的小老鼠,311.244,10,2024-11-01 11:46:34,2024,11,2024-W44,週五,上午,1,1,0,0,0,0
146525827,230630,1377,6,資訊教育,自動與手動開始的遊戲場景,494.16,100,2024-11-01 11:49:35,2024,11,2024-W44,週五,上午,7,8,3,0,0,0
146526006,242347,1377,6,資訊教育,自動與手動開始的遊戲場景,494.16,10,2024-11-01 11:49:59,2024,11,2024-W44,週五,上午,6,6,3,0,0,1
146526186,239275,1377,6,資訊教育,自動與手動開始的遊戲場景,494.16,100,2024-11-01 11:50:26,2024,11,2024-W44,週五,上午,5,4,2,0,0,1
146526197,239702,1377,6,資訊教育,建立自創角色,292.058,0,2024-11-01 11:50:28,2024,11,2024-W44,週五,上午,2,2,0,0,0,0
146526423,238715,1377,6,資訊教育,自動與手動開始的遊戲場景,494.16,29,2024-11-01 11:51:03,2024,11,2024-W44,週五,上午,5,5,1,0,0,1
146526438,237057,1377,6,資訊教育,自動與手動開始的遊戲場景,494.16,22,2024-11-01 11:51:07,2024,11,2024-W44,週五,上午,5,5,0,0,0,1
146526507,239702,1377,6,資訊教育,自動與手動開始的遊戲場景,494.16,64,2024-11-01 11:51:20,2024,11,2024-W44,週五,上午,8,8,0,0,0,0
146526528,240896,1377,6,資訊教育,自動與手動開始的遊戲場景,494.16,33,2024-11-01 11:51:23,2024,11,2024-W44,週五,上午,6,6,0,0,0,1
146526650,240765,1377,6,資訊教育,遊戲中的小老鼠,311.244,50,2024-11-01 11:51:40,2024,11,2024-W44,週五,上午,2,2,0,0,0,0
146527888,238943,1377,6,資訊教育,遊戲中的小老鼠,311.244,100,2024-11-01 11:54:56,2024,11,2024-W44,週五,上午,5,4,0,0,0,1
146528046,240765,1377,6,資訊教育,遊戲中的小老鼠,311.244,100,2024-11-01 11:55:17,2024,11,2024-W44,週五,上午,6,5,0,0,0,1
146528067,230630,1377,6,資訊教育,遊戲中的小老鼠,311.244,53,2024-11-01 11:55:21,2024,11,2024-W44,週五,上午,7,7,0,0,0,0
146528974,230454,1377,6,資訊教育,隨機移動的小老鼠,430.196,23,2024-11-01 11:57:45,2024,11,2024-W44,週五,上午,2,2,0,0,0,0
146529336,242347,1377,6,資訊教育,自動與手動開始的遊戲場景,494.16,11,2024-11-01 11:59:00,2024,11,2024-W44,週五,上午,1,1,0,0,0,0
146547356,52022,1377,6,資訊教育,自動與手動開始的遊戲場景,494.16,61,2024-11-01 13:30:06,2024,11,2024-W44,週五,下午,19,25,1,0,0,1
146547411,51708,1377,6,資訊教育,隨機移動的小老鼠,430.196,100,2024-11-01 13:30:16,2024,11,2024-W44,週五,下午,5,4,0,0,0,1
146547423,56500,1377,6,資訊教育,遊戲中的小老鼠,311.244,13,2024-11-01 13:30:20,2024,11,2024-W44,週五,下午,8,8,1,0,0,0
146547467,51970,1377,6,資訊教育,細說變數,214.96,100,2024-11-01 13:30:30,2024,11,2024-W44,週五,下午,3,2,0,0,0,0
146551365,56500,1377,6,資訊教育,遊戲中的小老鼠,311.244,13,2024-11-01 13:44:04,2024,11,2024-W44,週五,下午,2,1,0,0,0,0
146551372,70075,2284,4,數學108,video:N-4-5-S02,925.664,71,2024-11-01 13:44:05,2024,11,2024-W44,週五,下午,5,6,0,0,0,0
146551442,51787,1377,6,資訊教育,隨機移動的小老鼠,430.196,15,2024-11-01 13:44:21,2024,11,2024-W44,週五,下午,1,1,0,0,0,0
146551461,51872,1377,6,資訊教育,自動與手動開始的遊戲場景,494.16,54,2024-11-01 13:44:26,2024,11,2024-W44,週五,下午,30,30,5,0,0,1
146551555,51515,1377,6,資訊教育,自創角色跑起來,455.221,74,2024-11-01 13:44:47,2024,11,2024-W44,週五,下午,1,0,0,0,0,0
146551601,52740,1377,6,資訊教育,遊戲分析與故事構想,328.628,100,2024-11-01 13:44:57,2024,11,2024-W44,週五,下午,15,14,0,0,0,2
146551614,51408,1377,6,資訊教育,自動與手動開始的遊戲場景,494.16,34,2024-11-01 13:44:59,2024,11,2024-W44,週五,下午,14,14,1,2,0,0
146551616,51515,1377,6,資訊教育,自動與手動開始的遊戲場景,494.16,52,2024-11-01 13:44:59,2024,11,2024-W44,週五,下午,13,14,3,0,0,0
146551681,56500,1377,6,資訊教育,自動與手動開始的遊戲場景,494.16,97,2024-11-01 13:45:13,2024,11,2024-W44,週五,下午,1,0,0,1,0,0
146551715,163235,1377,6,資訊教育,自動與手動開始的遊戲場景,494.16,54,2024-11-01 13:45:19,2024,11,2024-W44,週五,下午,26,28,0,0,0,1
146551749,79490,1377,6,資訊教育,遊戲分析與故事構想,328.628,60,2024-11-01 13:45:28,2024,11,2024-W44,週五,下午,3,16,0,0,0,1
146551924,56500,1377,6,資訊教育,遊戲中的小老鼠,311.244,100,2024-11-01 13:46:05,2024,11,2024-W44,週五,下午,18,17,0,0,0,1
146551960,126435,1377,6,資訊教育,自動與手動開始的遊戲場景,494.16,100,2024-11-01 13:46:14,2024,11,2024-W44,週五,下午,24,23,0,0,0,0
146553267,51943,1377,6,資訊教育,自動與手動開始的遊戲場景,494.16,12,2024-11-01 13:51:10,2024,11,2024-W44,週五,下午,2,2,0,0,0,0
146553329,88959,2284,2,數學108,N-2-1-S04,298.075,27,2024-11-01 13:51:24,2024,11,2024-W44,週五,下午,1,0,0,0,0,0
146553435,79490,1377,6,資訊教育,遊戲分析與故事構想,328.628,60,2024-11-01 13:51:49,2024,11,2024-W44,週五,下午,1,0,0,0,0,0
146553596,51708,1377,6,資訊教育,控制大花貓,234.96,100,2024-11-01 13:52:28,2024,11,2024-W44,週五,下午,5,4,0,0,0,1
146553754,79490,1377,6,資訊教育,自動與手動開始的遊戲場景,494.16,53,2024-11-01 13:53:00,2024,11,2024-W44,週五,下午,20,20,10,0,0,0
146553893,51970,1377,6,資訊教育,著作權法、創用CC和遊戲規劃,335.16,3,2024-11-01 13:53:28,2024,11,2024-W44,週五,下午,1,1,0,0,0,0
146554288,51970,1377,6,資訊教育,設計遊戲場景和正義使者主角,401.968,100,2024-11-01 13:54:46,2024,11,2024-W44,週五,下午,25,25,4,0,0,1
146555037,51708,1377,6,資訊教育,消失的老鼠,232.92,67,2024-11-01 13:57:12,2024,11,2024-W44,週五,下午,2,2,0,0,0,1
146555115,88959,2284,2,數學108,N-2-1-S04,298.075,100,2024-11-01 13:57:28,2024,11,2024-W44,週五,下午,1,0,0,0,0,0
146555815,56500,1377,6,資訊教育,隨機移動的小老鼠,430.196,100,2024-11-01 13:59:55,2024,11,2024-W44,週五,下午,26,25,2,0,0,1
146556504,52740,1377,6,資訊教育,自動與手動開始的遊戲場景,494.16,39,2024-11-01 14:02:35,2024,11,2024-W44,週五,下午,11,11,0,0,0,1
146556700,51708,1377,6,資訊教育,自動與手動開始的遊戲場景,494.16,46,2024-11-01 14:03:20,2024,11,2024-W44,週五,下午,7,7,0,5,0,0
146557137,126435,1377,6,資訊教育,遊戲中的小老鼠,311.244,100,2024-11-01 14:04:57,2024,11,2024-W44,週五,下午,24,23,1,0,0,1
146559349,51970,1377,6,資訊教育,設計遊戲魔鬼主角造型,210.11,4,2024-11-01 14:13:45,2024,11,2024-W44,週五,下午,1,1,0,0,0,0
146560063,126435,1377,6,資訊教育,隨機移動的小老鼠,430.196,15,2024-11-01 14:17:03,2024,11,2024-W44,週五,下午,1,1,0,0,0,0
146567555,6792,1377,5,資訊教育,簡報圖片配色與圖層概念,392.853,100,2024-11-01 14:43:23,2024,11,2024-W44,週五,下午,11,10,0,0,0,0
146567629,14640,1377,5,資訊教育,其他簡報軟體插入投影片編號,367.275,100,2024-11-01 14:43:38,2024,11,2024-W44,週五,下午,7,6,0,0,0,1
146569870,6792,1377,5,資訊教育,簡報圖片配色與圖層概念,392.853,100,2024-11-01 14:49:59,2024,11,2024-W44,週五,下午,1,1,0,0,0,0
146569913,6792,1377,5,資訊教育,簡報圖片配色與圖層概念,392.853,100,2024-11-01 14:50:04,2024,11,2024-W44,週五,下午,2,2,1,0,0,0
146570050,13295,1377,5,資訊教育,設計好看的封面,362.795,70,2024-11-01 14:50:26,2024,11,2024-W44,週五,下午,13,13,1,8,0,0
146570459,14640,1377,5,資訊教育,簡報圖片配色與圖層概念,392.853,37,2024-11-01 14:51:29,2024,11,2024-W44,週五,下午,2,2,0,0,0,1
146572345,13107,1377,5,資訊教育,插入圖案,226.432,100,2024-11-01 14:57:17,2024,11,2024-W44,週五,下午,2,1,0,0,0,1
146572973,6622,1377,5,資訊教育,設計好看的封面,362.795,18,2024-11-01 14:59:38,2024,11,2024-W44,週五,下午,1,1,0,0,0,0
146576287,170642,1377,6,資訊教育,Scratch角色動起來,504.871,54,2024-11-01 15:17:06,2024,11,2024-W44,週五,下午,5,4,0,0,0,1
146576315,180013,1377,6,資訊教育,自動與手動開始的遊戲場景,494.16,100,2024-11-01 15:17:15,2024,11,2024-W44,週五,下午,27,27,3,0,0,0
146578260,170651,1377,6,資訊教育,遊戲分析與故事構想,328.628,100,2024-11-01 15:26:01,2024,11,2024-W44,週五,下午,2,1,0,0,0,1
146578277,169901,1377,6,資訊教育,自動與手動開始的遊戲場景,494.16,80,2024-11-01 15:26:05,2024,11,2024-W44,週五,下午,52,52,3,0,0,0
146578314,179767,1377,6,資訊教育,自動與手動開始的遊戲場景,494.16,69,2024-11-01 15:26:14,2024,11,2024-W44,週五,下午,34,35,1,0,0,1
146578343,72906,1377,6,資訊教育,隨機移動的小老鼠,430.196,90,2024-11-01 15:26:22,2024,11,2024-W44,週五,下午,16,15,0,0,0,1
146578420,169177,1377,6,資訊教育,自動與手動開始的遊戲場景,494.16,67,2024-11-01 15:26:44,2024,11,2024-W44,週五,下午,29,29,2,0,0,2
146578432,180502,1377,6,資訊教育,自動與手動開始的遊戲場景,494.16,100,2024-11-01 15:26:47,2024,11,2024-W44,週五,下午,15,14,1,0,0,0
146578471,180313,1377,6,資訊教育,兩個角色的互動,293.16,81,2024-11-01 15:26:58,2024,11,2024-W44,週五,下午,1,1,0,0,0,0
146578571,170382,1377,6,資訊教育,遊戲分析與故事構想,328.628,100,2024-11-01 15:27:19,2024,11,2024-W44,週五,下午,4,3,0,0,0,1
146578635,180313,1377,6,資訊教育,自動與手動開始的遊戲場景,494.16,100,2024-11-01 15:27:32,2024,11,2024-W44,週五,下午,17,16,0,0,0,0
146578753,170169,1377,6,資訊教育,自動與手動開始的遊戲場景,494.16,85,2024-11-01 15:27:56,2024,11,2024-W44,週五,下午,21,20,2,0,0,0
146578806,170839,1377,6,資訊教育,自創角色跑起來,455.221,34,2024-11-01 15:28:06,2024,11,2024-W44,週五,下午,1,1,0,0,0,0
146578892,73123,1377,6,資訊教育,控制大花貓,234.96,100,2024-11-01 15:28:23,2024,11,2024-W44,週五,下午,50,49,1,0,0,1
146578941,170372,1377,6,資訊教育,遊戲分析與故事構想,328.628,100,2024-11-01 15:28:33,2024,11,2024-W44,週五,下午,17,16,0,0,0,1
146579054,184828,1377,6,資訊教育,遊戲分析與故事構想,328.628,100,2024-11-01 15:29:01,2024,11,2024-W44,週五,下午,4,3,0,0,0,1
146579069,170471,1377,6,資訊教育,自動與手動開始的遊戲場景,494.16,73,2024-11-01 15:29:05,2024,11,2024-W44,週五,下午,20,19,0,0,0,0
146579153,170839,1377,6,資訊教育,自動與手動開始的遊戲場景,494.16,100,2024-11-01 15:29:21,2024,11,2024-W44,週五,下午,37,37,7,0,0,0
146579212,73300,1377,6,資訊教育,遊戲分析與故事構想,328.628,100,2024-11-01 15:29:35,2024,11,2024-W44,週五,下午,6,5,0,0,0,1
146579274,170642,1377,6,資訊教育,建立自創角色,292.058,7,2024-11-01 15:29:48,2024,11,2024-W44,週五,下午,2,1,0,0,0,0
146579371,73206,1377,6,資訊教育,自動與手動開始的遊戲場景,494.16,74,2024-11-01 15:30:09,2024,11,2024-W44,週五,下午,35,35,0,0,0,1
146579540,170642,1377,6,資訊教育,自動與手動開始的遊戲場景,494.16,100,2024-11-01 15:30:43,2024,11,2024-W44,週五,下午,23,22,0,0,0,0
146579592,170743,1377,6,資訊教育,自動與手動開始的遊戲場景,494.16,17,2024-11-01 15:30:54,2024,11,2024-W44,週五,下午,8,8,0,0,0,1
146580408,170651,1377,6,資訊教育,自動與手動開始的遊戲場景,494.16,70,2024-11-01 15:33:34,2024,11,2024-W44,週五,下午,32,32,0,0,0,1
146581534,170743,1377,6,資訊教育,遊戲分析與故事構想,328.628,6,2024-11-01 15:36:51,2024,11,2024-W44,週五,下午,1,1,0,0,0,0
146581723,170743,1377,6,資訊教育,自動與手動開始的遊戲場景,494.16,50,2024-11-01 15:37:22,2024,11,2024-W44,週五,下午,26,26,2,0,0,1
146581737,170382,1377,6,資訊教育,自動與手動開始的遊戲場景,494.16,69,2024-11-01 15:37:24,2024,11,2024-W44,週五,下午,18,18,0,0,0,1
146581851,184828,1377,6,資訊教育,自動與手動開始的遊戲場景,494.16,44,2024-11-01 15:37:40,2024,11,2024-W44,週五,下午,18,18,4,0,0,1
146583141,170471,1377,6,資訊教育,遊戲中的小老鼠,311.244,40,2024-11-01 15:41:32,2024,11,2024-W44,週五,下午,14,14,2,0,0,0
146583886,170744,1377,6,資訊教育,自動與手動開始的遊戲場景,494.16,31,2024-11-01 15:43:35,2024,11,2024-W44,週五,下午,2,2,1,0,0,0
146584080,73206,1377,6,資訊教育,遊戲中的小老鼠,311.244,88,2024-11-01 15:44:09,2024,11,2024-W44,週五,下午,17,16,1,0,0,1
146584246,170372,1377,6,資訊教育,自動與手動開始的遊戲場景,494.16,53,2024-11-01 15:44:39,2024,11,2024-W44,週五,下午,20,20,2,0,0,1
146584263,73123,1377,6,資訊教育,消失的老鼠,232.92,100,2024-11-01 15:44:42,2024,11,2024-W44,週五,下午,12,11,1,0,0,0
146584374,170169,1377,6,資訊教育,自動與手動開始的遊戲場景,494.16,100,2024-11-01 15:45:01,2024,11,2024-W44,週五,下午,3,2,0,0,0,0
146584955,180313,1377,6,資訊教育,遊戲中的小老鼠,311.244,73,2024-11-01 15:46:35,2024,11,2024-W44,週五,下午,13,13,1,0,0,0
146585375,170169,1377,6,資訊教育,遊戲中的小老鼠,311.244,52,2024-11-01 15:47:47,2024,11,2024-W44,週五,下午,9,9,2,0,0,0
146585427,180502,1377,6,資訊教育,遊戲中的小老鼠,311.244,89,2024-11-01 15:47:55,2024,11,2024-W44,週五,下午,13,13,0,0,0,1
146585488,170642,1377,6,資訊教育,遊戲中的小老鼠,311.244,65,2024-11-01 15:48:05,2024,11,2024-W44,週五,下午,11,11,0,0,0,0
146585710,72906,1377,6,資訊教育,控制大花貓,234.96,80,2024-11-01 15:48:47,2024,11,2024-W44,週五,下午,11,11,1,0,0,1
146586277,180013,1377,6,資訊教育,遊戲中的小老鼠,311.244,32,2024-11-01 15:50:26,2024,11,2024-W44,週五,下午,6,6,1,0,0,0
146586915,73123,1377,6,資訊教育,隨機移動的小老鼠,430.196,1,2024-11-01 15:52:23,2024,11,2024-W44,週五,下午,1,1,0,0,0,0
146587125,73206,1377,6,資訊教育,隨機移動的小老鼠,430.196,25,2024-11-01 15:52:59,2024,11,2024-W44,週五,下午,9,9,0,0,0,0
146587526,170839,1377,6,資訊教育,遊戲中的小老鼠,311.244,26,2024-11-01 15:54:18,2024,11,2024-W44,週五,下午,3,3,0,0,0,0
146589875,77402,1377,5,英語108,"房間名稱-Visitingafriend'shouse-bedroom,kitchen,livingroom,bathroom,diningroom",172.791,100,2024-11-01 16:05:46,2024,11,2024-W44,週五,下午,2,1,0,0,0,0
146590489,77402,1377,5,英語108,"物品-From Dirty to Tidy -desk, chair, blackboard, window, door",152.8,100,2024-11-01 16:09:11,2024,11,2024-W44,週五,下午,1,0,0,0,0,0
146591188,77402,1377,5,英語108,"食物-Drinks-OrderingDrinks(coffee,tea,soda,water,milk)",189.728,100,2024-11-01 16:12:45,2024,11,2024-W44,週五,下午,1,0,0,0,0,0
146592129,77402,1377,5,英語108,"能力/家人-Thingsmyfamilyliketodo-jump,write,swim,read,sing,dance",158.991,100,2024-11-01 16:16:46,2024,11,2024-W44,週五,下午,1,0,0,0,0,0
146592913,77402,1377,5,英語108,"天氣-GoodDay-sunny,cloudy,rainy,windy,snowy",288.16,100,2024-11-01 16:19:15,2024,11,2024-W44,週五,下午,1,0,0,0,0,0
146594899,77402,1377,5,英語108,"日常生活/動物-Thingsanimalsliketodo-eat,sleep,drink,walk,run;rabbit,koala,elephant,horse,dog,pig,cat,cheetah",154.87,100,2024-11-01 16:25:31,2024,11,2024-W44,週五,下午,1,0,0,0,0,0
146602526,179767,1377,6,英語108,"日常生活-Makeawish-eat,walk,sleep,drink,run",299.136,100,2024-11-01 16:48:23,2024,11,2024-W44,週五,下午,2,1,0,0,0,0
146607409,179767,1377,6,英語108,"食物-Riddles-Fruits-pineapple,watermelon,starfruit,dragonfruit,strawberry,blueberry",252.288,36,2024-11-01 17:06:58,2024,11,2024-W44,週五,下午,1,1,0,0,0,0
146642286,94098,2284,2,數學108,N-2-1-S04,298.075,100,2024-11-01 22:21:54,2024,11,2024-W44,週五,晚上,2,1,0,0,0,0
146666603,56500,1377,6,資訊教育,向左走向右走,442.876,29,2024-11-02 11:39:30,2024,11,2024-W44,週六,上午,9,8,0,0,0,0
146666901,56500,1377,6,資訊教育,向左走向右走,442.876,100,2024-11-02 11:42:35,2024,11,2024-W44,週六,上午,10,9,0,0,0,1
146667729,56500,1377,6,資訊教育,控制大花貓,234.96,100,2024-11-02 11:50:00,2024,11,2024-W44,週六,上午,20,19,1,0,0,1
146668494,56500,1377,6,資訊教育,消失的老鼠,232.92,100,2024-11-02 11:59:08,2024,11,2024-W44,週六,上午,18,17,0,0,0,1
146669170,56500,1377,6,資訊教育,消失的老鼠,232.92,98,2024-11-02 12:06:02,2024,11,2024-W44,週六,下午,2,2,0,2,0,0
146669549,56500,1377,6,資訊教育,細說變數,214.96,12,2024-11-02 12:09:18,2024,11,2024-W44,週六,下午,2,2,0,0,0,0
146669636,56500,1377,6,資訊教育,自動與手動開始的遊戲場景,494.16,66,2024-11-02 12:10:19,2024,11,2024-W44,週六,下午,1,1,1,0,0,0
146669663,56500,1377,6,資訊教育,遊戲中的小老鼠,311.244,99,2024-11-02 12:10:33,2024,11,2024-W44,週六,下午,5,5,2,9,0,0
146670066,56500,1377,6,資訊教育,隨機移動的小老鼠,430.196,98,2024-11-02 12:14:36,2024,11,2024-W44,週六,下午,1,1,0,6,0,0
146670362,56500,1377,6,資訊教育,控制大花貓,234.96,95,2024-11-02 12:17:44,2024,11,2024-W44,週六,下午,1,1,1,4,0,0
146670436,56500,1377,6,資訊教育,消失的老鼠,232.92,99,2024-11-02 12:18:25,2024,11,2024-W44,週六,下午,1,1,1,6,0,0
146670676,56500,1377,6,資訊教育,細說變數,214.96,100,2024-11-02 12:20:58,2024,11,2024-W44,週六,下午,5,4,0,0,0,1
146671105,56500,1377,6,資訊教育,變數的應用,223.84,100,2024-11-02 12:25:46,2024,11,2024-W44,週六,下午,17,16,0,0,0,1
146672814,89352,2284,2,數學108,N-2-1-S04,298.075,100,2024-11-02 12:46:32,2024,11,2024-W44,週六,下午,3,2,1,0,0,0
146686384,13295,1377,5,資訊教育,設計好看的封面,362.795,61,2024-11-02 14:44:53,2024,11,2024-W44,週六,下午,12,13,6,0,0,0
146687944,13295,1377,5,資訊教育,設計好看的封面,362.795,32,2024-11-02 14:57:22,2024,11,2024-W44,週六,下午,1,2,1,1,0,0
146688961,13295,1377,5,資訊教育,輸入簡報內容及插入網頁圖片,393.195,92,2024-11-02 15:05:38,2024,11,2024-W44,週六,下午,18,18,6,0,0,1
146691038,13295,1377,5,資訊教育,輸入簡報內容及插入網頁圖片,393.195,100,2024-11-02 15:27:33,2024,11,2024-W44,週六,下午,1,0,0,0,0,0
146712322,94080,2284,2,數學108,N-2-1-S04,298.075,100,2024-11-02 19:58:05,2024,11,2024-W44,週六,晚上,2,1,0,0,0,0
146748511,88836,2284,2,數學108,N-2-1-S04,298.075,100,2024-11-03 11:05:31,2024,11,2024-W44,週日,上午,2,1,0,0,0,0
146750603,88836,2284,2,數學108,N-2-12-S12,272.034,100,2024-11-03 11:23:11,2024,11,2024-W44,週日,上午,3,2,0,0,0,0
146813711,51970,1377,6,資訊教育,設計遊戲魔鬼主角程式積木,270.137,87,2024-11-03 19:56:03,2024,11,2024-W44,週日,晚上,17,17,8,0,0,1
146813957,51970,1377,6,資訊教育,設計遊戲魔鬼主角造型,210.11,0,2024-11-03 19:57:20,2024,11,2024-W44,週日,晚上,3,2,1,0,0,0
146814031,51970,1377,6,資訊教育,設計遊戲魔鬼主角造型,210.11,99,2024-11-03 19:57:41,2024,11,2024-W44,週日,晚上,9,9,1,0,0,0
146815170,52814,1377,6,資訊教育,設計遊戲場景和正義使者主角,401.968,92,2024-11-03 20:04:04,2024,11,2024-W44,週日,晚上,14,14,2,0,0,1
146821137,93778,2284,2,數學108,N-2-1-S04,298.075,100,2024-11-03 20:38:43,2024,11,2024-W44,週日,晚上,1,0,0,0,0,0
146825369,51970,1377,6,資訊教育,遊戲的難易度和勝負判斷,117.25,100,2024-11-03 21:01:31,2024,11,2024-W44,週日,晚上,6,5,2,0,0,1
146826024,51970,1377,6,資訊教育,倒數計時,276.243,100,2024-11-03 21:05:10,2024,11,2024-W44,週日,晚上,8,7,2,0,0,1
146827254,51970,1377,6,資訊教育,倒數計時,276.243,85,2024-11-03 21:11:54,2024,11,2024-W44,週日,晚上,2,2,0,1,0,0
146829205,51970,1377,6,資訊教育,倒數計時,276.243,87,2024-11-03 21:22:27,2024,11,2024-W44,週日,晚上,3,3,0,1,0,0
146829317,51970,1377,6,資訊教育,讓遊戲更精彩,236.136,100,2024-11-03 21:22:58,2024,11,2024-W44,週日,晚上,13,12,7,0,0,1
146863357,170471,1377,6,資訊教育,遊戲中的小老鼠,311.244,35,2024-11-04 08:31:00,2024,11,2024-W45,週一,上午,2,2,1,0,0,0
146863460,170471,1377,6,資訊教育,遊戲中的小老鼠,311.244,64,2024-11-04 08:31:15,2024,11,2024-W45,週一,上午,5,5,3,0,0,0
146914716,172421,1377,4,資訊教育,電子郵件信箱簡介,236.075,100,2024-11-04 11:23:24,2024,11,2024-W45,週一,上午,2,1,0,0,0,1
146916290,172421,1377,4,資訊教育,登入電子信箱郵件,279.851,100,2024-11-04 11:29:00,2024,11,2024-W45,週一,上午,5,4,0,0,0,1
146919385,172421,1377,4,資訊教育,寫一封信件給老師,167.381,100,2024-11-04 11:35:45,2024,11,2024-W45,週一,上午,2,1,0,0,0,1
146921929,172421,1377,4,資訊教育,看信和回信,163.2,100,2024-11-04 11:40:27,2024,11,2024-W45,週一,上午,6,5,0,0,0,1
146924908,172421,1377,4,資訊教育,信件處理,240.341,100,2024-11-04 11:45:13,2024,11,2024-W45,週一,上午,2,1,0,0,0,1
146949197,115966,1377,4,資訊教育,電子郵件信箱簡介,236.075,100,2024-11-04 13:42:34,2024,11,2024-W45,週一,下午,4,5,0,0,0,1
146949350,51985,1377,4,資訊教育,電子郵件信箱簡介,236.075,22,2024-11-04 13:42:51,2024,11,2024-W45,週一,下午,2,2,0,0,0,0
146949537,51593,1377,4,資訊教育,電子郵件信箱簡介,236.075,100,2024-11-04 13:43:12,2024,11,2024-W45,週一,下午,3,2,0,0,0,1
146949968,129227,1377,4,資訊教育,電子郵件信箱簡介,236.075,100,2024-11-04 13:44:05,2024,11,2024-W45,週一,下午,5,5,0,0,0,1
146950699,51985,1377,4,資訊教育,電子郵件信箱簡介,236.075,100,2024-11-04 13:45:31,2024,11,2024-W45,週一,下午,2,1,0,0,0,0
146952212,51593,1377,4,資訊教育,登入電子信箱郵件,279.851,100,2024-11-04 13:48:21,2024,11,2024-W45,週一,下午,2,1,0,0,0,1
146953193,51985,1377,4,資訊教育,登入電子信箱郵件,279.851,100,2024-11-04 13:50:00,2024,11,2024-W45,週一,下午,2,1,0,0,0,1
146953809,115966,1377,4,資訊教育,登入電子信箱郵件,279.851,100,2024-11-04 13:51:03,2024,11,2024-W45,週一,下午,3,9,0,0,0,1
146954100,129227,1377,4,資訊教育,登入電子信箱郵件,279.851,100,2024-11-04 13:51:33,2024,11,2024-W45,週一,下午,3,2,0,0,0,1
146959321,129227,1377,4,資訊教育,寫一封信件給老師,167.381,10,2024-11-04 14:01:33,2024,11,2024-W45,週一,下午,2,1,0,0,0,0
146968517,18127,1377,4,資訊教育,電子郵件信箱簡介,236.075,81,2024-11-04 14:30:23,2024,11,2024-W45,週一,下午,2,1,0,0,0,1
146970255,18127,1377,4,資訊教育,電子郵件信箱簡介,236.075,100,2024-11-04 14:34:10,2024,11,2024-W45,週一,下午,2,1,0,0,0,1
146973743,18127,1377,4,資訊教育,登入電子信箱郵件,279.851,100,2024-11-04 14:40:11,2024,11,2024-W45,週一,下午,4,3,0,0,0,1
146977036,18127,1377,4,資訊教育,使用Google街景尋找世界美景,266.24,100,2024-11-04 14:46:33,2024,11,2024-W45,週一,下午,2,1,0,0,0,1
146979241,20357,1377,4,資訊教育,電子郵件信箱簡介,236.075,100,2024-11-04 14:51:03,2024,11,2024-W45,週一,下午,3,2,0,0,0,1
146980080,18127,1377,4,資訊教育,使用Google地圖看世界,310.4,100,2024-11-04 14:52:52,2024,11,2024-W45,週一,下午,5,4,1,0,0,2
146981725,20357,1377,4,資訊教育,登入電子信箱郵件,279.851,100,2024-11-04 14:56:32,2024,11,2024-W45,週一,下午,2,1,0,0,0,1
147129112,76576,1377,3,資訊教育,認識鍵盤,332.224,100,2024-11-05 10:36:11,2024,11,2024-W45,週二,上午,6,5,0,0,0,1
147130110,14737,1377,5,資訊教育,插入資料來源及投影片編號,318.421,28,2024-11-05 10:41:07,2024,11,2024-W45,週二,上午,1,0,0,0,0,0
147130810,14737,1377,5,資訊教育,插入資料來源及投影片編號,318.421,69,2024-11-05 10:43:54,2024,11,2024-W45,週二,上午,2,2,0,0,0,0
147131505,14737,1377,5,資訊教育,插入資料來源及投影片編號,318.421,82,2024-11-05 10:46:18,2024,11,2024-W45,週二,上午,6,5,1,0,0,2
147133165,14640,1377,5,資訊教育,簡報圖片配色與圖層概念,392.853,92,2024-11-05 10:51:09,2024,11,2024-W45,週二,上午,3,3,0,0,0,0
147182298,251092,2284,3,數學108,N-3-11-S03,466.52,0,2024-11-05 13:56:39,2024,11,2024-W45,週二,下午,1,1,0,0,0,0
147182379,229604,2284,3,數學108,N-3-1-S01,722.8,2,2024-11-05 13:56:49,2024,11,2024-W45,週二,下午,2,2,1,0,0,0
147186903,229016,2284,3,數學108,N-3-12-S02,398.292,47,2024-11-05 14:05:37,2024,11,2024-W45,週二,下午,2,2,0,0,0,0
147187216,252712,2284,3,數學108,N-3-13-S02,301.047,72,2024-11-05 14:06:16,2024,11,2024-W45,週二,下午,4,4,0,0,0,0
147188956,228743,2284,3,數學108,N-3-1-S01,722.8,0,2024-11-05 14:09:37,2024,11,2024-W45,週二,下午,1,1,0,0,0,0
147234230,60826,2284,5,數學108,video:N-4-5-S01,731.974,100,2024-11-05 16:06:35,2024,11,2024-W45,週二,下午,25,24,0,0,0,0
147234530,70502,2284,5,數學108,video:N-4-5-S01,731.974,45,2024-11-05 16:07:25,2024,11,2024-W45,週二,下午,7,7,0,0,0,0
147234780,70359,2284,5,數學108,video:N-4-5-S01,731.974,2,2024-11-05 16:08:04,2024,11,2024-W45,週二,下午,2,2,0,0,0,0
147236521,60833,2284,5,數學108,video:N-4-5-S01,731.974,24,2024-11-05 16:11:37,2024,11,2024-W45,週二,下午,4,4,0,0,0,0
147237067,88959,2284,2,數學108,R-2-4-S01,375.025,0,2024-11-05 16:12:34,2024,11,2024-W45,週二,下午,1,0,0,0,0,0
147238038,70502,2284,5,數學108,video:N-4-5-S01,731.974,100,2024-11-05 16:14:09,2024,11,2024-W45,週二,下午,4,3,0,0,0,0
147238750,60833,2284,5,數學108,video:N-4-5-S01,731.974,40,2024-11-05 16:15:24,2024,11,2024-W45,週二,下午,3,2,0,0,0,0
147241243,88959,2284,2,數學108,R-2-4-S01,375.025,100,2024-11-05 16:19:33,2024,11,2024-W45,週二,下午,2,1,0,0,0,0
147241359,80778,2284,5,數學108,video:N-4-5-S01,731.974,76,2024-11-05 16:19:43,2024,11,2024-W45,週二,下午,2,2,1,0,0,0
147242621,60826,2284,5,數學108,video:N-4-5-S01,731.974,1,2024-11-05 16:21:32,2024,11,2024-W45,週二,下午,1,1,0,0,0,0
147245502,165765,2284,5,數學108,video:N-4-5-S01,731.974,100,2024-11-05 16:25:19,2024,11,2024-W45,週二,下午,13,12,0,0,0,0
147254276,60833,2284,5,數學108,video:N-4-5-S01,731.974,8,2024-11-05 16:35:58,2024,11,2024-W45,週二,下午,5,5,0,0,0,0
147255126,80289,2284,5,數學108,video:N-4-5-S01,731.974,0,2024-11-05 16:37:04,2024,11,2024-W45,週二,下午,1,0,0,0,0,0
147302317,229604,2284,3,英語108,"算數-Number(one,two,three,four,five,six)",168.003,18,2024-11-05 21:32:15,2024,11,2024-W45,週二,晚上,1,1,0,0,0,0
147415641,14940,1377,5,資訊教育,插入資料來源及投影片編號,318.421,73,2024-11-06 14:28:11,2024,11,2024-W45,週三,下午,2,2,0,0,0,1
147449160,27845,1377,5,資訊教育,插入圖案,226.432,0,2024-11-06 18:35:39,2024,11,2024-W45,週三,晚上,1,1,0,0,0,0
147449267,27845,1377,5,資訊教育,簡報圖片配色與圖層概念,392.853,0,2024-11-06 18:37:13,2024,11,2024-W45,週三,晚上,1,1,1,0,0,0
147507624,88836,2284,2,數學108,N-2-8-S02,680.089,32,2024-11-07 08:33:58,2024,11,2024-W45,週四,上午,1,1,0,0,0,0
147578869,88271,2284,5,數學108,video:N-5-3-S01,260.91,1,2024-11-07 11:52:03,2024,11,2024-W45,週四,上午,1,1,0,0,0,0
147581825,88271,2284,5,數學108,video:N-5-2-S01,563.88,0,2024-11-07 11:58:40,2024,11,2024-W45,週四,上午,1,0,0,0,0,0
147582088,88271,2284,5,自然108,INb-Ⅲ-6-01,249.516,0,2024-11-07 11:59:35,2024,11,2024-W45,週四,上午,1,0,0,0,0,0
147682735,179767,1377,6,英語108,問候-AreyouOK?What&#039;swrong?What&#039;sthematter?,233.728,100,2024-11-07 16:27:34,2024,11,2024-W45,週四,下午,2,1,0,0,0,0
147695259,179767,1377,6,英語108,問候-AreyouOK?What&#039;swrong?What&#039;sthematter?,233.728,100,2024-11-07 16:39:26,2024,11,2024-W45,週四,下午,3,2,0,1,0,0
147699281,179767,1377,6,英語108,問候-AreyouOK?What&#039;swrong?What&#039;sthematter?,233.728,100,2024-11-07 16:44:25,2024,11,2024-W45,週四,下午,1,0,0,0,0,0
147712332,77402,1377,5,英語108,時間-WhatTimeIsIt?Part1,214.485,60,2024-11-07 17:06:02,2024,11,2024-W45,週四,下午,1,1,0,0,0,0
147714028,77402,1377,5,英語108,時間-WhatTimeIsIt?Part1,214.485,100,2024-11-07 17:09:29,2024,11,2024-W45,週四,下午,1,0,0,0,0,0
147817036,75110,1377,5,資訊教育,設計好看的封面,362.795,55,2024-11-08 09:52:41,2024,11,2024-W45,週五,上午,8,8,0,0,0,1
147817060,75076,1377,5,資訊教育,簡報圖片配色與圖層概念,392.853,36,2024-11-08 09:52:43,2024,11,2024-W45,週五,上午,9,9,4,0,0,2
147818665,77402,1377,5,資訊教育,輸入簡報內容及插入網頁圖片,393.195,100,2024-11-08 09:55:56,2024,11,2024-W45,週五,上午,8,7,0,0,0,1
147819205,75777,1377,5,資訊教育,設計好看的封面,362.795,39,2024-11-08 09:56:54,2024,11,2024-W45,週五,上午,5,5,2,0,0,0
147820853,75076,1377,5,資訊教育,其他簡報軟體插入投影片編號,367.275,0,2024-11-08 09:59:44,2024,11,2024-W45,週五,上午,1,1,0,0,0,0
147820894,113961,1377,5,資訊教育,插入影片,279.68,38,2024-11-08 09:59:48,2024,11,2024-W45,週五,上午,8,8,3,0,0,1
147821837,75208,1377,5,資訊教育,簡報物件動畫設計,309.077,20,2024-11-08 10:01:28,2024,11,2024-W45,週五,上午,1,0,0,0,0,0
147822178,75076,1377,5,資訊教育,簡報的圖片格式與探索功能,241.877,29,2024-11-08 10:02:03,2024,11,2024-W45,週五,上午,2,2,0,0,0,0
147822336,75208,1377,5,資訊教育,插入圖案,226.432,13,2024-11-08 10:02:17,2024,11,2024-W45,週五,上午,1,0,0,0,0,0
147823215,75208,1377,5,資訊教育,輸入簡報內容及插入網頁圖片,393.195,51,2024-11-08 10:03:41,2024,11,2024-W45,週五,上午,23,23,0,0,0,1
147823597,75076,1377,5,資訊教育,簡報圖片配色與圖層概念,392.853,0,2024-11-08 10:04:18,2024,11,2024-W45,週五,上午,1,1,0,0,0,0
147823752,75076,1377,5,資訊教育,簡報投影片轉換,254.955,1,2024-11-08 10:04:33,2024,11,2024-W45,週五,上午,1,1,0,0,0,0
147823923,75076,1377,5,資訊教育,其他簡報軟體插入圖案,416.981,6,2024-11-08 10:04:51,2024,11,2024-W45,週五,上午,2,2,1,0,0,0
147824183,77402,1377,5,資訊教育,輸入簡報內容及插入網頁圖片,393.195,38,2024-11-08 10:05:17,2024,11,2024-W45,週五,上午,1,9,0,0,0,1
147825221,75110,1377,5,資訊教育,設計好看的封面,362.795,56,2024-11-08 10:07:06,2024,11,2024-W45,週五,上午,1,1,0,0,0,0
147840898,29204,1377,5,資訊教育,輸入簡報內容及插入網頁圖片,393.195,75,2024-11-08 10:53:55,2024,11,2024-W45,週五,上午,3,4,3,0,0,0
147840967,132515,1377,5,資訊教育,插入影片,279.68,23,2024-11-08 10:54:01,2024,11,2024-W45,週五,上午,8,8,0,0,0,1
147844148,132515,1377,5,資訊教育,插入資料來源及投影片編號,318.421,29,2024-11-08 10:59:31,2024,11,2024-W45,週五,上午,5,5,0,0,0,0
147845269,29231,1377,5,資訊教育,簡報物件動畫設計,309.077,26,2024-11-08 11:01:37,2024,11,2024-W45,週五,上午,1,1,0,0,0,0
147846793,26970,1377,5,資訊教育,輸入簡報內容及插入網頁圖片,393.195,5,2024-11-08 11:04:08,2024,11,2024-W45,週五,上午,2,2,0,0,0,0
147847179,26970,1377,5,資訊教育,輸入簡報內容及插入網頁圖片,393.195,53,2024-11-08 11:04:55,2024,11,2024-W45,週五,上午,9,9,0,0,0,1
147847347,34771,1377,5,資訊教育,插入圖案,226.432,6,2024-11-08 11:05:14,2024,11,2024-W45,週五,上午,2,1,0,0,0,0
147847692,34771,1377,5,資訊教育,插入影片,279.68,23,2024-11-08 11:05:52,2024,11,2024-W45,週五,上午,2,2,0,0,0,1
147848396,39073,1377,5,資訊教育,插入影片,279.68,42,2024-11-08 11:07:27,2024,11,2024-W45,週五,上午,5,5,1,4,0,0
147848458,29204,1377,5,資訊教育,插入影片,279.68,22,2024-11-08 11:07:35,2024,11,2024-W45,週五,上午,3,3,2,0,0,0
147853461,230630,1377,6,資訊教育,遊戲中的小老鼠,311.244,100,2024-11-08 11:21:53,2024,11,2024-W45,週五,上午,15,15,5,0,0,2
147853582,239765,1377,6,資訊教育,遊戲中的小老鼠,311.244,0,2024-11-08 11:22:17,2024,11,2024-W45,週五,上午,1,0,0,0,0,0
147853584,241568,1377,6,資訊教育,自動與手動開始的遊戲場景,494.16,56,2024-11-08 11:22:18,2024,11,2024-W45,週五,上午,10,10,2,0,0,0
147853649,239765,1377,6,資訊教育,自動與手動開始的遊戲場景,494.16,98,2024-11-08 11:22:30,2024,11,2024-W45,週五,上午,11,10,0,0,0,0
147853737,244127,1377,6,資訊教育,自動與手動開始的遊戲場景,494.16,100,2024-11-08 11:22:50,2024,11,2024-W45,週五,上午,41,39,2,0,0,0
147853828,238999,1377,6,資訊教育,自創角色跑起來,455.221,35,2024-11-08 11:23:10,2024,11,2024-W45,週五,上午,1,1,0,0,0,0
147853897,239005,1377,6,資訊教育,自動與手動開始的遊戲場景,494.16,100,2024-11-08 11:23:22,2024,11,2024-W45,週五,上午,1,0,0,0,0,0
147854052,238999,1377,6,資訊教育,自動與手動開始的遊戲場景,494.16,100,2024-11-08 11:23:54,2024,11,2024-W45,週五,上午,44,43,4,0,0,0
147854074,1016,1377,6,資訊教育,遊戲分析與故事構想,328.628,95,2024-11-08 11:23:59,2024,11,2024-W45,週五,上午,7,6,0,6,0,0
147854137,239275,1377,6,資訊教育,建立自創角色,292.058,100,2024-11-08 11:24:13,2024,11,2024-W45,週五,上午,4,3,0,0,0,1
147854143,241840,1377,6,資訊教育,消失的老鼠,232.92,0,2024-11-08 11:24:16,2024,11,2024-W45,週五,上午,1,1,0,0,0,0
147854146,241854,1377,6,資訊教育,自動與手動開始的遊戲場景,494.16,100,2024-11-08 11:24:16,2024,11,2024-W45,週五,上午,25,24,1,0,0,1
147854153,240765,1377,6,資訊教育,自動與手動開始的遊戲場景,494.16,92,2024-11-08 11:24:19,2024,11,2024-W45,週五,上午,27,26,3,0,0,1
147854181,238715,1377,6,資訊教育,遊戲中的小老鼠,311.244,12,2024-11-08 11:24:27,2024,11,2024-W45,週五,上午,4,5,1,0,0,0
147854228,238943,1377,6,資訊教育,建立自創角色,292.058,81,2024-11-08 11:24:35,2024,11,2024-W45,週五,上午,6,6,1,4,0,0
147854232,230454,1377,6,資訊教育,隨機移動的小老鼠,430.196,100,2024-11-08 11:24:36,2024,11,2024-W45,週五,上午,7,6,1,0,0,2
147854360,1016,1377,6,資訊教育,自動與手動開始的遊戲場景,494.16,100,2024-11-08 11:25:01,2024,11,2024-W45,週五,上午,21,20,1,0,0,0
147854430,239005,1377,6,資訊教育,遊戲中的小老鼠,311.244,100,2024-11-08 11:25:17,2024,11,2024-W45,週五,上午,13,12,2,0,0,1
147854450,242347,1377,6,資訊教育,自動與手動開始的遊戲場景,494.16,100,2024-11-08 11:25:22,2024,11,2024-W45,週五,上午,20,19,2,0,0,1
147854693,52398,1377,6,資訊教育,建立自創角色,292.058,23,2024-11-08 11:26:03,2024,11,2024-W45,週五,上午,2,1,0,0,0,0
147855017,237057,1377,6,資訊教育,自動與手動開始的遊戲場景,494.16,80,2024-11-08 11:26:45,2024,11,2024-W45,週五,上午,23,23,3,0,0,0
147855140,238943,1377,6,資訊教育,遊戲分析與故事構想,328.628,100,2024-11-08 11:26:57,2024,11,2024-W45,週五,上午,2,2,0,1,0,0
147855187,239765,1377,6,資訊教育,遊戲中的小老鼠,311.244,100,2024-11-08 11:27:02,2024,11,2024-W45,週五,上午,30,29,0,0,0,1
147855343,52398,1377,6,資訊教育,自動與手動開始的遊戲場景,494.16,37,2024-11-08 11:27:21,2024,11,2024-W45,週五,上午,26,26,4,0,0,1
147855432,238943,1377,6,資訊教育,自動與手動開始的遊戲場景,494.16,82,2024-11-08 11:27:33,2024,11,2024-W45,週五,上午,27,27,5,7,0,0
147855787,241840,1377,6,資訊教育,隨機移動的小老鼠,430.196,0,2024-11-08 11:28:23,2024,11,2024-W45,週五,上午,1,1,0,0,0,0
147855935,230630,1377,6,資訊教育,遊戲中的小老鼠,311.244,0,2024-11-08 11:28:43,2024,11,2024-W45,週五,上午,1,0,0,0,0,0
147856234,230630,1377,6,資訊教育,隨機移動的小老鼠,430.196,100,2024-11-08 11:29:16,2024,11,2024-W45,週五,上午,29,28,2,0,0,2
147856317,241840,1377,6,資訊教育,消失的老鼠,232.92,99,2024-11-08 11:29:26,2024,11,2024-W45,週五,上午,1,1,1,0,0,0
147856339,239275,1377,6,資訊教育,兩個角色的互動,293.16,11,2024-11-08 11:29:29,2024,11,2024-W45,週五,上午,1,0,0,0,0,0
147856812,239275,1377,6,資訊教育,兩個角色的互動,293.16,100,2024-11-08 11:30:27,2024,11,2024-W45,週五,上午,17,23,0,0,0,1
147858876,241840,1377,6,資訊教育,變數的應用,223.84,79,2024-11-08 11:34:46,2024,11,2024-W45,週五,上午,2,2,5,0,0,0
147858926,230454,1377,6,資訊教育,向左走向右走,442.876,9,2024-11-08 11:34:52,2024,11,2024-W45,週五,上午,1,0,0,0,0,0
147859361,230454,1377,6,資訊教育,控制大花貓,234.96,100,2024-11-08 11:35:44,2024,11,2024-W45,週五,上午,10,9,1,0,0,1
147859386,239275,1377,6,資訊教育,遊戲中的小老鼠,311.244,100,2024-11-08 11:35:49,2024,11,2024-W45,週五,上午,2,1,0,0,0,1
147860089,241568,1377,6,資訊教育,自動與手動開始的遊戲場景,494.16,93,2024-11-08 11:37:09,2024,11,2024-W45,週五,上午,19,18,2,0,0,0
147860153,239005,1377,6,資訊教育,隨機移動的小老鼠,430.196,100,2024-11-08 11:37:16,2024,11,2024-W45,週五,上午,8,7,0,0,0,1
147860893,1016,1377,6,資訊教育,遊戲中的小老鼠,311.244,27,2024-11-08 11:38:34,2024,11,2024-W45,週五,上午,14,14,3,0,0,0
147862188,239765,1377,6,資訊教育,控制大花貓,234.96,100,2024-11-08 11:40:47,2024,11,2024-W45,週五,上午,35,34,1,0,0,1
147863352,238999,1377,6,資訊教育,遊戲中的小老鼠,311.244,79,2024-11-08 11:42:38,2024,11,2024-W45,週五,上午,22,22,2,0,0,0
147863673,242347,1377,6,資訊教育,遊戲中的小老鼠,311.244,100,2024-11-08 11:43:05,2024,11,2024-W45,週五,上午,14,13,1,0,0,1
147866821,230630,1377,6,資訊教育,向左走向右走,442.876,100,2024-11-08 11:48:55,2024,11,2024-W45,週五,上午,3,2,0,0,0,1
147867309,230454,1377,6,資訊教育,消失的老鼠,232.92,75,2024-11-08 11:50:04,2024,11,2024-W45,週五,上午,10,10,1,0,0,2
147867613,241854,1377,6,資訊教育,遊戲中的小老鼠,311.244,42,2024-11-08 11:50:43,2024,11,2024-W45,週五,上午,15,15,7,0,0,0
147868331,240765,1377,6,資訊教育,遊戲中的小老鼠,311.244,65,2024-11-08 11:52:18,2024,11,2024-W45,週五,上午,14,14,0,0,0,0
147868963,239005,1377,6,資訊教育,控制大花貓,234.96,51,2024-11-08 11:53:47,2024,11,2024-W45,週五,上午,7,7,0,0,0,1
147869717,239765,1377,6,資訊教育,消失的老鼠,232.92,60,2024-11-08 11:55:38,2024,11,2024-W45,週五,上午,7,7,1,0,0,1
147869910,1016,1377,6,資訊教育,控制大花貓,234.96,51,2024-11-08 11:56:08,2024,11,2024-W45,週五,上午,9,9,1,0,0,1
147870101,242347,1377,6,資訊教育,隨機移動的小老鼠,430.196,27,2024-11-08 11:56:40,2024,11,2024-W45,週五,上午,8,7,2,0,0,3
147870402,230630,1377,6,資訊教育,控制大花貓,234.96,41,2024-11-08 11:57:25,2024,11,2024-W45,週五,上午,4,4,0,0,0,1
147896335,126435,1377,6,資訊教育,隨機移動的小老鼠,430.196,100,2024-11-08 13:49:28,2024,11,2024-W45,週五,下午,27,26,0,0,0,1
147896387,51872,1377,6,資訊教育,自動與手動開始的遊戲場景,494.16,100,2024-11-08 13:49:34,2024,11,2024-W45,週五,下午,8,7,1,0,0,0
147896449,51708,1377,6,資訊教育,自動與手動開始的遊戲場景,494.16,27,2024-11-08 13:49:44,2024,11,2024-W45,週五,下午,3,3,0,1,0,0
147896539,52740,1377,6,資訊教育,自動與手動開始的遊戲場景,494.16,40,2024-11-08 13:49:58,2024,11,2024-W45,週五,下午,19,19,1,0,0,1
147896777,51708,1377,6,資訊教育,向左走向右走,442.876,12,2024-11-08 13:50:35,2024,11,2024-W45,週五,下午,5,5,0,0,0,0
147897327,52022,1377,6,資訊教育,自動與手動開始的遊戲場景,494.16,100,2024-11-08 13:51:49,2024,11,2024-W45,週五,下午,2,1,3,0,0,0
147897707,51708,1377,6,資訊教育,消失的老鼠,232.92,100,2024-11-08 13:52:35,2024,11,2024-W45,週五,下午,5,4,0,0,0,1
147897989,52814,1377,6,資訊教育,著作權法、創用CC和遊戲規劃,335.16,100,2024-11-08 13:53:03,2024,11,2024-W45,週五,下午,11,10,0,0,0,1
147898063,52983,1377,6,資訊教育,著作權法、創用CC和遊戲規劃,335.16,100,2024-11-08 13:53:11,2024,11,2024-W45,週五,下午,9,8,0,0,0,1
147898170,51408,1377,6,資訊教育,自動與手動開始的遊戲場景,494.16,70,2024-11-08 13:53:23,2024,11,2024-W45,週五,下午,9,9,3,3,0,0
147898509,51943,1377,6,資訊教育,控制大花貓,234.96,100,2024-11-08 13:54:13,2024,11,2024-W45,週五,下午,17,16,2,0,0,1
147899260,56500,1377,6,資訊教育,著作權法、創用CC和遊戲規劃,335.16,100,2024-11-08 13:55:40,2024,11,2024-W45,週五,下午,9,8,0,0,0,1
147899591,52022,1377,6,資訊教育,遊戲中的小老鼠,311.244,77,2024-11-08 13:56:24,2024,11,2024-W45,週五,下午,1,1,5,0,0,0
147900124,51708,1377,6,資訊教育,細說變數,214.96,100,2024-11-08 13:57:40,2024,11,2024-W45,週五,下午,6,10,0,0,0,1
147900476,51787,1377,6,資訊教育,自動與手動開始的遊戲場景,494.16,70,2024-11-08 13:58:23,2024,11,2024-W45,週五,下午,6,5,0,1,0,0
147902322,51708,1377,6,資訊教育,變數的應用,223.84,59,2024-11-08 14:02:22,2024,11,2024-W45,週五,下午,4,4,0,0,0,1
147902752,51872,1377,6,資訊教育,遊戲中的小老鼠,311.244,53,2024-11-08 14:03:14,2024,11,2024-W45,週五,下午,7,7,1,0,0,0
147903712,51708,1377,6,資訊教育,變數的應用,223.84,100,2024-11-08 14:05:09,2024,11,2024-W45,週五,下午,2,1,0,0,0,1
147904333,52983,1377,6,資訊教育,設計遊戲場景和正義使者主角,401.968,13,2024-11-08 14:06:23,2024,11,2024-W45,週五,下午,8,8,0,0,0,0
147904684,52814,1377,6,資訊教育,設計遊戲場景和正義使者主角,401.968,100,2024-11-08 14:07:01,2024,11,2024-W45,週五,下午,3,2,0,0,0,0
147904907,51708,1377,6,資訊教育,自動與手動開始的遊戲場景,494.16,40,2024-11-08 14:07:24,2024,11,2024-W45,週五,下午,1,1,0,1,0,0
147905245,52814,1377,6,資訊教育,設計遊戲魔鬼主角造型,210.11,44,2024-11-08 14:08:03,2024,11,2024-W45,週五,下午,3,3,0,0,0,0
147905284,51943,1377,6,資訊教育,控制大花貓,234.96,84,2024-11-08 14:08:08,2024,11,2024-W45,週五,下午,3,2,0,2,0,0
147905576,51787,1377,6,資訊教育,隨機移動的小老鼠,430.196,22,2024-11-08 14:08:44,2024,11,2024-W45,週五,下午,1,1,0,0,0,0
147905637,56500,1377,6,資訊教育,設計遊戲場景和正義使者主角,401.968,14,2024-11-08 14:08:53,2024,11,2024-W45,週五,下午,10,10,2,0,0,0
147913488,88836,2284,2,數學108,比較100以內兩數的大小,399.88,42,2024-11-08 14:35:12,2024,11,2024-W45,週五,下午,2,1,0,0,0,0
147914259,94092,2284,2,數學108,N-2-2-S01,286.486,4,2024-11-08 14:36:46,2024,11,2024-W45,週五,下午,1,1,0,0,0,0
147916117,14940,1377,5,資訊教育,設計好看的封面,362.795,15,2024-11-08 14:41:14,2024,11,2024-W45,週五,下午,7,7,0,0,0,1
147916181,6622,1377,5,資訊教育,設計好看的封面,362.795,20,2024-11-08 14:41:25,2024,11,2024-W45,週五,下午,2,2,1,0,0,0
147916230,13063,1377,5,資訊教育,匯入投影片主題,253.227,97,2024-11-08 14:41:34,2024,11,2024-W45,週五,下午,17,16,4,0,0,2
147916726,13295,1377,5,資訊教育,使用項目符號、探索功能,337.237,12,2024-11-08 14:42:40,2024,11,2024-W45,週五,下午,2,2,0,0,0,1
147916841,6792,1377,5,資訊教育,插入圖案,226.432,89,2024-11-08 14:42:58,2024,11,2024-W45,週五,下午,7,6,1,0,0,0
147917117,13020,1377,5,資訊教育,設計好看的封面,362.795,2,2024-11-08 14:43:35,2024,11,2024-W45,週五,下午,8,8,0,2,0,3
147918021,13107,1377,5,資訊教育,設計好看的封面,362.795,22,2024-11-08 14:45:27,2024,11,2024-W45,週五,下午,1,1,0,0,0,0
147918462,13020,1377,5,資訊教育,插入圖案,226.432,100,2024-11-08 14:46:23,2024,11,2024-W45,週五,下午,12,11,2,0,0,4
147921967,13063,1377,5,資訊教育,匯入投影片主題,253.227,100,2024-11-08 14:54:23,2024,11,2024-W45,週五,下午,1,0,0,0,0,0
147922168,13063,1377,5,資訊教育,匯入投影片主題,253.227,100,2024-11-08 14:54:50,2024,11,2024-W45,週五,下午,2,1,0,0,0,1
147922706,6792,1377,5,資訊教育,使用項目符號、探索功能,337.237,0,2024-11-08 14:55:55,2024,11,2024-W45,週五,下午,4,3,1,0,0,1
147922726,13107,1377,5,資訊教育,設計好看的封面,362.795,24,2024-11-08 14:55:58,2024,11,2024-W45,週五,下午,1,1,0,0,0,0
147922804,14640,1377,5,資訊教育,使用項目符號、探索功能,337.237,49,2024-11-08 14:56:08,2024,11,2024-W45,週五,下午,3,3,0,0,0,1
147923790,14940,1377,5,資訊教育,輸入簡報內容及插入網頁圖片,393.195,17,2024-11-08 14:58:09,2024,11,2024-W45,週五,下午,2,2,0,0,0,0
147924139,6792,1377,5,資訊教育,插入資料來源及投影片編號,318.421,0,2024-11-08 14:58:50,2024,11,2024-W45,週五,下午,2,1,1,0,0,0
147924431,13063,1377,5,資訊教育,匯入投影片主題,253.227,14,2024-11-08 14:59:23,2024,11,2024-W45,週五,下午,1,1,0,0,0,0
147929292,180313,1377,6,資訊教育,遊戲中的小老鼠,311.244,100,2024-11-08 15:18:10,2024,11,2024-W45,週五,下午,6,5,0,0,0,1
147934435,184828,1377,6,資訊教育,自動與手動開始的遊戲場景,494.16,100,2024-11-08 15:32:30,2024,11,2024-W45,週五,下午,28,28,4,0,0,0
147934982,170169,1377,6,資訊教育,遊戲中的小老鼠,311.244,0,2024-11-08 15:33:40,2024,11,2024-W45,週五,下午,2,2,1,0,0,0
147935030,170839,1377,6,資訊教育,遊戲中的小老鼠,311.244,100,2024-11-08 15:33:45,2024,11,2024-W45,週五,下午,14,15,4,0,0,1
147935364,170651,1377,6,資訊教育,自動與手動開始的遊戲場景,494.16,100,2024-11-08 15:34:28,2024,11,2024-W45,週五,下午,3,2,0,0,0,0
147935366,180013,1377,6,資訊教育,遊戲中的小老鼠,311.244,100,2024-11-08 15:34:29,2024,11,2024-W45,週五,下午,10,9,0,0,0,1
147935376,90284,2284,2,國語文108,字義[二]/本義1,131.691,100,2024-11-08 15:34:29,2024,11,2024-W45,週五,下午,1,0,1,0,0,0
147935388,180313,1377,6,資訊教育,遊戲中的小老鼠,311.244,0,2024-11-08 15:34:31,2024,11,2024-W45,週五,下午,1,0,0,0,0,0
147935406,170382,1377,6,資訊教育,Scratch舞台設計與認識角色,331.898,100,2024-11-08 15:34:33,2024,11,2024-W45,週五,下午,1,1,0,0,0,0
147935499,170743,1377,6,資訊教育,自動與手動開始的遊戲場景,494.16,61,2024-11-08 15:34:46,2024,11,2024-W45,週五,下午,30,31,11,0,0,0
147935628,170372,1377,6,資訊教育,自動與手動開始的遊戲場景,494.16,55,2024-11-08 15:35:07,2024,11,2024-W45,週五,下午,3,3,0,0,0,0
147935649,170382,1377,6,資訊教育,Scratch角色動起來,504.871,100,2024-11-08 15:35:10,2024,11,2024-W45,週五,下午,1,1,0,0,0,0
147936519,90284,2284,2,國語文108,字義[二]/本義2,143.595,100,2024-11-08 15:37:17,2024,11,2024-W45,週五,下午,1,0,0,0,0,0
147936886,179767,1377,6,資訊教育,自動與手動開始的遊戲場景,494.16,100,2024-11-08 15:38:06,2024,11,2024-W45,週五,下午,5,4,0,0,0,0
147937152,170744,1377,6,資訊教育,自動與手動開始的遊戲場景,494.16,100,2024-11-08 15:38:41,2024,11,2024-W45,週五,下午,13,13,8,0,0,0
147937340,180313,1377,6,資訊教育,隨機移動的小老鼠,430.196,28,2024-11-08 15:39:07,2024,11,2024-W45,週五,下午,5,5,0,0,0,1
147937551,170651,1377,6,資訊教育,遊戲中的小老鼠,311.244,100,2024-11-08 15:39:36,2024,11,2024-W45,週五,下午,19,18,2,0,0,1
147937902,170382,1377,6,資訊教育,遊戲分析與故事構想,328.628,41,2024-11-08 15:40:20,2024,11,2024-W45,週五,下午,1,1,1,0,0,0
147938670,179767,1377,6,資訊教育,遊戲中的小老鼠,311.244,67,2024-11-08 15:41:55,2024,11,2024-W45,週五,下午,18,18,3,0,0,0
147939137,90284,2284,2,國語文108,推論理解[二]/句子工具推論,288.992,100,2024-11-08 15:43:03,2024,11,2024-W45,週五,下午,1,0,0,0,0,0
147939381,170839,1377,6,資訊教育,隨機移動的小老鼠,430.196,48,2024-11-08 15:43:41,2024,11,2024-W45,週五,下午,15,15,1,0,0,2
147939945,170622,1377,6,資訊教育,自動與手動開始的遊戲場景,494.16,54,2024-11-08 15:45:13,2024,11,2024-W45,週五,下午,15,15,0,0,0,0
147940219,180013,1377,6,資訊教育,隨機移動的小老鼠,430.196,49,2024-11-08 15:45:57,2024,11,2024-W45,週五,下午,13,13,2,0,0,1
147940559,170743,1377,6,資訊教育,遊戲中的小老鼠,311.244,7,2024-11-08 15:46:51,2024,11,2024-W45,週五,下午,1,1,0,0,0,0
147940873,170743,1377,6,資訊教育,自動與手動開始的遊戲場景,494.16,71,2024-11-08 15:47:47,2024,11,2024-W45,週五,下午,10,11,1,0,0,0
147940954,170169,1377,6,資訊教育,自動與手動開始的遊戲場景,494.16,53,2024-11-08 15:48:03,2024,11,2024-W45,週五,下午,5,5,1,4,0,0
147941042,90284,2284,2,國語文108,推論理解[二]/句子角色推論,343.253,100,2024-11-08 15:48:19,2024,11,2024-W45,週五,下午,4,3,1,0,0,0
147941092,170642,1377,6,資訊教育,遊戲中的小老鼠,311.244,100,2024-11-08 15:48:28,2024,11,2024-W45,週五,下午,7,6,0,0,0,1
147941109,169901,1377,6,資訊教育,自動與手動開始的遊戲場景,494.16,48,2024-11-08 15:48:32,2024,11,2024-W45,週五,下午,13,14,3,0,0,0
147941118,180502,1377,6,資訊教育,遊戲中的小老鼠,311.244,100,2024-11-08 15:48:33,2024,11,2024-W45,週五,下午,2,1,0,0,0,0
147941180,169177,1377,6,資訊教育,自動與手動開始的遊戲場景,494.16,80,2024-11-08 15:48:47,2024,11,2024-W45,週五,下午,5,6,1,0,0,0
147941710,180502,1377,6,資訊教育,隨機移動的小老鼠,430.196,39,2024-11-08 15:50:27,2024,11,2024-W45,週五,下午,9,9,0,0,0,1
147942051,170743,1377,6,資訊教育,遊戲中的小老鼠,311.244,34,2024-11-08 15:51:33,2024,11,2024-W45,週五,下午,8,8,0,0,0,0
147942129,170651,1377,6,資訊教育,隨機移動的小老鼠,430.196,29,2024-11-08 15:51:51,2024,11,2024-W45,週五,下午,2,2,1,0,0,1
147942201,170744,1377,6,資訊教育,遊戲中的小老鼠,311.244,0,2024-11-08 15:52:06,2024,11,2024-W45,週五,下午,1,1,0,0,0,0
147942341,73123,1377,6,資訊教育,自動與手動開始的遊戲場景,494.16,3,2024-11-08 15:52:33,2024,11,2024-W45,週五,下午,3,3,1,0,0,0
147942342,170642,1377,6,資訊教育,隨機移動的小老鼠,430.196,29,2024-11-08 15:52:34,2024,11,2024-W45,週五,下午,5,5,0,0,0,1
147942743,170382,1377,6,資訊教育,自動與手動開始的遊戲場景,494.16,69,2024-11-08 15:53:59,2024,11,2024-W45,週五,下午,1,1,0,0,0,0
147943179,170169,1377,6,資訊教育,遊戲中的小老鼠,311.244,58,2024-11-08 15:55:28,2024,11,2024-W45,週五,下午,2,2,0,0,0,0
147945622,77402,1377,5,英語108,"食物-Doyoulikecake,pizza,orangejuice,milk,tea?Yes,Ido./No,Idon't",318.252,100,2024-11-08 16:08:54,2024,11,2024-W45,週五,下午,4,3,0,0,0,0
147946416,90284,2284,2,數學108,N-2-12-S13,436.698,100,2024-11-08 16:12:17,2024,11,2024-W45,週五,下午,12,11,0,0,0,0
147946956,77402,1377,5,英語108,食物-Howmanydo/doesyou/he/sheneed?,298.167,100,2024-11-08 16:14:10,2024,11,2024-W45,週五,下午,1,0,0,0,0,0
147948043,77402,1377,5,英語108,時間-WhatTimeIsIt?Part2,258.73,46,2024-11-08 16:17:29,2024,11,2024-W45,週五,下午,1,0,0,0,0,0
147948892,77402,1377,5,英語108,時間-WhatTimeIsIt?Part2,258.73,89,2024-11-08 16:20:02,2024,11,2024-W45,週五,下午,16,15,0,0,0,0
147949826,77402,1377,5,英語108,時間-WhatTimeIsIt?Part2,258.73,100,2024-11-08 16:22:38,2024,11,2024-W45,週五,下午,11,11,6,0,0,0
147950990,77402,1377,5,英語108,地點-WhereAreyou?,225.173,100,2024-11-08 16:25:18,2024,11,2024-W45,週五,下午,2,1,0,0,0,0
147952910,77402,1377,5,英語108,"日常生活-Whatareyoudoing?Iam_______.(brushing,washing,making,reading,eating)",169.87,100,2024-11-08 16:29:42,2024,11,2024-W45,週五,下午,1,0,0,0,0,0
147954234,77402,1377,5,英語108,"能力-Canyou_______?Yes,I/wecan.No,I/wecan&#039;t.",157.034,100,2024-11-08 16:33:02,2024,11,2024-W45,週五,下午,1,0,0,0,0,0
147955621,77402,1377,5,英語108,地點-WhereIsHe/She?,208.96,100,2024-11-08 16:36:18,2024,11,2024-W45,週五,下午,1,0,0,0,0,0
147964389,90284,2284,2,國語文108,推論理解[二]/句子多因單果推論,351.189,100,2024-11-08 17:00:52,2024,11,2024-W45,週五,下午,1,0,0,0,0,0
147965157,180923,2284,2,數學108,N-2-1-S04,298.075,100,2024-11-08 17:03:38,2024,11,2024-W45,週五,下午,2,1,0,0,0,0
147966079,90284,2284,2,國語文108,推論理解[二]/句子多因單果推論,351.189,100,2024-11-08 17:06:53,2024,11,2024-W45,週五,下午,1,0,0,0,0,0
147967425,90284,2284,2,國語文108,推論理解[二]/句子情緒推論,351.061,100,2024-11-08 17:13:07,2024,11,2024-W45,週五,下午,1,0,0,0,0,0
147994497,89348,2284,2,國語文108,推論理解[二]/句子工具推論,288.992,100,2024-11-08 20:42:20,2024,11,2024-W45,週五,晚上,2,1,0,0,0,0
147996042,89348,2284,2,國語文108,推論理解[二]/句子角色推論,343.253,100,2024-11-08 20:50:05,2024,11,2024-W45,週五,晚上,1,0,0,0,0,0
147997966,89348,2284,2,國語文108,字義[二]/本義1,131.691,100,2024-11-08 21:00:10,2024,11,2024-W45,週五,晚上,3,2,0,0,0,0
147998629,89348,2284,2,國語文108,字義[二]/本義2,143.595,21,2024-11-08 21:03:27,2024,11,2024-W45,週五,晚上,1,0,0,0,0,0
147998753,89348,2284,2,國語文108,字義[二]/本義2,143.595,100,2024-11-08 21:04:11,2024,11,2024-W45,週五,晚上,1,0,0,0,0,0
148002012,88805,2284,2,國語文108,字義[二]/本義1,131.691,100,2024-11-08 21:23:09,2024,11,2024-W45,週五,晚上,1,0,0,0,0,0
148002541,88805,2284,2,國語文108,字義[二]/本義2,143.595,100,2024-11-08 21:26:32,2024,11,2024-W45,週五,晚上,1,0,0,0,0,0
148003082,88805,2284,2,國語文108,推論理解[二]/句子工具推論,288.992,58,2024-11-08 21:29:47,2024,11,2024-W45,週五,晚上,2,2,0,0,0,0
148004522,88805,2284,2,國語文108,推論理解[二]/句子工具推論,288.992,100,2024-11-08 21:39:30,2024,11,2024-W45,週五,晚上,2,1,0,0,0,0
148005859,88805,2284,2,國語文108,推論理解[二]/句子角色推論,343.253,100,2024-11-08 21:49:06,2024,11,2024-W45,週五,晚上,1,0,0,0,0,0
148015398,2663,2284,3,數學108,N-3-4-S01,264.576,95,2024-11-09 06:57:01,2024,11,2024-W45,週六,上午,3,2,0,0,0,0
148015427,2663,2284,3,數學108,N-3-4-S01,264.576,100,2024-11-09 07:03:02,2024,11,2024-W45,週六,上午,4,3,1,0,0,0
148015545,2663,2284,3,數學108,N-3-4-S02,505.173,100,2024-11-09 07:14:23,2024,11,2024-W45,週六,上午,2,1,0,0,0,0
148023392,238446,2284,3,國語文108,語法標點[三]/問號,449.538,65,2024-11-09 09:53:55,2024,11,2024-W45,週六,上午,1,1,0,0,0,0
148024218,238446,2284,3,國語文108,語法標點[三]/問號,449.538,100,2024-11-09 10:01:01,2024,11,2024-W45,週六,上午,3,2,0,0,0,0
148025780,238446,2284,3,數學108,N-3-11-S01,471.62,100,2024-11-09 10:15:02,2024,11,2024-W45,週六,上午,1,0,0,0,0,0
148026792,238446,2284,3,數學108,N-3-11-S02,422.812,100,2024-11-09 10:23:54,2024,11,2024-W45,週六,上午,1,0,0,0,0,0
148028008,238446,2284,3,數學108,N-3-11-S03,466.52,100,2024-11-09 10:34:38,2024,11,2024-W45,週六,上午,1,0,0,0,0,0
148031973,238446,2284,3,數學108,N-3-11-S03,466.52,1,2024-11-09 11:12:39,2024,11,2024-W45,週六,上午,1,1,0,0,0,0
148045917,52983,1377,6,資訊教育,設計遊戲場景和正義使者主角,401.968,75,2024-11-09 13:32:50,2024,11,2024-W45,週六,下午,12,12,0,0,0,1
148050401,238446,2284,3,數學108,N-3-11-S04,682.875,100,2024-11-09 14:11:34,2024,11,2024-W45,週六,下午,2,1,0,0,0,0
148053598,238446,2284,3,數學108,N-3-12-S01,318.647,0,2024-11-09 14:40:20,2024,11,2024-W45,週六,下午,1,1,0,0,0,0
148060772,238446,2284,3,數學108,N-3-12-S01,318.647,15,2024-11-09 16:02:13,2024,11,2024-W45,週六,下午,1,1,0,0,0,0
148060903,238446,2284,3,數學108,N-3-12-S01,318.647,87,2024-11-09 16:03:33,2024,11,2024-W45,週六,下午,1,0,0,0,0,0
148125853,93778,2284,2,數學108,R-2-4-S01,375.025,100,2024-11-10 13:51:14,2024,11,2024-W45,週日,下午,2,1,0,0,0,0
148126664,93778,2284,2,數學108,R-2-4-S01,375.025,3,2024-11-10 13:58:47,2024,11,2024-W45,週日,下午,1,1,0,0,0,0
148137402,116465,1377,3,數學108,N-3-2-S01,422.441,2,2024-11-10 15:33:27,2024,11,2024-W45,週日,下午,1,1,0,0,0,0
148142691,180923,2284,2,國語文108,語法[一]/直述句,366.908,100,2024-11-10 16:20:31,2024,11,2024-W45,週日,下午,2,1,0,0,0,0
148143681,180923,2284,2,國語文108,語法[一]/疑問句,519.446,79,2024-11-10 16:31:26,2024,11,2024-W45,週日,下午,2,1,0,0,0,0
148144849,180923,2284,2,國語文108,語法[一]/疑問句,519.446,100,2024-11-10 16:42:20,2024,11,2024-W45,週日,下午,1,0,0,0,0,0
148156838,2865,2284,3,數學108,N-3-12-S03,610.08,17,2024-11-10 18:52:34,2024,11,2024-W45,週日,晚上,2,1,0,0,0,0
148301045,172421,1377,4,資訊教育,管理聯絡人與寄送郵件,212.437,100,2024-11-11 11:45:05,2024,11,2024-W46,週一,上午,3,2,0,0,0,1
148315598,228921,2284,3,數學108,N-3-4-S01,264.576,22,2024-11-11 12:44:55,2024,11,2024-W46,週一,下午,9,8,0,0,0,0
148317403,3276,2284,3,數學108,N-3-4-S01,264.576,78,2024-11-11 12:50:28,2024,11,2024-W46,週一,下午,10,9,0,0,0,0
148318722,229501,2284,3,數學108,N-3-4-S01,264.576,100,2024-11-11 12:53:50,2024,11,2024-W46,週一,下午,2,1,0,0,0,0
148319575,3276,2284,3,數學108,N-3-4-S01,264.576,81,2024-11-11 12:55:57,2024,11,2024-W46,週一,下午,3,3,1,0,0,0
148320114,228921,2284,3,數學108,N-3-4-S01,264.576,100,2024-11-11 12:57:21,2024,11,2024-W46,週一,下午,10,10,4,0,0,0
148320158,3276,2284,3,數學108,N-3-4-S01,264.576,100,2024-11-11 12:57:29,2024,11,2024-W46,週一,下午,1,0,0,0,0,0
148320392,252091,2284,3,數學108,N-3-4-S01,264.576,39,2024-11-11 12:58:01,2024,11,2024-W46,週一,下午,6,5,0,0,0,0
148320959,3276,2284,3,數學108,N-3-4-S01,264.576,100,2024-11-11 12:59:15,2024,11,2024-W46,週一,下午,8,7,3,2,1,0
148321236,229501,2284,3,數學108,N-3-4-S01,264.576,100,2024-11-11 12:59:54,2024,11,2024-W46,週一,下午,1,0,0,0,0,0
148321866,252091,2284,3,數學108,N-3-4-S01,264.576,100,2024-11-11 13:01:26,2024,11,2024-W46,週一,下午,3,2,0,0,0,0
148322499,252023,2284,3,數學108,N-3-4-S01,264.576,100,2024-11-11 13:02:51,2024,11,2024-W46,週一,下午,11,10,0,0,0,0
148324048,229501,2284,3,數學108,N-3-4-S01,264.576,100,2024-11-11 13:06:55,2024,11,2024-W46,週一,下午,1,0,0,0,0,0
148324416,252091,2284,3,數學108,N-3-4-S02,505.173,100,2024-11-11 13:07:51,2024,11,2024-W46,週一,下午,7,6,0,0,0,0
148326002,229501,2284,3,數學108,N-3-4-S01,264.576,100,2024-11-11 13:12:38,2024,11,2024-W46,週一,下午,1,0,0,0,0,0
148327445,228998,2284,3,數學108,N-3-4-S01,264.576,36,2024-11-11 13:17:38,2024,11,2024-W46,週一,下午,4,4,0,0,0,0
148327662,229501,2284,3,數學108,N-3-4-S01,264.576,100,2024-11-11 13:18:21,2024,11,2024-W46,週一,下午,1,0,0,1,0,0
148327922,252023,2284,3,數學108,N-3-4-S02,505.173,66,2024-11-11 13:19:15,2024,11,2024-W46,週一,下午,4,4,0,0,0,0
148342633,115966,1377,4,資訊教育,寫一封信件給老師,167.381,100,2024-11-11 13:55:50,2024,11,2024-W46,週一,下午,2,1,0,0,0,1
148343539,51593,1377,4,資訊教育,寫一封信件給老師,167.381,100,2024-11-11 13:57:09,2024,11,2024-W46,週一,下午,4,3,0,0,0,1
148343605,51985,1377,4,資訊教育,寫一封信件給老師,167.381,100,2024-11-11 13:57:14,2024,11,2024-W46,週一,下午,3,2,0,0,0,1
148345232,129227,1377,4,資訊教育,使用Google街景尋找世界美景,266.24,6,2024-11-11 13:59:41,2024,11,2024-W46,週一,下午,2,1,0,0,0,0
148345659,115966,1377,4,資訊教育,看信和回信,163.2,100,2024-11-11 14:00:21,2024,11,2024-W46,週一,下午,2,1,0,0,0,1
148345757,129227,1377,4,資訊教育,Google地圖基本操作,325.888,10,2024-11-11 14:00:29,2024,11,2024-W46,週一,下午,11,11,0,0,0,0
148345776,51985,1377,4,資訊教育,寫一封信件給老師,167.381,20,2024-11-11 14:00:31,2024,11,2024-W46,週一,下午,1,1,0,0,0,0
148347071,51985,1377,4,資訊教育,看信和回信,163.2,100,2024-11-11 14:02:44,2024,11,2024-W46,週一,下午,2,1,0,0,0,1
148347984,51593,1377,4,資訊教育,看信和回信,163.2,100,2024-11-11 14:04:17,2024,11,2024-W46,週一,下午,2,1,0,0,0,1
148348014,115966,1377,4,資訊教育,信件處理,240.341,100,2024-11-11 14:04:20,2024,11,2024-W46,週一,下午,2,1,0,0,0,0
148349004,51985,1377,4,資訊教育,信件處理,240.341,100,2024-11-11 14:05:58,2024,11,2024-W46,週一,下午,4,3,0,0,0,1
148351159,51593,1377,4,資訊教育,信件處理,240.341,44,2024-11-11 14:08:56,2024,11,2024-W46,週一,下午,1,1,0,0,0,1
148353736,20357,1377,4,資訊教育,使用Google地圖看世界,310.4,100,2024-11-11 14:15:38,2024,11,2024-W46,週一,下午,2,1,0,0,0,1
148369501,18127,1377,4,資訊教育,Google地圖基本操作,325.888,40,2024-11-11 14:47:38,2024,11,2024-W46,週一,下午,1,0,0,0,0,0
148370972,20357,1377,4,資訊教育,看信和回信,163.2,100,2024-11-11 14:50:05,2024,11,2024-W46,週一,下午,2,1,0,0,0,1
148371010,18127,1377,4,資訊教育,Google地圖基本操作,325.888,100,2024-11-11 14:50:09,2024,11,2024-W46,週一,下午,3,3,0,0,0,1
148372834,18127,1377,4,資訊教育,寫一封信件給老師,167.381,100,2024-11-11 14:54:02,2024,11,2024-W46,週一,下午,3,2,0,0,0,1
148373193,20357,1377,4,資訊教育,信件處理,240.341,100,2024-11-11 14:54:46,2024,11,2024-W46,週一,下午,3,2,0,0,0,1
148374776,18127,1377,4,資訊教育,看信和回信,163.2,69,2024-11-11 14:58:44,2024,11,2024-W46,週一,下午,2,2,0,0,0,1
148375173,20357,1377,4,資訊教育,管理聯絡人與寄送郵件,212.437,5,2024-11-11 15:00:05,2024,11,2024-W46,週一,下午,1,1,0,0,0,0
148400397,80289,2284,5,數學108,video:N-4-5-S01,731.974,0,2024-11-11 16:09:54,2024,11,2024-W46,週一,下午,1,0,0,0,0,0
148400494,80289,2284,5,數學108,video:N-4-5-S01,731.974,100,2024-11-11 16:10:02,2024,11,2024-W46,週一,下午,4,3,0,0,0,0
148400566,60833,2284,5,數學108,video:N-4-5-S01,731.974,80,2024-11-11 16:10:09,2024,11,2024-W46,週一,下午,4,3,0,0,0,0
148407666,79645,2284,5,數學108,video:N-4-5-S01,731.974,88,2024-11-11 16:19:14,2024,11,2024-W46,週一,下午,13,12,0,0,0,0
148407948,60833,2284,5,數學108,video:N-4-5-S01,731.974,92,2024-11-11 16:19:35,2024,11,2024-W46,週一,下午,4,4,0,0,0,0
148409879,60833,2284,5,數學108,video:N-4-5-S01,731.974,100,2024-11-11 16:21:47,2024,11,2024-W46,週一,下午,1,0,0,0,0,0
148410934,60833,2284,5,數學108,video:N-4-5-S01,731.974,20,2024-11-11 16:22:51,2024,11,2024-W46,週一,下午,1,1,0,0,0,0
148411665,70359,2284,5,數學108,video:N-4-5-S01,731.974,94,2024-11-11 16:23:38,2024,11,2024-W46,週一,下午,112,112,0,0,0,0
148413566,60833,2284,5,數學108,video:N-4-5-S01,731.974,91,2024-11-11 16:25:46,2024,11,2024-W46,週一,下午,5,4,1,0,0,0
148415943,79645,2284,5,數學108,video:N-4-5-S01,731.974,68,2024-11-11 16:28:31,2024,11,2024-W46,週一,下午,2,2,0,0,0,0
148416508,14637,1377,5,英語108,食物-Whatdoeshe/shewant?He/Shewantssomesoup.,243.608,0,2024-11-11 16:29:10,2024,11,2024-W46,週一,下午,1,0,0,0,0,0
148418121,113961,1377,5,英語108,教室用語-Listen!,133.504,100,2024-11-11 16:31:03,2024,11,2024-W46,週一,下午,3,3,0,0,0,0
148612477,75272,2284,6,海洋教育議題,53綠島-海洋生物多樣性,305.467,3,2024-11-12 13:10:10,2024,11,2024-W46,週二,下午,3,3,2,0,0,0
148613678,228745,2284,3,數學108,N-3-4-S01,264.576,100,2024-11-12 13:14:32,2024,11,2024-W46,週二,下午,1,0,0,0,0,0
148845516,52418,1377,6,資訊教育,遊戲中的小老鼠,311.244,88,2024-11-13 09:04:58,2024,11,2024-W46,週三,上午,2,2,0,0,0,1
148876537,18127,1377,4,資訊教育,看信和回信,163.2,83,2024-11-13 10:27:48,2024,11,2024-W46,週三,上午,1,1,0,0,0,0
148916486,18127,1377,4,資訊教育,看信和回信,163.2,22,2024-11-13 11:58:17,2024,11,2024-W46,週三,上午,2,3,0,0,0,0
148976450,252023,2284,3,數學108,N-3-4-S02,505.173,100,2024-11-13 18:35:44,2024,11,2024-W46,週三,晚上,2,1,0,0,0,0
148976652,252023,2284,3,數學108,N-3-8-S02,385.8,55,2024-11-13 18:39:10,2024,11,2024-W46,週三,晚上,3,3,0,0,0,0
148977198,252023,2284,3,數學108,N-3-8-S02,385.8,100,2024-11-13 18:47:31,2024,11,2024-W46,週三,晚上,3,2,0,0,0,0
148981206,252023,2284,3,數學108,N-3-8-S03,325.2,100,2024-11-13 19:24:50,2024,11,2024-W46,週三,晚上,2,1,0,0,0,0
149036826,170744,1377,6,資訊教育,遊戲分析與故事構想,328.628,54,2024-11-14 08:16:49,2024,11,2024-W46,週四,上午,4,4,3,0,0,1
149117877,88271,2284,5,數學108,video:S-5-1-S01,232.57,0,2024-11-14 11:37:03,2024,11,2024-W46,週四,上午,1,0,0,0,0,0
149205530,88836,2284,2,數學108,能從問題情境中，認識10以內加法的算式記錄和結果,308.72,100,2024-11-14 15:29:43,2024,11,2024-W46,週四,下午,4,3,0,0,0,2
149205640,94149,2284,2,數學108,能區分事件發生的先後順序,361.24,60,2024-11-14 15:29:55,2024,11,2024-W46,週四,下午,10,10,1,0,0,3
149207176,89352,2284,2,數學108,能區分事件發生的先後順序,361.24,100,2024-11-14 15:30:56,2024,11,2024-W46,週四,下午,8,7,0,0,0,3
149402011,75816,1377,5,資訊教育,Google簡報的操作介面與檔案管理,290.453,1,2024-11-15 09:32:05,2024,11,2024-W46,週五,上午,2,1,0,0,0,0
149427240,29231,1377,5,資訊教育,規劃互動專題簡報,391.829,57,2024-11-15 10:47:21,2024,11,2024-W46,週五,上午,12,13,1,0,0,1
149427277,29204,1377,5,資訊教育,規劃互動專題簡報,391.829,56,2024-11-15 10:47:26,2024,11,2024-W46,週五,上午,23,23,11,0,0,0
149427785,24756,1377,5,資訊教育,規劃互動專題簡報,391.829,34,2024-11-15 10:48:26,2024,11,2024-W46,週五,上午,15,15,3,0,0,1
149428042,29165,1377,5,資訊教育,規劃互動專題簡報,391.829,100,2024-11-15 10:48:59,2024,11,2024-W46,週五,上午,10,9,1,0,0,1
149428368,39073,1377,5,資訊教育,規劃互動專題簡報,391.829,100,2024-11-15 10:49:39,2024,11,2024-W46,週五,上午,4,3,0,0,0,1
149428532,34771,1377,5,資訊教育,規劃互動專題簡報,391.829,32,2024-11-15 10:49:56,2024,11,2024-W46,週五,上午,5,5,0,0,0,1
149428702,116516,1377,5,資訊教育,規劃互動專題簡報,391.829,29,2024-11-15 10:50:13,2024,11,2024-W46,週五,上午,10,10,1,0,0,1
149429234,132515,1377,5,資訊教育,規劃互動專題簡報,391.829,13,2024-11-15 10:51:10,2024,11,2024-W46,週五,上午,5,5,0,0,0,0
149429482,27845,1377,5,資訊教育,規劃互動專題簡報,391.829,59,2024-11-15 10:51:35,2024,11,2024-W46,週五,上午,13,13,1,0,0,2
149429657,25068,1377,5,資訊教育,其他簡報軟體插入投影片編號,367.275,100,2024-11-15 10:51:52,2024,11,2024-W46,週五,上午,84,83,0,0,0,1
149430371,26970,1377,5,資訊教育,規劃互動專題簡報,391.829,56,2024-11-15 10:53:06,2024,11,2024-W46,週五,上午,22,22,3,0,0,1
149434836,34771,1377,5,資訊教育,規劃互動專題簡報,391.829,79,2024-11-15 11:00:30,2024,11,2024-W46,週五,上午,9,9,2,0,0,0
149437398,29165,1377,5,資訊教育,製作互動專題簡報,382.955,34,2024-11-15 11:04:47,2024,11,2024-W46,週五,上午,8,8,0,0,0,1
149437781,27736,1377,5,資訊教育,規劃互動專題簡報,391.829,35,2024-11-15 11:05:29,2024,11,2024-W46,週五,上午,8,8,0,0,0,1
149437886,39073,1377,5,資訊教育,製作互動專題簡報,382.955,68,2024-11-15 11:05:42,2024,11,2024-W46,週五,上午,6,6,0,0,0,1
149438118,29231,1377,5,資訊教育,規劃互動專題簡報,391.829,68,2024-11-15 11:06:08,2024,11,2024-W46,週五,上午,11,11,0,0,0,0
149438409,25068,1377,5,資訊教育,規劃互動專題簡報,391.829,27,2024-11-15 11:06:41,2024,11,2024-W46,週五,上午,10,10,0,0,0,1
149442681,239765,1377,6,資訊教育,消失的老鼠,232.92,100,2024-11-15 11:19:33,2024,11,2024-W46,週五,上午,15,14,2,0,0,0
149442683,241568,1377,6,資訊教育,自動與手動開始的遊戲場景,494.16,100,2024-11-15 11:19:34,2024,11,2024-W46,週五,上午,4,3,0,0,0,0
149442755,242894,1377,6,資訊教育,自動與手動開始的遊戲場景,494.16,100,2024-11-15 11:19:52,2024,11,2024-W46,週五,上午,21,20,0,0,0,0
149442767,230454,1377,6,資訊教育,消失的老鼠,232.92,96,2024-11-15 11:19:55,2024,11,2024-W46,週五,上午,2,1,0,0,0,0
149443398,230630,1377,6,資訊教育,控制大花貓,234.96,100,2024-11-15 11:22:45,2024,11,2024-W46,週五,上午,10,8,4,0,0,0
149443425,239005,1377,6,資訊教育,控制大花貓,234.96,100,2024-11-15 11:22:53,2024,11,2024-W46,週五,上午,6,5,1,0,0,0
149443573,241854,1377,6,資訊教育,遊戲中的小老鼠,311.244,38,2024-11-15 11:23:28,2024,11,2024-W46,週五,上午,6,6,1,0,0,0
149443583,239275,1377,6,資訊教育,細說變數,214.96,61,2024-11-15 11:23:30,2024,11,2024-W46,週五,上午,4,4,0,0,0,1
149443704,240896,1377,6,資訊教育,自動與手動開始的遊戲場景,494.16,33,2024-11-15 11:23:58,2024,11,2024-W46,週五,上午,1,1,0,0,0,0
149443746,238943,1377,6,資訊教育,自動與手動開始的遊戲場景,494.16,100,2024-11-15 11:24:11,2024,11,2024-W46,週五,上午,19,19,4,5,0,0
149443842,237057,1377,6,資訊教育,自動與手動開始的遊戲場景,494.16,100,2024-11-15 11:24:33,2024,11,2024-W46,週五,上午,3,2,0,0,0,0
149443902,238999,1377,6,資訊教育,遊戲中的小老鼠,311.244,100,2024-11-15 11:24:45,2024,11,2024-W46,週五,上午,8,7,0,0,0,1
149443935,241568,1377,6,資訊教育,遊戲中的小老鼠,311.244,1,2024-11-15 11:24:55,2024,11,2024-W46,週五,上午,1,1,0,0,0,0
149444053,244127,1377,6,資訊教育,遊戲中的小老鼠,311.244,65,2024-11-15 11:25:17,2024,11,2024-W46,週五,上午,46,46,15,0,0,0
149444319,240896,1377,6,資訊教育,自動與手動開始的遊戲場景,494.16,100,2024-11-15 11:26:14,2024,11,2024-W46,週五,上午,22,22,4,0,0,0
149444325,1016,1377,6,資訊教育,自動與手動開始的遊戲場景,494.16,100,2024-11-15 11:26:15,2024,11,2024-W46,週五,上午,1,1,0,0,0,0
149444327,230454,1377,6,資訊教育,消失的老鼠,232.92,100,2024-11-15 11:26:16,2024,11,2024-W46,週五,上午,1,0,0,0,0,0
149444436,1016,1377,6,資訊教育,遊戲中的小老鼠,311.244,27,2024-11-15 11:26:35,2024,11,2024-W46,週五,上午,1,0,0,0,0,0
149444499,241840,1377,6,資訊教育,自動與手動開始的遊戲場景,494.16,100,2024-11-15 11:26:44,2024,11,2024-W46,週五,上午,6,5,0,0,0,0
149444520,230454,1377,6,資訊教育,細說變數,214.96,100,2024-11-15 11:26:49,2024,11,2024-W46,週五,上午,11,10,1,0,0,1
149444575,1016,1377,6,資訊教育,控制大花貓,234.96,87,2024-11-15 11:26:58,2024,11,2024-W46,週五,上午,10,10,3,0,0,0
149444695,238715,1377,6,資訊教育,遊戲中的小老鼠,311.244,100,2024-11-15 11:27:17,2024,11,2024-W46,週五,上午,6,5,0,0,0,1
149444711,241568,1377,6,資訊教育,遊戲中的小老鼠,311.244,100,2024-11-15 11:27:20,2024,11,2024-W46,週五,上午,20,19,0,0,0,1
149445053,239005,1377,6,資訊教育,消失的老鼠,232.92,100,2024-11-15 11:28:10,2024,11,2024-W46,週五,上午,14,13,5,0,0,2
149445275,239275,1377,6,資訊教育,自動與手動開始的遊戲場景,494.16,35,2024-11-15 11:28:49,2024,11,2024-W46,週五,上午,21,29,7,4,0,1
149445314,238999,1377,6,資訊教育,自創角色跑起來,455.221,35,2024-11-15 11:28:54,2024,11,2024-W46,週五,上午,1,0,0,0,0,0
149445393,238999,1377,6,資訊教育,隨機移動的小老鼠,430.196,100,2024-11-15 11:29:08,2024,11,2024-W46,週五,上午,16,15,1,0,0,2
149445462,237057,1377,6,資訊教育,遊戲中的小老鼠,311.244,87,2024-11-15 11:29:21,2024,11,2024-W46,週五,上午,35,35,11,0,0,0
149446122,239765,1377,6,資訊教育,隨機移動的小老鼠,430.196,0,2024-11-15 11:31:18,2024,11,2024-W46,週五,上午,1,0,0,0,0,0
149446157,239765,1377,6,資訊教育,細說變數,214.96,78,2024-11-15 11:31:24,2024,11,2024-W46,週五,上午,8,7,0,0,0,1
149446190,230630,1377,6,資訊教育,消失的老鼠,232.92,100,2024-11-15 11:31:30,2024,11,2024-W46,週五,上午,9,8,1,0,0,2
149446235,239702,1377,6,資訊教育,建立自創角色,292.058,10,2024-11-15 11:31:38,2024,11,2024-W46,週五,上午,1,0,0,0,0,0
149446409,1016,1377,6,資訊教育,隨機移動的小老鼠,430.196,5,2024-11-15 11:32:07,2024,11,2024-W46,週五,上午,2,2,0,0,0,0
149446471,230014,1377,6,資訊教育,遊戲中的小老鼠,311.244,31,2024-11-15 11:32:21,2024,11,2024-W46,週五,上午,9,9,0,0,0,0
149446533,241854,1377,6,資訊教育,遊戲中的小老鼠,311.244,100,2024-11-15 11:32:32,2024,11,2024-W46,週五,上午,5,4,0,0,0,1
149446550,238715,1377,6,資訊教育,隨機移動的小老鼠,430.196,32,2024-11-15 11:32:35,2024,11,2024-W46,週五,上午,6,6,0,0,0,1
149446616,239702,1377,6,資訊教育,自動與手動開始的遊戲場景,494.16,79,2024-11-15 11:32:49,2024,11,2024-W46,週五,上午,43,43,6,0,0,0
149446862,1016,1377,6,資訊教育,消失的老鼠,232.92,75,2024-11-15 11:33:32,2024,11,2024-W46,週五,上午,7,7,1,0,0,1
149447248,242894,1377,6,資訊教育,遊戲中的小老鼠,311.244,100,2024-11-15 11:34:35,2024,11,2024-W46,週五,上午,28,27,6,0,0,1
149447338,239765,1377,6,資訊教育,隨機移動的小老鼠,430.196,16,2024-11-15 11:34:47,2024,11,2024-W46,週五,上午,5,5,1,0,0,0
149448306,240896,1377,6,資訊教育,遊戲中的小老鼠,311.244,100,2024-11-15 11:36:51,2024,11,2024-W46,週五,上午,11,10,0,0,0,1
149448474,239005,1377,6,資訊教育,細說變數,214.96,100,2024-11-15 11:37:09,2024,11,2024-W46,週五,上午,2,1,0,0,0,1
149448535,238943,1377,6,資訊教育,遊戲中的小老鼠,311.244,100,2024-11-15 11:37:16,2024,11,2024-W46,週五,上午,24,24,5,3,0,2
149448628,241854,1377,6,資訊教育,隨機移動的小老鼠,430.196,18,2024-11-15 11:37:28,2024,11,2024-W46,週五,上午,5,5,0,0,0,0
149448828,241840,1377,6,資訊教育,遊戲中的小老鼠,311.244,100,2024-11-15 11:37:47,2024,11,2024-W46,週五,上午,1,0,0,0,0,0
149448858,239765,1377,6,資訊教育,隨機移動的小老鼠,430.196,100,2024-11-15 11:37:50,2024,11,2024-W46,週五,上午,43,42,1,0,0,2
149449525,241840,1377,6,資訊教育,隨機移動的小老鼠,430.196,100,2024-11-15 11:38:55,2024,11,2024-W46,週五,上午,6,5,0,0,0,1
149450431,244127,1377,6,資訊教育,自動與手動開始的遊戲場景,494.16,82,2024-11-15 11:40:16,2024,11,2024-W46,週五,上午,3,2,0,2,0,0
149450792,1016,1377,6,資訊教育,遊戲中的小老鼠,311.244,26,2024-11-15 11:40:50,2024,11,2024-W46,週五,上午,3,3,0,0,0,0
149451017,230630,1377,6,資訊教育,細說變數,214.96,100,2024-11-15 11:41:12,2024,11,2024-W46,週五,上午,4,4,0,0,0,1
149451055,241854,1377,6,資訊教育,遊戲中的小老鼠,311.244,100,2024-11-15 11:41:17,2024,11,2024-W46,週五,上午,10,10,1,5,0,0
149451988,239005,1377,6,資訊教育,變數的應用,223.84,100,2024-11-15 11:42:48,2024,11,2024-W46,週五,上午,13,12,8,0,0,1
149452925,241568,1377,6,資訊教育,隨機移動的小老鼠,430.196,48,2024-11-15 11:44:16,2024,11,2024-W46,週五,上午,13,13,1,0,0,2
149453061,242347,1377,6,資訊教育,隨機移動的小老鼠,430.196,27,2024-11-15 11:44:30,2024,11,2024-W46,週五,上午,1,1,0,0,0,0
149453394,239275,1377,6,資訊教育,自動與手動開始的遊戲場景,494.16,41,2024-11-15 11:45:05,2024,11,2024-W46,週五,上午,8,8,1,0,0,0
149453464,241854,1377,6,資訊教育,隨機移動的小老鼠,430.196,52,2024-11-15 11:45:13,2024,11,2024-W46,週五,上午,9,9,2,0,0,1
149455205,238943,1377,6,資訊教育,隨機移動的小老鼠,430.196,54,2024-11-15 11:48:05,2024,11,2024-W46,週五,上午,18,18,1,0,0,1
149455305,230630,1377,6,資訊教育,變數的應用,223.84,100,2024-11-15 11:48:15,2024,11,2024-W46,週五,上午,13,12,2,0,0,1
149455329,240896,1377,6,資訊教育,隨機移動的小老鼠,430.196,50,2024-11-15 11:48:18,2024,11,2024-W46,週五,上午,12,12,0,0,0,1
149455488,238999,1377,6,資訊教育,自創角色跑起來,455.221,100,2024-11-15 11:48:37,2024,11,2024-W46,週五,上午,4,3,0,0,0,1
149456359,230454,1377,6,資訊教育,變數的應用,223.84,100,2024-11-15 11:50:27,2024,11,2024-W46,週五,上午,9,8,1,0,0,2
149456643,241840,1377,6,資訊教育,向左走向右走,442.876,100,2024-11-15 11:51:04,2024,11,2024-W46,週五,上午,1,0,0,0,0,0
149456849,52398,1377,6,資訊教育,建立自創角色,292.058,25,2024-11-15 11:51:31,2024,11,2024-W46,週五,上午,2,3,0,0,0,0
149457220,52398,1377,6,資訊教育,隨機移動的小老鼠,430.196,1,2024-11-15 11:52:27,2024,11,2024-W46,週五,上午,1,1,0,0,0,0
149457934,238999,1377,6,資訊教育,兩個角色的互動,293.16,100,2024-11-15 11:54:10,2024,11,2024-W46,週五,上午,7,6,1,0,0,2
149458422,241840,1377,6,資訊教育,控制大花貓,234.96,100,2024-11-15 11:55:13,2024,11,2024-W46,週五,上午,1,0,0,0,0,0
149458756,230454,1377,6,資訊教育,向左走向右走,442.876,11,2024-11-15 11:56:07,2024,11,2024-W46,週五,上午,1,0,0,0,0,0
149459041,242894,1377,6,資訊教育,隨機移動的小老鼠,430.196,27,2024-11-15 11:56:54,2024,11,2024-W46,週五,上午,10,10,2,0,0,2
149459818,239765,1377,6,資訊教育,向左走向右走,442.876,18,2024-11-15 11:59:07,2024,11,2024-W46,週五,上午,2,2,0,0,0,0
149480620,51708,1377,6,資訊教育,控制大花貓,234.96,43,2024-11-15 13:38:36,2024,11,2024-W46,週五,下午,2,2,0,1,0,0
149481112,126435,1377,6,資訊教育,向左走向右走,442.876,22,2024-11-15 13:39:46,2024,11,2024-W46,週五,下午,2,1,0,0,0,0
149481159,51787,1377,6,資訊教育,自動與手動開始的遊戲場景,494.16,69,2024-11-15 13:39:53,2024,11,2024-W46,週五,下午,4,3,1,0,0,0
149481240,51515,1377,6,資訊教育,自創角色跑起來,455.221,74,2024-11-15 13:40:04,2024,11,2024-W46,週五,下午,1,0,0,0,0,0
149481247,52814,1377,6,資訊教育,設計遊戲場景和正義使者主角,401.968,42,2024-11-15 13:40:06,2024,11,2024-W46,週五,下午,4,4,1,2,0,0
149481316,51943,1377,6,資訊教育,控制大花貓,234.96,87,2024-11-15 13:40:15,2024,11,2024-W46,週五,下午,2,2,0,1,0,0
149481342,52814,1377,6,資訊教育,設計遊戲魔鬼主角造型,210.11,100,2024-11-15 13:40:19,2024,11,2024-W46,週五,下午,2,1,0,0,0,1
149481356,52229,1377,6,資訊教育,自動與手動開始的遊戲場景,494.16,41,2024-11-15 13:40:21,2024,11,2024-W46,週五,下午,7,7,0,0,0,1
149481409,163235,1377,6,資訊教育,遊戲中的小老鼠,311.244,92,2024-11-15 13:40:29,2024,11,2024-W46,週五,下午,5,5,0,0,0,1
149481421,51708,1377,6,資訊教育,自動與手動開始的遊戲場景,494.16,69,2024-11-15 13:40:30,2024,11,2024-W46,週五,下午,3,2,0,3,0,0
149481522,79490,1377,6,資訊教育,隨機移動的小老鼠,430.196,2,2024-11-15 13:40:45,2024,11,2024-W46,週五,下午,1,0,0,0,0,0
149481633,52022,1377,6,資訊教育,遊戲中的小老鼠,311.244,100,2024-11-15 13:41:00,2024,11,2024-W46,週五,下午,3,3,4,0,0,0
149481657,79490,1377,6,資訊教育,隨機移動的小老鼠,430.196,44,2024-11-15 13:41:02,2024,11,2024-W46,週五,下午,10,10,0,0,0,1
149481804,51515,1377,6,資訊教育,自動與手動開始的遊戲場景,494.16,100,2024-11-15 13:41:22,2024,11,2024-W46,週五,下午,2,2,0,0,0,0
149481941,51943,1377,6,資訊教育,控制大花貓,234.96,96,2024-11-15 13:41:41,2024,11,2024-W46,週五,下午,3,2,0,0,0,0
149482135,52202,1377,6,資訊教育,自動與手動開始的遊戲場景,494.16,70,2024-11-15 13:42:08,2024,11,2024-W46,週五,下午,36,36,6,0,0,1
149482341,51872,1377,6,資訊教育,自動與手動開始的遊戲場景,494.16,100,2024-11-15 13:42:34,2024,11,2024-W46,週五,下午,2,2,0,1,0,0
149482392,52814,1377,6,資訊教育,設計遊戲魔鬼主角造型,210.11,94,2024-11-15 13:42:40,2024,11,2024-W46,週五,下午,3,3,0,1,0,0
149482618,51872,1377,6,資訊教育,遊戲中的小老鼠,311.244,100,2024-11-15 13:43:09,2024,11,2024-W46,週五,下午,10,9,1,0,0,1
149482745,52740,1377,6,資訊教育,遊戲中的小老鼠,311.244,10,2024-11-15 13:43:24,2024,11,2024-W46,週五,下午,20,20,2,0,0,1
149482835,51787,1377,6,資訊教育,隨機移動的小老鼠,430.196,100,2024-11-15 13:43:35,2024,11,2024-W46,週五,下午,9,8,0,0,0,1
149482880,164256,1377,6,資訊教育,遊戲分析與故事構想,328.628,100,2024-11-15 13:43:41,2024,11,2024-W46,週五,下午,6,5,0,0,0,1
149482966,51708,1377,6,資訊教育,控制大花貓,234.96,70,2024-11-15 13:43:52,2024,11,2024-W46,週五,下午,2,1,2,5,0,0
149483199,126435,1377,6,資訊教育,隨機移動的小老鼠,430.196,96,2024-11-15 13:44:22,2024,11,2024-W46,週五,下午,10,10,0,9,0,0
149483319,52022,1377,6,資訊教育,隨機移動的小老鼠,430.196,100,2024-11-15 13:44:39,2024,11,2024-W46,週五,下午,11,10,2,0,0,0
149483496,126435,1377,6,資訊教育,向左走向右走,442.876,96,2024-11-15 13:45:02,2024,11,2024-W46,週五,下午,10,10,1,0,0,0
149483695,51943,1377,6,資訊教育,細說變數,214.96,16,2024-11-15 13:45:23,2024,11,2024-W46,週五,下午,4,4,0,0,0,0
149484193,52229,1377,6,資訊教育,自動與手動開始的遊戲場景,494.16,100,2024-11-15 13:46:26,2024,11,2024-W46,週五,下午,6,5,0,0,0,0
149484258,51515,1377,6,資訊教育,遊戲中的小老鼠,311.244,8,2024-11-15 13:46:34,2024,11,2024-W46,週五,下午,1,1,0,0,0,0
149484294,51943,1377,6,資訊教育,消失的老鼠,232.92,98,2024-11-15 13:46:38,2024,11,2024-W46,週五,下午,12,12,1,0,0,1
149484594,52089,1377,6,資訊教育,遊戲中的小老鼠,311.244,0,2024-11-15 13:47:11,2024,11,2024-W46,週五,下午,1,1,0,0,0,0
149484605,51515,1377,6,資訊教育,遊戲中的小老鼠,311.244,100,2024-11-15 13:47:12,2024,11,2024-W46,週五,下午,6,5,0,0,0,1
149484714,52983,1377,6,資訊教育,兩個角色的互動,293.16,100,2024-11-15 13:47:26,2024,11,2024-W46,週五,下午,2,1,0,0,0,1
149484845,51708,1377,6,資訊教育,遊戲中的小老鼠,311.244,58,2024-11-15 13:47:40,2024,11,2024-W46,週五,下午,2,2,0,3,0,0
149485508,52814,1377,6,資訊教育,設計遊戲魔鬼主角程式積木,270.137,100,2024-11-15 13:48:54,2024,11,2024-W46,週五,下午,10,9,0,0,0,1
149485756,52089,1377,6,資訊教育,隨機移動的小老鼠,430.196,1,2024-11-15 13:49:25,2024,11,2024-W46,週五,下午,1,1,0,0,0,0
149486053,164256,1377,6,資訊教育,遊戲分析與故事構想,328.628,100,2024-11-15 13:50:00,2024,11,2024-W46,週五,下午,1,1,0,0,0,0
149486145,51408,1377,6,資訊教育,自動與手動開始的遊戲場景,494.16,70,2024-11-15 13:50:11,2024,11,2024-W46,週五,下午,12,14,2,3,0,0
149486419,51872,1377,6,資訊教育,隨機移動的小老鼠,430.196,71,2024-11-15 13:50:41,2024,11,2024-W46,週五,下午,9,9,1,0,0,2
149486828,164256,1377,6,資訊教育,建立自創角色,292.058,10,2024-11-15 13:51:25,2024,11,2024-W46,週五,下午,2,1,0,1,0,0
149487189,79490,1377,6,資訊教育,自動與手動開始的遊戲場景,494.16,43,2024-11-15 13:52:15,2024,11,2024-W46,週五,下午,13,16,7,0,0,0
149487381,52229,1377,6,資訊教育,遊戲中的小老鼠,311.244,100,2024-11-15 13:52:38,2024,11,2024-W46,週五,下午,2,1,0,0,0,1
149487472,164256,1377,6,資訊教育,自動與手動開始的遊戲場景,494.16,56,2024-11-15 13:52:47,2024,11,2024-W46,週五,下午,11,11,3,0,0,0
149487822,52983,1377,6,資訊教育,遊戲中的小老鼠,311.244,0,2024-11-15 13:53:28,2024,11,2024-W46,週五,下午,1,0,0,0,0,0
149487970,52983,1377,6,資訊教育,遊戲中的小老鼠,311.244,100,2024-11-15 13:53:45,2024,11,2024-W46,週五,下午,3,2,0,0,0,1
149488170,51515,1377,6,資訊教育,隨機移動的小老鼠,430.196,100,2024-11-15 13:54:09,2024,11,2024-W46,週五,下午,3,2,0,0,0,1
149488318,52022,1377,6,資訊教育,向左走向右走,442.876,0,2024-11-15 13:54:30,2024,11,2024-W46,週五,下午,1,1,1,0,0,0
149488502,52740,1377,6,資訊教育,隨機移動的小老鼠,430.196,85,2024-11-15 13:54:55,2024,11,2024-W46,週五,下午,18,18,2,0,0,2
149488980,52418,1377,6,資訊教育,遊戲中的小老鼠,311.244,100,2024-11-15 13:55:59,2024,11,2024-W46,週五,下午,6,5,0,0,0,1
149489117,52022,1377,6,資訊教育,控制大花貓,234.96,100,2024-11-15 13:56:16,2024,11,2024-W46,週五,下午,7,7,2,0,0,0
149490895,52229,1377,6,資訊教育,隨機移動的小老鼠,430.196,100,2024-11-15 14:00:07,2024,11,2024-W46,週五,下午,2,1,0,0,0,1
149490955,51408,1377,6,資訊教育,遊戲中的小老鼠,311.244,100,2024-11-15 14:00:17,2024,11,2024-W46,週五,下午,9,15,0,0,0,1
149491032,163235,1377,6,資訊教育,消失的老鼠,232.92,74,2024-11-15 14:00:31,2024,11,2024-W46,週五,下午,3,3,0,0,0,0
149491038,52983,1377,6,資訊教育,隨機移動的小老鼠,430.196,100,2024-11-15 14:00:32,2024,11,2024-W46,週五,下午,2,1,0,0,0,1
149491044,52418,1377,6,資訊教育,著作權法、創用CC和遊戲規劃,335.16,100,2024-11-15 14:00:32,2024,11,2024-W46,週五,下午,6,5,0,0,0,1
149491413,52537,1377,6,資訊教育,隨機移動的小老鼠,430.196,35,2024-11-15 14:01:32,2024,11,2024-W46,週五,下午,13,13,1,0,0,1
149491562,51515,1377,6,資訊教育,向左走向右走,442.876,18,2024-11-15 14:01:59,2024,11,2024-W46,週五,下午,4,4,0,0,0,0
149491600,51787,1377,6,資訊教育,隨機移動的小老鼠,430.196,88,2024-11-15 14:02:06,2024,11,2024-W46,週五,下午,1,1,0,1,0,0
149492137,51872,1377,6,資訊教育,向左走向右走,442.876,5,2024-11-15 14:03:38,2024,11,2024-W46,週五,下午,1,0,0,0,0,0
149492176,51787,1377,6,資訊教育,向左走向右走,442.876,12,2024-11-15 14:03:44,2024,11,2024-W46,週五,下午,1,1,0,0,0,0
149492290,51872,1377,6,資訊教育,控制大花貓,234.96,53,2024-11-15 14:04:08,2024,11,2024-W46,週五,下午,7,7,0,0,0,1
149492294,51708,1377,6,資訊教育,變數的應用,223.84,83,2024-11-15 14:04:08,2024,11,2024-W46,週五,下午,2,2,0,7,0,0
149492599,51787,1377,6,資訊教育,控制大花貓,234.96,57,2024-11-15 14:05:05,2024,11,2024-W46,週五,下午,6,6,0,0,0,1
149492746,51943,1377,6,資訊教育,控制大花貓,234.96,90,2024-11-15 14:05:35,2024,11,2024-W46,週五,下午,2,2,1,0,0,0
149493161,51515,1377,6,資訊教育,控制大花貓,234.96,33,2024-11-15 14:06:51,2024,11,2024-W46,週五,下午,1,1,0,0,0,0
149493238,52814,1377,6,資訊教育,設計遊戲魔鬼主角程式積木,270.137,100,2024-11-15 14:07:04,2024,11,2024-W46,週五,下午,3,2,0,2,0,0
149493292,52418,1377,6,資訊教育,著作權法、創用CC和遊戲規劃,335.16,9,2024-11-15 14:07:15,2024,11,2024-W46,週五,下午,1,0,0,0,0,0
149494178,52814,1377,6,資訊教育,設計遊戲魔鬼主角程式積木,270.137,87,2024-11-15 14:10:04,2024,11,2024-W46,週五,下午,3,3,0,1,0,0
149494201,52983,1377,6,資訊教育,向左走向右走,442.876,2,2024-11-15 14:10:10,2024,11,2024-W46,週五,下午,1,0,0,0,0,0
149494528,52983,1377,6,資訊教育,向左走向右走,442.876,18,2024-11-15 14:11:15,2024,11,2024-W46,週五,下午,1,0,0,0,0,0
149494598,52814,1377,6,資訊教育,遊戲的難易度和勝負判斷,117.25,8,2024-11-15 14:11:28,2024,11,2024-W46,週五,下午,1,1,0,0,0,0
149513666,180923,2284,2,數學108,N-2-8-S03,509.52,14,2024-11-15 15:12:40,2024,11,2024-W46,週五,下午,2,2,0,0,0,0
149518531,170642,1377,6,資訊教育,隨機移動的小老鼠,430.196,100,2024-11-15 15:25:33,2024,11,2024-W46,週五,下午,23,22,0,0,0,0
149519653,180923,2284,2,國語文108,字形[二]/查字典,306.325,100,2024-11-15 15:28:18,2024,11,2024-W46,週五,下午,2,1,0,0,0,0
149522231,180923,2284,2,數學108,R-2-4-S01,375.025,100,2024-11-15 15:35:24,2024,11,2024-W46,週五,下午,6,5,0,0,0,0
149522537,180013,1377,6,資訊教育,隨機移動的小老鼠,430.196,100,2024-11-15 15:36:23,2024,11,2024-W46,週五,下午,13,12,2,0,0,0
149522643,170651,1377,6,資訊教育,隨機移動的小老鼠,430.196,100,2024-11-15 15:36:42,2024,11,2024-W46,週五,下午,16,15,0,0,0,0
149522751,169901,1377,6,資訊教育,自動與手動開始的遊戲場景,494.16,100,2024-11-15 15:37:00,2024,11,2024-W46,週五,下午,33,33,3,0,0,0
149522845,170839,1377,6,資訊教育,隨機移動的小老鼠,430.196,74,2024-11-15 15:37:18,2024,11,2024-W46,週五,下午,17,17,2,0,0,1
149522885,180502,1377,6,資訊教育,隨機移動的小老鼠,430.196,100,2024-11-15 15:37:23,2024,11,2024-W46,週五,下午,16,15,1,0,0,0
149522982,184828,1377,6,資訊教育,遊戲中的小老鼠,311.244,100,2024-11-15 15:37:40,2024,11,2024-W46,週五,下午,14,13,2,0,0,1
149523108,170743,1377,6,資訊教育,遊戲分析與故事構想,328.628,10,2024-11-15 15:37:59,2024,11,2024-W46,週五,下午,2,3,1,0,0,0
149523167,179767,1377,6,資訊教育,遊戲中的小老鼠,311.244,72,2024-11-15 15:38:07,2024,11,2024-W46,週五,下午,6,7,2,0,0,0
149523241,170372,1377,6,資訊教育,自動與手動開始的遊戲場景,494.16,50,2024-11-15 15:38:19,2024,11,2024-W46,週五,下午,27,27,1,0,0,1
149523428,170743,1377,6,資訊教育,自動與手動開始的遊戲場景,494.16,100,2024-11-15 15:38:47,2024,11,2024-W46,週五,下午,15,14,1,0,0,0
149523467,180313,1377,6,資訊教育,隨機移動的小老鼠,430.196,100,2024-11-15 15:38:52,2024,11,2024-W46,週五,下午,14,13,0,0,0,0
149523492,170382,1377,6,資訊教育,遊戲分析與故事構想,328.628,41,2024-11-15 15:38:56,2024,11,2024-W46,週五,下午,1,0,0,0,0,0
149523634,170382,1377,6,資訊教育,自動與手動開始的遊戲場景,494.16,100,2024-11-15 15:39:19,2024,11,2024-W46,週五,下午,2,2,0,0,0,0
149523637,170622,1377,6,資訊教育,Scratch角色動起來,504.871,51,2024-11-15 15:39:20,2024,11,2024-W46,週五,下午,1,1,0,0,0,0
149523766,170622,1377,6,資訊教育,自動與手動開始的遊戲場景,494.16,100,2024-11-15 15:39:38,2024,11,2024-W46,週五,下午,21,20,4,0,0,0
149523802,170471,1377,6,資訊教育,遊戲中的小老鼠,311.244,100,2024-11-15 15:39:44,2024,11,2024-W46,週五,下午,4,3,0,0,0,1
149523903,170744,1377,6,資訊教育,自動與手動開始的遊戲場景,494.16,99,2024-11-15 15:40:00,2024,11,2024-W46,週五,下午,10,9,1,5,0,0
149524048,169177,1377,6,資訊教育,自動與手動開始的遊戲場景,494.16,100,2024-11-15 15:40:21,2024,11,2024-W46,週五,下午,3,2,0,0,0,0
149524454,90284,2284,2,國語文108,字義[二]/本義3,133.717,100,2024-11-15 15:41:35,2024,11,2024-W46,週五,下午,2,1,0,0,0,0
149524791,170471,1377,6,資訊教育,控制大花貓,234.96,78,2024-11-15 15:42:30,2024,11,2024-W46,週五,下午,19,19,0,0,0,1
149524915,73123,1377,6,資訊教育,自動與手動開始的遊戲場景,494.16,54,2024-11-15 15:42:55,2024,11,2024-W46,週五,下午,13,13,1,0,0,0
149524927,169177,1377,6,資訊教育,遊戲中的小老鼠,311.244,66,2024-11-15 15:42:58,2024,11,2024-W46,週五,下午,10,10,0,0,0,0
149524973,170169,1377,6,資訊教育,自動與手動開始的遊戲場景,494.16,68,2024-11-15 15:43:08,2024,11,2024-W46,週五,下午,19,19,3,3,0,0
149525191,170382,1377,6,資訊教育,遊戲中的小老鼠,311.244,100,2024-11-15 15:43:50,2024,11,2024-W46,週五,下午,16,15,1,0,0,1
149525232,73300,1377,6,資訊教育,自動與手動開始的遊戲場景,494.16,53,2024-11-15 15:43:57,2024,11,2024-W46,週五,下午,14,14,0,0,0,1
149525310,89348,2284,2,國語文108,推論理解[二]/句子狀態推論,259.306,100,2024-11-15 15:44:13,2024,11,2024-W46,週五,下午,1,0,0,0,0,0
149525416,90284,2284,2,國語文108,字義[二]/本義4,148.544,100,2024-11-15 15:44:31,2024,11,2024-W46,週五,下午,1,0,0,0,0,0
149525624,170743,1377,6,資訊教育,遊戲中的小老鼠,311.244,86,2024-11-15 15:45:07,2024,11,2024-W46,週五,下午,29,30,2,0,0,0
149525847,72906,1377,6,資訊教育,細說變數,214.96,44,2024-11-15 15:45:43,2024,11,2024-W46,週五,下午,1,1,0,0,0,1
149526301,184828,1377,6,資訊教育,隨機移動的小老鼠,430.196,49,2024-11-15 15:47:20,2024,11,2024-W46,週五,下午,9,9,5,0,0,2
149526389,170642,1377,6,資訊教育,向左走向右走,442.876,33,2024-11-15 15:47:44,2024,11,2024-W46,週五,下午,4,3,0,0,0,0
149526648,170744,1377,6,資訊教育,遊戲中的小老鼠,311.244,29,2024-11-15 15:48:42,2024,11,2024-W46,週五,下午,3,3,0,0,0,0
149526680,180013,1377,6,資訊教育,向左走向右走,442.876,21,2024-11-15 15:48:47,2024,11,2024-W46,週五,下午,2,1,0,0,0,0
149526836,90284,2284,2,國語文108,推論理解[二]/句子狀態推論,259.306,100,2024-11-15 15:49:16,2024,11,2024-W46,週五,下午,1,0,0,0,0,0
149526906,169901,1377,6,資訊教育,遊戲中的小老鼠,311.244,46,2024-11-15 15:49:31,2024,11,2024-W46,週五,下午,10,10,1,0,0,0
149526971,89348,2284,2,國語文108,推論理解[二]/段落狀態推論,324.373,28,2024-11-15 15:49:44,2024,11,2024-W46,週五,下午,1,1,0,0,0,0
149527179,88959,2284,2,國語文108,字形[二]/查字典,306.325,100,2024-11-15 15:50:19,2024,11,2024-W46,週五,下午,2,1,0,0,0,0
149527297,170642,1377,6,資訊教育,控制大花貓,234.96,50,2024-11-15 15:50:37,2024,11,2024-W46,週五,下午,8,8,0,0,0,1
149527379,180013,1377,6,資訊教育,控制大花貓,234.96,50,2024-11-15 15:50:53,2024,11,2024-W46,週五,下午,10,10,1,0,0,1
149527864,170622,1377,6,資訊教育,遊戲中的小老鼠,311.244,23,2024-11-15 15:52:57,2024,11,2024-W46,週五,下午,2,2,0,0,0,0
149527906,170651,1377,6,資訊教育,向左走向右走,442.876,27,2024-11-15 15:53:07,2024,11,2024-W46,週五,下午,1,1,0,0,0,0
149527933,180502,1377,6,資訊教育,控制大花貓,234.96,34,2024-11-15 15:53:15,2024,11,2024-W46,週五,下午,3,3,0,0,0,0
149528107,90284,2284,2,國語文108,推論理解[二]/段落狀態推論,324.373,100,2024-11-15 15:53:57,2024,11,2024-W46,週五,下午,2,1,0,0,0,0
149556572,94098,2284,2,國語文108,字形[二]/查字典,306.325,100,2024-11-15 18:03:17,2024,11,2024-W46,週五,晚上,6,4,0,0,2,0
149561522,189551,2284,2,國語文108,字形[二]/查字典,306.325,3,2024-11-15 18:53:06,2024,11,2024-W46,週五,晚上,4,5,0,0,0,0
149563717,189551,2284,2,國語文108,字形[二]/查字典,306.325,100,2024-11-15 19:11:21,2024,11,2024-W46,週五,晚上,3,2,0,0,0,0
149586046,52537,1377,6,資訊教育,Scratch角色動起來,504.871,100,2024-11-15 21:12:53,2024,11,2024-W46,週五,晚上,1,0,0,0,0,0
149586753,52537,1377,6,資訊教育,建立自創角色,292.058,100,2024-11-15 21:16:34,2024,11,2024-W46,週五,晚上,6,5,0,0,0,1
149589506,52537,1377,6,資訊教育,隨機移動的小老鼠,430.196,100,2024-11-15 21:32:11,2024,11,2024-W46,週五,晚上,4,3,0,0,0,0
149590418,52537,1377,6,資訊教育,向左走向右走,442.876,100,2024-11-15 21:38:52,2024,11,2024-W46,週五,晚上,3,2,0,0,0,1
149591434,88805,2284,2,國語文108,字義[二]/本義3,133.717,100,2024-11-15 21:45:13,2024,11,2024-W46,週五,晚上,1,0,0,0,0,0
149592174,52537,1377,6,資訊教育,控制大花貓,234.96,41,2024-11-15 21:50:46,2024,11,2024-W46,週五,晚上,3,3,0,0,0,1
149592307,88805,2284,2,國語文108,字義[二]/本義4,148.544,100,2024-11-15 21:51:49,2024,11,2024-W46,週五,晚上,1,0,0,0,0,0
149593217,88805,2284,2,國語文108,推論理解[二]/句子狀態推論,259.306,100,2024-11-15 21:57:44,2024,11,2024-W46,週五,晚上,3,2,0,0,0,0
149593337,52983,1377,6,資訊教育,向左走向右走,442.876,15,2024-11-15 21:58:31,2024,11,2024-W46,週五,晚上,1,1,0,0,0,0
149593405,52983,1377,6,資訊教育,向左走向右走,442.876,0,2024-11-15 21:59:02,2024,11,2024-W46,週五,晚上,5,5,1,0,0,0
149593459,52983,1377,6,資訊教育,向左走向右走,442.876,0,2024-11-15 21:59:28,2024,11,2024-W46,週五,晚上,3,2,1,0,0,0
149593589,52983,1377,6,資訊教育,向左走向右走,442.876,15,2024-11-15 22:00:19,2024,11,2024-W46,週五,晚上,3,2,0,0,0,0
149593717,52983,1377,6,資訊教育,向左走向右走,442.876,0,2024-11-15 22:01:11,2024,11,2024-W46,週五,晚上,1,1,0,0,0,0
149593847,52983,1377,6,資訊教育,向左走向右走,442.876,100,2024-11-15 22:01:52,2024,11,2024-W46,週五,晚上,2,1,0,0,0,1
149594288,88805,2284,2,國語文108,推論理解[二]/段落狀態推論,324.373,100,2024-11-15 22:05:10,2024,11,2024-W46,週五,晚上,2,1,0,0,0,0
149594734,52983,1377,6,資訊教育,控制大花貓,234.96,100,2024-11-15 22:08:41,2024,11,2024-W46,週五,晚上,2,1,0,0,0,1
149595675,52983,1377,6,資訊教育,消失的老鼠,232.92,100,2024-11-15 22:15:48,2024,11,2024-W46,週五,晚上,2,1,0,0,0,1
149596297,52983,1377,6,資訊教育,細說變數,214.96,100,2024-11-15 22:20:55,2024,11,2024-W46,週五,晚上,2,1,0,0,0,1
149596830,52983,1377,6,資訊教育,細說變數,214.96,0,2024-11-15 22:25:01,2024,11,2024-W46,週五,晚上,1,0,0,0,0,0
149596884,52983,1377,6,資訊教育,變數的應用,223.84,100,2024-11-15 22:25:27,2024,11,2024-W46,週五,晚上,3,2,0,0,0,1
149607626,51408,1377,6,資訊教育,隨機移動的小老鼠,430.196,100,2024-11-16 08:35:18,2024,11,2024-W46,週六,上午,12,10,0,0,0,1
149609082,51408,1377,6,資訊教育,向左走向右走,442.876,100,2024-11-16 08:53:37,2024,11,2024-W46,週六,上午,2,1,0,0,0,1
149651111,89352,2284,2,國語文108,字形[二]/查字典,306.325,100,2024-11-16 15:11:40,2024,11,2024-W46,週六,下午,1,0,0,0,0,0
149670184,89348,2284,2,國語文108,推論理解[二]/段落狀態推論,324.373,100,2024-11-16 18:53:30,2024,11,2024-W46,週六,晚上,2,1,0,0,0,0
149670588,89348,2284,2,國語文108,字義[二]/本義3,133.717,100,2024-11-16 19:00:53,2024,11,2024-W46,週六,晚上,1,0,0,0,0,0
149670979,89348,2284,2,國語文108,字義[二]/本義4,148.544,100,2024-11-16 19:05:40,2024,11,2024-W46,週六,晚上,1,0,0,0,0,0
149686168,52537,1377,6,數學108,video:N-5-5-S01,335.68,21,2024-11-16 21:40:09,2024,11,2024-W46,週六,晚上,2,1,1,0,0,0
149687247,52537,1377,6,數學108,video:N-5-12-S01,676.257,29,2024-11-16 21:52:36,2024,11,2024-W46,週六,晚上,2,1,0,0,0,0
149687786,52537,1377,6,數學108,video:N-5-12-S01,676.257,27,2024-11-16 21:58:42,2024,11,2024-W46,週六,晚上,1,1,0,0,0,0
149854685,80905,1377,3,資訊教育,認識檔案與資料夾,214.037,100,2024-11-18 09:46:42,2024,11,2024-W47,週一,上午,4,3,0,0,0,1
149858371,80905,1377,3,資訊教育,認識電腦的計量單位,282.411,39,2024-11-18 09:55:41,2024,11,2024-W47,週一,上午,10,12,10,0,0,1
149874137,75413,1377,3,資訊教育,刪除與還原,149.248,100,2024-11-18 10:45:15,2024,11,2024-W47,週一,上午,3,2,0,0,0,1
149874677,129597,1377,3,資訊教育,認識檔案與資料夾,214.037,100,2024-11-18 10:46:46,2024,11,2024-W47,週一,上午,13,12,0,0,0,1
149875295,75413,1377,3,資訊教育,刪除與還原,149.248,0,2024-11-18 10:48:19,2024,11,2024-W47,週一,上午,1,1,0,0,0,0
149875894,77526,1377,3,資訊教育,認識檔案與資料夾,214.037,100,2024-11-18 10:49:35,2024,11,2024-W47,週一,上午,4,3,0,0,2,1
149876429,75413,1377,3,資訊教育,認識檔案總管,179.605,6,2024-11-18 10:50:42,2024,11,2024-W47,週一,上午,1,0,0,0,0,0
149876855,75413,1377,3,資訊教育,認識檔案與資料夾,214.037,100,2024-11-18 10:51:32,2024,11,2024-W47,週一,上午,4,3,0,0,0,1
149877340,129597,1377,3,資訊教育,認識電腦的計量單位,282.411,100,2024-11-18 10:52:41,2024,11,2024-W47,週一,上午,5,4,0,0,0,1
149879215,75413,1377,3,資訊教育,認識電腦的計量單位,282.411,7,2024-11-18 10:56:54,2024,11,2024-W47,週一,上午,1,1,0,0,0,0
149879485,75413,1377,3,資訊教育,認識電腦的計量單位,282.411,100,2024-11-18 10:57:26,2024,11,2024-W47,週一,上午,4,3,0,0,0,1
149880278,77526,1377,3,資訊教育,認識電腦的計量單位,282.411,100,2024-11-18 10:58:46,2024,11,2024-W47,週一,上午,4,3,0,0,2,1
149881095,129597,1377,3,資訊教育,認識檔案總管,179.605,62,2024-11-18 11:00:10,2024,11,2024-W47,週一,上午,2,1,0,0,0,0
149882190,129597,1377,3,資訊教育,認識檔案總管,179.605,100,2024-11-18 11:02:13,2024,11,2024-W47,週一,上午,5,4,0,0,0,1
149882698,75413,1377,3,資訊教育,認識檔案總管,179.605,100,2024-11-18 11:03:26,2024,11,2024-W47,週一,上午,2,1,0,0,0,1
149883671,77526,1377,3,資訊教育,認識電腦的計量單位,282.411,1,2024-11-18 11:05:20,2024,11,2024-W47,週一,上午,1,1,0,0,0,0
149883901,129597,1377,3,資訊教育,刪除與還原,149.248,100,2024-11-18 11:05:46,2024,11,2024-W47,週一,上午,2,1,0,0,0,1
149884516,75413,1377,3,資訊教育,認識檔案總管,179.605,100,2024-11-18 11:07:01,2024,11,2024-W47,週一,上午,1,1,0,0,0,0
149884651,75413,1377,3,資訊教育,認識檔案總管,179.605,11,2024-11-18 11:07:17,2024,11,2024-W47,週一,上午,1,0,0,0,0,0
149885187,77526,1377,3,資訊教育,認識檔案總管,179.605,74,2024-11-18 11:08:42,2024,11,2024-W47,週一,上午,1,1,0,0,0,1
149891448,172421,1377,4,資訊教育,郵件個人化設定與網路禮儀,340.949,100,2024-11-18 11:30:00,2024,11,2024-W47,週一,上午,3,2,0,0,0,1
149913580,228921,2284,3,數學108,N-3-4-S02,505.173,2,2024-11-18 12:55:57,2024,11,2024-W47,週一,下午,2,2,0,0,0,0
149914793,228921,2284,3,數學108,N-3-4-S02,505.173,100,2024-11-18 12:59:26,2024,11,2024-W47,週一,下午,8,7,0,0,0,0
149917110,228921,2284,3,數學108,N-3-4-S02,505.173,0,2024-11-18 13:05:59,2024,11,2024-W47,週一,下午,1,1,1,0,0,0
149920638,228997,2284,3,數學108,N-3-4-S01,264.576,23,2024-11-18 13:17:26,2024,11,2024-W47,週一,下午,6,6,0,0,0,0
149928997,115966,1377,4,資訊教育,管理聯絡人與寄送郵件,212.437,1,2024-11-18 13:43:58,2024,11,2024-W47,週一,下午,1,1,0,0,0,0
149929548,51985,1377,4,資訊教育,管理聯絡人與寄送郵件,212.437,100,2024-11-18 13:44:57,2024,11,2024-W47,週一,下午,2,1,0,0,0,1
149929648,51593,1377,4,資訊教育,信件處理,240.341,100,2024-11-18 13:45:09,2024,11,2024-W47,週一,下午,3,3,1,0,0,2
149929772,129227,1377,4,資訊教育,使用Google地圖看世界,310.4,19,2024-11-18 13:45:21,2024,11,2024-W47,週一,下午,1,0,0,0,0,0
149930250,115966,1377,4,資訊教育,管理聯絡人與寄送郵件,212.437,100,2024-11-18 13:46:08,2024,11,2024-W47,週一,下午,4,3,0,0,0,1
149931821,129227,1377,4,資訊教育,管理聯絡人與寄送郵件,212.437,8,2024-11-18 13:49:00,2024,11,2024-W47,週一,下午,2,2,0,0,0,0
149946014,18127,1377,4,資訊教育,看信和回信,163.2,100,2024-11-18 14:16:47,2024,11,2024-W47,週一,下午,3,2,0,0,0,1
149949136,18127,1377,4,資訊教育,信件處理,240.341,100,2024-11-18 14:28:52,2024,11,2024-W47,週一,下午,2,1,0,0,0,1
149949201,20357,1377,4,資訊教育,管理聯絡人與寄送郵件,212.437,100,2024-11-18 14:29:01,2024,11,2024-W47,週一,下午,6,5,0,0,0,1
149951968,20357,1377,4,資訊教育,郵件個人化設定與網路禮儀,340.949,100,2024-11-18 14:34:53,2024,11,2024-W47,週一,下午,3,2,0,0,0,1
149952533,18127,1377,4,資訊教育,管理聯絡人與寄送郵件,212.437,100,2024-11-18 14:36:00,2024,11,2024-W47,週一,下午,5,4,0,0,0,1
149963254,249749,2284,3,數學108,N-3-4-S02,505.173,80,2024-11-18 14:54:09,2024,11,2024-W47,週一,下午,9,9,2,0,0,0
149964231,238446,2284,3,國語文108,句義[三]/句義1,209.515,5,2024-11-18 14:55:33,2024,11,2024-W47,週一,下午,1,1,0,0,0,0
149994851,75066,2284,6,數學108,video:S-5-3-S01,108.32,100,2024-11-18 16:12:53,2024,11,2024-W47,週一,下午,3,2,0,0,0,0
149996832,75066,2284,6,數學108,video:S-5-1-S02,121.48,100,2024-11-18 16:16:08,2024,11,2024-W47,週一,下午,5,4,0,0,0,0
149999081,75066,2284,6,數學108,video:S-5-1-S03,133.979,0,2024-11-18 16:19:38,2024,11,2024-W47,週一,下午,2,2,0,0,0,0
149999408,75066,2284,6,數學108,video:S-5-1-S03,133.979,100,2024-11-18 16:20:12,2024,11,2024-W47,週一,下午,2,1,1,0,0,0
149999456,140228,2284,6,數學108,video:S-5-2-S04,284.2,11,2024-11-18 16:20:17,2024,11,2024-W47,週一,下午,2,2,0,0,0,0
150001024,140228,2284,6,數學108,video:S-5-2-S04,284.2,97,2024-11-18 16:22:34,2024,11,2024-W47,週一,下午,9,9,0,0,0,0
150002196,75066,2284,6,數學108,video:S-5-3-S01,108.32,100,2024-11-18 16:24:17,2024,11,2024-W47,週一,下午,2,1,0,0,0,0
150006887,124649,2284,6,數學108,video:N-5-5-S06,392.37,100,2024-11-18 16:31:23,2024,11,2024-W47,週一,下午,2,1,0,0,0,0
150007014,140228,2284,6,數學108,video:S-5-2-S04,284.2,100,2024-11-18 16:31:36,2024,11,2024-W47,週一,下午,2,1,0,0,0,0
150145060,18127,1377,4,資訊教育,郵件個人化設定與網路禮儀,340.949,97,2024-11-19 10:17:17,2024,11,2024-W47,週二,上午,2,1,0,0,0,1
150147624,18127,1377,4,資訊教育,郵件個人化設定與網路禮儀,340.949,100,2024-11-19 10:26:06,2024,11,2024-W47,週二,上午,1,0,0,0,0,0
150147713,18127,1377,4,資訊教育,郵件個人化設定與網路禮儀,340.949,27,2024-11-19 10:26:22,2024,11,2024-W47,週二,上午,3,4,0,0,0,0
150154575,78703,1377,3,資訊教育,認識檔案與資料夾,214.037,100,2024-11-19 10:46:05,2024,11,2024-W47,週二,上午,10,9,2,0,0,2
150155155,76576,1377,3,資訊教育,認識電腦的計量單位,282.411,15,2024-11-19 10:47:19,2024,11,2024-W47,週二,上午,4,3,0,0,0,0
150155870,76576,1377,3,資訊教育,認識檔案與資料夾,214.037,100,2024-11-19 10:49:12,2024,11,2024-W47,週二,上午,14,13,0,0,0,1
150162634,78703,1377,3,資訊教育,認識檔案總管,179.605,100,2024-11-19 11:02:03,2024,11,2024-W47,週二,上午,2,1,0,0,0,1
150163343,131251,1377,3,資訊教育,認識檔案與資料夾,214.037,19,2024-11-19 11:03:16,2024,11,2024-W47,週二,上午,5,5,1,0,0,0
150163823,76576,1377,3,資訊教育,認識檔案總管,179.605,100,2024-11-19 11:03:59,2024,11,2024-W47,週二,上午,6,5,0,0,0,1
150164741,131251,1377,3,資訊教育,認識檔案與資料夾,214.037,100,2024-11-19 11:05:32,2024,11,2024-W47,週二,上午,2,1,0,0,0,1
150165598,78703,1377,3,資訊教育,認識檔案總管-簡易操作,280.875,43,2024-11-19 11:07:08,2024,11,2024-W47,週二,上午,3,3,0,0,0,1
150977582,228745,2284,3,數學108,N-3-4-S02,505.173,100,2024-11-19 14:39:25,2024,11,2024-W47,週二,下午,2,1,0,0,0,0
150979096,3276,2284,3,數學108,N-3-4-S02,505.173,27,2024-11-19 14:42:55,2024,11,2024-W47,週二,下午,12,12,0,0,0,0
150981641,229501,2284,3,數學108,N-3-4-S01,264.576,100,2024-11-19 14:47:56,2024,11,2024-W47,週二,下午,2,1,0,0,0,0
150982728,3276,2284,3,國語文108,語法[三]/直述句,171.648,100,2024-11-19 14:50:29,2024,11,2024-W47,週二,下午,7,6,0,0,0,0
150984289,229501,2284,3,數學108,N-3-4-S01,264.576,65,2024-11-19 14:53:50,2024,11,2024-W47,週二,下午,1,1,0,0,0,0
151308748,89348,2284,2,國語文108,推論理解[一]/段落情緒推論,231.786,100,2024-11-21 08:06:21,2024,11,2024-W47,週四,上午,2,1,0,0,0,0
151308763,88805,2284,2,國語文108,推論理解[一]/段落情緒推論,231.786,100,2024-11-21 08:06:22,2024,11,2024-W47,週四,上午,3,2,0,1,0,0
151308841,90284,2284,2,國語文108,推論理解[一]/段落情緒推論,231.786,100,2024-11-21 08:06:27,2024,11,2024-W47,週四,上午,4,3,0,0,0,0
151321026,88805,2284,2,國語文108,推論理解[一]/句子情緒推論,178.7,100,2024-11-21 08:19:47,2024,11,2024-W47,週四,上午,5,4,1,0,0,0
151321879,89348,2284,2,國語文108,推論理解[一]/句子情緒推論,178.7,100,2024-11-21 08:20:39,2024,11,2024-W47,週四,上午,1,0,0,0,0,0
151324861,90284,2284,2,國語文108,推論理解[一]/句子情緒推論,178.7,100,2024-11-21 08:23:23,2024,11,2024-W47,週四,上午,1,0,0,0,0,0
151377201,241840,1377,6,資訊教育,消失的老鼠,232.92,100,2024-11-21 10:31:09,2024,11,2024-W47,週四,上午,1,0,0,0,0,0
151377485,241840,1377,6,資訊教育,細說變數,214.96,92,2024-11-21 10:32:32,2024,11,2024-W47,週四,上午,4,3,0,0,0,1
151378117,241840,1377,6,資訊教育,細說變數,214.96,100,2024-11-21 10:36:11,2024,11,2024-W47,週四,上午,1,0,0,0,0,0
151378519,241840,1377,6,資訊教育,變數的應用,223.84,79,2024-11-21 10:38:09,2024,11,2024-W47,週四,上午,1,0,0,0,0,0
151378564,241840,1377,6,資訊教育,變數的應用,223.84,100,2024-11-21 10:38:22,2024,11,2024-W47,週四,上午,1,0,0,0,0,0
151379767,241840,1377,6,資訊教育,兩個角色的互動,293.16,100,2024-11-21 10:42:30,2024,11,2024-W47,週四,上午,1,0,0,0,0,0
151406532,88271,2284,5,數學108,video:S-5-6-S01,642.52,0,2024-11-21 11:45:13,2024,11,2024-W47,週四,上午,1,0,0,0,0,0
151447597,141726,2284,6,數學108,S-6-3-S03,425.574,0,2024-11-21 13:57:30,2024,11,2024-W47,週四,下午,1,0,0,0,0,0
151448112,141726,2284,6,數學108,S-6-3-S07,216.362,100,2024-11-21 13:58:21,2024,11,2024-W47,週四,下午,5,4,2,0,0,1
151452405,141726,2284,6,數學108,S-6-3-S06,585.32,14,2024-11-21 14:06:38,2024,11,2024-W47,週四,下午,1,1,0,0,0,0
151492152,78205,1377,3,資訊教育,刪除與還原,149.248,100,2024-11-21 15:40:55,2024,11,2024-W47,週四,下午,2,9,0,0,0,1
151493387,116465,1377,3,資訊教育,認識檔案與資料夾,214.037,48,2024-11-21 15:42:51,2024,11,2024-W47,週四,下午,9,31,1,0,0,2
151496867,78205,1377,3,數學108,N-3-1-S01,722.8,10,2024-11-21 15:49:33,2024,11,2024-W47,週四,下午,1,0,0,0,0,0
151497415,78205,1377,3,資訊教育,認識檔案總管,179.605,74,2024-11-21 15:51:05,2024,11,2024-W47,週四,下午,2,2,0,0,0,1
151650529,113961,1377,5,資訊教育,插入圖案,226.432,20,2024-11-22 09:30:47,2024,11,2024-W47,週五,上午,2,2,2,0,0,0
151650868,75816,1377,5,資訊教育,增刪投影片與版面配置,283.008,28,2024-11-22 09:32:43,2024,11,2024-W47,週五,上午,3,3,0,0,0,1
151670929,29165,1377,5,資訊教育,製作互動專題簡報,382.955,95,2024-11-22 10:33:33,2024,11,2024-W47,週五,上午,5,5,0,0,0,1
151671235,26970,1377,5,資訊教育,規劃互動專題簡報,391.829,100,2024-11-22 10:35:02,2024,11,2024-W47,週五,上午,12,13,2,0,0,0
151671307,116516,1377,5,資訊教育,規劃互動專題簡報,391.829,84,2024-11-22 10:35:22,2024,11,2024-W47,週五,上午,12,12,1,0,0,0
151671447,29231,1377,5,資訊教育,規劃互動專題簡報,391.829,69,2024-11-22 10:35:58,2024,11,2024-W47,週五,上午,1,1,0,0,0,0
151671452,27736,1377,5,資訊教育,變更投影片主題,337.237,10,2024-11-22 10:35:59,2024,11,2024-W47,週五,上午,2,2,0,0,0,0
151671584,132515,1377,5,資訊教育,智慧闖關的第一步,246.101,100,2024-11-22 10:36:29,2024,11,2024-W47,週五,上午,4,4,0,0,0,1
151671639,29231,1377,5,資訊教育,規劃互動專題簡報,391.829,100,2024-11-22 10:36:41,2024,11,2024-W47,週五,上午,2,2,1,0,0,0
151671960,24756,1377,5,資訊教育,智慧闖關的第一步,246.101,100,2024-11-22 10:37:44,2024,11,2024-W47,週五,上午,3,2,0,0,0,1
151672132,27736,1377,5,資訊教育,變更投影片主題,337.237,100,2024-11-22 10:38:18,2024,11,2024-W47,週五,上午,5,4,0,0,0,0
151672277,34771,1377,5,資訊教育,規劃互動專題簡報,391.829,100,2024-11-22 10:38:47,2024,11,2024-W47,週五,上午,2,1,0,0,0,0
151672291,27845,1377,5,資訊教育,智慧闖關的第一步,246.101,100,2024-11-22 10:38:50,2024,11,2024-W47,週五,上午,2,1,0,0,0,1
151672359,25068,1377,5,資訊教育,規劃互動專題簡報,391.829,100,2024-11-22 10:39:03,2024,11,2024-W47,週五,上午,12,11,2,0,0,0
151672646,29165,1377,5,資訊教育,製作互動專題簡報,382.955,100,2024-11-22 10:39:57,2024,11,2024-W47,週五,上午,1,0,0,0,0,0
151672813,27279,1377,5,資訊教育,增刪投影片與版面配置,283.008,100,2024-11-22 10:40:21,2024,11,2024-W47,週五,上午,5,4,1,0,0,1
151672934,39073,1377,5,資訊教育,智慧闖關的第一步,246.101,83,2024-11-22 10:40:38,2024,11,2024-W47,週五,上午,5,5,0,0,0,1
151672976,29231,1377,5,資訊教育,製作互動專題簡報,382.955,100,2024-11-22 10:40:45,2024,11,2024-W47,週五,上午,2,1,0,0,0,1
151673011,29204,1377,5,資訊教育,輸入簡報內容及插入網頁圖片,393.195,100,2024-11-22 10:40:52,2024,11,2024-W47,週五,上午,1,0,0,0,0,0
151673042,29165,1377,5,資訊教育,製作互動專題簡報,382.955,9,2024-11-22 10:40:56,2024,11,2024-W47,週五,上午,746,746,0,0,0,0
151673501,34771,1377,5,資訊教育,規劃互動專題簡報,391.829,100,2024-11-22 10:42:09,2024,11,2024-W47,週五,上午,12,11,0,4,0,0
151673854,24756,1377,5,資訊教育,問答簡報是非與選擇題製作,453.397,100,2024-11-22 10:43:03,2024,11,2024-W47,週五,上午,14,13,1,0,0,1
151674262,27845,1377,5,資訊教育,問答簡報是非與選擇題製作,453.397,100,2024-11-22 10:44:06,2024,11,2024-W47,週五,上午,2,1,0,0,0,1
151674605,29165,1377,5,資訊教育,簡報物件動畫設計,309.077,27,2024-11-22 10:44:54,2024,11,2024-W47,週五,上午,54,53,2,0,0,0
151674636,29204,1377,5,資訊教育,設計好看的封面,362.795,100,2024-11-22 10:44:59,2024,11,2024-W47,週五,上午,1,0,0,0,0,0
151674720,39073,1377,5,資訊教育,智慧闖關的第一步,246.101,100,2024-11-22 10:45:09,2024,11,2024-W47,週五,上午,2,1,0,0,0,0
151674916,27279,1377,5,資訊教育,增刪投影片與版面配置,283.008,21,2024-11-22 10:45:31,2024,11,2024-W47,週五,上午,1,0,0,0,0,0
151675539,27279,1377,5,資訊教育,應用探索功能-插入圖片,257.749,100,2024-11-22 10:46:54,2024,11,2024-W47,週五,上午,2,1,0,0,0,1
151676309,29165,1377,5,資訊教育,智慧闖關的第一步,246.101,100,2024-11-22 10:48:07,2024,11,2024-W47,週五,上午,5,6,2,0,0,1
151676319,132515,1377,5,資訊教育,問答簡報是非與選擇題製作,453.397,100,2024-11-22 10:48:08,2024,11,2024-W47,週五,上午,6,5,1,0,0,2
151676544,39073,1377,5,資訊教育,問答簡報是非與選擇題製作,453.397,100,2024-11-22 10:48:29,2024,11,2024-W47,週五,上午,2787,2794,0,0,0,1
151676676,29231,1377,5,資訊教育,智慧闖關的第一步,246.101,100,2024-11-22 10:48:41,2024,11,2024-W47,週五,上午,2,1,0,0,0,1
151677033,25068,1377,5,資訊教育,規劃互動專題簡報,391.829,82,2024-11-22 10:49:17,2024,11,2024-W47,週五,上午,8,8,0,0,0,1
151677664,26970,1377,5,資訊教育,規劃互動專題簡報,391.829,0,2024-11-22 10:50:31,2024,11,2024-W47,週五,上午,1,1,0,0,0,0
151677988,29204,1377,5,資訊教育,使用項目符號、探索功能,337.237,100,2024-11-22 10:51:11,2024,11,2024-W47,週五,上午,9,8,5,0,0,2
151678676,27279,1377,5,資訊教育,變更投影片主題,337.237,81,2024-11-22 10:52:32,2024,11,2024-W47,週五,上午,2,1,0,0,0,0
151679248,27845,1377,5,資訊教育,略過投影片與投影播放,412.16,100,2024-11-22 10:53:36,2024,11,2024-W47,週五,上午,2,1,0,0,0,1
151679520,29231,1377,5,資訊教育,問答簡報是非與選擇題製作,453.397,100,2024-11-22 10:54:08,2024,11,2024-W47,週五,上午,2,1,0,0,0,1
151679931,26970,1377,5,資訊教育,製作互動專題簡報,382.955,8,2024-11-22 10:54:55,2024,11,2024-W47,週五,上午,3,3,0,0,0,0
151680597,29165,1377,5,資訊教育,問答簡報是非與選擇題製作,453.397,100,2024-11-22 10:56:05,2024,11,2024-W47,週五,上午,9,8,1,0,0,2
151681025,24756,1377,5,資訊教育,規劃互動專題簡報,391.829,100,2024-11-22 10:56:49,2024,11,2024-W47,週五,上午,1,1,0,0,0,0
151681592,27279,1377,5,資訊教育,規劃互動專題簡報,391.829,100,2024-11-22 10:57:47,2024,11,2024-W47,週五,上午,2,1,0,0,0,1
151681646,25068,1377,5,資訊教育,規劃互動專題簡報,391.829,100,2024-11-22 10:57:51,2024,11,2024-W47,週五,上午,4,3,0,0,0,0
151682760,27736,1377,5,資訊教育,匯入投影片主題,253.227,57,2024-11-22 10:59:40,2024,11,2024-W47,週五,上午,3,3,0,0,0,1
151682829,132515,1377,5,資訊教育,略過投影片與投影播放,412.16,100,2024-11-22 10:59:47,2024,11,2024-W47,週五,上午,2,1,0,0,0,1
151683011,25068,1377,5,資訊教育,規劃互動專題簡報,391.829,100,2024-11-22 11:00:05,2024,11,2024-W47,週五,上午,2,2,0,0,0,1
151683713,39073,1377,5,資訊教育,略過投影片與投影播放,412.16,2,2024-11-22 11:01:14,2024,11,2024-W47,週五,上午,3,2,0,0,0,0
151683904,24756,1377,5,資訊教育,製作互動專題簡報,382.955,90,2024-11-22 11:01:33,2024,11,2024-W47,週五,上午,66,66,0,0,0,1
151683928,27845,1377,5,資訊教育,更完美的闖關製作與其他簡報軟體設定,326.229,100,2024-11-22 11:01:36,2024,11,2024-W47,週五,上午,2,1,0,0,0,1
151683930,29204,1377,5,資訊教育,規劃互動專題簡報,391.829,100,2024-11-22 11:01:36,2024,11,2024-W47,週五,上午,1,0,0,0,0,0
151684192,39073,1377,5,資訊教育,略過投影片與投影播放,412.16,17,2024-11-22 11:02:06,2024,11,2024-W47,週五,上午,441,441,0,0,0,0
151685348,26970,1377,5,資訊教育,製作互動專題簡報,382.955,6,2024-11-22 11:04:13,2024,11,2024-W47,週五,上午,1,1,2,0,0,0
151685424,29165,1377,5,資訊教育,略過投影片與投影播放,412.16,56,2024-11-22 11:04:23,2024,11,2024-W47,週五,上午,46,48,0,0,0,1
151691328,239765,1377,6,資訊教育,向左走向右走,442.876,100,2024-11-22 11:19:19,2024,11,2024-W47,週五,上午,4,3,0,0,0,1
151691460,242894,1377,6,資訊教育,隨機移動的小老鼠,430.196,100,2024-11-22 11:19:43,2024,11,2024-W47,週五,上午,18,17,1,0,0,0
151691746,241568,1377,6,資訊教育,隨機移動的小老鼠,430.196,100,2024-11-22 11:20:33,2024,11,2024-W47,週五,上午,2,2,1,0,0,0
151691855,239275,1377,6,資訊教育,建立自創角色,292.058,25,2024-11-22 11:20:52,2024,11,2024-W47,週五,上午,2,2,0,2,0,0
151692199,239275,1377,6,資訊教育,自動與手動開始的遊戲場景,494.16,97,2024-11-22 11:21:46,2024,11,2024-W47,週五,上午,7,7,2,6,0,0
151692222,238943,1377,6,資訊教育,遊戲中的小老鼠,311.244,100,2024-11-22 11:21:49,2024,11,2024-W47,週五,上午,11,11,0,10,0,0
151692294,241840,1377,6,資訊教育,自創角色跑起來,455.221,7,2024-11-22 11:22:01,2024,11,2024-W47,週五,上午,1,1,0,0,0,0
151692366,238999,1377,6,資訊教育,向左走向右走,442.876,100,2024-11-22 11:22:14,2024,11,2024-W47,週五,上午,10,11,1,0,0,2
151692370,240896,1377,6,資訊教育,隨機移動的小老鼠,430.196,83,2024-11-22 11:22:15,2024,11,2024-W47,週五,上午,157,369,1,0,0,1
151692371,230630,1377,6,資訊教育,變數的應用,223.84,9,2024-11-22 11:22:15,2024,11,2024-W47,週五,上午,1,1,0,0,0,0
151692411,241840,1377,6,資訊教育,建立自創角色,292.058,15,2024-11-22 11:22:22,2024,11,2024-W47,週五,上午,2,2,0,0,0,0
151692686,230014,1377,6,資訊教育,細說變數,214.96,34,2024-11-22 11:23:10,2024,11,2024-W47,週五,上午,2,2,0,0,0,0
151697505,241568,1377,6,資訊教育,隨機移動的小老鼠,430.196,74,2024-11-22 11:33:07,2024,11,2024-W47,週五,上午,11,10,4,10,0,0
151697618,230630,1377,6,資訊教育,控制大花貓,234.96,77,2024-11-22 11:33:17,2024,11,2024-W47,週五,上午,10,10,0,0,0,1
151697692,239765,1377,6,資訊教育,細說變數,214.96,100,2024-11-22 11:33:24,2024,11,2024-W47,週五,上午,1,0,0,0,0,0
151699018,241854,1377,6,資訊教育,隨機移動的小老鼠,430.196,100,2024-11-22 11:35:09,2024,11,2024-W47,週五,上午,8,7,0,0,0,0
151699306,239765,1377,6,資訊教育,變數的應用,223.84,100,2024-11-22 11:35:33,2024,11,2024-W47,週五,上午,21,19,5,0,0,1
151699603,239702,1377,6,資訊教育,自動與手動開始的遊戲場景,494.16,100,2024-11-22 11:35:59,2024,11,2024-W47,週五,上午,5,4,0,0,0,0
151700156,244127,1377,6,資訊教育,遊戲中的小老鼠,311.244,100,2024-11-22 11:36:37,2024,11,2024-W47,週五,上午,8,7,0,0,0,1
151700816,238943,1377,6,資訊教育,隨機移動的小老鼠,430.196,84,2024-11-22 11:37:27,2024,11,2024-W47,週五,上午,22,23,10,0,0,0
151700892,240896,1377,6,資訊教育,控制大花貓,234.96,50,2024-11-22 11:37:35,2024,11,2024-W47,週五,上午,7,8,1,0,0,2
151701438,238999,1377,6,資訊教育,控制大花貓,234.96,100,2024-11-22 11:38:23,2024,11,2024-W47,週五,上午,9,8,0,0,0,1
151701797,230630,1377,6,資訊教育,消失的老鼠,232.92,93,2024-11-22 11:38:52,2024,11,2024-W47,週五,上午,9,8,2,2,0,1
151702557,239702,1377,6,資訊教育,遊戲中的小老鼠,311.244,71,2024-11-22 11:39:53,2024,11,2024-W47,週五,上午,16,16,4,0,0,0
151703388,239275,1377,6,資訊教育,遊戲中的小老鼠,311.244,55,2024-11-22 11:40:59,2024,11,2024-W47,週五,上午,4,4,0,3,0,0
151705544,244127,1377,6,資訊教育,隨機移動的小老鼠,430.196,53,2024-11-22 11:43:50,2024,11,2024-W47,週五,上午,13,13,1,0,0,1
151707115,242894,1377,6,資訊教育,向左走向右走,442.876,42,2024-11-22 11:46:04,2024,11,2024-W47,週五,上午,4,4,0,0,0,0
151707729,241568,1377,6,資訊教育,向左走向右走,442.876,73,2024-11-22 11:47:02,2024,11,2024-W47,週五,上午,5,5,0,0,0,1
151709874,230630,1377,6,資訊教育,隨機移動的小老鼠,430.196,100,2024-11-22 11:51:03,2024,11,2024-W47,週五,上午,5,5,0,2,0,0
151710621,240896,1377,6,資訊教育,消失的老鼠,232.92,76,2024-11-22 11:52:26,2024,11,2024-W47,週五,上午,4,3,0,0,0,0
151710699,242347,1377,6,資訊教育,隨機移動的小老鼠,430.196,100,2024-11-22 11:52:37,2024,11,2024-W47,週五,上午,1,0,0,0,0,0
151711110,230630,1377,6,資訊教育,消失的老鼠,232.92,85,2024-11-22 11:53:33,2024,11,2024-W47,週五,上午,1,1,1,0,0,0
151711330,238943,1377,6,資訊教育,控制大花貓,234.96,69,2024-11-22 11:54:00,2024,11,2024-W47,週五,上午,13,13,0,0,0,1
151712145,239275,1377,6,資訊教育,控制大花貓,234.96,43,2024-11-22 11:55:54,2024,11,2024-W47,週五,上午,6,6,0,0,0,1
151712931,240896,1377,6,資訊教育,細說變數,214.96,63,2024-11-22 11:57:52,2024,11,2024-W47,週五,上午,2,2,1,0,0,0
151713125,238999,1377,6,資訊教育,變數的應用,223.84,32,2024-11-22 11:58:22,2024,11,2024-W47,週五,上午,1,1,0,0,0,0
151713413,241854,1377,6,資訊教育,向左走向右走,442.876,5,2024-11-22 11:59:10,2024,11,2024-W47,週五,上午,1,1,0,0,0,0
151733363,52022,1377,6,資訊教育,消失的老鼠,232.92,100,2024-11-22 13:30:15,2024,11,2024-W47,週五,下午,3,2,0,0,0,0
151733459,56500,1377,6,資訊教育,著作權法、創用CC和遊戲規劃,335.16,100,2024-11-22 13:30:41,2024,11,2024-W47,週五,下午,3,3,0,0,0,0
151733541,52814,1377,6,資訊教育,設計遊戲魔鬼主角程式積木,270.137,100,2024-11-22 13:31:03,2024,11,2024-W47,週五,下午,4,3,0,0,0,0
151733734,52814,1377,6,資訊教育,遊戲的難易度和勝負判斷,117.25,100,2024-11-22 13:32:01,2024,11,2024-W47,週五,下午,5,4,0,0,0,1
151733766,51872,1377,6,資訊教育,控制大花貓,234.96,100,2024-11-22 13:32:10,2024,11,2024-W47,週五,下午,4,3,2,0,0,0
151733805,52740,1377,6,資訊教育,控制大花貓,234.96,100,2024-11-22 13:32:21,2024,11,2024-W47,週五,下午,17,16,1,0,0,1
151733809,52202,1377,6,資訊教育,自動與手動開始的遊戲場景,494.16,81,2024-11-22 13:32:24,2024,11,2024-W47,週五,下午,6,5,1,0,0,0
151733829,56500,1377,6,資訊教育,設計遊戲場景和正義使者主角,401.968,16,2024-11-22 13:32:32,2024,11,2024-W47,週五,下午,2,2,0,0,0,0
151740726,51515,1377,6,資訊教育,著作權法、創用CC和遊戲規劃,335.16,72,2024-11-22 13:51:52,2024,11,2024-W47,週五,下午,8,8,0,0,0,1
151740899,52983,1377,6,資訊教育,倒數計時,276.243,2,2024-11-22 13:52:16,2024,11,2024-W47,週五,下午,1,1,0,0,0,0
151740998,51408,1377,6,資訊教育,控制大花貓,234.96,100,2024-11-22 13:52:29,2024,11,2024-W47,週五,下午,13,12,1,0,0,1
151741270,51787,1377,6,資訊教育,向左走向右走,442.876,12,2024-11-22 13:53:09,2024,11,2024-W47,週五,下午,1,0,0,0,0,0
151741426,51787,1377,6,資訊教育,控制大花貓,234.96,100,2024-11-22 13:53:29,2024,11,2024-W47,週五,下午,11,10,2,0,0,0
151741606,52418,1377,6,資訊教育,設計遊戲魔鬼主角造型,210.11,80,2024-11-22 13:53:50,2024,11,2024-W47,週五,下午,9,9,2,0,0,1
151741871,52022,1377,6,資訊教育,細說變數,214.96,100,2024-11-22 13:54:22,2024,11,2024-W47,週五,下午,14,13,8,0,0,0
151742158,51872,1377,6,資訊教育,消失的老鼠,232.92,100,2024-11-22 13:54:52,2024,11,2024-W47,週五,下午,4,3,1,0,0,1
151742349,163235,1377,6,資訊教育,細說變數,214.96,77,2024-11-22 13:55:13,2024,11,2024-W47,週五,下午,10,9,2,0,0,1
151742484,52814,1377,6,資訊教育,倒數計時,276.243,100,2024-11-22 13:55:30,2024,11,2024-W47,週五,下午,21,20,1,0,0,1
151742892,79490,1377,6,資訊教育,著作權法、創用CC和遊戲規劃,335.16,23,2024-11-22 13:56:20,2024,11,2024-W47,週五,下午,1,1,0,0,0,0
151743077,52202,1377,6,資訊教育,遊戲中的小老鼠,311.244,67,2024-11-22 13:56:44,2024,11,2024-W47,週五,下午,11,11,0,0,0,0
151743619,79490,1377,6,資訊教育,著作權法、創用CC和遊戲規劃,335.16,23,2024-11-22 13:57:53,2024,11,2024-W47,週五,下午,1,1,0,0,0,0
151743872,79490,1377,6,資訊教育,著作權法、創用CC和遊戲規劃,335.16,100,2024-11-22 13:58:27,2024,11,2024-W47,週五,下午,2,1,0,0,0,1
151744509,163235,1377,6,資訊教育,變數的應用,223.84,73,2024-11-22 14:00:01,2024,11,2024-W47,週五,下午,10,10,1,0,0,1
151744825,52229,1377,6,資訊教育,遊戲分析與故事構想,328.628,58,2024-11-22 14:00:38,2024,11,2024-W47,週五,下午,3,2,0,0,0,1
151745165,52022,1377,6,資訊教育,變數的應用,223.84,71,2024-11-22 14:01:29,2024,11,2024-W47,週五,下午,9,9,0,0,0,1
151745329,51787,1377,6,資訊教育,消失的老鼠,232.92,75,2024-11-22 14:01:54,2024,11,2024-W47,週五,下午,2,2,0,0,0,1
151745530,52740,1377,6,資訊教育,消失的老鼠,232.92,100,2024-11-22 14:02:23,2024,11,2024-W47,週五,下午,7,6,0,0,0,1
151746153,51872,1377,6,資訊教育,細說變數,214.96,82,2024-11-22 14:03:47,2024,11,2024-W47,週五,下午,4,3,0,0,0,1
151746791,51408,1377,6,資訊教育,消失的老鼠,232.92,75,2024-11-22 14:05:26,2024,11,2024-W47,週五,下午,5,5,0,0,0,1
151747703,51872,1377,6,資訊教育,變數的應用,223.84,52,2024-11-22 14:07:42,2024,11,2024-W47,週五,下午,5,5,0,0,0,0
151748614,52814,1377,6,資訊教育,遊戲的難易度和勝負判斷,117.25,85,2024-11-22 14:10:03,2024,11,2024-W47,週五,下午,3,3,0,2,0,0
151748893,52814,1377,6,資訊教育,倒數計時,276.243,49,2024-11-22 14:10:55,2024,11,2024-W47,週五,下午,5,5,1,4,0,0
151751257,14640,1377,5,資訊教育,簡報圖片配色與圖層概念,392.853,69,2024-11-22 14:23:37,2024,11,2024-W47,週五,下午,2,3,2,0,0,0
151751428,13020,1377,5,資訊教育,輸入簡報內容及插入網頁圖片,393.195,100,2024-11-22 14:24:19,2024,11,2024-W47,週五,下午,2,1,0,0,0,0
151751462,6622,1377,5,資訊教育,智慧闖關的第一步,246.101,48,2024-11-22 14:24:27,2024,11,2024-W47,週五,下午,2,2,0,0,0,1
151751502,14737,1377,5,資訊教育,使用項目符號、探索功能,337.237,10,2024-11-22 14:24:36,2024,11,2024-W47,週五,下午,1,1,0,0,0,1
151751527,13295,1377,5,資訊教育,使用項目符號、探索功能,337.237,100,2024-11-22 14:24:40,2024,11,2024-W47,週五,下午,1,0,0,0,0,0
151760662,13063,1377,5,資訊教育,智慧闖關的第一步,246.101,0,2024-11-22 14:47:50,2024,11,2024-W47,週五,下午,1,0,0,0,0,0
151768228,170642,1377,6,資訊教育,向左走向右走,442.876,8,2024-11-22 15:15:29,2024,11,2024-W47,週五,下午,1,1,0,0,0,0
151768428,170642,1377,6,資訊教育,控制大花貓,234.96,100,2024-11-22 15:16:22,2024,11,2024-W47,週五,下午,15,14,0,0,0,1
151772391,180502,1377,6,資訊教育,向左走向右走,442.876,9,2024-11-22 15:30:16,2024,11,2024-W47,週五,下午,2,2,0,0,0,0
151772445,170743,1377,6,資訊教育,遊戲中的小老鼠,311.244,100,2024-11-22 15:30:26,2024,11,2024-W47,週五,下午,3,2,0,0,0,1
151772457,170651,1377,6,資訊教育,向左走向右走,442.876,100,2024-11-22 15:30:28,2024,11,2024-W47,週五,下午,4,3,0,0,0,1
151772458,184828,1377,6,資訊教育,隨機移動的小老鼠,430.196,100,2024-11-22 15:30:28,2024,11,2024-W47,週五,下午,5,4,0,0,0,0
151772496,170382,1377,6,資訊教育,隨機移動的小老鼠,430.196,100,2024-11-22 15:30:35,2024,11,2024-W47,週五,下午,21,20,1,0,0,1
151772531,170744,1377,6,資訊教育,遊戲中的小老鼠,311.244,82,2024-11-22 15:30:42,2024,11,2024-W47,週五,下午,12,12,5,0,0,0
151772641,170839,1377,6,資訊教育,隨機移動的小老鼠,430.196,100,2024-11-22 15:31:01,2024,11,2024-W47,週五,下午,2,1,0,0,0,0
151772831,169177,1377,6,資訊教育,遊戲中的小老鼠,311.244,100,2024-11-22 15:31:31,2024,11,2024-W47,週五,下午,3,2,0,0,0,1
151772936,180502,1377,6,資訊教育,控制大花貓,234.96,100,2024-11-22 15:31:45,2024,11,2024-W47,週五,下午,9,8,0,0,0,1
151772959,170471,1377,6,資訊教育,隨機移動的小老鼠,430.196,20,2024-11-22 15:31:49,2024,11,2024-W47,週五,下午,2,2,0,0,0,0
151772960,180313,1377,6,資訊教育,控制大花貓,234.96,100,2024-11-22 15:31:50,2024,11,2024-W47,週五,下午,9,9,0,0,0,1
151773186,170169,1377,6,資訊教育,遊戲中的小老鼠,311.244,59,2024-11-22 15:32:25,2024,11,2024-W47,週五,下午,2,2,0,0,0,0
151773263,180013,1377,6,資訊教育,向左走向右走,442.876,17,2024-11-22 15:32:35,2024,11,2024-W47,週五,下午,1,1,1,0,0,0
151773449,72906,1377,6,資訊教育,著作權法、創用CC和遊戲規劃,335.16,92,2024-11-22 15:33:01,2024,11,2024-W47,週五,下午,2,2,0,0,0,1
151773477,170743,1377,6,資訊教育,隨機移動的小老鼠,430.196,100,2024-11-22 15:33:04,2024,11,2024-W47,週五,下午,23,22,4,0,0,1
151773591,170169,1377,6,資訊教育,遊戲中的小老鼠,311.244,100,2024-11-22 15:33:21,2024,11,2024-W47,週五,下午,9,8,0,0,0,1
151773709,170622,1377,6,資訊教育,遊戲中的小老鼠,311.244,96,2024-11-22 15:33:38,2024,11,2024-W47,週五,下午,14,13,0,0,0,1
151773764,169177,1377,6,資訊教育,隨機移動的小老鼠,430.196,100,2024-11-22 15:33:44,2024,11,2024-W47,週五,下午,7,6,1,0,0,2
151773784,170471,1377,6,資訊教育,控制大花貓,234.96,100,2024-11-22 15:33:47,2024,11,2024-W47,週五,下午,1,0,0,0,0,0
151773795,169901,1377,6,資訊教育,遊戲中的小老鼠,311.244,100,2024-11-22 15:33:49,2024,11,2024-W47,週五,下午,25,24,0,0,0,1
151773821,180013,1377,6,資訊教育,控制大花貓,234.96,100,2024-11-22 15:33:54,2024,11,2024-W47,週五,下午,9,9,3,0,0,0
151774223,170642,1377,6,資訊教育,向左走向右走,442.876,11,2024-11-22 15:34:48,2024,11,2024-W47,週五,下午,6,5,0,0,0,0
151774429,170642,1377,6,資訊教育,消失的老鼠,232.92,100,2024-11-22 15:35:16,2024,11,2024-W47,週五,下午,16,15,0,0,0,1
151774557,170839,1377,6,資訊教育,向左走向右走,442.876,0,2024-11-22 15:35:32,2024,11,2024-W47,週五,下午,1,1,1,0,0,0
151774797,170471,1377,6,資訊教育,消失的老鼠,232.92,19,2024-11-22 15:36:06,2024,11,2024-W47,週五,下午,1,1,0,0,0,0
151775161,170839,1377,6,資訊教育,控制大花貓,234.96,100,2024-11-22 15:37:02,2024,11,2024-W47,週五,下午,17,16,1,0,0,1
151775627,170651,1377,6,資訊教育,控制大花貓,234.96,100,2024-11-22 15:38:04,2024,11,2024-W47,週五,下午,11,10,4,0,0,1
151775714,180502,1377,6,資訊教育,消失的老鼠,232.92,100,2024-11-22 15:38:17,2024,11,2024-W47,週五,下午,11,10,1,0,0,1
151775742,72906,1377,6,資訊教育,設計遊戲場景和正義使者主角,401.968,100,2024-11-22 15:38:21,2024,11,2024-W47,週五,下午,2,1,0,0,0,1
151776224,184828,1377,6,資訊教育,向左走向右走,442.876,6,2024-11-22 15:39:44,2024,11,2024-W47,週五,下午,2,2,0,0,0,0
151776543,184828,1377,6,資訊教育,控制大花貓,234.96,100,2024-11-22 15:40:33,2024,11,2024-W47,週五,下午,7,6,0,0,0,1
151777290,170622,1377,6,資訊教育,遊戲中的小老鼠,311.244,100,2024-11-22 15:42:34,2024,11,2024-W47,週五,下午,1,0,0,0,0,0
151777334,170744,1377,6,資訊教育,隨機移動的小老鼠,430.196,75,2024-11-22 15:42:43,2024,11,2024-W47,週五,下午,4,4,2,0,0,0
151777478,169901,1377,6,資訊教育,隨機移動的小老鼠,430.196,55,2024-11-22 15:43:10,2024,11,2024-W47,週五,下午,18,18,0,0,0,1
151778031,169177,1377,6,資訊教育,向左走向右走,442.876,100,2024-11-22 15:44:54,2024,11,2024-W47,週五,下午,3,2,0,0,0,1
151778147,180013,1377,6,資訊教育,消失的老鼠,232.92,100,2024-11-22 15:45:15,2024,11,2024-W47,週五,下午,11,10,1,0,0,1
151778268,170622,1377,6,資訊教育,隨機移動的小老鼠,430.196,49,2024-11-22 15:45:29,2024,11,2024-W47,週五,下午,15,15,1,0,0,1
151778616,180313,1377,6,資訊教育,消失的老鼠,232.92,74,2024-11-22 15:46:27,2024,11,2024-W47,週五,下午,77,76,1,0,0,1
151779120,170642,1377,6,資訊教育,細說變數,214.96,100,2024-11-22 15:47:51,2024,11,2024-W47,週五,下午,7,6,0,0,0,1
151779237,180502,1377,6,資訊教育,細說變數,214.96,100,2024-11-22 15:48:08,2024,11,2024-W47,週五,下午,6,5,0,0,0,1
151779322,170651,1377,6,資訊教育,消失的老鼠,232.92,100,2024-11-22 15:48:21,2024,11,2024-W47,週五,下午,3,2,0,0,0,1
151779326,72906,1377,6,資訊教育,設計遊戲場景和正義使者主角,401.968,94,2024-11-22 15:48:22,2024,11,2024-W47,週五,下午,6,6,2,11,0,0
151779582,170839,1377,6,資訊教育,消失的老鼠,232.92,100,2024-11-22 15:49:10,2024,11,2024-W47,週五,下午,15,14,3,0,0,1
151780178,170372,1377,6,資訊教育,自動與手動開始的遊戲場景,494.16,71,2024-11-22 15:51:11,2024,11,2024-W47,週五,下午,1,1,0,0,0,0
151780513,170642,1377,6,資訊教育,細說變數,214.96,66,2024-11-22 15:52:27,2024,11,2024-W47,週五,下午,9,12,2,4,0,2
151780628,170743,1377,6,資訊教育,向左走向右走,442.876,26,2024-11-22 15:52:55,2024,11,2024-W47,週五,下午,1,1,0,0,0,0
151780732,169177,1377,6,資訊教育,控制大花貓,234.96,39,2024-11-22 15:53:23,2024,11,2024-W47,週五,下午,1,1,0,0,0,0
151780889,170169,1377,6,資訊教育,遊戲中的小老鼠,311.244,1,2024-11-22 15:54:01,2024,11,2024-W47,週五,下午,1,1,0,0,0,0
151780949,180502,1377,6,資訊教育,變數的應用,223.84,2,2024-11-22 15:54:19,2024,11,2024-W47,週五,下午,1,1,0,0,0,0
151792611,70359,2284,5,數學108,video:N-4-5-S01,731.974,100,2024-11-22 16:33:21,2024,11,2024-W47,週五,下午,1,0,0,0,0,0
151811953,51408,1377,6,資訊教育,消失的老鼠,232.92,100,2024-11-22 18:45:14,2024,11,2024-W47,週五,晚上,3,2,0,0,0,0
151812266,51408,1377,6,資訊教育,細說變數,214.96,100,2024-11-22 18:48:33,2024,11,2024-W47,週五,晚上,7,6,1,0,0,2
151812422,2663,2284,3,數學108,N-3-16-S03,544.92,19,2024-11-22 18:49:54,2024,11,2024-W47,週五,晚上,1,1,0,0,0,0
151812747,2663,2284,3,數學108,N-3-16-S03,544.92,39,2024-11-22 18:53:30,2024,11,2024-W47,週五,晚上,7,7,0,0,0,0
151813284,51408,1377,6,資訊教育,變數的應用,223.84,100,2024-11-22 18:58:05,2024,11,2024-W47,週五,晚上,10,10,2,0,0,2
151814245,2663,2284,3,數學108,N-3-16-S03,544.92,100,2024-11-22 19:05:32,2024,11,2024-W47,週五,晚上,6,6,1,0,0,0
151820556,2663,2284,3,數學108,N-3-16-S02,392.68,44,2024-11-22 19:48:34,2024,11,2024-W47,週五,晚上,5,4,0,0,0,0
151822743,52814,1377,6,資訊教育,倒數計時,276.243,70,2024-11-22 20:01:40,2024,11,2024-W47,週五,晚上,9,9,3,2,0,0
151824282,52814,1377,6,資訊教育,設計遊戲魔鬼主角程式積木,270.137,48,2024-11-22 20:11:23,2024,11,2024-W47,週五,晚上,12,12,5,2,0,1
151829399,2663,2284,3,數學108,N-3-16-S02,392.68,6,2024-11-22 20:42:16,2024,11,2024-W47,週五,晚上,2,2,0,0,0,0
151831514,2663,2284,3,數學108,N-3-16-S02,392.68,68,2024-11-22 20:54:23,2024,11,2024-W47,週五,晚上,5,5,0,0,0,0
151831922,78205,1377,3,數學108,N-3-1-S01,722.8,100,2024-11-22 20:57:05,2024,11,2024-W47,週五,晚上,1,0,0,0,0,0
151833039,2663,2284,3,數學108,N-3-16-S02,392.68,46,2024-11-22 21:05:23,2024,11,2024-W47,週五,晚上,6,6,0,0,0,0
151833744,88805,2284,2,國語文108,字義[二]/本義5,152.064,100,2024-11-22 21:10:36,2024,11,2024-W47,週五,晚上,1,0,0,0,0,0
151834316,88805,2284,2,國語文108,字義[二]/本義6,145.152,100,2024-11-22 21:14:57,2024,11,2024-W47,週五,晚上,1,0,0,0,0,0
151834596,2663,2284,3,數學108,N-3-16-S03,544.92,69,2024-11-22 21:16:45,2024,11,2024-W47,週五,晚上,6,5,1,0,0,0
151834941,88805,2284,2,國語文108,推論理解[二]/段落角色推論,314.752,100,2024-11-22 21:19:10,2024,11,2024-W47,週五,晚上,3,2,0,0,0,0
151836147,88805,2284,2,國語文108,推論理解[二]/段落多因單果推論,472.448,100,2024-11-22 21:26:50,2024,11,2024-W47,週五,晚上,1,0,0,0,0,0
151855229,94149,2284,2,數學108,能區分事件發生的先後順序,361.24,100,2024-11-23 09:47:38,2024,11,2024-W47,週六,上午,5,4,0,0,0,1
151856799,252091,2284,3,數學108,N-3-16-S03,544.92,72,2024-11-23 10:06:58,2024,11,2024-W47,週六,上午,2,1,0,0,0,0
151857491,252091,2284,3,數學108,N-3-16-S03,544.92,72,2024-11-23 10:14:15,2024,11,2024-W47,週六,上午,1,1,0,0,0,0
151887677,90284,2284,2,國語文108,字義[二]/本義6,145.152,100,2024-11-23 15:32:01,2024,11,2024-W47,週六,下午,1,0,0,0,0,0
151888018,90284,2284,2,國語文108,字義[二]/本義5,152.064,100,2024-11-23 15:35:03,2024,11,2024-W47,週六,下午,3,2,0,0,0,0
151888429,90284,2284,2,國語文108,推論理解[二]/段落角色推論,314.752,100,2024-11-23 15:39:20,2024,11,2024-W47,週六,下午,2,1,0,0,0,0
151889146,90284,2284,2,國語文108,推論理解[二]/段落多因單果推論,472.448,100,2024-11-23 15:45:06,2024,11,2024-W47,週六,下午,2,1,0,0,0,0
151898625,78205,1377,3,數學108,N-3-1-S02,440.52,100,2024-11-23 17:40:16,2024,11,2024-W47,週六,下午,2,1,1,0,0,0
151906339,228997,2284,3,數學108,N-3-4-S01,264.576,25,2024-11-23 19:18:56,2024,11,2024-W47,週六,晚上,4,3,0,0,0,0
151932953,89348,2284,2,國語文108,推論理解[二]/段落角色推論,314.752,100,2024-11-24 09:04:34,2024,11,2024-W47,週日,上午,1,0,0,0,0,0
151933354,89348,2284,2,國語文108,推論理解[二]/段落多因單果推論,472.448,100,2024-11-24 09:11:22,2024,11,2024-W47,週日,上午,1,0,0,0,0,0
151933481,229503,2284,3,國語文108,字形[三]/同音字2,147.136,43,2024-11-24 09:13:28,2024,11,2024-W47,週日,上午,3,3,0,0,0,0
151934175,89348,2284,2,國語文108,字義[二]/本義5,152.064,100,2024-11-24 09:22:47,2024,11,2024-W47,週日,上午,1,0,0,0,0,0
151934362,89348,2284,2,國語文108,字義[二]/本義6,145.152,100,2024-11-24 09:25:33,2024,11,2024-W47,週日,上午,1,0,0,0,0,0
151944086,51708,1377,6,資訊教育,著作權法、創用CC和遊戲規劃,335.16,100,2024-11-24 10:55:15,2024,11,2024-W47,週日,上午,5,5,0,0,0,1
151944869,51708,1377,6,資訊教育,設計遊戲場景和正義使者主角,401.968,100,2024-11-24 11:03:06,2024,11,2024-W47,週日,上午,2,2,0,0,0,1
151945732,51708,1377,6,資訊教育,設計遊戲魔鬼主角造型,210.11,100,2024-11-24 11:10:26,2024,11,2024-W47,週日,上午,2,1,0,0,0,1
151946399,51708,1377,6,資訊教育,設計遊戲魔鬼主角程式積木,270.137,100,2024-11-24 11:15:13,2024,11,2024-W47,週日,上午,3,2,0,0,0,1
152078680,70065,2284,4,數學108,video:S-4-6-S01,381.342,100,2024-11-25 09:40:41,2024,11,2024-W48,週一,上午,1,0,0,0,0,0
152079348,70078,2284,4,數學108,video:S-4-6-S01,381.342,100,2024-11-25 09:42:00,2024,11,2024-W48,週一,上午,5,4,0,0,0,0
152079703,70334,2284,4,數學108,video:S-4-6-S01,381.342,100,2024-11-25 09:42:54,2024,11,2024-W48,週一,上午,2,1,0,0,0,0
152080372,98073,2284,4,數學108,video:S-4-6-S01,381.342,100,2024-11-25 09:44:36,2024,11,2024-W48,週一,上午,3,2,0,0,0,0
152081355,70178,2284,4,數學108,video:S-4-6-S01,381.342,33,2024-11-25 09:47:08,2024,11,2024-W48,週一,上午,3,3,1,0,0,0
152082487,183584,2284,4,數學108,video:S-4-6-S01,381.342,100,2024-11-25 09:50:12,2024,11,2024-W48,週一,上午,9,8,0,0,0,0
152082508,70075,2284,4,數學108,video:S-4-6-S01,381.342,100,2024-11-25 09:50:16,2024,11,2024-W48,週一,上午,1,0,0,0,0,0
152082820,70334,2284,4,數學108,video:S-4-6-S02,276.016,100,2024-11-25 09:51:05,2024,11,2024-W48,週一,上午,1,0,0,0,0,0
152082987,70178,2284,4,數學108,video:S-4-6-S01,381.342,36,2024-11-25 09:51:27,2024,11,2024-W48,週一,上午,1,1,0,0,0,0
152083200,70078,2284,4,數學108,video:S-4-6-S02,276.016,100,2024-11-25 09:52:00,2024,11,2024-W48,週一,上午,2,1,0,0,0,0
152083474,70065,2284,4,數學108,video:S-4-6-S02,276.016,100,2024-11-25 09:52:45,2024,11,2024-W48,週一,上午,2,1,0,0,0,0
152083847,98492,2284,4,數學108,video:S-4-6-S01,381.342,10,2024-11-25 09:54:02,2024,11,2024-W48,週一,上午,1,0,0,0,0,0
152084339,70178,2284,4,數學108,video:S-4-6-S01,381.342,100,2024-11-25 09:55:40,2024,11,2024-W48,週一,上午,2,1,0,0,0,0
152084457,98492,2284,4,數學108,video:S-4-6-S01,381.342,100,2024-11-25 09:56:07,2024,11,2024-W48,週一,上午,6,6,0,0,0,0
152084764,98073,2284,4,數學108,video:S-4-6-S02,276.016,100,2024-11-25 09:57:03,2024,11,2024-W48,週一,上午,1,0,0,0,0,0
152085221,70334,2284,4,數學108,video:S-4-6-S03,313.087,100,2024-11-25 09:58:25,2024,11,2024-W48,週一,上午,1,0,0,0,0,0
152085330,70075,2284,4,數學108,video:S-4-6-S02,276.016,100,2024-11-25 09:58:41,2024,11,2024-W48,週一,上午,1,0,0,0,0,0
152085359,70078,2284,4,數學108,video:S-4-6-S03,313.087,100,2024-11-25 09:58:45,2024,11,2024-W48,週一,上午,3,2,0,0,0,0
152086105,70065,2284,4,數學108,video:S-4-6-S03,313.087,100,2024-11-25 10:00:58,2024,11,2024-W48,週一,上午,1,0,0,0,0,0
152086345,183584,2284,4,數學108,video:S-4-6-S02,276.016,100,2024-11-25 10:01:44,2024,11,2024-W48,週一,上午,3,2,0,0,0,0
152087370,70178,2284,4,數學108,video:S-4-6-S02,276.016,30,2024-11-25 10:04:38,2024,11,2024-W48,週一,上午,2,2,0,0,0,0
152087538,98492,2284,4,數學108,video:S-4-6-S02,276.016,100,2024-11-25 10:05:08,2024,11,2024-W48,週一,上午,3,2,0,0,0,0
152088038,70075,2284,4,數學108,video:S-4-6-S03,313.087,100,2024-11-25 10:06:37,2024,11,2024-W48,週一,上午,3,2,0,0,0,0
152088367,98073,2284,4,數學108,video:S-4-6-S03,313.087,47,2024-11-25 10:07:26,2024,11,2024-W48,週一,上午,1,1,0,0,0,0
152088784,70178,2284,4,數學108,video:S-4-6-S02,276.016,1,2024-11-25 10:08:49,2024,11,2024-W48,週一,上午,1,1,0,0,0,0
152213956,60833,2284,5,數學108,video:N-4-5-S01,731.974,100,2024-11-25 16:16:15,2024,11,2024-W48,週一,下午,4,4,0,0,0,0
152214468,60833,2284,5,數學108,video:N-4-5-S01,731.974,100,2024-11-25 16:17:09,2024,11,2024-W48,週一,下午,8,8,0,4,1,0
152216489,60833,2284,5,數學108,video:N-4-5-S01,731.974,100,2024-11-25 16:21:11,2024,11,2024-W48,週一,下午,1,1,0,0,0,0
152216887,60833,2284,5,數學108,video:N-4-5-S01,731.974,24,2024-11-25 16:21:55,2024,11,2024-W48,週一,下午,2,1,0,1,0,0
152217172,60833,2284,5,數學108,video:N-4-5-S01,731.974,24,2024-11-25 16:22:33,2024,11,2024-W48,週一,下午,1,1,0,0,0,0
152346146,78703,1377,3,資訊教育,認識檔案總管-簡易操作,280.875,100,2024-11-26 10:35:45,2024,11,2024-W48,週二,上午,3,2,0,0,0,0
152346183,131251,1377,3,資訊教育,認識電腦的計量單位,282.411,100,2024-11-26 10:35:51,2024,11,2024-W48,週二,上午,10,9,1,0,0,1
152347670,76576,1377,3,資訊教育,刪除與還原,149.248,100,2024-11-26 10:40:03,2024,11,2024-W48,週二,上午,4,4,0,0,0,1
152348199,78703,1377,3,資訊教育,刪除與還原,149.248,100,2024-11-26 10:41:12,2024,11,2024-W48,週二,上午,11,10,3,0,0,4
152350415,76576,1377,3,資訊教育,認識電腦的計量單位,282.411,100,2024-11-26 10:45:14,2024,11,2024-W48,週二,上午,8,7,0,0,0,1
152368386,89348,2284,2,國語文108,推論理解[二]/句子情緒推論,351.061,100,2024-11-26 11:28:17,2024,11,2024-W48,週二,上午,18,17,7,4,0,0
152368500,88805,2284,2,國語文108,推論理解[二]/句子情緒推論,351.061,100,2024-11-26 11:28:34,2024,11,2024-W48,週二,上午,4,3,0,0,0,0
152369391,90284,2284,2,國語文108,推論理解[二]/句子情緒推論,351.061,100,2024-11-26 11:30:54,2024,11,2024-W48,週二,上午,4,3,0,0,0,0
152373328,90284,2284,2,國語文108,推論理解[二]/段落情緒推論,337.28,0,2024-11-26 11:39:04,2024,11,2024-W48,週二,上午,14,14,9,4,0,0
152374293,89348,2284,2,國語文108,推論理解[二]/段落情緒推論,337.28,100,2024-11-26 11:40:44,2024,11,2024-W48,週二,上午,16,15,7,8,0,0
152374369,88805,2284,2,國語文108,推論理解[二]/段落情緒推論,337.28,100,2024-11-26 11:40:51,2024,11,2024-W48,週二,上午,9,8,1,2,0,0
152375296,72784,2284,5,數學108,video:N-5-2-S01,563.88,0,2024-11-26 11:42:41,2024,11,2024-W48,週二,上午,1,1,0,0,0,0
152380316,90284,2284,2,國語文108,推論理解[二]/句子情緒推論,351.061,93,2024-11-26 11:51:14,2024,11,2024-W48,週二,上午,4,4,2,4,0,0
152385822,90284,2284,2,國語文108,推論理解[二]/段落情緒推論,337.28,30,2024-11-26 12:04:50,2024,11,2024-W48,週二,下午,1,1,2,2,0,0
152385938,90284,2284,2,國語文108,推論理解[二]/段落情緒推論,337.28,100,2024-11-26 12:08:13,2024,11,2024-W48,週二,下午,2,2,0,0,0,0
152420154,89055,2284,2,國語文108,字形[二]/查字典,306.325,100,2024-11-26 14:03:19,2024,11,2024-W48,週二,下午,9,8,1,0,5,0
152421009,88836,2284,2,國語文108,字形[二]/查字典,306.325,22,2024-11-26 14:04:43,2024,11,2024-W48,週二,下午,1,1,0,0,0,0
152532716,228997,2284,3,數學108,N-3-4-S01,264.576,37,2024-11-26 19:18:38,2024,11,2024-W48,週二,晚上,2,2,0,0,0,0
152532958,228997,2284,3,數學108,N-3-4-S01,264.576,100,2024-11-26 19:20:18,2024,11,2024-W48,週二,晚上,1,0,0,0,0,0
152533457,228997,2284,3,數學108,N-3-4-S01,264.576,100,2024-11-26 19:23:58,2024,11,2024-W48,週二,晚上,7,6,0,1,0,0
152533522,228997,2284,3,數學108,N-3-4-S01,264.576,100,2024-11-26 19:24:35,2024,11,2024-W48,週二,晚上,3,2,0,1,0,0
152641791,126435,1377,6,資訊教育,細說變數,214.96,8,2024-11-27 11:03:21,2024,11,2024-W48,週三,上午,5,5,0,0,0,0
152893475,183584,2284,4,數學108,video:S-4-6-S03,313.087,7,2024-11-28 14:41:26,2024,11,2024-W48,週四,下午,1,1,0,0,0,0
152920746,78205,1377,3,資訊教育,認識檔案總管,179.605,100,2024-11-28 15:35:17,2024,11,2024-W48,週四,下午,2,1,0,0,0,1
152922546,78205,1377,3,資訊教育,認識檔案總管-簡易操作,280.875,100,2024-11-28 15:38:39,2024,11,2024-W48,週四,下午,3,2,0,0,0,2
152924055,177942,2284,5,數學108,video:N-4-13-S03,598.82,0,2024-11-28 15:42:57,2024,11,2024-W48,週四,下午,2,1,0,0,0,0
152926813,78205,1377,3,資訊教育,認識電腦的計量單位,282.411,60,2024-11-28 15:50:17,2024,11,2024-W48,週四,下午,3,2,0,0,0,1
153022712,94080,2284,2,數學108,N-2-13-S03,315.164,100,2024-11-29 08:17:33,2024,11,2024-W48,週五,上午,4,3,1,0,0,0
153093300,230630,1377,6,資訊教育,自動與手動開始的遊戲場景,494.16,100,2024-11-29 11:19:37,2024,11,2024-W48,週五,上午,9,9,0,4,0,0
153093709,238715,1377,6,資訊教育,細說變數,214.96,85,2024-11-29 11:21:02,2024,11,2024-W48,週五,上午,4,4,0,0,0,1
153093921,239275,1377,6,資訊教育,控制大花貓,234.96,58,2024-11-29 11:22:04,2024,11,2024-W48,週五,上午,5,5,2,0,0,0
153094028,239702,1377,6,資訊教育,遊戲中的小老鼠,311.244,100,2024-11-29 11:22:25,2024,11,2024-W48,週五,上午,4,3,0,0,0,1
153094062,230630,1377,6,資訊教育,遊戲中的小老鼠,311.244,100,2024-11-29 11:22:30,2024,11,2024-W48,週五,上午,15,15,2,5,0,1
153094319,241568,1377,6,資訊教育,向左走向右走,442.876,100,2024-11-29 11:23:39,2024,11,2024-W48,週五,上午,2,1,0,0,0,0
153094320,244127,1377,6,資訊教育,隨機移動的小老鼠,430.196,100,2024-11-29 11:23:39,2024,11,2024-W48,週五,上午,8,7,0,0,0,0
153094646,241840,1377,6,資訊教育,著作權法、創用CC和遊戲規劃,335.16,1,2024-11-29 11:25:17,2024,11,2024-W48,週五,上午,1,1,0,0,0,0
153094716,230014,1377,6,資訊教育,著作權法、創用CC和遊戲規劃,335.16,29,2024-11-29 11:25:42,2024,11,2024-W48,週五,上午,1,1,0,0,0,1
153094745,241840,1377,6,資訊教育,設計遊戲場景和正義使者主角,401.968,97,2024-11-29 11:25:49,2024,11,2024-W48,週五,上午,3,3,2,0,0,0
153097808,241568,1377,6,資訊教育,向左走向右走,442.876,29,2024-11-29 11:34:02,2024,11,2024-W48,週五,上午,6,6,4,5,0,0
153097854,230014,1377,6,資訊教育,設計遊戲場景和正義使者主角,401.968,100,2024-11-29 11:34:08,2024,11,2024-W48,週五,上午,19,18,9,0,0,0
153097865,230454,1377,6,資訊教育,著作權法、創用CC和遊戲規劃,335.16,100,2024-11-29 11:34:10,2024,11,2024-W48,週五,上午,6,5,0,0,0,1
153098309,230630,1377,6,資訊教育,自動與手動開始的遊戲場景,494.16,100,2024-11-29 11:35:08,2024,11,2024-W48,週五,上午,1,1,0,0,0,0
153098402,1016,1377,6,資訊教育,自動與手動開始的遊戲場景,494.16,42,2024-11-29 11:35:20,2024,11,2024-W48,週五,上午,1,1,0,0,0,0
153098429,239702,1377,6,資訊教育,隨機移動的小老鼠,430.196,71,2024-11-29 11:35:25,2024,11,2024-W48,週五,上午,21,21,4,0,0,1
153098663,1016,1377,6,資訊教育,著作權法、創用CC和遊戲規劃,335.16,65,2024-11-29 11:35:49,2024,11,2024-W48,週五,上午,3,3,0,0,0,1
153098833,242894,1377,6,資訊教育,向左走向右走,442.876,100,2024-11-29 11:36:09,2024,11,2024-W48,週五,上午,2,1,0,0,0,1
153098920,230630,1377,6,資訊教育,隨機移動的小老鼠,430.196,100,2024-11-29 11:36:18,2024,11,2024-W48,週五,上午,12,12,1,5,0,0
153099079,239005,1377,6,資訊教育,著作權法、創用CC和遊戲規劃,335.16,100,2024-11-29 11:36:36,2024,11,2024-W48,週五,上午,6,5,1,0,0,2
153099270,238715,1377,6,資訊教育,設計遊戲場景和正義使者主角,401.968,90,2024-11-29 11:36:58,2024,11,2024-W48,週五,上午,34,34,0,0,0,1
153099313,237057,1377,6,資訊教育,遊戲中的小老鼠,311.244,100,2024-11-29 11:37:03,2024,11,2024-W48,週五,上午,3,2,0,0,0,1
153099740,242347,1377,6,資訊教育,著作權法、創用CC和遊戲規劃,335.16,100,2024-11-29 11:37:51,2024,11,2024-W48,週五,上午,2,1,0,0,0,1
153099977,230630,1377,6,資訊教育,隨機移動的小老鼠,430.196,0,2024-11-29 11:38:19,2024,11,2024-W48,週五,上午,1,0,0,0,0,0
153100444,230630,1377,6,資訊教育,控制大花貓,234.96,100,2024-11-29 11:39:12,2024,11,2024-W48,週五,上午,2,2,0,0,0,0
153100601,230630,1377,6,資訊教育,控制大花貓,234.96,0,2024-11-29 11:39:32,2024,11,2024-W48,週五,上午,1,0,0,0,0,0
153100791,1016,1377,6,資訊教育,設計遊戲場景和正義使者主角,401.968,90,2024-11-29 11:39:55,2024,11,2024-W48,週五,上午,22,22,1,0,0,1
153100801,230630,1377,6,資訊教育,消失的老鼠,232.92,100,2024-11-29 11:39:57,2024,11,2024-W48,週五,上午,2,3,1,0,0,0
153100928,230454,1377,6,資訊教育,著作權法、創用CC和遊戲規劃,335.16,1,2024-11-29 11:40:14,2024,11,2024-W48,週五,上午,2,2,0,0,0,0
153101008,230454,1377,6,資訊教育,設計遊戲場景和正義使者主角,401.968,89,2024-11-29 11:40:26,2024,11,2024-W48,週五,上午,43,43,2,0,0,1
153101423,230630,1377,6,資訊教育,細說變數,214.96,87,2024-11-29 11:41:15,2024,11,2024-W48,週五,上午,4,3,0,2,0,0
153101495,241854,1377,6,資訊教育,向左走向右走,442.876,24,2024-11-29 11:41:25,2024,11,2024-W48,週五,上午,3,2,0,0,0,0
153101529,237057,1377,6,資訊教育,隨機移動的小老鼠,430.196,50,2024-11-29 11:41:30,2024,11,2024-W48,週五,上午,14,14,2,0,0,2
153101976,230630,1377,6,資訊教育,變數的應用,223.84,100,2024-11-29 11:42:36,2024,11,2024-W48,週五,上午,19,19,2,6,0,0
153102012,242894,1377,6,資訊教育,控制大花貓,234.96,20,2024-11-29 11:42:42,2024,11,2024-W48,週五,上午,2,2,0,0,0,0
153102065,239005,1377,6,資訊教育,設計遊戲場景和正義使者主角,401.968,82,2024-11-29 11:42:50,2024,11,2024-W48,週五,上午,19,19,3,0,0,1
153102210,241854,1377,6,資訊教育,控制大花貓,234.96,51,2024-11-29 11:43:10,2024,11,2024-W48,週五,上午,9,9,0,0,0,1
153102226,239275,1377,6,資訊教育,控制大花貓,234.96,100,2024-11-29 11:43:12,2024,11,2024-W48,週五,上午,4,3,0,0,0,0
153102428,239765,1377,6,資訊教育,著作權法、創用CC和遊戲規劃,335.16,100,2024-11-29 11:43:41,2024,11,2024-W48,週五,上午,8,7,0,0,0,1
153103344,241840,1377,6,資訊教育,設計遊戲魔鬼主角造型,210.11,80,2024-11-29 11:45:40,2024,11,2024-W48,週五,上午,1,1,0,0,0,0
153104436,239275,1377,6,資訊教育,消失的老鼠,232.92,32,2024-11-29 11:48:25,2024,11,2024-W48,週五,上午,5,4,0,0,0,0
153104633,230630,1377,6,資訊教育,變數的應用,223.84,25,2024-11-29 11:48:53,2024,11,2024-W48,週五,上午,2,1,0,1,0,0
153104728,241840,1377,6,資訊教育,設計遊戲魔鬼主角程式積木,270.137,0,2024-11-29 11:49:06,2024,11,2024-W48,週五,上午,1,1,0,0,0,0
153106070,239275,1377,6,資訊教育,隨機移動的小老鼠,430.196,46,2024-11-29 11:52:02,2024,11,2024-W48,週五,上午,5,5,0,0,0,1
153107176,244127,1377,6,資訊教育,向左走向右走,442.876,67,2024-11-29 11:54:36,2024,11,2024-W48,週五,上午,4,4,0,0,0,1
153108005,1016,1377,6,資訊教育,設計遊戲魔鬼主角造型,210.11,39,2024-11-29 11:56:38,2024,11,2024-W48,週五,上午,2,2,0,0,0,0
153108338,238999,1377,6,資訊教育,消失的老鼠,232.92,71,2024-11-29 11:57:29,2024,11,2024-W48,週五,上午,5,4,1,0,0,2
153108620,239765,1377,6,資訊教育,設計遊戲場景和正義使者主角,401.968,2,2024-11-29 11:58:21,2024,11,2024-W48,週五,上午,3,3,2,0,0,0
153124317,52022,1377,6,資訊教育,變數的應用,223.84,100,2024-11-29 13:30:04,2024,11,2024-W48,週五,下午,4,4,0,0,0,0
153126043,51872,1377,6,資訊教育,細說變數,214.96,87,2024-11-29 13:37:33,2024,11,2024-W48,週五,下午,1,0,0,0,0,0
153126153,51408,1377,6,資訊教育,著作權法、創用CC和遊戲規劃,335.16,100,2024-11-29 13:38:01,2024,11,2024-W48,週五,下午,4,3,0,0,0,1
153126197,52740,1377,6,資訊教育,遊戲中的小老鼠,311.244,20,2024-11-29 13:38:12,2024,11,2024-W48,週五,下午,3,3,0,0,0,0
153126209,51872,1377,6,資訊教育,變數的應用,223.84,80,2024-11-29 13:38:16,2024,11,2024-W48,週五,下午,5,4,0,0,0,1
153126212,52229,1377,6,資訊教育,向左走向右走,442.876,7,2024-11-29 13:38:17,2024,11,2024-W48,週五,下午,1,0,0,0,0,0
153126511,51787,1377,6,資訊教育,向左走向右走,442.876,15,2024-11-29 13:39:23,2024,11,2024-W48,週五,下午,1,0,0,0,0,0
153126514,51515,1377,6,資訊教育,著作權法、創用CC和遊戲規劃,335.16,100,2024-11-29 13:39:24,2024,11,2024-W48,週五,下午,3,2,0,0,0,0
153126592,52229,1377,6,資訊教育,著作權法、創用CC和遊戲規劃,335.16,92,2024-11-29 13:39:41,2024,11,2024-W48,週五,下午,8,8,0,0,0,1
153126642,51787,1377,6,資訊教育,消失的老鼠,232.92,100,2024-11-29 13:39:47,2024,11,2024-W48,週五,下午,2,1,0,0,0,0
153126699,52740,1377,6,資訊教育,細說變數,214.96,100,2024-11-29 13:40:01,2024,11,2024-W48,週五,下午,6,5,0,0,0,1
153127045,126435,1377,6,資訊教育,向左走向右走,442.876,100,2024-11-29 13:41:07,2024,11,2024-W48,週五,下午,3,2,0,0,0,0
153127085,51515,1377,6,資訊教育,著作權法、創用CC和遊戲規劃,335.16,100,2024-11-29 13:41:14,2024,11,2024-W48,週五,下午,1,1,0,0,0,0
153127199,51515,1377,6,資訊教育,設計遊戲場景和正義使者主角,401.968,68,2024-11-29 13:41:32,2024,11,2024-W48,週五,下午,11,11,0,0,0,1
153127223,52022,1377,6,資訊教育,向左走向右走,442.876,0,2024-11-29 13:41:36,2024,11,2024-W48,週五,下午,1,1,0,0,0,0
153127251,51787,1377,6,資訊教育,消失的老鼠,232.92,100,2024-11-29 13:41:41,2024,11,2024-W48,週五,下午,1,1,0,0,0,0
153127312,126435,1377,6,資訊教育,向左走向右走,442.876,78,2024-11-29 13:41:53,2024,11,2024-W48,週五,下午,3,2,0,2,0,0
153127373,52202,1377,6,資訊教育,遊戲中的小老鼠,311.244,100,2024-11-29 13:42:06,2024,11,2024-W48,週五,下午,8,7,0,0,0,1
153127415,52022,1377,6,資訊教育,遊戲中的小老鼠,311.244,1,2024-11-29 13:42:14,2024,11,2024-W48,週五,下午,1,1,0,0,0,0
153127605,51787,1377,6,資訊教育,細說變數,214.96,100,2024-11-29 13:42:42,2024,11,2024-W48,週五,下午,2,1,0,0,0,1
153127732,52022,1377,6,資訊教育,消失的老鼠,232.92,76,2024-11-29 13:43:02,2024,11,2024-W48,週五,下午,2,2,0,1,0,0
153127825,126435,1377,6,資訊教育,細說變數,214.96,100,2024-11-29 13:43:18,2024,11,2024-W48,週五,下午,10,9,3,0,0,1
153128081,52740,1377,6,資訊教育,細說變數,214.96,4,2024-11-29 13:44:09,2024,11,2024-W48,週五,下午,2,2,1,1,0,0
153128946,51408,1377,6,資訊教育,設計遊戲魔鬼主角造型,210.11,100,2024-11-29 13:46:30,2024,11,2024-W48,週五,下午,4,3,0,0,0,1
153129448,51943,1377,6,資訊教育,細說變數,214.96,16,2024-11-29 13:47:51,2024,11,2024-W48,週五,下午,1,0,0,0,0,0
153129453,51787,1377,6,資訊教育,變數的應用,223.84,100,2024-11-29 13:47:51,2024,11,2024-W48,週五,下午,9,8,0,0,0,1
153129498,51943,1377,6,資訊教育,細說變數,214.96,20,2024-11-29 13:48:01,2024,11,2024-W48,週五,下午,1,0,0,0,0,0
153130064,126435,1377,6,資訊教育,變數的應用,223.84,78,2024-11-29 13:49:26,2024,11,2024-W48,週五,下午,19,18,1,0,0,1
153130470,52202,1377,6,資訊教育,隨機移動的小老鼠,430.196,100,2024-11-29 13:50:28,2024,11,2024-W48,週五,下午,25,24,2,0,0,1
153132936,52022,1377,6,資訊教育,變數的應用,223.84,78,2024-11-29 13:56:38,2024,11,2024-W48,週五,下午,4,5,0,2,0,1
153134105,126435,1377,6,資訊教育,向左走向右走,442.876,94,2024-11-29 13:59:27,2024,11,2024-W48,週五,下午,2,2,0,1,0,0
153134226,79490,1377,6,資訊教育,細說變數,214.96,100,2024-11-29 13:59:44,2024,11,2024-W48,週五,下午,2,1,0,0,0,1
153134757,51408,1377,6,資訊教育,遊戲的難易度和勝負判斷,117.25,100,2024-11-29 14:01:03,2024,11,2024-W48,週五,下午,1,1,0,0,0,1
153136173,51408,1377,6,資訊教育,讓遊戲更精彩,236.136,1,2024-11-29 14:04:47,2024,11,2024-W48,週五,下午,1,1,0,0,0,0
153136578,51787,1377,6,資訊教育,消失的老鼠,232.92,100,2024-11-29 14:05:50,2024,11,2024-W48,週五,下午,6,6,1,2,0,0
153137089,51787,1377,6,資訊教育,控制大花貓,234.96,83,2024-11-29 14:07:05,2024,11,2024-W48,週五,下午,2,2,0,2,0,0
153137460,51787,1377,6,資訊教育,隨機移動的小老鼠,430.196,88,2024-11-29 14:07:52,2024,11,2024-W48,週五,下午,1,0,0,0,0,0
153137854,52202,1377,6,資訊教育,自動與手動開始的遊戲場景,494.16,84,2024-11-29 14:08:39,2024,11,2024-W48,週五,下午,3,2,0,0,0,0
153138353,52202,1377,6,資訊教育,自動與手動開始的遊戲場景,494.16,20,2024-11-29 14:09:58,2024,11,2024-W48,週五,下午,1,1,1,0,0,0
153157588,72906,1377,6,資訊教育,設計遊戲場景和正義使者主角,401.968,32,2024-11-29 15:21:23,2024,11,2024-W48,週五,下午,2,4,3,0,0,0
153158084,170642,1377,6,資訊教育,變數的應用,223.84,82,2024-11-29 15:23:41,2024,11,2024-W48,週五,下午,23,23,0,0,0,1
153161572,180502,1377,6,資訊教育,變數的應用,223.84,100,2024-11-29 15:34:44,2024,11,2024-W48,週五,下午,15,14,1,0,0,1
153161669,170839,1377,6,資訊教育,消失的老鼠,232.92,8,2024-11-29 15:35:01,2024,11,2024-W48,週五,下午,2,2,0,0,0,0
153161722,180313,1377,6,資訊教育,消失的老鼠,232.92,100,2024-11-29 15:35:10,2024,11,2024-W48,週五,下午,10,9,0,0,0,0
153161775,72906,1377,6,資訊教育,設計遊戲魔鬼主角造型,210.11,97,2024-11-29 15:35:20,2024,11,2024-W48,週五,下午,5,6,0,0,0,1
153161935,170471,1377,6,資訊教育,細說變數,214.96,0,2024-11-29 15:35:44,2024,11,2024-W48,週五,下午,6,4,0,0,0,1
153162023,170651,1377,6,資訊教育,細說變數,214.96,100,2024-11-29 15:35:59,2024,11,2024-W48,週五,下午,2,1,0,0,0,1
153162026,170839,1377,6,資訊教育,控制大花貓,234.96,0,2024-11-29 15:36:00,2024,11,2024-W48,週五,下午,2,1,2,0,0,0
153162084,170622,1377,6,資訊教育,隨機移動的小老鼠,430.196,100,2024-11-29 15:36:10,2024,11,2024-W48,週五,下午,9,8,1,0,0,0
153162154,170839,1377,6,資訊教育,消失的老鼠,232.92,100,2024-11-29 15:36:20,2024,11,2024-W48,週五,下午,6,5,0,0,0,1
153162250,180013,1377,6,資訊教育,向左走向右走,442.876,17,2024-11-29 15:36:34,2024,11,2024-W48,週五,下午,1,0,0,0,0,0
153162341,180013,1377,6,資訊教育,細說變數,214.96,100,2024-11-29 15:36:46,2024,11,2024-W48,週五,下午,10,9,0,0,0,1
153162377,169177,1377,6,資訊教育,控制大花貓,234.96,100,2024-11-29 15:36:51,2024,11,2024-W48,週五,下午,4,3,0,0,0,1
153162389,170382,1377,6,資訊教育,向左走向右走,442.876,0,2024-11-29 15:36:52,2024,11,2024-W48,週五,下午,4,3,1,0,0,0
153162395,170744,1377,6,資訊教育,遊戲中的小老鼠,311.244,30,2024-11-29 15:36:53,2024,11,2024-W48,週五,下午,3,3,5,0,0,0
153162401,170169,1377,6,資訊教育,隨機移動的小老鼠,430.196,57,2024-11-29 15:36:53,2024,11,2024-W48,週五,下午,28,28,4,0,0,2
153162472,170743,1377,6,資訊教育,向左走向右走,442.876,77,2024-11-29 15:37:04,2024,11,2024-W48,週五,下午,5,5,0,0,0,1
153162895,170382,1377,6,資訊教育,向左走向右走,442.876,0,2024-11-29 15:38:01,2024,11,2024-W48,週五,下午,2,1,1,0,0,0
153163027,184828,1377,6,資訊教育,控制大花貓,234.96,70,2024-11-29 15:38:23,2024,11,2024-W48,週五,下午,14,14,2,2,0,2
153163169,169901,1377,6,資訊教育,隨機移動的小老鼠,430.196,36,2024-11-29 15:38:40,2024,11,2024-W48,週五,下午,7,11,3,0,0,2
153163186,180313,1377,6,資訊教育,細說變數,214.96,11,2024-11-29 15:38:43,2024,11,2024-W48,週五,下午,2,2,0,0,0,0
153163475,90284,2284,2,國語文108,字義[二]/本義7,108.523,100,2024-11-29 15:39:31,2024,11,2024-W48,週五,下午,1,0,0,0,0,0
153163512,170382,1377,6,資訊教育,控制大花貓,234.96,100,2024-11-29 15:39:38,2024,11,2024-W48,週五,下午,9,8,1,0,0,1
153163805,170471,1377,6,資訊教育,變數的應用,223.84,79,2024-11-29 15:40:24,2024,11,2024-W48,週五,下午,12,12,2,0,0,2
153163813,170839,1377,6,資訊教育,細說變數,214.96,100,2024-11-29 15:40:25,2024,11,2024-W48,週五,下午,6,5,0,0,0,1
153164156,169177,1377,6,資訊教育,消失的老鼠,232.92,35,2024-11-29 15:41:19,2024,11,2024-W48,週五,下午,5,5,0,0,0,0
153164264,170651,1377,6,資訊教育,變數的應用,223.84,100,2024-11-29 15:41:37,2024,11,2024-W48,週五,下午,10,9,0,0,0,1
153164309,90284,2284,2,國語文108,字義[二]/本義7,108.523,100,2024-11-29 15:41:46,2024,11,2024-W48,週五,下午,1,0,0,0,0,0
153164333,180313,1377,6,資訊教育,消失的老鼠,232.92,100,2024-11-29 15:41:51,2024,11,2024-W48,週五,下午,5,4,1,2,0,1
153164365,72906,1377,6,資訊教育,設計遊戲魔鬼主角程式積木,270.137,29,2024-11-29 15:41:56,2024,11,2024-W48,週五,下午,3,3,0,0,0,0
153164386,170743,1377,6,資訊教育,控制大花貓,234.96,12,2024-11-29 15:42:00,2024,11,2024-W48,週五,下午,2,2,0,0,0,0
153164695,170743,1377,6,資訊教育,向左走向右走,442.876,100,2024-11-29 15:42:53,2024,11,2024-W48,週五,下午,2,1,0,0,0,0
153165240,90284,2284,2,國語文108,字義[二]/本義8,138.304,100,2024-11-29 15:44:30,2024,11,2024-W48,週五,下午,1,0,0,0,0,0
153165628,170743,1377,6,資訊教育,控制大花貓,234.96,74,2024-11-29 15:45:34,2024,11,2024-W48,週五,下午,21,21,1,0,0,2
153165878,180013,1377,6,資訊教育,變數的應用,223.84,59,2024-11-29 15:46:22,2024,11,2024-W48,週五,下午,6,6,0,0,0,1
153166195,170839,1377,6,資訊教育,變數的應用,223.84,77,2024-11-29 15:47:21,2024,11,2024-W48,週五,下午,22,22,0,0,0,1
153166609,72906,1377,6,資訊教育,遊戲的難易度和勝負判斷,117.25,100,2024-11-29 15:48:36,2024,11,2024-W48,週五,下午,2,1,0,0,0,1
153166701,90284,2284,2,國語文108,語法[二]/感嘆句,289.75,100,2024-11-29 15:48:55,2024,11,2024-W48,週五,下午,1,0,0,0,0,0
153166702,73123,1377,6,資訊教育,隨機移動的小老鼠,430.196,26,2024-11-29 15:48:55,2024,11,2024-W48,週五,下午,3,5,0,0,0,0
153167172,72906,1377,6,資訊教育,倒數計時,276.243,11,2024-11-29 15:50:48,2024,11,2024-W48,週五,下午,1,1,2,0,0,0
153167205,170382,1377,6,資訊教育,消失的老鼠,232.92,53,2024-11-29 15:50:56,2024,11,2024-W48,週五,下午,4,4,0,0,0,1
153167234,170622,1377,6,資訊教育,隨機移動的小老鼠,430.196,98,2024-11-29 15:51:03,2024,11,2024-W48,週五,下午,4,3,0,1,0,0
153167528,180502,1377,6,資訊教育,變數的應用,223.84,52,2024-11-29 15:52:18,2024,11,2024-W48,週五,下午,3,3,2,2,0,0
153167576,170622,1377,6,資訊教育,向左走向右走,442.876,14,2024-11-29 15:52:30,2024,11,2024-W48,週五,下午,1,1,0,0,0,0
153167641,73123,1377,6,資訊教育,隨機移動的小老鼠,430.196,1,2024-11-29 15:52:48,2024,11,2024-W48,週五,下午,3,3,0,0,0,0
153167900,170622,1377,6,資訊教育,控制大花貓,234.96,7,2024-11-29 15:53:55,2024,11,2024-W48,週五,下午,1,1,0,0,0,0
153167991,90284,2284,2,國語文108,語法[二]/直述句,500.374,100,2024-11-29 15:54:19,2024,11,2024-W48,週五,下午,1,0,0,0,0,0
153203931,2663,2284,3,數學108,N-3-16-S02,392.68,38,2024-11-29 20:17:27,2024,11,2024-W48,週五,晚上,3,2,0,0,0,0
153204714,2663,2284,3,數學108,N-3-16-S02,392.68,2,2024-11-29 20:22:47,2024,11,2024-W48,週五,晚上,1,1,0,0,0,0
153206189,2663,2284,3,數學108,N-3-16-S02,392.68,45,2024-11-29 20:32:11,2024,11,2024-W48,週五,晚上,3,3,0,0,0,0
153207789,2663,2284,3,數學108,N-3-16-S02,392.68,9,2024-11-29 20:43:37,2024,11,2024-W48,週五,晚上,1,1,0,0,0,0
153207904,2663,2284,3,數學108,N-3-16-S01,320.6,48,2024-11-29 20:44:31,2024,11,2024-W48,週五,晚上,1,2,0,0,0,0
153208284,2663,2284,3,數學108,N-3-16-S01,320.6,19,2024-11-29 20:47:25,2024,11,2024-W48,週五,晚上,1,1,0,0,0,0
153208570,2663,2284,3,數學108,N-3-16-S02,392.68,100,2024-11-29 20:49:25,2024,11,2024-W48,週五,晚上,3,2,0,0,0,0
153209598,2663,2284,3,數學108,N-3-16-S01,320.6,100,2024-11-29 20:56:54,2024,11,2024-W48,週五,晚上,1,0,0,0,0,0
153210226,2663,2284,3,數學108,N-3-16-S01,320.6,0,2024-11-29 21:02:19,2024,11,2024-W48,週五,晚上,1,0,0,0,0,0
153215309,88805,2284,2,國語文108,字義[二]/本義7,108.523,100,2024-11-29 21:43:49,2024,11,2024-W48,週五,晚上,1,0,0,0,0,0
153216355,88805,2284,2,國語文108,字義[二]/本義8,138.304,100,2024-11-29 21:53:30,2024,11,2024-W48,週五,晚上,1,0,0,0,0,0
153217627,88805,2284,2,國語文108,語法[二]/感嘆句,289.75,100,2024-11-29 22:05:18,2024,11,2024-W48,週五,晚上,2,1,0,0,0,0
153218524,88805,2284,2,國語文108,語法[二]/直述句,500.374,4,2024-11-29 22:14:05,2024,11,2024-W48,週五,晚上,10,9,3,0,0,0
153219139,88805,2284,2,國語文108,語法[二]/直述句,500.374,100,2024-11-29 22:20:13,2024,11,2024-W48,週五,晚上,2,1,0,0,0,0
153246051,89348,2284,2,國語文108,語法[二]/感嘆句,289.75,100,2024-11-30 12:46:30,2024,11,2024-W48,週六,下午,1,0,0,0,0,0
153246587,89348,2284,2,國語文108,語法[二]/直述句,500.374,100,2024-11-30 12:53:17,2024,11,2024-W48,週六,下午,2,1,0,0,0,0
153247444,89348,2284,2,國語文108,字義[二]/本義8,138.304,100,2024-11-30 13:04:21,2024,11,2024-W48,週六,下午,1,0,0,0,0,0
153247658,89348,2284,2,國語文108,字義[二]/本義7,108.523,100,2024-11-30 13:07:08,2024,11,2024-W48,週六,下午,1,0,0,0,0,0
153247752,228997,2284,3,數學108,N-3-4-S02,505.173,19,2024-11-30 13:08:09,2024,11,2024-W48,週六,下午,2,2,0,0,0,0
153268514,252091,2284,3,數學108,N-3-16-S03,544.92,6,2024-11-30 17:55:12,2024,11,2024-W48,週六,下午,5,5,2,0,0,0
153268622,252091,2284,3,數學108,N-3-16-S03,544.92,6,2024-11-30 17:57:17,2024,11,2024-W48,週六,下午,3,3,0,0,0,0
153268803,252091,2284,3,數學108,N-3-16-S03,544.92,6,2024-11-30 17:59:44,2024,11,2024-W48,週六,下午,4,4,0,0,0,0
153269187,252091,2284,3,數學108,N-3-16-S03,544.92,6,2024-11-30 18:06:16,2024,11,2024-W48,週六,晚上,1,0,0,0,0,0
153269227,252091,2284,3,數學108,N-3-16-S03,544.92,0,2024-11-30 18:07:19,2024,11,2024-W48,週六,晚上,3,3,1,0,0,0
153269370,252091,2284,3,數學108,N-3-16-S03,544.92,6,2024-11-30 18:09:33,2024,11,2024-W48,週六,晚上,2,1,0,0,0,0
153269948,252091,2284,3,數學108,N-3-16-S03,544.92,6,2024-11-30 18:19:19,2024,11,2024-W48,週六,晚上,1,1,0,0,0,0
153340817,252091,2284,3,數學108,N-3-16-S03,544.92,10,2024-12-01 17:52:08,2024,12,2024-W48,週日,下午,1,1,0,0,0,0
153341040,252091,2284,3,數學108,N-3-16-S03,544.92,100,2024-12-01 17:54:03,2024,12,2024-W48,週日,下午,7,6,0,0,0,0
153343894,252091,2284,3,數學108,N-3-16-S02,392.68,100,2024-12-01 18:25:14,2024,12,2024-W48,週日,晚上,1,0,0,0,0,0
153344583,252091,2284,3,數學108,N-3-16-S01,320.6,55,2024-12-01 18:33:41,2024,12,2024-W48,週日,晚上,4,4,0,0,0,0
153345043,252091,2284,3,數學108,N-3-16-S01,320.6,55,2024-12-01 18:38:23,2024,12,2024-W48,週日,晚上,1,1,0,0,0,0
153345153,252091,2284,3,數學108,N-3-16-S01,320.6,100,2024-12-01 18:39:45,2024,12,2024-W48,週日,晚上,10,9,3,0,0,0
153362319,252023,2284,3,數學108,N-3-16-S03,544.92,100,2024-12-01 20:50:13,2024,12,2024-W48,週日,晚上,2,1,0,0,0,0
153364896,252023,2284,3,數學108,N-3-16-S02,392.68,100,2024-12-01 21:05:02,2024,12,2024-W48,週日,晚上,2,1,0,0,0,0
153385262,39073,1377,5,資訊教育,略過投影片與投影播放,412.16,17,2024-12-02 07:47:52,2024,12,2024-W49,週一,上午,1,0,0,0,0,0
153385680,39073,1377,5,資訊教育,略過投影片與投影播放,412.16,100,2024-12-02 07:55:15,2024,12,2024-W49,週一,上午,2,1,0,0,0,1
153387546,39073,1377,5,資訊教育,更完美的闖關製作與其他簡報軟體設定,326.229,100,2024-12-02 08:05:18,2024,12,2024-W49,週一,上午,3,2,0,0,0,2
153391913,39073,1377,5,資訊教育,製作互動專題簡報,382.955,100,2024-12-02 08:17:12,2024,12,2024-W49,週一,上午,3,2,0,0,0,2
153418051,80905,1377,3,資訊教育,刪除與還原,149.248,100,2024-12-02 09:50:43,2024,12,2024-W49,週一,上午,4,3,1,0,0,1
153420356,80905,1377,3,資訊教育,認識電腦的計量單位,282.411,67,2024-12-02 09:56:35,2024,12,2024-W49,週一,上午,2,1,1,0,0,1
153421697,80905,1377,3,資訊教育,認識電腦的計量單位,282.411,100,2024-12-02 10:00:39,2024,12,2024-W49,週一,上午,1,0,0,0,0,0
153422532,80905,1377,3,資訊教育,認識檔案總管,179.605,83,2024-12-02 10:03:58,2024,12,2024-W49,週一,上午,4,4,0,0,0,2
153428184,75413,1377,3,資訊教育,認識檔案總管,179.605,100,2024-12-02 10:29:47,2024,12,2024-W49,週一,上午,1,1,0,0,0,0
153428428,75413,1377,3,資訊教育,認識檔案總管-簡易操作,280.875,96,2024-12-02 10:30:56,2024,12,2024-W49,週一,上午,10,9,0,0,0,1
153433419,129597,1377,3,資訊教育,作業系統介紹與操作-視窗與滑鼠的操作,352.619,100,2024-12-02 10:49:24,2024,12,2024-W49,週一,上午,16,15,2,3,0,3
153434675,77526,1377,3,資訊教育,認識檔案總管,179.605,100,2024-12-02 10:52:15,2024,12,2024-W49,週一,上午,3,3,1,0,0,2
153435335,75413,1377,3,資訊教育,認識檔案總管-簡易操作,280.875,100,2024-12-02 10:54:04,2024,12,2024-W49,週一,上午,1,0,0,0,0,0
153435982,129597,1377,3,資訊教育,認識檔案總管,179.605,100,2024-12-02 10:55:29,2024,12,2024-W49,週一,上午,3,2,0,1,0,1
153438130,77526,1377,3,資訊教育,作業系統介紹與操作-作業系統的介紹,290.325,100,2024-12-02 11:00:05,2024,12,2024-W49,週一,上午,2,1,0,0,0,1
153439580,129597,1377,3,資訊教育,認識檔案總管-簡易操作,280.875,100,2024-12-02 11:03:39,2024,12,2024-W49,週一,上午,8,7,1,0,0,2
153462129,26970,1377,5,資訊教育,製作互動專題簡報,382.955,100,2024-12-02 12:43:38,2024,12,2024-W49,週一,下午,14,16,2,0,0,2
153462256,116516,1377,5,資訊教育,規劃互動專題簡報,391.829,100,2024-12-02 12:44:00,2024,12,2024-W49,週一,下午,1,0,0,0,0,0
153462527,29075,1377,5,資訊教育,應用探索功能-插入圖片,257.749,100,2024-12-02 12:44:47,2024,12,2024-W49,週一,下午,4,3,1,0,0,2
153463272,34771,1377,5,資訊教育,製作互動專題簡報,382.955,100,2024-12-02 12:46:51,2024,12,2024-W49,週一,下午,2,1,0,0,0,1
153463354,29231,1377,5,資訊教育,略過投影片與投影播放,412.16,100,2024-12-02 12:47:02,2024,12,2024-W49,週一,下午,2,1,0,0,0,1
153463387,27279,1377,5,資訊教育,製作互動專題簡報,382.955,100,2024-12-02 12:47:07,2024,12,2024-W49,週一,下午,4,3,0,0,0,1
153463537,116516,1377,5,資訊教育,製作互動專題簡報,382.955,84,2024-12-02 12:47:31,2024,12,2024-W49,週一,下午,6,5,0,0,0,1
153465028,27845,1377,5,資訊教育,規劃互動專題簡報,391.829,100,2024-12-02 12:51:33,2024,12,2024-W49,週一,下午,1,0,0,0,0,0
153465577,29075,1377,5,資訊教育,變更投影片主題,337.237,100,2024-12-02 12:52:52,2024,12,2024-W49,週一,下午,2,1,0,0,0,0
153465620,132515,1377,5,資訊教育,更完美的闖關製作與其他簡報軟體設定,326.229,100,2024-12-02 12:52:57,2024,12,2024-W49,週一,下午,5,4,0,0,0,1
153465711,26970,1377,5,資訊教育,製作互動專題簡報,382.955,1,2024-12-02 12:53:12,2024,12,2024-W49,週一,下午,2,2,1,0,0,0
153465999,26970,1377,5,資訊教育,製作互動專題簡報,382.955,100,2024-12-02 12:53:51,2024,12,2024-W49,週一,下午,4,3,0,0,0,1
153466047,29204,1377,5,資訊教育,製作互動專題簡報,382.955,100,2024-12-02 12:53:56,2024,12,2024-W49,週一,下午,2,1,0,0,0,1
153466057,27279,1377,5,資訊教育,智慧闖關的第一步,246.101,100,2024-12-02 12:53:58,2024,12,2024-W49,週一,下午,3,2,0,0,0,1
153466107,116516,1377,5,資訊教育,智慧闖關的第一步,246.101,48,2024-12-02 12:54:05,2024,12,2024-W49,週一,下午,5,5,0,0,0,1
153466541,29231,1377,5,資訊教育,更完美的闖關製作與其他簡報軟體設定,326.229,100,2024-12-02 12:55:14,2024,12,2024-W49,週一,下午,5,4,0,0,0,2
153467026,27845,1377,5,資訊教育,製作互動專題簡報,382.955,100,2024-12-02 12:56:30,2024,12,2024-W49,週一,下午,2,1,0,0,0,1
153467720,27279,1377,5,資訊教育,智慧闖關的第一步,246.101,12,2024-12-02 12:58:36,2024,12,2024-W49,週一,下午,1,0,0,0,0,0
153468280,25068,1377,5,資訊教育,製作互動專題簡報,382.955,100,2024-12-02 13:00:14,2024,12,2024-W49,週一,下午,7,6,0,0,0,1
153468288,116516,1377,5,資訊教育,製作互動專題簡報,382.955,100,2024-12-02 13:00:15,2024,12,2024-W49,週一,下午,1,0,0,0,0,0
153468510,26970,1377,5,資訊教育,製作互動專題簡報,382.955,100,2024-12-02 13:00:53,2024,12,2024-W49,週一,下午,14,13,0,0,0,1
153468629,27279,1377,5,資訊教育,智慧闖關的第一步,246.101,100,2024-12-02 13:01:17,2024,12,2024-W49,週一,下午,2,1,0,0,0,1
153468746,29075,1377,5,資訊教育,匯入投影片主題,253.227,100,2024-12-02 13:01:40,2024,12,2024-W49,週一,下午,4,3,1,0,0,2
153468810,34771,1377,5,資訊教育,增刪投影片與版面配置,283.008,100,2024-12-02 13:01:56,2024,12,2024-W49,週一,下午,6,9,0,0,0,1
153468892,29165,1377,5,資訊教育,設計好看的封面,362.795,100,2024-12-02 13:02:14,2024,12,2024-W49,週一,下午,5,4,1,0,0,2
153469453,29204,1377,5,資訊教育,智慧闖關的第一步,246.101,100,2024-12-02 13:03:48,2024,12,2024-W49,週一,下午,2,1,0,0,0,1
153469507,116516,1377,5,資訊教育,智慧闖關的第一步,246.101,100,2024-12-02 13:03:59,2024,12,2024-W49,週一,下午,1,0,0,0,0,0
153469616,29231,1377,5,資訊教育,簡報物件動畫設計,309.077,100,2024-12-02 13:04:19,2024,12,2024-W49,週一,下午,2,1,0,0,0,1
153469961,27845,1377,5,資訊教育,簡報物件動畫設計,309.077,5,2024-12-02 13:05:24,2024,12,2024-W49,週一,下午,1,1,0,0,0,0
153470022,27279,1377,5,資訊教育,問答簡報是非與選擇題製作,453.397,100,2024-12-02 13:05:38,2024,12,2024-W49,週一,下午,2,1,0,0,0,1
153470302,132515,1377,5,資訊教育,規劃互動專題簡報,391.829,100,2024-12-02 13:06:31,2024,12,2024-W49,週一,下午,3,2,0,0,0,1
153470584,25068,1377,5,資訊教育,製作互動專題簡報,382.955,1,2024-12-02 13:07:28,2024,12,2024-W49,週一,下午,3,2,0,0,0,0
153470734,29075,1377,5,資訊教育,設計好看的封面,362.795,7,2024-12-02 13:08:00,2024,12,2024-W49,週一,下午,1,0,0,0,0,0
153470789,116516,1377,5,資訊教育,問答簡報是非與選擇題製作,453.397,54,2024-12-02 13:08:11,2024,12,2024-W49,週一,下午,18,18,0,0,0,1
153471300,25068,1377,5,資訊教育,智慧闖關的第一步,246.101,100,2024-12-02 13:10:14,2024,12,2024-W49,週一,下午,7,6,0,0,0,1
153471653,29165,1377,5,資訊教育,輸入簡報內容及插入網頁圖片,393.195,100,2024-12-02 13:11:32,2024,12,2024-W49,週一,下午,4,3,1,0,0,2
153471926,29075,1377,5,資訊教育,設計好看的封面,362.795,100,2024-12-02 13:12:35,2024,12,2024-W49,週一,下午,4,3,1,0,0,2
153472035,29204,1377,5,資訊教育,問答簡報是非與選擇題製作,453.397,62,2024-12-02 13:13:00,2024,12,2024-W49,週一,下午,3,3,0,0,0,1
153472193,27279,1377,5,資訊教育,略過投影片與投影播放,412.16,59,2024-12-02 13:13:37,2024,12,2024-W49,週一,下午,2,2,0,0,0,1
153472265,132515,1377,5,資訊教育,規劃互動專題簡報,391.829,15,2024-12-02 13:13:56,2024,12,2024-W49,週一,下午,1,0,0,0,0,0
153472500,26970,1377,5,資訊教育,智慧闖關的第一步,246.101,82,2024-12-02 13:14:53,2024,12,2024-W49,週一,下午,7,7,2,0,0,3
153472509,34771,1377,5,資訊教育,應用探索功能-插入圖片,257.749,84,2024-12-02 13:14:57,2024,12,2024-W49,週一,下午,3,3,0,0,0,1
153472602,132515,1377,5,資訊教育,製作互動專題簡報,382.955,61,2024-12-02 13:15:17,2024,12,2024-W49,週一,下午,2,2,0,0,0,1
153472988,25068,1377,5,資訊教育,智慧闖關的第一步,246.101,0,2024-12-02 13:17:11,2024,12,2024-W49,週一,下午,2,1,0,0,0,0
153479433,51593,1377,4,資訊教育,管理聯絡人與寄送郵件,212.437,100,2024-12-02 13:43:22,2024,12,2024-W49,週一,下午,2,1,0,0,0,1
153481759,51593,1377,4,資訊教育,郵件個人化設定與網路禮儀,340.949,100,2024-12-02 13:49:36,2024,12,2024-W49,週一,下午,2,1,0,0,0,1
153514050,24756,1377,5,資訊教育,略過投影片與投影播放,412.16,24,2024-12-02 15:08:48,2024,12,2024-W49,週一,下午,4,4,0,0,0,0
153514104,26970,1377,5,資訊教育,智慧闖關的第一步,246.101,100,2024-12-02 15:08:57,2024,12,2024-W49,週一,下午,1,0,0,0,0,0
153515947,27279,1377,5,資訊教育,問答簡報是非與選擇題製作,453.397,13,2024-12-02 15:13:55,2024,12,2024-W49,週一,下午,1,1,0,0,0,0
153518495,27279,1377,5,資訊教育,問答簡報是非與選擇題製作,453.397,92,2024-12-02 15:22:19,2024,12,2024-W49,週一,下午,2,1,0,0,0,1
153518592,26970,1377,5,資訊教育,問答簡報是非與選擇題製作,453.397,29,2024-12-02 15:22:33,2024,12,2024-W49,週一,下午,10,10,2,0,0,1
153518805,25068,1377,5,資訊教育,問答簡報是非與選擇題製作,453.397,100,2024-12-02 15:23:06,2024,12,2024-W49,週一,下午,3,2,1,0,0,1
153519434,34771,1377,5,資訊教育,應用探索功能-插入圖片,257.749,100,2024-12-02 15:24:39,2024,12,2024-W49,週一,下午,1,0,0,0,0,0
153519704,27736,1377,5,資訊教育,匯入投影片主題,253.227,100,2024-12-02 15:25:17,2024,12,2024-W49,週一,下午,1,0,0,0,0,0
153520041,29075,1377,5,資訊教育,輸入簡報內容及插入網頁圖片,393.195,12,2024-12-02 15:26:08,2024,12,2024-W49,週一,下午,3,2,0,0,0,0
153520087,116516,1377,5,資訊教育,問答簡報是非與選擇題製作,453.397,20,2024-12-02 15:26:14,2024,12,2024-W49,週一,下午,3,3,0,0,0,1
153520427,27279,1377,5,資訊教育,略過投影片與投影播放,412.16,56,2024-12-02 15:26:58,2024,12,2024-W49,週一,下午,1,1,0,0,0,1
153520768,29204,1377,5,資訊教育,問答簡報是非與選擇題製作,453.397,19,2024-12-02 15:27:39,2024,12,2024-W49,週一,下午,1,1,0,0,0,1
153520935,26970,1377,5,資訊教育,問答簡報是非與選擇題製作,453.397,85,2024-12-02 15:28:04,2024,12,2024-W49,週一,下午,8,8,0,0,0,1
153524590,27845,1377,5,資訊教育,智慧闖關的第一步,246.101,89,2024-12-02 15:37:22,2024,12,2024-W49,週一,下午,3,2,0,2,0,0
153524826,27845,1377,5,資訊教育,問答簡報是非與選擇題製作,453.397,100,2024-12-02 15:38:05,2024,12,2024-W49,週一,下午,1,1,0,0,0,0
153525141,27845,1377,5,資訊教育,略過投影片與投影播放,412.16,54,2024-12-02 15:39:00,2024,12,2024-W49,週一,下午,3,3,0,1,0,0
153526112,29075,1377,5,資訊教育,規劃互動專題簡報,391.829,21,2024-12-02 15:41:26,2024,12,2024-W49,週一,下午,3,2,0,0,0,0
153526851,29075,1377,5,資訊教育,規劃互動專題簡報,391.829,100,2024-12-02 15:43:09,2024,12,2024-W49,週一,下午,7,6,4,0,0,2
153527190,24756,1377,5,資訊教育,製作互動專題簡報,382.955,15,2024-12-02 15:43:54,2024,12,2024-W49,週一,下午,5,5,0,0,0,1
153527250,75257,2284,6,數學108,video:N-5-10-S04,308.48,5,2024-12-02 15:44:02,2024,12,2024-W49,週一,下午,2,2,0,0,0,0
153527632,29165,1377,5,資訊教育,使用項目符號、探索功能,337.237,95,2024-12-02 15:44:52,2024,12,2024-W49,週一,下午,2,2,0,0,0,1
153528311,27279,1377,5,資訊教育,略過投影片與投影播放,412.16,60,2024-12-02 15:46:06,2024,12,2024-W49,週一,下午,2,2,0,0,0,1
153613662,27279,1377,5,資訊教育,略過投影片與投影播放,412.16,100,2024-12-03 08:13:00,2024,12,2024-W49,週二,上午,1,0,0,0,0,0
153615562,27279,1377,5,資訊教育,更完美的闖關製作與其他簡報軟體設定,326.229,69,2024-12-03 08:15:54,2024,12,2024-W49,週二,上午,6,15,0,0,0,1
153645177,116516,1377,5,資訊教育,問答簡報是非與選擇題製作,453.397,35,2024-12-03 09:33:42,2024,12,2024-W49,週二,上午,1,1,0,0,0,0
153646305,29231,1377,5,資訊教育,問答簡報是非與選擇題製作,453.397,39,2024-12-03 09:38:20,2024,12,2024-W49,週二,上午,7,7,0,0,0,1
153646366,132515,1377,5,資訊教育,更完美的闖關製作與其他簡報軟體設定,326.229,51,2024-12-03 09:38:33,2024,12,2024-W49,週二,上午,10,10,4,3,0,1
153646581,29075,1377,5,資訊教育,智慧闖關的第一步,246.101,100,2024-12-03 09:39:10,2024,12,2024-W49,週二,上午,5,4,1,0,0,2
153646598,26970,1377,5,資訊教育,問答簡報是非與選擇題製作,453.397,100,2024-12-03 09:39:13,2024,12,2024-W49,週二,上午,1,0,0,0,0,0
153646748,116516,1377,5,資訊教育,更完美的闖關製作與其他簡報軟體設定,326.229,19,2024-12-03 09:39:37,2024,12,2024-W49,週二,上午,2,2,0,0,0,0
153646775,29165,1377,5,資訊教育,略過投影片與投影播放,412.16,100,2024-12-03 09:39:43,2024,12,2024-W49,週二,上午,13,19,1,0,0,2
153647088,27736,1377,5,資訊教育,更完美的闖關製作與其他簡報軟體設定,326.229,51,2024-12-03 09:40:51,2024,12,2024-W49,週二,上午,4,4,0,0,0,1
153647324,34771,1377,5,資訊教育,智慧闖關的第一步,246.101,69,2024-12-03 09:41:48,2024,12,2024-W49,週二,上午,2,1,0,0,0,1
153647382,26970,1377,5,資訊教育,略過投影片與投影播放,412.16,100,2024-12-03 09:42:05,2024,12,2024-W49,週二,上午,15,14,0,0,0,1
153647622,29204,1377,5,資訊教育,問答簡報是非與選擇題製作,453.397,74,2024-12-03 09:43:06,2024,12,2024-W49,週二,上午,8,8,6,0,0,1
153647748,25068,1377,5,資訊教育,略過投影片與投影播放,412.16,1,2024-12-03 09:43:35,2024,12,2024-W49,週二,上午,2,1,0,0,0,0
153647818,25068,1377,5,資訊教育,略過投影片與投影播放,412.16,28,2024-12-03 09:43:52,2024,12,2024-W49,週二,上午,1,0,0,0,0,0
153648082,34771,1377,5,資訊教育,問答簡報是非與選擇題製作,453.397,100,2024-12-03 09:44:55,2024,12,2024-W49,週二,上午,2,1,0,0,0,1
153648237,132515,1377,5,資訊教育,問答簡報是非與選擇題製作,453.397,31,2024-12-03 09:45:20,2024,12,2024-W49,週二,上午,2,2,0,6,0,0
153648447,25068,1377,5,資訊教育,略過投影片與投影播放,412.16,100,2024-12-03 09:45:58,2024,12,2024-W49,週二,上午,2,1,0,0,0,1
153648561,25068,1377,5,資訊教育,問答簡報是非與選擇題製作,453.397,44,2024-12-03 09:46:19,2024,12,2024-W49,週二,上午,5,5,0,0,0,1
153651532,29075,1377,5,資訊教育,製作互動專題簡報,382.955,100,2024-12-03 09:47:43,2024,12,2024-W49,週二,上午,3,2,0,0,0,1
153651608,34771,1377,5,資訊教育,問答簡報是非與選擇題製作,453.397,100,2024-12-03 09:48:01,2024,12,2024-W49,週二,上午,2,1,0,0,0,0
153652786,25068,1377,5,資訊教育,問答簡報是非與選擇題製作,453.397,100,2024-12-03 09:52:17,2024,12,2024-W49,週二,上午,1,0,0,0,0,0
153653104,34771,1377,5,資訊教育,智慧闖關的第一步,246.101,100,2024-12-03 09:53:31,2024,12,2024-W49,週二,上午,1,0,0,0,0,0
153654298,29075,1377,5,資訊教育,製作互動專題簡報,382.955,2,2024-12-03 09:56:53,2024,12,2024-W49,週二,上午,1,1,0,0,0,0
153654544,29165,1377,5,資訊教育,更完美的闖關製作與其他簡報軟體設定,326.229,100,2024-12-03 09:57:35,2024,12,2024-W49,週二,上午,12,11,2,0,0,2
153655451,34771,1377,5,資訊教育,略過投影片與投影播放,412.16,27,2024-12-03 09:59:58,2024,12,2024-W49,週二,上午,1,0,0,0,0,0
153655778,34771,1377,5,資訊教育,略過投影片與投影播放,412.16,37,2024-12-03 10:00:57,2024,12,2024-W49,週二,上午,2,1,0,0,0,0
153655947,25068,1377,5,資訊教育,更完美的闖關製作與其他簡報軟體設定,326.229,100,2024-12-03 10:01:27,2024,12,2024-W49,週二,上午,8,7,0,0,0,1
153655965,29075,1377,5,資訊教育,問答簡報是非與選擇題製作,453.397,20,2024-12-03 10:01:31,2024,12,2024-W49,週二,上午,2,2,0,0,0,1
153656195,34771,1377,5,資訊教育,略過投影片與投影播放,412.16,66,2024-12-03 10:02:22,2024,12,2024-W49,週二,上午,5,4,0,0,0,1
153656394,25068,1377,5,資訊教育,更完美的闖關製作與其他簡報軟體設定,326.229,100,2024-12-03 10:03:04,2024,12,2024-W49,週二,上午,5,4,0,0,0,1
153656436,34771,1377,5,資訊教育,略過投影片與投影播放,412.16,100,2024-12-03 10:03:13,2024,12,2024-W49,週二,上午,4,3,0,0,0,1
153657150,34771,1377,5,資訊教育,變更投影片主題,337.237,73,2024-12-03 10:05:39,2024,12,2024-W49,週二,上午,1,1,0,0,0,0
153657789,24756,1377,5,資訊教育,略過投影片與投影播放,412.16,53,2024-12-03 10:07:34,2024,12,2024-W49,週二,上午,4,4,0,0,0,0
153657928,34771,1377,5,資訊教育,更完美的闖關製作與其他簡報軟體設定,326.229,42,2024-12-03 10:08:01,2024,12,2024-W49,週二,上午,2,2,0,0,0,1
153657984,26970,1377,5,資訊教育,更完美的闖關製作與其他簡報軟體設定,326.229,12,2024-12-03 10:08:11,2024,12,2024-W49,週二,上午,1,1,0,0,0,0
153658686,34771,1377,5,資訊教育,更完美的闖關製作與其他簡報軟體設定,326.229,100,2024-12-03 10:10:53,2024,12,2024-W49,週二,上午,2,1,0,0,0,1
153714760,89348,2284,2,國語文108,推論理解[二]/段落情緒推論,337.28,100,2024-12-03 13:44:22,2024,12,2024-W49,週二,下午,1,1,0,0,0,0
153716356,89348,2284,2,國語文108,推論理解[二]/句子情緒推論,351.061,100,2024-12-03 13:48:17,2024,12,2024-W49,週二,下午,4,3,0,4,0,0
153719381,88805,2284,2,國語文108,推論理解[二]/段落情緒推論,337.28,100,2024-12-03 13:54:51,2024,12,2024-W49,週二,下午,2,1,0,0,0,0
153764645,60833,2284,5,數學108,video:S-5-6-S04,581.845,1,2024-12-03 15:47:58,2024,12,2024-W49,週二,下午,3,3,1,0,0,0
153764772,60833,2284,5,數學108,video:S-5-6-S04,581.845,3,2024-12-03 15:48:11,2024,12,2024-W49,週二,下午,1,1,0,0,0,0
153765268,60833,2284,5,數學108,video:S-5-6-S04,581.845,5,2024-12-03 15:49:07,2024,12,2024-W49,週二,下午,1,1,0,0,0,0
153765727,60833,2284,5,數學108,video:S-5-6-S04,581.845,0,2024-12-03 15:50:00,2024,12,2024-W49,週二,下午,16,16,7,0,0,0
153768453,60833,2284,5,數學108,video:S-5-6-S04,581.845,100,2024-12-03 15:55:57,2024,12,2024-W49,週二,下午,4,3,2,0,0,0
153776808,70359,2284,5,數學108,video:N-5-4-S01,344.92,100,2024-12-03 16:15:59,2024,12,2024-W49,週二,下午,7,6,0,0,0,0
153776914,70502,2284,5,數學108,video:N-5-4-S01,344.92,100,2024-12-03 16:16:09,2024,12,2024-W49,週二,下午,2,1,0,0,0,0
153776943,249749,2284,3,數學108,N-3-16-S01,320.6,3,2024-12-03 16:16:12,2024,12,2024-W49,週二,下午,1,0,0,0,0,0
153777165,60833,2284,5,數學108,video:N-5-4-S02,585.44,100,2024-12-03 16:16:35,2024,12,2024-W49,週二,下午,7,7,4,0,0,0
153777203,60826,2284,5,數學108,video:N-5-4-S01,344.92,100,2024-12-03 16:16:39,2024,12,2024-W49,週二,下午,25,24,3,0,0,0
153777391,80289,2284,5,數學108,video:N-5-4-S01,344.92,100,2024-12-03 16:17:00,2024,12,2024-W49,週二,下午,9,8,1,0,0,0
153777727,60833,2284,5,數學108,video:N-5-4-S01,344.92,100,2024-12-03 16:17:27,2024,12,2024-W49,週二,下午,11,10,2,0,0,0
153778658,165765,2284,5,數學108,video:N-5-4-S01,344.92,84,2024-12-03 16:18:42,2024,12,2024-W49,週二,下午,5,4,0,0,0,0
153782326,60833,2284,5,數學108,video:N-5-4-S01,344.92,100,2024-12-03 16:24:08,2024,12,2024-W49,週二,下午,3,3,0,1,0,0
153783177,70359,2284,5,數學108,video:N-5-4-S02,585.44,82,2024-12-03 16:25:19,2024,12,2024-W49,週二,下午,3,3,0,0,0,0
153783526,165765,2284,5,數學108,video:N-5-4-S01,344.92,100,2024-12-03 16:25:45,2024,12,2024-W49,週二,下午,3,2,0,0,0,0
153784410,165765,2284,5,數學108,video:N-5-4-S02,585.44,100,2024-12-03 16:27:01,2024,12,2024-W49,週二,下午,9,8,0,0,0,0
153784530,60833,2284,5,數學108,video:N-5-4-S01,344.92,100,2024-12-03 16:27:10,2024,12,2024-W49,週二,下午,2,2,0,1,0,0
153784647,80289,2284,5,數學108,video:N-5-4-S02,585.44,100,2024-12-03 16:27:20,2024,12,2024-W49,週二,下午,4,3,0,0,0,0
153785145,60833,2284,5,數學108,video:N-5-4-S02,585.44,100,2024-12-03 16:28:04,2024,12,2024-W49,週二,下午,1,1,0,0,0,0
153785255,60833,2284,5,數學108,video:N-5-4-S02,585.44,100,2024-12-03 16:28:14,2024,12,2024-W49,週二,下午,1,1,0,0,0,0
153785813,70502,2284,5,數學108,video:N-5-4-S02,585.44,66,2024-12-03 16:28:59,2024,12,2024-W49,週二,下午,1,1,0,0,0,0
153819203,132515,1377,5,資訊教育,更完美的闖關製作與其他簡報軟體設定,326.229,35,2024-12-03 19:12:30,2024,12,2024-W49,週二,晚上,13,14,9,0,0,2
153821649,167466,2284,5,數學108,video:S-5-6-S04,581.845,100,2024-12-03 19:34:38,2024,12,2024-W49,週二,晚上,2,1,0,0,0,0
153859678,87061,2284,5,數學108,video:N-5-4-S01,344.92,100,2024-12-04 07:20:08,2024,12,2024-W49,週三,上午,3,2,0,0,0,0
153860225,87061,2284,5,數學108,video:N-5-4-S02,585.44,100,2024-12-04 07:30:12,2024,12,2024-W49,週三,上午,8,7,0,0,0,0
153861179,178455,2284,5,數學108,video:S-5-6-S04,581.845,37,2024-12-04 07:42:47,2024,12,2024-W49,週三,上午,3,2,0,0,0,0
153862384,60833,2284,5,數學108,video:N-5-4-S01,344.92,100,2024-12-04 07:54:49,2024,12,2024-W49,週三,上午,3,3,0,1,0,0
153862684,60833,2284,5,數學108,video:N-5-4-S01,344.92,71,2024-12-04 07:56:49,2024,12,2024-W49,週三,上午,1,1,0,0,0,0
153863192,178025,2284,5,數學108,video:S-5-6-S04,581.845,14,2024-12-04 07:59:16,2024,12,2024-W49,週三,上午,1,0,0,0,0,0
153900776,87061,2284,5,數學108,video:S-5-6-S04,581.845,6,2024-12-04 09:14:30,2024,12,2024-W49,週三,上午,2,2,0,0,0,0
153902875,87061,2284,5,數學108,video:S-5-6-S04,581.845,100,2024-12-04 09:18:43,2024,12,2024-W49,週三,上午,2,1,0,0,0,0
153910689,93753,2284,2,數學108,能區分事件發生的先後順序,361.24,15,2024-12-04 09:44:15,2024,12,2024-W49,週三,上午,1,53,0,0,0,1
153912964,93753,2284,2,數學108,能區分事件發生的先後順序,361.24,15,2024-12-04 09:49:44,2024,12,2024-W49,週三,上午,1,0,0,0,0,0
153913133,93753,2284,2,數學108,能區分事件發生的先後順序,361.24,97,2024-12-04 09:50:16,2024,12,2024-W49,週三,上午,5,4,0,0,0,3
153924357,87061,2284,5,數學108,video:S-5-6-S04,581.845,0,2024-12-04 10:26:41,2024,12,2024-W49,週三,上午,1,1,0,0,0,0
154017325,252023,2284,3,數學108,N-3-16-S01,320.6,100,2024-12-04 20:35:24,2024,12,2024-W49,週三,晚上,1,0,0,0,0,0
154132181,88271,2284,5,數學108,video:N-5-4-S01,344.92,0,2024-12-05 11:39:52,2024,12,2024-W49,週四,上午,1,0,0,0,0,0
154138684,93898,2284,2,數學108,N-2-8-S01,485.935,8,2024-12-05 11:50:43,2024,12,2024-W49,週四,上午,2,1,1,0,0,0
154141070,70332,2284,5,自然,210-2a-03,333.553,4,2024-12-05 11:54:29,2024,12,2024-W49,週四,上午,2,2,0,0,0,0
154141683,94078,2284,2,數學108,R-2-2-S02,437.719,66,2024-12-05 11:55:40,2024,12,2024-W49,週四,上午,5,5,0,0,0,0
154143969,93669,2284,2,數學108,N-2-8-S04,596.52,0,2024-12-05 11:59:53,2024,12,2024-W49,週四,上午,4,4,0,0,0,0
154209877,78205,1377,3,資訊教育,認識檔案與資料夾,214.037,100,2024-12-05 15:19:16,2024,12,2024-W49,週四,下午,4,3,0,0,0,1
154211578,116465,1377,3,數學108,S-3-2-S01,364.12,31,2024-12-05 15:22:50,2024,12,2024-W49,週四,下午,4,4,0,0,0,0
154223153,78205,1377,3,資訊教育,認識電腦的計量單位,282.411,100,2024-12-05 15:47:43,2024,12,2024-W49,週四,下午,1,0,0,0,0,0
154389598,239765,1377,6,資訊教育,著作權法、創用CC和遊戲規劃,335.16,100,2024-12-06 11:20:07,2024,12,2024-W49,週五,上午,8,7,0,0,0,1
154389604,238999,1377,6,資訊教育,消失的老鼠,232.92,100,2024-12-06 11:20:10,2024,12,2024-W49,週五,上午,1,0,0,0,0,0
154389634,230454,1377,6,資訊教育,設計遊戲場景和正義使者主角,401.968,100,2024-12-06 11:20:28,2024,12,2024-W49,週五,上午,7,7,2,0,0,0
154389653,241854,1377,6,資訊教育,控制大花貓,234.96,100,2024-12-06 11:20:35,2024,12,2024-W49,週五,上午,4,3,0,0,0,0
154389673,239005,1377,6,資訊教育,設計遊戲場景和正義使者主角,401.968,100,2024-12-06 11:20:46,2024,12,2024-W49,週五,上午,6,5,0,0,0,0
154389720,230014,1377,6,資訊教育,著作權法、創用CC和遊戲規劃,335.16,30,2024-12-06 11:21:16,2024,12,2024-W49,週五,上午,2,2,0,0,0,1
154389748,238999,1377,6,資訊教育,細說變數,214.96,100,2024-12-06 11:21:30,2024,12,2024-W49,週五,上午,2,1,0,0,0,1
154389780,241840,1377,6,資訊教育,設計遊戲魔鬼主角程式積木,270.137,1,2024-12-06 11:21:47,2024,12,2024-W49,週五,上午,1,1,0,0,0,0
154389866,230014,1377,6,資訊教育,設計遊戲魔鬼主角造型,210.11,97,2024-12-06 11:22:20,2024,12,2024-W49,週五,上午,7,6,0,0,0,0
154389943,238715,1377,6,資訊教育,設計遊戲魔鬼主角造型,210.11,100,2024-12-06 11:22:51,2024,12,2024-W49,週五,上午,15,14,2,0,0,1
154389992,239275,1377,6,資訊教育,隨機移動的小老鼠,430.196,100,2024-12-06 11:23:09,2024,12,2024-W49,週五,上午,16,15,2,0,0,0
154390129,241840,1377,6,資訊教育,遊戲的難易度和勝負判斷,117.25,1,2024-12-06 11:23:50,2024,12,2024-W49,週五,上午,1,1,0,0,0,0
154390243,241840,1377,6,資訊教育,讓遊戲更精彩,236.136,0,2024-12-06 11:24:30,2024,12,2024-W49,週五,上午,1,1,0,0,0,0
154390255,237057,1377,6,資訊教育,隨機移動的小老鼠,430.196,54,2024-12-06 11:24:32,2024,12,2024-W49,週五,上午,3,3,0,0,0,0
154390291,230630,1377,6,資訊教育,著作權法、創用CC和遊戲規劃,335.16,100,2024-12-06 11:24:45,2024,12,2024-W49,週五,上午,3,2,0,0,0,1
154390317,241840,1377,6,資訊教育,倒數計時,276.243,97,2024-12-06 11:24:55,2024,12,2024-W49,週五,上午,1,1,2,0,0,0
154390519,242894,1377,6,資訊教育,控制大花貓,234.96,100,2024-12-06 11:26:01,2024,12,2024-W49,週五,上午,6,5,0,0,0,1
154390656,239702,1377,6,資訊教育,隨機移動的小老鼠,430.196,100,2024-12-06 11:26:41,2024,12,2024-W49,週五,上午,8,7,0,0,0,0
154390737,230454,1377,6,資訊教育,設計遊戲魔鬼主角造型,210.11,100,2024-12-06 11:27:03,2024,12,2024-W49,週五,上午,9,8,0,0,0,1
154390835,230014,1377,6,資訊教育,設計遊戲魔鬼主角程式積木,270.137,100,2024-12-06 11:27:29,2024,12,2024-W49,週五,上午,1,1,1,0,0,0
154390912,237057,1377,6,資訊教育,隨機移動的小老鼠,430.196,61,2024-12-06 11:27:48,2024,12,2024-W49,週五,上午,2,2,0,0,0,0
154390932,239005,1377,6,資訊教育,設計遊戲魔鬼主角造型,210.11,100,2024-12-06 11:27:53,2024,12,2024-W49,週五,上午,9,7,0,0,0,1
154391421,238715,1377,6,資訊教育,設計遊戲魔鬼主角程式積木,270.137,60,2024-12-06 11:29:20,2024,12,2024-W49,週五,上午,10,10,2,0,0,1
154392129,230630,1377,6,資訊教育,設計遊戲場景和正義使者主角,401.968,100,2024-12-06 11:31:21,2024,12,2024-W49,週五,上午,20,20,2,0,0,2
154392688,239765,1377,6,資訊教育,設計遊戲場景和正義使者主角,401.968,80,2024-12-06 11:32:59,2024,12,2024-W49,週五,上午,40,41,1,0,0,1
154392843,230454,1377,6,資訊教育,設計遊戲魔鬼主角程式積木,270.137,100,2024-12-06 11:33:29,2024,12,2024-W49,週五,上午,25,24,5,0,0,1
154393004,239005,1377,6,資訊教育,設計遊戲魔鬼主角造型,210.11,21,2024-12-06 11:33:58,2024,12,2024-W49,週五,上午,1,1,0,0,0,0
154393032,239005,1377,6,資訊教育,設計遊戲魔鬼主角程式積木,270.137,88,2024-12-06 11:34:02,2024,12,2024-W49,週五,上午,20,20,4,0,0,3
154393773,238715,1377,6,資訊教育,設計遊戲魔鬼主角程式積木,270.137,73,2024-12-06 11:35:56,2024,12,2024-W49,週五,上午,11,11,2,0,0,1
154393960,241840,1377,6,資訊教育,倒數計時,276.243,100,2024-12-06 11:36:28,2024,12,2024-W49,週五,上午,1,0,0,0,0,0
154394050,241840,1377,6,資訊教育,倒數計時,276.243,62,2024-12-06 11:36:42,2024,12,2024-W49,週五,上午,2,2,0,1,0,0
154394704,239702,1377,6,資訊教育,向左走向右走,442.876,50,2024-12-06 11:38:28,2024,12,2024-W49,週五,上午,16,16,0,0,0,1
154394774,238999,1377,6,資訊教育,變數的應用,223.84,46,2024-12-06 11:38:39,2024,12,2024-W49,週五,上午,1,1,0,0,0,0
154394864,239275,1377,6,資訊教育,向左走向右走,442.876,1,2024-12-06 11:38:52,2024,12,2024-W49,週五,上午,1,1,0,0,0,0
154395266,242894,1377,6,資訊教育,消失的老鼠,232.92,100,2024-12-06 11:39:51,2024,12,2024-W49,週五,上午,2,1,0,0,0,1
154395587,230014,1377,6,資訊教育,設計遊戲魔鬼主角程式積木,270.137,89,2024-12-06 11:40:33,2024,12,2024-W49,週五,上午,2,2,0,1,0,0
154395997,230014,1377,6,資訊教育,遊戲的難易度和勝負判斷,117.25,3,2024-12-06 11:41:21,2024,12,2024-W49,週五,上午,1,1,0,0,0,0
154396189,238999,1377,6,資訊教育,著作權法、創用CC和遊戲規劃,335.16,100,2024-12-06 11:41:46,2024,12,2024-W49,週五,上午,15,14,1,0,0,2
154396205,239275,1377,6,資訊教育,細說變數,214.96,100,2024-12-06 11:41:49,2024,12,2024-W49,週五,上午,10,10,4,0,0,2
154396601,230014,1377,6,資訊教育,設計遊戲場景和正義使者主角,401.968,93,2024-12-06 11:42:36,2024,12,2024-W49,週五,上午,3,3,0,2,0,0
154396727,241854,1377,6,資訊教育,細說變數,214.96,53,2024-12-06 11:42:51,2024,12,2024-W49,週五,上午,5,5,0,0,0,1
154398245,241854,1377,6,資訊教育,細說變數,214.96,100,2024-12-06 11:45:50,2024,12,2024-W49,週五,上午,3,2,0,0,0,0
154398624,237057,1377,6,資訊教育,隨機移動的小老鼠,430.196,70,2024-12-06 11:46:40,2024,12,2024-W49,週五,上午,3,2,0,0,0,0
154400016,239702,1377,6,資訊教育,向左走向右走,442.876,100,2024-12-06 11:50:04,2024,12,2024-W49,週五,上午,20,19,0,0,0,1
154400580,230630,1377,6,資訊教育,設計遊戲魔鬼主角造型,210.11,57,2024-12-06 11:51:28,2024,12,2024-W49,週五,上午,1,1,0,0,0,0
154402006,241854,1377,6,資訊教育,變數的應用,223.84,46,2024-12-06 11:55:45,2024,12,2024-W49,週五,上午,2,2,0,0,0,0
154402071,241568,1377,6,資訊教育,自創角色跑起來,455.221,100,2024-12-06 11:56:01,2024,12,2024-W49,週五,上午,1,0,0,0,0,0
154402483,230454,1377,6,資訊教育,遊戲的難易度和勝負判斷,117.25,69,2024-12-06 11:57:23,2024,12,2024-W49,週五,上午,5,5,0,0,0,1
154402840,241568,1377,6,資訊教育,兩個角色的互動,293.16,21,2024-12-06 11:58:56,2024,12,2024-W49,週五,上午,1,0,0,0,0,0
154418674,52202,1377,6,資訊教育,控制大花貓,234.96,80,2024-12-06 13:30:41,2024,12,2024-W49,週五,下午,15,15,1,0,0,1
154418712,52814,1377,6,資訊教育,遊戲的難易度和勝負判斷,117.25,66,2024-12-06 13:30:51,2024,12,2024-W49,週五,下午,3,4,1,0,0,1
154419062,51408,1377,6,資訊教育,設計遊戲魔鬼主角程式積木,270.137,59,2024-12-06 13:32:34,2024,12,2024-W49,週五,下午,10,10,1,0,0,1
154419249,51515,1377,6,資訊教育,設計遊戲場景和正義使者主角,401.968,69,2024-12-06 13:33:22,2024,12,2024-W49,週五,下午,5,5,1,0,0,0
154419590,51515,1377,6,資訊教育,設計遊戲場景和正義使者主角,401.968,76,2024-12-06 13:34:38,2024,12,2024-W49,週五,下午,6,6,1,0,0,0
154419975,52418,1377,6,資訊教育,建立自創角色,292.058,89,2024-12-06 13:35:57,2024,12,2024-W49,週五,下午,9,9,0,0,0,1
154420989,163235,1377,6,資訊教育,設計遊戲場景和正義使者主角,401.968,100,2024-12-06 13:39:08,2024,12,2024-W49,週五,下午,3,3,0,0,0,0
154421093,51872,1377,6,資訊教育,設計遊戲魔鬼主角造型,210.11,95,2024-12-06 13:39:25,2024,12,2024-W49,週五,下午,7,9,1,0,0,2
154423295,163235,1377,6,資訊教育,設計遊戲場景和正義使者主角,401.968,82,2024-12-06 13:45:55,2024,12,2024-W49,週五,下午,33,33,6,12,0,1
154423495,52229,1377,6,資訊教育,向左走向右走,442.876,100,2024-12-06 13:46:31,2024,12,2024-W49,週五,下午,8,7,0,0,0,1
154424367,51408,1377,6,資訊教育,著作權法、創用CC和遊戲規劃,335.16,26,2024-12-06 13:48:30,2024,12,2024-W49,週五,下午,4,3,1,2,0,0
154424546,51408,1377,6,資訊教育,設計遊戲場景和正義使者主角,401.968,100,2024-12-06 13:48:52,2024,12,2024-W49,週五,下午,14,13,0,0,0,1
154427709,52022,1377,6,資訊教育,著作權法、創用CC和遊戲規劃,335.16,1,2024-12-06 13:56:17,2024,12,2024-W49,週五,下午,1,1,0,0,0,0
154428255,52022,1377,6,資訊教育,設計遊戲場景和正義使者主角,401.968,44,2024-12-06 13:57:30,2024,12,2024-W49,週五,下午,8,8,5,0,0,0
154428461,52740,1377,6,資訊教育,設計遊戲場景和正義使者主角,401.968,91,2024-12-06 13:57:59,2024,12,2024-W49,週五,下午,10,10,4,0,0,0
154428568,51872,1377,6,資訊教育,設計遊戲魔鬼主角程式積木,270.137,10,2024-12-06 13:58:12,2024,12,2024-W49,週五,下午,2,2,0,0,0,0
154429724,163235,1377,6,資訊教育,設計遊戲場景和正義使者主角,401.968,94,2024-12-06 14:01:01,2024,12,2024-W49,週五,下午,7,7,0,0,0,0
154430083,52229,1377,6,資訊教育,控制大花貓,234.96,99,2024-12-06 14:01:58,2024,12,2024-W49,週五,下午,8,8,1,0,0,1
154431236,51872,1377,6,資訊教育,設計遊戲場景和正義使者主角,401.968,15,2024-12-06 14:05:11,2024,12,2024-W49,週五,下午,1,1,0,0,0,0
154432179,163235,1377,6,資訊教育,設計遊戲魔鬼主角造型,210.11,0,2024-12-06 14:08:15,2024,12,2024-W49,週五,下午,1,1,0,0,0,0
154432199,51787,1377,6,資訊教育,設計遊戲場景和正義使者主角,401.968,11,2024-12-06 14:08:19,2024,12,2024-W49,週五,下午,1,1,0,0,0,0
154432221,163235,1377,6,資訊教育,設計遊戲魔鬼主角造型,210.11,0,2024-12-06 14:08:23,2024,12,2024-W49,週五,下午,1,1,0,0,0,0
154432259,163235,1377,6,資訊教育,設計遊戲魔鬼主角造型,210.11,1,2024-12-06 14:08:30,2024,12,2024-W49,週五,下午,2,2,1,0,0,0
154441144,13295,1377,5,數學108,video:N-5-2-S01,563.88,100,2024-12-06 14:41:43,2024,12,2024-W49,週五,下午,1,0,0,0,0,0
154452071,170743,1377,6,資訊教育,控制大花貓,234.96,100,2024-12-06 15:18:27,2024,12,2024-W49,週五,下午,4,3,0,0,0,0
154452260,170839,1377,6,資訊教育,變數的應用,223.84,100,2024-12-06 15:19:26,2024,12,2024-W49,週五,下午,1,0,0,0,0,0
154452275,170622,1377,6,資訊教育,向左走向右走,442.876,15,2024-12-06 15:19:29,2024,12,2024-W49,週五,下午,1,1,0,0,0,0
154452301,72906,1377,6,資訊教育,倒數計時,276.243,14,2024-12-06 15:19:37,2024,12,2024-W49,週五,下午,3,3,0,0,0,0
154452366,170169,1377,6,資訊教育,隨機移動的小老鼠,430.196,66,2024-12-06 15:19:53,2024,12,2024-W49,週五,下午,1,1,0,0,0,0
154452477,170382,1377,6,資訊教育,消失的老鼠,232.92,100,2024-12-06 15:20:28,2024,12,2024-W49,週五,下午,7,6,0,0,0,0
154452549,170622,1377,6,資訊教育,控制大花貓,234.96,42,2024-12-06 15:20:46,2024,12,2024-W49,週五,下午,10,10,0,0,0,1
154452636,180013,1377,6,資訊教育,變數的應用,223.84,100,2024-12-06 15:21:09,2024,12,2024-W49,週五,下午,7,6,0,0,0,1
154452723,72906,1377,6,資訊教育,倒數計時,276.243,87,2024-12-06 15:21:30,2024,12,2024-W49,週五,下午,4,3,0,0,0,0
154455094,169901,1377,6,資訊教育,隨機移動的小老鼠,430.196,69,2024-12-06 15:29:17,2024,12,2024-W49,週五,下午,26,28,2,0,0,1
154455205,170169,1377,6,資訊教育,自動與手動開始的遊戲場景,494.16,100,2024-12-06 15:29:36,2024,12,2024-W49,週五,下午,24,24,3,3,0,1
154455275,180313,1377,6,資訊教育,細說變數,214.96,100,2024-12-06 15:29:47,2024,12,2024-W49,週五,下午,3,2,0,0,0,1
154455488,72906,1377,6,資訊教育,倒數計時,276.243,1,2024-12-06 15:30:21,2024,12,2024-W49,週五,下午,1,1,1,0,0,0
154455507,179767,1377,6,資訊教育,控制大花貓,234.96,40,2024-12-06 15:30:25,2024,12,2024-W49,週五,下午,25,41,0,0,0,1
154455589,72906,1377,6,資訊教育,倒數計時,276.243,1,2024-12-06 15:30:38,2024,12,2024-W49,週五,下午,1,1,0,0,0,0
154455660,184828,1377,6,資訊教育,消失的老鼠,232.92,46,2024-12-06 15:30:49,2024,12,2024-W49,週五,下午,3,2,0,0,0,1
154455703,72906,1377,6,資訊教育,倒數計時,276.243,44,2024-12-06 15:30:54,2024,12,2024-W49,週五,下午,3,3,2,0,0,1
154455784,170743,1377,6,資訊教育,消失的老鼠,232.92,100,2024-12-06 15:31:06,2024,12,2024-W49,週五,下午,13,12,0,0,0,2
154455967,170744,1377,6,資訊教育,遊戲中的小老鼠,311.244,57,2024-12-06 15:31:30,2024,12,2024-W49,週五,下午,1,1,1,0,0,0
154456454,170622,1377,6,資訊教育,控制大花貓,234.96,71,2024-12-06 15:32:39,2024,12,2024-W49,週五,下午,21,21,2,0,0,0
154456975,170744,1377,6,資訊教育,控制大花貓,234.96,87,2024-12-06 15:34:02,2024,12,2024-W49,週五,下午,13,13,5,0,0,0
154457340,73123,1377,6,資訊教育,隨機移動的小老鼠,430.196,75,2024-12-06 15:35:08,2024,12,2024-W49,週五,下午,3,3,0,0,0,0
154457464,184828,1377,6,資訊教育,消失的老鼠,232.92,100,2024-12-06 15:35:29,2024,12,2024-W49,週五,下午,7,8,4,0,0,2
154457635,169177,1377,6,資訊教育,消失的老鼠,232.92,100,2024-12-06 15:36:00,2024,12,2024-W49,週五,下午,4,3,1,0,0,1
154458193,170382,1377,6,資訊教育,細說變數,214.96,100,2024-12-06 15:37:25,2024,12,2024-W49,週五,下午,14,13,0,0,0,1
154458289,180313,1377,6,資訊教育,變數的應用,223.84,100,2024-12-06 15:37:42,2024,12,2024-W49,週五,下午,8,7,2,0,0,1
154460075,170744,1377,6,資訊教育,向左走向右走,442.876,1,2024-12-06 15:42:07,2024,12,2024-W49,週五,下午,1,1,0,0,0,0
154460076,170382,1377,6,資訊教育,細說變數,214.96,3,2024-12-06 15:42:07,2024,12,2024-W49,週五,下午,1,1,0,0,0,0
154460189,72906,1377,6,資訊教育,讓遊戲更精彩,236.136,69,2024-12-06 15:42:23,2024,12,2024-W49,週五,下午,4,4,1,0,0,0
154460431,170169,1377,6,資訊教育,遊戲中的小老鼠,311.244,31,2024-12-06 15:42:57,2024,12,2024-W49,週五,下午,12,13,5,2,0,0
154460651,170743,1377,6,資訊教育,細說變數,214.96,35,2024-12-06 15:43:30,2024,12,2024-W49,週五,下午,1,1,0,0,0,0
154460688,170382,1377,6,資訊教育,變數的應用,223.84,71,2024-12-06 15:43:36,2024,12,2024-W49,週五,下午,17,17,2,0,0,1
154460712,170744,1377,6,資訊教育,消失的老鼠,232.92,76,2024-12-06 15:43:39,2024,12,2024-W49,週五,下午,3,2,0,0,0,0
154460780,72906,1377,6,資訊教育,常見控制板模擬器與arcade,347.781,0,2024-12-06 15:43:51,2024,12,2024-W49,週五,下午,1,1,0,0,0,0
154460962,90284,2284,2,國語文108,字義[二]/語境義1,143.595,100,2024-12-06 15:44:23,2024,12,2024-W49,週五,下午,2,1,0,0,0,0
154461504,72906,1377,6,資訊教育,含有感測器的microbit與webduinobit,277.577,1,2024-12-06 15:45:47,2024,12,2024-W49,週五,下午,1,1,0,0,0,0
154462289,90284,2284,2,國語文108,字義[二]/語境義2,120.064,100,2024-12-06 15:47:33,2024,12,2024-W49,週五,下午,2,1,0,0,0,0
154462517,180013,1377,6,資訊教育,著作權法、創用CC和遊戲規劃,335.16,100,2024-12-06 15:48:01,2024,12,2024-W49,週五,下午,2,1,0,0,0,1
154463246,169177,1377,6,資訊教育,細說變數,214.96,54,2024-12-06 15:49:38,2024,12,2024-W49,週五,下午,3,3,0,0,0,1
154463327,170471,1377,6,資訊教育,設計遊戲魔鬼主角造型,210.11,60,2024-12-06 15:49:50,2024,12,2024-W49,週五,下午,3,3,2,0,0,0
154463359,170744,1377,6,資訊教育,細說變數,214.96,1,2024-12-06 15:49:55,2024,12,2024-W49,週五,下午,1,1,0,0,0,0
154463417,184828,1377,6,資訊教育,細說變數,214.96,30,2024-12-06 15:50:02,2024,12,2024-W49,週五,下午,2,2,0,0,0,0
154463501,90284,2284,2,國語文108,語法[二]/疑問句,509.334,100,2024-12-06 15:50:14,2024,12,2024-W49,週五,下午,3,2,0,0,0,0
154464022,170744,1377,6,資訊教育,變數的應用,223.84,58,2024-12-06 15:51:41,2024,12,2024-W49,週五,下午,4,4,1,0,0,0
154465933,90284,2284,2,國語文108,語法[二]/祈使句,451.862,100,2024-12-06 15:59:19,2024,12,2024-W49,週五,下午,4,3,0,0,0,0
154503136,88805,2284,2,國語文108,語法[二]/疑問句,509.334,100,2024-12-06 20:53:22,2024,12,2024-W49,週五,晚上,1,0,0,0,0,0
154505632,88805,2284,2,國語文108,語法[二]/祈使句,451.862,100,2024-12-06 21:10:32,2024,12,2024-W49,週五,晚上,3,2,0,0,0,0
154507275,88805,2284,2,國語文108,字義[二]/語境義1,143.595,100,2024-12-06 21:23:07,2024,12,2024-W49,週五,晚上,3,2,0,0,0,0
154508071,88805,2284,2,國語文108,字義[二]/語境義2,120.064,100,2024-12-06 21:28:40,2024,12,2024-W49,週五,晚上,1,0,0,0,0,0
154570777,170622,1377,6,資訊教育,控制大花貓,234.96,100,2024-12-07 20:04:30,2024,12,2024-W49,週六,晚上,4,3,0,0,0,0
154570954,170622,1377,6,資訊教育,消失的老鼠,232.92,17,2024-12-07 20:07:21,2024,12,2024-W49,週六,晚上,2,2,0,0,0,0
154571027,170622,1377,6,資訊教育,消失的老鼠,232.92,100,2024-12-07 20:08:21,2024,12,2024-W49,週六,晚上,9,8,1,0,0,1
154571615,170622,1377,6,資訊教育,消失的老鼠,232.92,16,2024-12-07 20:16:01,2024,12,2024-W49,週六,晚上,2,2,0,0,0,0
154572306,170622,1377,6,資訊教育,細說變數,214.96,10,2024-12-07 20:23:49,2024,12,2024-W49,週六,晚上,1,1,0,0,0,0
154589873,116465,1377,3,數學108,N-3-14-S01,307.131,16,2024-12-08 09:56:41,2024,12,2024-W49,週日,上午,1,0,0,0,0,0
154592025,89348,2284,2,國語文108,字義[二]/語境義1,143.595,4,2024-12-08 10:23:10,2024,12,2024-W49,週日,上午,1,1,0,0,0,0
154592058,89348,2284,2,國語文108,字義[二]/語境義1,143.595,100,2024-12-08 10:23:31,2024,12,2024-W49,週日,上午,4,3,0,0,0,0
154592349,89348,2284,2,國語文108,字義[二]/語境義2,120.064,1,2024-12-08 10:26:21,2024,12,2024-W49,週日,上午,1,1,0,0,0,0
154592533,89348,2284,2,國語文108,字義[二]/語境義2,120.064,100,2024-12-08 10:28:22,2024,12,2024-W49,週日,上午,2,1,0,0,0,0
154592900,89348,2284,2,國語文108,語法[二]/疑問句,509.334,66,2024-12-08 10:33:16,2024,12,2024-W49,週日,上午,5,3,0,0,0,0
154593513,89348,2284,2,國語文108,語法[二]/疑問句,509.334,100,2024-12-08 10:40:21,2024,12,2024-W49,週日,上午,2,1,0,0,0,0
154593875,89348,2284,2,國語文108,語法[二]/祈使句,451.862,100,2024-12-08 10:44:25,2024,12,2024-W49,週日,上午,7,6,2,0,0,0
154703987,80905,1377,3,資訊教育,認識檔案總管,179.605,28,2024-12-09 09:31:57,2024,12,2024-W50,週一,上午,2,1,1,0,0,0
154765259,115966,1377,4,資訊教育,認識硬碟、雲端硬碟,264.0,100,2024-12-09 13:34:51,2024,12,2024-W50,週一,下午,2,1,0,0,0,1
154765384,51593,1377,4,資訊教育,認識硬碟、雲端硬碟,264.0,100,2024-12-09 13:35:13,2024,12,2024-W50,週一,下午,2,1,0,0,0,1
154765388,129227,1377,4,資訊教育,認識硬碟、雲端硬碟,264.0,100,2024-12-09 13:35:13,2024,12,2024-W50,週一,下午,4,3,0,0,0,1
154766662,51985,1377,4,資訊教育,認識硬碟、雲端硬碟,264.0,100,2024-12-09 13:38:27,2024,12,2024-W50,週一,下午,2,1,0,0,0,1
154768090,115966,1377,4,資訊教育,上傳、下載檔案與文件共用,301.675,100,2024-12-09 13:41:57,2024,12,2024-W50,週一,下午,2,1,0,0,0,1
154768229,51593,1377,4,資訊教育,上傳、下載檔案與文件共用,301.675,100,2024-12-09 13:42:20,2024,12,2024-W50,週一,下午,2,1,0,0,0,1
154769572,129227,1377,4,資訊教育,上傳、下載檔案與文件共用,301.675,100,2024-12-09 13:45:02,2024,12,2024-W50,週一,下午,5,4,0,0,0,1
154770190,51985,1377,4,資訊教育,上傳、下載檔案與文件共用,301.675,0,2024-12-09 13:46:21,2024,12,2024-W50,週一,下午,1,1,0,0,0,0
154770756,51985,1377,4,資訊教育,上傳、下載檔案與文件共用,301.675,100,2024-12-09 13:47:33,2024,12,2024-W50,週一,下午,2,1,0,0,0,1
154771072,115966,1377,4,資訊教育,安裝雲端硬碟電腦版,379.072,100,2024-12-09 13:48:15,2024,12,2024-W50,週一,下午,2,1,0,0,0,1
154772658,51593,1377,4,資訊教育,安裝雲端硬碟電腦版,379.072,100,2024-12-09 13:52:12,2024,12,2024-W50,週一,下午,2,1,0,0,0,1
154773358,129227,1377,4,資訊教育,安裝雲端硬碟電腦版,379.072,28,2024-12-09 13:53:54,2024,12,2024-W50,週一,下午,4,4,0,0,0,1
154782472,20357,1377,4,資訊教育,認識硬碟、雲端硬碟,264.0,100,2024-12-09 14:23:09,2024,12,2024-W50,週一,下午,3,2,0,0,0,1
154782819,18127,1377,4,資訊教育,認識硬碟、雲端硬碟,264.0,100,2024-12-09 14:24:45,2024,12,2024-W50,週一,下午,3,2,0,0,0,1
154784100,20357,1377,4,資訊教育,上傳、下載檔案與文件共用,301.675,100,2024-12-09 14:29:29,2024,12,2024-W50,週一,下午,2,1,0,0,0,1
154784633,18127,1377,4,資訊教育,上傳、下載檔案與文件共用,301.675,100,2024-12-09 14:30:48,2024,12,2024-W50,週一,下午,2,1,0,0,0,1
154786282,20357,1377,4,資訊教育,安裝雲端硬碟電腦版,379.072,12,2024-12-09 14:36:23,2024,12,2024-W50,週一,下午,2,2,0,0,0,1
154955747,78703,1377,3,資訊教育,認識電腦的計量單位,282.411,100,2024-12-10 10:52:51,2024,12,2024-W50,週二,上午,7,6,0,0,0,1
154979003,2475,2284,3,數學108,N-3-16-S03,544.92,35,2024-12-10 12:46:19,2024,12,2024-W50,週二,下午,11,10,1,0,0,0
154980943,2475,2284,3,數學108,N-3-16-S03,544.92,93,2024-12-10 12:52:25,2024,12,2024-W50,週二,下午,18,18,0,0,0,0
154986161,169901,1377,6,資訊教育,Scratch網站介紹,442.609,69,2024-12-10 13:10:12,2024,12,2024-W50,週二,下午,4,3,0,0,0,0
155423996,178025,2284,5,數學108,video:S-5-6-S04,581.845,100,2024-12-12 13:44:43,2024,12,2024-W50,週四,下午,2,1,0,0,0,0
155429072,178455,2284,5,數學108,video:S-5-6-S04,581.845,100,2024-12-12 13:56:25,2024,12,2024-W50,週四,下午,2,1,0,0,0,0
155512439,77402,1377,5,英語108,"教室用語-StandUp,BowandSitDown.",141.632,99,2024-12-12 17:12:01,2024,12,2024-W50,週四,下午,1,0,0,0,0,0
155599639,75777,1377,5,資訊教育,Google簡報的操作介面與檔案管理,290.453,100,2024-12-13 09:33:19,2024,12,2024-W50,週五,上午,1,0,0,0,0,0
155599834,75076,1377,5,資訊教育,問答簡報是非與選擇題製作,453.397,100,2024-12-13 09:34:35,2024,12,2024-W50,週五,上午,22,21,4,0,0,3
155599881,113961,1377,5,資訊教育,略過投影片與投影播放,412.16,26,2024-12-13 09:34:52,2024,12,2024-W50,週五,上午,2,1,0,0,0,0
155600024,77402,1377,5,資訊教育,問答簡報是非與選擇題製作,453.397,100,2024-12-13 09:35:37,2024,12,2024-W50,週五,上午,29,28,0,0,0,1
155600045,75112,1377,5,資訊教育,問答簡報是非與選擇題製作,453.397,100,2024-12-13 09:35:41,2024,12,2024-W50,週五,上午,12,11,0,0,0,1
155600056,75069,1377,5,資訊教育,問答簡報是非與選擇題製作,453.397,65,2024-12-13 09:35:45,2024,12,2024-W50,週五,上午,36,36,7,0,0,2
155600059,75825,1377,5,資訊教育,問答簡報是非與選擇題製作,453.397,100,2024-12-13 09:35:45,2024,12,2024-W50,週五,上午,594,593,0,0,0,1
155600127,75208,1377,5,資訊教育,問答簡報是非與選擇題製作,453.397,100,2024-12-13 09:36:00,2024,12,2024-W50,週五,上午,43,42,0,0,0,1
155600276,75816,1377,5,資訊教育,問答簡報是非與選擇題製作,453.397,100,2024-12-13 09:36:33,2024,12,2024-W50,週五,上午,16,15,0,0,0,1
155600295,80909,1377,5,資訊教育,問答簡報是非與選擇題製作,453.397,100,2024-12-13 09:36:37,2024,12,2024-W50,週五,上午,11,10,0,0,0,3
155600377,75415,1377,5,資訊教育,問答簡報是非與選擇題製作,453.397,100,2024-12-13 09:36:59,2024,12,2024-W50,週五,上午,18,17,1,0,0,1
155600469,113961,1377,5,資訊教育,問答簡報是非與選擇題製作,453.397,100,2024-12-13 09:37:17,2024,12,2024-W50,週五,上午,5,4,0,0,0,1
155600513,75110,1377,5,資訊教育,問答簡報是非與選擇題製作,453.397,100,2024-12-13 09:37:27,2024,12,2024-W50,週五,上午,3,2,0,0,0,1
155600935,75777,1377,5,資訊教育,問答簡報是非與選擇題製作,453.397,100,2024-12-13 09:38:45,2024,12,2024-W50,週五,上午,2,1,0,0,0,1
155601415,78872,1377,5,資訊教育,問答簡報是非與選擇題製作,453.397,89,2024-12-13 09:40:05,2024,12,2024-W50,週五,上午,14,15,0,0,0,1
155601696,79251,1377,5,資訊教育,問答簡報是非與選擇題製作,453.397,86,2024-12-13 09:40:51,2024,12,2024-W50,週五,上午,19,19,0,0,0,1
155603942,113961,1377,5,資訊教育,略過投影片與投影播放,412.16,38,2024-12-13 09:46:17,2024,12,2024-W50,週五,上午,20,20,0,0,0,0
155604487,75816,1377,5,資訊教育,問答簡報是非與選擇題製作,453.397,100,2024-12-13 09:47:21,2024,12,2024-W50,週五,上午,2,2,0,0,0,0
155604545,113961,1377,5,資訊教育,略過投影片與投影播放,412.16,44,2024-12-13 09:47:27,2024,12,2024-W50,週五,上午,3,3,1,0,0,0
155604823,75112,1377,5,資訊教育,略過投影片與投影播放,412.16,58,2024-12-13 09:47:58,2024,12,2024-W50,週五,上午,17,17,0,0,0,1
155604832,77402,1377,5,資訊教育,略過投影片與投影播放,412.16,60,2024-12-13 09:47:59,2024,12,2024-W50,週五,上午,25,25,0,0,0,1
155605640,113961,1377,5,資訊教育,略過投影片與投影播放,412.16,56,2024-12-13 09:49:43,2024,12,2024-W50,週五,上午,1,1,0,0,0,0
155605654,75777,1377,5,資訊教育,略過投影片與投影播放,412.16,72,2024-12-13 09:49:44,2024,12,2024-W50,週五,上午,4,4,0,0,0,1
155606223,75825,1377,5,資訊教育,略過投影片與投影播放,412.16,43,2024-12-13 09:51:07,2024,12,2024-W50,週五,上午,1250,1247,0,0,0,0
155606310,113961,1377,5,資訊教育,略過投影片與投影播放,412.16,100,2024-12-13 09:51:20,2024,12,2024-W50,週五,上午,14,13,0,0,0,1
155607144,75816,1377,5,資訊教育,略過投影片與投影播放,412.16,56,2024-12-13 09:53:14,2024,12,2024-W50,週五,上午,30,30,2,0,0,2
155607248,80909,1377,5,資訊教育,略過投影片與投影播放,412.16,60,2024-12-13 09:53:30,2024,12,2024-W50,週五,上午,4,4,0,0,0,1
155610205,75076,1377,5,資訊教育,問答簡報是非與選擇題製作,453.397,18,2024-12-13 09:59:34,2024,12,2024-W50,週五,上午,3,3,0,0,0,0
155612312,75777,1377,5,資訊教育,略過投影片與投影播放,412.16,73,2024-12-13 10:03:45,2024,12,2024-W50,週五,上午,1,1,0,0,0,0
155612319,75415,1377,5,資訊教育,略過投影片與投影播放,412.16,2,2024-12-13 10:03:46,2024,12,2024-W50,週五,上午,1,1,0,0,0,0
155623364,26970,1377,5,資訊教育,更完美的闖關製作與其他簡報軟體設定,326.229,100,2024-12-13 10:44:42,2024,12,2024-W50,週五,上午,4,3,0,0,0,1
155624210,27736,1377,5,資訊教育,問答簡報是非與選擇題製作,453.397,77,2024-12-13 10:47:06,2024,12,2024-W50,週五,上午,8,8,0,0,0,1
155627009,29204,1377,5,資訊教育,問答簡報是非與選擇題製作,453.397,100,2024-12-13 10:53:41,2024,12,2024-W50,週五,上午,1,0,0,0,0,0
155628257,29204,1377,5,資訊教育,略過投影片與投影播放,412.16,100,2024-12-13 10:56:17,2024,12,2024-W50,週五,上午,2,1,0,0,0,1
155629656,26970,1377,5,資訊教育,簡報物件動畫設計,309.077,100,2024-12-13 10:59:57,2024,12,2024-W50,週五,上午,20,19,1,0,0,2
155631134,29204,1377,5,資訊教育,更完美的闖關製作與其他簡報軟體設定,326.229,53,2024-12-13 11:03:51,2024,12,2024-W50,週五,上午,3,3,0,0,0,2
155631160,27279,1377,5,資訊教育,略過投影片與投影播放,412.16,81,2024-12-13 11:03:56,2024,12,2024-W50,週五,上午,2,2,0,1,0,0
155635538,239765,1377,6,資訊教育,設計遊戲魔鬼主角程式積木,270.137,100,2024-12-13 11:20:00,2024,12,2024-W50,週五,上午,42,41,2,0,0,2
155635742,242894,1377,6,資訊教育,細說變數,214.96,100,2024-12-13 11:20:54,2024,12,2024-W50,週五,上午,3,2,0,0,0,1
155635833,230630,1377,6,資訊教育,著作權法、創用CC和遊戲規劃,335.16,33,2024-12-13 11:21:28,2024,12,2024-W50,週五,上午,4,3,0,0,0,1
155635856,230454,1377,6,資訊教育,遊戲的難易度和勝負判斷,117.25,100,2024-12-13 11:21:38,2024,12,2024-W50,週五,上午,3,2,0,0,0,0
155635878,237057,1377,6,資訊教育,控制大花貓,234.96,34,2024-12-13 11:21:49,2024,12,2024-W50,週五,上午,2,2,0,0,0,0
155636018,238999,1377,6,資訊教育,變數的應用,223.84,68,2024-12-13 11:22:34,2024,12,2024-W50,週五,上午,4,4,1,0,0,2
155636028,239275,1377,6,資訊教育,變數的應用,223.84,100,2024-12-13 11:22:37,2024,12,2024-W50,週五,上午,12,12,1,0,0,2
155636037,238715,1377,6,資訊教育,設計遊戲魔鬼主角程式積木,270.137,90,2024-12-13 11:22:40,2024,12,2024-W50,週五,上午,6,6,0,0,0,0
155636068,241568,1377,6,資訊教育,著作權法、創用CC和遊戲規劃,335.16,100,2024-12-13 11:22:49,2024,12,2024-W50,週五,上午,5,4,0,0,0,1
155636168,230454,1377,6,資訊教育,設計遊戲魔鬼主角程式積木,270.137,89,2024-12-13 11:23:19,2024,12,2024-W50,週五,上午,1,0,0,1,0,0
155636240,1016,1377,6,資訊教育,設計遊戲魔鬼主角造型,210.11,71,2024-12-13 11:23:38,2024,12,2024-W50,週五,上午,1,1,0,0,0,1
155636274,239702,1377,6,資訊教育,細說變數,214.96,100,2024-12-13 11:23:44,2024,12,2024-W50,週五,上午,13,12,3,0,0,1
155636468,242347,1377,6,資訊教育,著作權法、創用CC和遊戲規劃,335.16,100,2024-12-13 11:24:36,2024,12,2024-W50,週五,上午,1,1,0,0,0,0
155636553,1016,1377,6,資訊教育,設計遊戲魔鬼主角程式積木,270.137,60,2024-12-13 11:24:55,2024,12,2024-W50,週五,上午,3,3,3,0,0,1
155636730,242894,1377,6,資訊教育,細說變數,214.96,5,2024-12-13 11:25:47,2024,12,2024-W50,週五,上午,1,0,0,0,0,0
155636741,238999,1377,6,資訊教育,著作權法、創用CC和遊戲規劃,335.16,100,2024-12-13 11:25:49,2024,12,2024-W50,週五,上午,2,1,0,0,0,1
155636757,238715,1377,6,資訊教育,遊戲的難易度和勝負判斷,117.25,81,2024-12-13 11:25:54,2024,12,2024-W50,週五,上午,8,7,1,0,0,1
155636919,230630,1377,6,資訊教育,設計遊戲場景和正義使者主角,401.968,100,2024-12-13 11:26:27,2024,12,2024-W50,週五,上午,11,11,0,1,0,1
155637031,241854,1377,6,資訊教育,變數的應用,223.84,78,2024-12-13 11:26:55,2024,12,2024-W50,週五,上午,6,6,1,0,0,1
155637074,230454,1377,6,資訊教育,倒數計時,276.243,100,2024-12-13 11:27:06,2024,12,2024-W50,週五,上午,15,14,1,0,0,2
155637730,242894,1377,6,資訊教育,著作權法、創用CC和遊戲規劃,335.16,92,2024-12-13 11:29:41,2024,12,2024-W50,週五,上午,2,1,0,0,0,1
155638277,237057,1377,6,資訊教育,控制大花貓,234.96,100,2024-12-13 11:31:58,2024,12,2024-W50,週五,上午,19,19,5,0,0,2
155638405,238999,1377,6,資訊教育,變數的應用,223.84,100,2024-12-13 11:32:25,2024,12,2024-W50,週五,上午,1,0,0,0,0,0
155638660,239005,1377,6,資訊教育,倒數計時,276.243,100,2024-12-13 11:33:24,2024,12,2024-W50,週五,上午,9,8,0,0,0,1
155638745,241568,1377,6,資訊教育,著作權法、創用CC和遊戲規劃,335.16,95,2024-12-13 11:33:47,2024,12,2024-W50,週五,上午,1,1,0,3,0,0
155638830,238999,1377,6,資訊教育,設計遊戲場景和正義使者主角,401.968,91,2024-12-13 11:34:05,2024,12,2024-W50,週五,上午,31,31,5,0,0,2
155639036,239702,1377,6,資訊教育,控制大花貓,234.96,100,2024-12-13 11:34:49,2024,12,2024-W50,週五,上午,16,15,3,0,0,1
155639121,242894,1377,6,資訊教育,設計遊戲場景和正義使者主角,401.968,91,2024-12-13 11:35:09,2024,12,2024-W50,週五,上午,20,20,2,0,0,1
155639270,230454,1377,6,資訊教育,倒數計時,276.243,50,2024-12-13 11:35:43,2024,12,2024-W50,週五,上午,7,6,1,1,0,1
155639567,240896,1377,6,資訊教育,著作權法、創用CC和遊戲規劃,335.16,21,2024-12-13 11:36:51,2024,12,2024-W50,週五,上午,1,0,0,0,0,0
155640045,240896,1377,6,資訊教育,設計遊戲場景和正義使者主角,401.968,97,2024-12-13 11:38:17,2024,12,2024-W50,週五,上午,19,18,7,0,0,1
155640277,241568,1377,6,資訊教育,設計遊戲場景和正義使者主角,401.968,46,2024-12-13 11:39:06,2024,12,2024-W50,週五,上午,3,3,0,0,0,1
155640456,230630,1377,6,資訊教育,設計遊戲魔鬼主角程式積木,270.137,100,2024-12-13 11:39:41,2024,12,2024-W50,週五,上午,17,17,6,0,0,2
155640508,238715,1377,6,資訊教育,倒數計時,276.243,89,2024-12-13 11:39:53,2024,12,2024-W50,週五,上午,24,24,2,0,0,1
155641018,230630,1377,6,資訊教育,設計遊戲場景和正義使者主角,401.968,100,2024-12-13 11:41:22,2024,12,2024-W50,週五,上午,8,8,4,1,0,0
155641462,239275,1377,6,資訊教育,變數的應用,223.84,42,2024-12-13 11:42:45,2024,12,2024-W50,週五,上午,2,2,1,1,0,0
155642168,230454,1377,6,資訊教育,讓遊戲更精彩,236.136,100,2024-12-13 11:44:50,2024,12,2024-W50,週五,上午,21,20,2,0,0,1
155642330,238943,1377,6,資訊教育,著作權法、創用CC和遊戲規劃,335.16,100,2024-12-13 11:45:19,2024,12,2024-W50,週五,上午,3,2,0,0,0,1
155642829,239702,1377,6,資訊教育,消失的老鼠,232.92,100,2024-12-13 11:46:41,2024,12,2024-W50,週五,上午,6,5,0,0,0,1
155643126,237057,1377,6,資訊教育,消失的老鼠,232.92,75,2024-12-13 11:47:22,2024,12,2024-W50,週五,上午,4,4,5,0,0,1
155643667,239005,1377,6,資訊教育,讓遊戲更精彩,236.136,43,2024-12-13 11:48:47,2024,12,2024-W50,週五,上午,4,4,1,0,0,1
155643716,239765,1377,6,資訊教育,遊戲的難易度和勝負判斷,117.25,100,2024-12-13 11:48:55,2024,12,2024-W50,週五,上午,6,5,0,0,0,1
155645095,238943,1377,6,資訊教育,設計遊戲場景和正義使者主角,401.968,24,2024-12-13 11:53:15,2024,12,2024-W50,週五,上午,6,6,0,0,0,0
155645136,239765,1377,6,資訊教育,倒數計時,276.243,11,2024-12-13 11:53:21,2024,12,2024-W50,週五,上午,1,0,0,0,0,0
155645440,239765,1377,6,資訊教育,設計遊戲魔鬼主角造型,210.11,100,2024-12-13 11:54:07,2024,12,2024-W50,週五,上午,4,3,0,0,0,1
155645500,240896,1377,6,資訊教育,設計遊戲魔鬼主角造型,210.11,11,2024-12-13 11:54:15,2024,12,2024-W50,週五,上午,2,2,0,0,0,0
155646444,238715,1377,6,資訊教育,倒數計時,276.243,90,2024-12-13 11:56:45,2024,12,2024-W50,週五,上午,1,1,0,0,0,0
155646712,239275,1377,6,資訊教育,細說變數,214.96,59,2024-12-13 11:57:33,2024,12,2024-W50,週五,上午,2,2,0,1,0,0
155646880,239765,1377,6,資訊教育,設計遊戲魔鬼主角程式積木,270.137,71,2024-12-13 11:58:00,2024,12,2024-W50,週五,上午,2,1,0,1,0,0
155646881,239702,1377,6,資訊教育,變數的應用,223.84,57,2024-12-13 11:58:00,2024,12,2024-W50,週五,上午,3,3,0,0,0,0
155646894,239275,1377,6,資訊教育,變數的應用,223.84,71,2024-12-13 11:58:02,2024,12,2024-W50,週五,上午,3,3,0,1,0,0
155647344,239765,1377,6,資訊教育,遊戲的難易度和勝負判斷,117.25,98,2024-12-13 11:59:49,2024,12,2024-W50,週五,上午,2,2,0,1,0,0
155664567,51408,1377,6,資訊教育,著作權法、創用CC和遊戲規劃,335.16,70,2024-12-13 13:38:28,2024,12,2024-W50,週五,下午,2,2,0,1,0,0
155664674,51408,1377,6,資訊教育,設計遊戲場景和正義使者主角,401.968,89,2024-12-13 13:38:50,2024,12,2024-W50,週五,下午,3,2,0,2,0,0
155664754,51408,1377,6,資訊教育,設計遊戲魔鬼主角造型,210.11,38,2024-12-13 13:39:09,2024,12,2024-W50,週五,下午,2,1,0,1,0,0
155664790,51408,1377,6,資訊教育,設計遊戲魔鬼主角程式積木,270.137,89,2024-12-13 13:39:17,2024,12,2024-W50,週五,下午,4,4,0,0,0,0
155665100,126435,1377,6,資訊教育,著作權法、創用CC和遊戲規劃,335.16,96,2024-12-13 13:40:16,2024,12,2024-W50,週五,下午,7,7,0,0,0,1
155665709,52418,1377,6,資訊教育,隨機移動的小老鼠,430.196,43,2024-12-13 13:42:25,2024,12,2024-W50,週五,下午,5,5,0,0,0,1
155666120,52740,1377,6,資訊教育,設計遊戲場景和正義使者主角,401.968,100,2024-12-13 13:43:55,2024,12,2024-W50,週五,下午,3,3,1,0,0,0
155666435,51872,1377,6,資訊教育,設計遊戲場景和正義使者主角,401.968,100,2024-12-13 13:44:59,2024,12,2024-W50,週五,下午,5,4,0,0,0,1
155666743,126435,1377,6,資訊教育,設計遊戲場景和正義使者主角,401.968,61,2024-12-13 13:46:04,2024,12,2024-W50,週五,下午,18,18,0,0,0,1
155666795,52740,1377,6,資訊教育,設計遊戲場景和正義使者主角,401.968,100,2024-12-13 13:46:16,2024,12,2024-W50,週五,下午,1,1,0,0,0,0
155666944,52740,1377,6,資訊教育,設計遊戲場景和正義使者主角,401.968,100,2024-12-13 13:46:53,2024,12,2024-W50,週五,下午,1,1,0,0,0,0
155667130,52740,1377,6,資訊教育,設計遊戲魔鬼主角造型,210.11,100,2024-12-13 13:47:32,2024,12,2024-W50,週五,下午,4,4,1,0,0,0
155667659,163235,1377,6,資訊教育,設計遊戲魔鬼主角程式積木,270.137,0,2024-12-13 13:49:04,2024,12,2024-W50,週五,下午,2,1,1,0,0,0
155667834,163235,1377,6,資訊教育,設計遊戲魔鬼主角程式積木,270.137,1,2024-12-13 13:49:29,2024,12,2024-W50,週五,下午,1,1,0,0,0,0
155668016,163235,1377,6,資訊教育,設計遊戲魔鬼主角程式積木,270.137,1,2024-12-13 13:49:58,2024,12,2024-W50,週五,下午,1,0,0,0,0,0
155668049,163235,1377,6,資訊教育,設計遊戲魔鬼主角程式積木,270.137,0,2024-12-13 13:50:03,2024,12,2024-W50,週五,下午,1,1,0,0,0,0
155668214,163235,1377,6,資訊教育,設計遊戲魔鬼主角程式積木,270.137,100,2024-12-13 13:50:28,2024,12,2024-W50,週五,下午,4,3,1,0,0,0
155668655,52022,1377,6,資訊教育,設計遊戲場景和正義使者主角,401.968,95,2024-12-13 13:51:33,2024,12,2024-W50,週五,下午,4,3,0,0,0,0
155669087,52740,1377,6,資訊教育,設計遊戲魔鬼主角程式積木,270.137,100,2024-12-13 13:52:50,2024,12,2024-W50,週五,下午,7,6,1,0,0,1
155670025,52022,1377,6,資訊教育,著作權法、創用CC和遊戲規劃,335.16,1,2024-12-13 13:55:26,2024,12,2024-W50,週五,下午,1,1,0,0,0,0
155670262,52022,1377,6,資訊教育,設計遊戲魔鬼主角造型,210.11,79,2024-12-13 13:56:00,2024,12,2024-W50,週五,下午,4,4,2,0,0,0
155672261,51872,1377,6,資訊教育,設計遊戲場景和正義使者主角,401.968,100,2024-12-13 14:01:43,2024,12,2024-W50,週五,下午,1,1,1,1,0,0
155672361,52022,1377,6,資訊教育,設計遊戲魔鬼主角程式積木,270.137,29,2024-12-13 14:02:01,2024,12,2024-W50,週五,下午,1,1,1,0,0,0
155673227,51872,1377,6,資訊教育,設計遊戲魔鬼主角程式積木,270.137,66,2024-12-13 14:04:46,2024,12,2024-W50,週五,下午,7,7,1,0,0,1
155673260,52740,1377,6,資訊教育,遊戲的難易度和勝負判斷,117.25,30,2024-12-13 14:04:53,2024,12,2024-W50,週五,下午,1,2,0,0,0,0
155674014,52740,1377,6,資訊教育,倒數計時,276.243,100,2024-12-13 14:07:06,2024,12,2024-W50,週五,下午,9,9,4,0,0,0
155674745,52022,1377,6,資訊教育,遊戲的難易度和勝負判斷,117.25,1,2024-12-13 14:09:08,2024,12,2024-W50,週五,下午,1,1,0,0,0,0
155674914,52022,1377,6,資訊教育,倒數計時,276.243,84,2024-12-13 14:09:41,2024,12,2024-W50,週五,下午,4,4,2,0,0,0
155678961,14640,1377,5,資訊教育,簡報物件動畫設計,309.077,21,2024-12-13 14:23:45,2024,12,2024-W50,週五,下午,1,1,0,0,0,0
155681223,6792,1377,5,資訊教育,問答簡報是非與選擇題製作,453.397,100,2024-12-13 14:31:40,2024,12,2024-W50,週五,下午,5,14,0,0,0,1
155681271,14940,1377,5,資訊教育,問答簡報是非與選擇題製作,453.397,18,2024-12-13 14:31:49,2024,12,2024-W50,週五,下午,6,6,0,0,0,0
155682378,13107,1377,5,資訊教育,設計好看的封面,362.795,31,2024-12-13 14:34:42,2024,12,2024-W50,週五,下午,2,2,0,0,0,0
155682444,14940,1377,5,資訊教育,問答簡報是非與選擇題製作,453.397,100,2024-12-13 14:34:52,2024,12,2024-W50,週五,下午,88,87,0,0,0,1
155682599,14637,1377,5,資訊教育,問答簡報是非與選擇題製作,453.397,17,2024-12-13 14:35:11,2024,12,2024-W50,週五,下午,1,1,0,0,0,0
155686721,14737,1377,5,資訊教育,使用項目符號、探索功能,337.237,100,2024-12-13 14:43:30,2024,12,2024-W50,週五,下午,123,123,1,0,0,2
155687068,14640,1377,5,資訊教育,更完美的闖關製作與其他簡報軟體設定,326.229,5,2024-12-13 14:44:20,2024,12,2024-W50,週五,下午,3,2,1,0,0,0
155687638,14640,1377,5,資訊教育,問答簡報是非與選擇題製作,453.397,53,2024-12-13 14:45:27,2024,12,2024-W50,週五,下午,7,7,1,0,0,1
155689426,13877,1377,5,資訊教育,更完美的闖關製作與其他簡報軟體設定,326.229,38,2024-12-13 14:49:32,2024,12,2024-W50,週五,下午,1,3,0,0,0,1
155689736,14047,1377,5,資訊教育,更完美的闖關製作與其他簡報軟體設定,326.229,100,2024-12-13 14:50:16,2024,12,2024-W50,週五,下午,2,1,0,0,0,1
155690509,13107,1377,5,資訊教育,設計好看的封面,362.795,37,2024-12-13 14:52:19,2024,12,2024-W50,週五,下午,1,1,0,0,0,0
155690552,13020,1377,5,資訊教育,使用項目符號、探索功能,337.237,19,2024-12-13 14:52:26,2024,12,2024-W50,週五,下午,13,13,5,0,0,5
155690556,13053,1377,5,資訊教育,問答簡報是非與選擇題製作,453.397,99,2024-12-13 14:52:27,2024,12,2024-W50,週五,下午,2,1,0,0,0,1
155690725,14637,1377,5,資訊教育,問答簡報是非與選擇題製作,453.397,27,2024-12-13 14:52:55,2024,12,2024-W50,週五,下午,2,2,0,0,0,1
155690963,6792,1377,5,資訊教育,問答簡報是非與選擇題製作,453.397,100,2024-12-13 14:53:30,2024,12,2024-W50,週五,下午,1,1,0,0,0,0
155691031,6792,1377,5,資訊教育,問答簡報是非與選擇題製作,453.397,100,2024-12-13 14:53:39,2024,12,2024-W50,週五,下午,1,1,0,0,0,0
155691191,6792,1377,5,資訊教育,略過投影片與投影播放,412.16,12,2024-12-13 14:53:59,2024,12,2024-W50,週五,下午,1,1,0,0,0,0
155691380,14940,1377,5,資訊教育,略過投影片與投影播放,412.16,23,2024-12-13 14:54:25,2024,12,2024-W50,週五,下午,3,3,0,0,0,0
155692150,14047,1377,5,資訊教育,更完美的闖關製作與其他簡報軟體設定,326.229,100,2024-12-13 14:56:17,2024,12,2024-W50,週五,下午,1,1,0,0,0,0
155692727,14047,1377,5,資訊教育,略過投影片與投影播放,412.16,45,2024-12-13 14:57:49,2024,12,2024-W50,週五,下午,1,1,0,0,0,0
155697864,170839,1377,6,資訊教育,著作權法、創用CC和遊戲規劃,335.16,100,2024-12-13 15:17:20,2024,12,2024-W50,週五,下午,5,5,0,0,0,0
155699429,169901,1377,6,資訊教育,隨機移動的小老鼠,430.196,75,2024-12-13 15:23:47,2024,12,2024-W50,週五,下午,5,5,0,0,0,0
155699437,170382,1377,6,資訊教育,變數的應用,223.84,100,2024-12-13 15:23:48,2024,12,2024-W50,週五,下午,18,17,3,0,0,1
155699603,179767,1377,6,資訊教育,遊戲中的小老鼠,311.244,100,2024-12-13 15:24:22,2024,12,2024-W50,週五,下午,6,5,0,0,0,1
155699704,170743,1377,6,資訊教育,細說變數,214.96,72,2024-12-13 15:24:39,2024,12,2024-W50,週五,下午,6,6,0,0,0,1
155699893,170622,1377,6,資訊教育,細說變數,214.96,33,2024-12-13 15:25:13,2024,12,2024-W50,週五,下午,5,5,0,0,0,0
155699896,180013,1377,6,資訊教育,著作權法、創用CC和遊戲規劃,335.16,100,2024-12-13 15:25:13,2024,12,2024-W50,週五,下午,8,7,2,1,0,1
155699952,184828,1377,6,資訊教育,消失的老鼠,232.92,89,2024-12-13 15:25:24,2024,12,2024-W50,週五,下午,3,3,0,4,0,0
155700127,170169,1377,6,資訊教育,自動與手動開始的遊戲場景,494.16,100,2024-12-13 15:25:53,2024,12,2024-W50,週五,下午,23,23,0,1,0,1
155700137,170839,1377,6,資訊教育,設計遊戲場景和正義使者主角,401.968,43,2024-12-13 15:25:54,2024,12,2024-W50,週五,下午,24,31,5,0,0,1
155700574,170651,1377,6,資訊教育,著作權法、創用CC和遊戲規劃,335.16,100,2024-12-13 15:27:13,2024,12,2024-W50,週五,下午,3,2,0,0,0,1
155700775,169901,1377,6,資訊教育,隨機移動的小老鼠,430.196,100,2024-12-13 15:27:51,2024,12,2024-W50,週五,下午,5,5,1,0,0,0
155700819,170471,1377,6,資訊教育,設計遊戲場景和正義使者主角,401.968,93,2024-12-13 15:27:56,2024,12,2024-W50,週五,下午,26,26,0,0,0,1
155701080,184828,1377,6,資訊教育,細說變數,214.96,100,2024-12-13 15:28:40,2024,12,2024-W50,週五,下午,14,14,5,0,0,2
155701514,169177,1377,6,資訊教育,自動與手動開始的遊戲場景,494.16,100,2024-12-13 15:29:55,2024,12,2024-W50,週五,下午,2,1,0,0,0,1
155701954,73123,1377,6,資訊教育,自動與手動開始的遊戲場景,494.16,0,2024-12-13 15:31:09,2024,12,2024-W50,週五,下午,3,2,1,0,0,0
155702157,73123,1377,6,資訊教育,遊戲中的小老鼠,311.244,1,2024-12-13 15:31:46,2024,12,2024-W50,週五,下午,1,1,0,0,0,0
155702355,180502,1377,6,資訊教育,著作權法、創用CC和遊戲規劃,335.16,100,2024-12-13 15:32:27,2024,12,2024-W50,週五,下午,5,4,0,0,0,1
155702391,179767,1377,6,資訊教育,隨機移動的小老鼠,430.196,46,2024-12-13 15:32:34,2024,12,2024-W50,週五,下午,15,15,0,0,0,1
155702546,169901,1377,6,資訊教育,Scratch網站介紹,442.609,70,2024-12-13 15:33:08,2024,12,2024-W50,週五,下午,1,1,0,0,0,0
155702592,73123,1377,6,資訊教育,細說變數,214.96,71,2024-12-13 15:33:16,2024,12,2024-W50,週五,下午,2,2,0,0,0,0
155702745,169901,1377,6,資訊教育,認識Scratch及帳戶的註冊,383.116,44,2024-12-13 15:33:46,2024,12,2024-W50,週五,下午,2,2,0,0,0,0
155702930,170651,1377,6,資訊教育,設計遊戲場景和正義使者主角,401.968,98,2024-12-13 15:34:22,2024,12,2024-W50,週五,下午,18,17,4,0,0,1
155703150,169901,1377,6,資訊教育,向左走向右走,442.876,100,2024-12-13 15:35:15,2024,12,2024-W50,週五,下午,6,5,0,0,0,1
155703409,170169,1377,6,資訊教育,遊戲中的小老鼠,311.244,100,2024-12-13 15:36:14,2024,12,2024-W50,週五,下午,11,11,1,3,0,0
155703873,180313,1377,6,資訊教育,著作權法、創用CC和遊戲規劃,335.16,100,2024-12-13 15:37:52,2024,12,2024-W50,週五,下午,2,1,0,0,0,1
155703932,73123,1377,6,資訊教育,變數的應用,223.84,79,2024-12-13 15:38:07,2024,12,2024-W50,週五,下午,11,11,0,0,0,1
155703968,170372,1377,6,資訊教育,自動與手動開始的遊戲場景,494.16,100,2024-12-13 15:38:15,2024,12,2024-W50,週五,下午,8,7,0,0,0,0
155704196,169177,1377,6,資訊教育,遊戲中的小老鼠,311.244,100,2024-12-13 15:39:07,2024,12,2024-W50,週五,下午,5,4,0,0,0,1
155704348,180502,1377,6,資訊教育,設計遊戲場景和正義使者主角,401.968,70,2024-12-13 15:39:43,2024,12,2024-W50,週五,下午,20,20,1,0,0,1
155704358,184828,1377,6,資訊教育,變數的應用,223.84,33,2024-12-13 15:39:46,2024,12,2024-W50,週五,下午,2,2,0,0,0,0
155704680,170839,1377,6,資訊教育,設計遊戲場景和正義使者主角,401.968,47,2024-12-13 15:41:16,2024,12,2024-W50,週五,下午,7,7,5,0,0,2
155705046,170169,1377,6,資訊教育,隨機移動的小老鼠,430.196,78,2024-12-13 15:42:42,2024,12,2024-W50,週五,下午,1,1,0,0,0,0
155705195,179767,1377,6,資訊教育,控制大花貓,234.96,40,2024-12-13 15:43:19,2024,12,2024-W50,週五,下午,1,0,0,0,0,0
155705302,170372,1377,6,資訊教育,遊戲中的小老鼠,311.244,30,2024-12-13 15:43:43,2024,12,2024-W50,週五,下午,5,5,0,0,0,0
155705369,179767,1377,6,資訊教育,細說變數,214.96,9,2024-12-13 15:43:57,2024,12,2024-W50,週五,下午,1,0,0,0,0,0
155705397,180313,1377,6,資訊教育,著作權法、創用CC和遊戲規劃,335.16,0,2024-12-13 15:44:03,2024,12,2024-W50,週五,下午,4,4,0,0,0,0
155705482,169901,1377,6,資訊教育,控制大花貓,234.96,54,2024-12-13 15:44:22,2024,12,2024-W50,週五,下午,12,12,1,0,0,2
155705507,180313,1377,6,資訊教育,設計遊戲場景和正義使者主角,401.968,33,2024-12-13 15:44:27,2024,12,2024-W50,週五,下午,6,6,1,0,0,0
155705605,180013,1377,6,資訊教育,設計遊戲場景和正義使者主角,401.968,23,2024-12-13 15:44:47,2024,12,2024-W50,週五,下午,3,3,0,0,0,0
155705667,169177,1377,6,資訊教育,隨機移動的小老鼠,430.196,82,2024-12-13 15:45:01,2024,12,2024-W50,週五,下午,5,7,1,0,1,1
155705848,179767,1377,6,資訊教育,隨機移動的小老鼠,430.196,100,2024-12-13 15:45:39,2024,12,2024-W50,週五,下午,3,2,1,0,0,0
155706001,170382,1377,6,資訊教育,變數的應用,223.84,42,2024-12-13 15:46:21,2024,12,2024-W50,週五,下午,2,2,0,1,0,0
155706024,170372,1377,6,資訊教育,遊戲中的小老鼠,311.244,100,2024-12-13 15:46:28,2024,12,2024-W50,週五,下午,3,2,0,0,0,1
155708309,90284,2284,2,國語文108,字義[二]/語境義3,127.723,100,2024-12-13 16:01:06,2024,12,2024-W50,週五,下午,5,4,0,0,0,0
155709123,90284,2284,2,國語文108,字義[二]/語境義4,135.083,100,2024-12-13 16:07:35,2024,12,2024-W50,週五,下午,1,0,0,0,0,0
155709478,90284,2284,2,國語文108,語法標點[二]/頓號,485.798,100,2024-12-13 16:10:10,2024,12,2024-W50,週五,下午,2,1,0,0,0,0
155715277,90284,2284,2,國語文108,語法標點[二]/冒號,412.827,100,2024-12-13 16:31:52,2024,12,2024-W50,週五,下午,7,7,0,0,0,0
155718184,90284,2284,2,國語文108,語法標點[二]/引號,509.329,100,2024-12-13 16:40:27,2024,12,2024-W50,週五,下午,2,2,0,0,0,0
155738869,88805,2284,2,國語文108,字義[二]/語境義3,127.723,86,2024-12-13 20:06:31,2024,12,2024-W50,週五,晚上,1,0,0,0,0,0
155739155,88805,2284,2,國語文108,字義[二]/語境義3,127.723,100,2024-12-13 20:09:38,2024,12,2024-W50,週五,晚上,1,0,0,0,0,0
155739410,88805,2284,2,國語文108,字義[二]/語境義4,135.083,100,2024-12-13 20:12:13,2024,12,2024-W50,週五,晚上,1,0,0,0,0,0
155739917,88805,2284,2,國語文108,語法標點[二]/頓號,485.798,100,2024-12-13 20:16:29,2024,12,2024-W50,週五,晚上,2,1,0,0,0,0
155741015,88805,2284,2,國語文108,語法標點[二]/冒號,412.827,100,2024-12-13 20:25:36,2024,12,2024-W50,週五,晚上,1,0,0,0,0,0
155742012,88805,2284,2,國語文108,語法標點[二]/引號,509.329,100,2024-12-13 20:34:06,2024,12,2024-W50,週五,晚上,1,0,0,0,0,0
155764102,89348,2284,2,國語文108,語法標點[二]/頓號,485.798,100,2024-12-14 09:42:32,2024,12,2024-W50,週六,上午,3,2,0,0,0,0
155764893,89348,2284,2,國語文108,語法標點[二]/冒號,412.827,100,2024-12-14 09:51:03,2024,12,2024-W50,週六,上午,17,16,0,0,0,0
155765514,89348,2284,2,國語文108,語法標點[二]/引號,509.329,22,2024-12-14 09:58:26,2024,12,2024-W50,週六,上午,1,0,0,0,0,0
155765733,89348,2284,2,國語文108,語法標點[二]/引號,509.329,41,2024-12-14 10:01:36,2024,12,2024-W50,週六,上午,2,1,0,0,0,0
155765993,89348,2284,2,國語文108,語法標點[二]/引號,509.329,50,2024-12-14 10:04:49,2024,12,2024-W50,週六,上午,1,1,0,0,0,0
155766245,89348,2284,2,國語文108,語法標點[二]/引號,509.329,100,2024-12-14 10:07:52,2024,12,2024-W50,週六,上午,1,0,0,0,0,0
155766927,89348,2284,2,國語文108,字義[二]/語境義4,135.083,100,2024-12-14 10:17:49,2024,12,2024-W50,週六,上午,1,0,0,0,0,0
155767133,89348,2284,2,國語文108,字義[二]/語境義3,127.723,100,2024-12-14 10:20:42,2024,12,2024-W50,週六,上午,2,1,0,0,0,0
155777209,170471,1377,6,資訊教育,設計遊戲場景和正義使者主角,401.968,100,2024-12-14 12:15:41,2024,12,2024-W50,週六,下午,6,6,1,0,0,0
155777711,170471,1377,6,資訊教育,設計遊戲魔鬼主角造型,210.11,95,2024-12-14 12:22:40,2024,12,2024-W50,週六,下午,6,5,0,0,0,1
155778390,170471,1377,6,資訊教育,設計遊戲魔鬼主角程式積木,270.137,100,2024-12-14 12:32:08,2024,12,2024-W50,週六,下午,10,9,2,0,0,1
155779612,170471,1377,6,資訊教育,遊戲的難易度和勝負判斷,117.25,100,2024-12-14 12:51:24,2024,12,2024-W50,週六,下午,4,3,0,0,0,1
155779797,170471,1377,6,資訊教育,倒數計時,276.243,16,2024-12-14 12:54:32,2024,12,2024-W50,週六,下午,5,5,0,0,0,0
155857095,116465,1377,3,資訊教育,認識檔案與資料夾,214.037,0,2024-12-15 15:34:41,2024,12,2024-W50,週日,下午,3,2,2,0,0,0
155857163,116465,1377,3,資訊教育,認識檔案與資料夾,214.037,100,2024-12-15 15:35:27,2024,12,2024-W50,週日,下午,2,1,0,0,0,1
155857850,116465,1377,3,資訊教育,認識檔案與資料夾,214.037,100,2024-12-15 15:42:29,2024,12,2024-W50,週日,下午,4,3,0,2,0,0
155857973,116465,1377,3,資訊教育,認識電腦的計量單位,282.411,100,2024-12-15 15:43:29,2024,12,2024-W50,週日,下午,2,1,0,0,0,1
155858763,116465,1377,3,資訊教育,認識檔案與資料夾,214.037,100,2024-12-15 15:51:19,2024,12,2024-W50,週日,下午,16,15,0,12,0,1
155859015,116465,1377,3,資訊教育,認識檔案與資料夾,214.037,100,2024-12-15 15:54:35,2024,12,2024-W50,週日,下午,2,1,0,1,0,0
155859093,116465,1377,3,資訊教育,認識電腦的計量單位,282.411,100,2024-12-15 15:55:35,2024,12,2024-W50,週日,下午,7,6,0,2,0,0
155859204,116465,1377,3,資訊教育,認識電腦的計量單位,282.411,40,2024-12-15 15:56:53,2024,12,2024-W50,週日,下午,8,8,2,2,0,1
155859876,116465,1377,3,資訊教育,認識檔案總管,179.605,100,2024-12-15 16:05:16,2024,12,2024-W50,週日,下午,2,1,0,0,0,1
155860713,116465,1377,3,資訊教育,認識檔案總管-簡易操作,280.875,25,2024-12-15 16:13:59,2024,12,2024-W50,週日,下午,6,5,1,0,0,1
155861008,116465,1377,3,資訊教育,認識檔案總管-簡易操作,280.875,100,2024-12-15 16:17:19,2024,12,2024-W50,週日,下午,2,1,0,0,0,1
155862405,116465,1377,3,資訊教育,刪除與還原,149.248,100,2024-12-15 16:32:17,2024,12,2024-W50,週日,下午,2,1,0,0,0,1
156112852,178025,2284,5,數學108,video:R-5-3-S01,963.255,0,2024-12-17 07:14:12,2024,12,2024-W51,週二,上午,1,0,0,0,0,0
156112870,178025,2284,5,數學108,video:R-5-3-S01,963.255,100,2024-12-17 07:15:04,2024,12,2024-W51,週二,上午,5,4,0,0,0,0
156114018,167466,2284,5,數學108,video:R-5-3-S01,963.255,100,2024-12-17 07:37:30,2024,12,2024-W51,週二,上午,33,32,9,0,0,0
156114523,86372,2284,5,數學108,video:R-5-3-S01,963.255,43,2024-12-17 07:41:43,2024,12,2024-W51,週二,上午,15,15,0,0,0,0
156114670,178455,2284,5,數學108,video:R-5-3-S01,963.255,100,2024-12-17 07:42:57,2024,12,2024-W51,週二,上午,6,5,0,0,0,0
156115209,65352,2284,5,數學108,video:S-5-6-S04,581.845,21,2024-12-17 07:47:30,2024,12,2024-W51,週二,上午,7,7,0,0,0,0
156115846,65352,2284,5,數學108,video:S-5-6-S04,581.845,23,2024-12-17 07:51:32,2024,12,2024-W51,週二,上午,1,1,0,0,0,0
156116458,65352,2284,5,數學108,video:S-5-6-S04,581.845,29,2024-12-17 07:55:03,2024,12,2024-W51,週二,上午,3,3,0,0,0,0
156118314,60833,2284,5,數學108,video:R-5-3-S01,963.255,3,2024-12-17 08:01:14,2024,12,2024-W51,週二,上午,1,0,0,0,0,0
156118513,87645,2284,5,數學108,video:R-5-3-S01,963.255,100,2024-12-17 08:01:47,2024,12,2024-W51,週二,上午,1,0,0,0,0,0
156119116,60833,2284,5,數學108,video:R-5-3-S01,963.255,22,2024-12-17 08:03:18,2024,12,2024-W51,週二,上午,2,2,0,0,0,0
156120702,60833,2284,5,數學108,video:R-5-3-S01,963.255,0,2024-12-17 08:06:32,2024,12,2024-W51,週二,上午,6,5,1,0,0,0
156123566,75855,2284,5,數學108,video:R-5-3-S01,963.255,100,2024-12-17 08:10:57,2024,12,2024-W51,週二,上午,5,4,0,0,0,0
156126024,60833,2284,5,數學108,video:R-5-3-S01,963.255,100,2024-12-17 08:14:24,2024,12,2024-W51,週二,上午,2,1,0,0,0,0
156129142,87645,2284,5,數學108,video:S-5-6-S04,581.845,100,2024-12-17 08:18:13,2024,12,2024-W51,週二,上午,4,3,0,0,0,0
156134191,177942,2284,5,數學108,video:S-5-6-S04,581.845,25,2024-12-17 08:25:02,2024,12,2024-W51,週二,上午,1,1,1,0,0,0
156135263,193572,2284,5,數學108,video:S-5-6-S04,581.845,53,2024-12-17 08:26:22,2024,12,2024-W51,週二,上午,4,3,0,0,0,0
156136545,177942,2284,5,數學108,video:S-5-6-S04,581.845,100,2024-12-17 08:27:54,2024,12,2024-W51,週二,上午,2,1,0,0,0,0
156139199,65352,2284,5,數學108,video:S-5-6-S04,581.845,33,2024-12-17 08:31:25,2024,12,2024-W51,週二,上午,2,2,0,0,0,0
156140092,75855,2284,5,數學108,video:S-5-6-S04,581.845,7,2024-12-17 08:33:00,2024,12,2024-W51,週二,上午,1,1,0,0,0,0
156140801,75855,2284,5,數學108,video:S-5-6-S04,581.845,40,2024-12-17 08:34:13,2024,12,2024-W51,週二,上午,3,3,0,0,0,0
156142197,177942,2284,5,數學108,video:R-5-3-S01,963.255,32,2024-12-17 08:37:08,2024,12,2024-W51,週二,上午,4,4,0,0,0,0
156424597,170642,1377,6,資訊教育,認識海報規劃及繪圖軟體Inkscape,399.061,100,2024-12-18 11:21:44,2024,12,2024-W51,週三,上午,11,10,0,0,0,1
156424675,73300,1377,6,資訊教育,認識海報規劃及繪圖軟體Inkscape,399.061,100,2024-12-18 11:22:13,2024,12,2024-W51,週三,上午,8,7,0,0,0,1
156424682,170743,1377,6,資訊教育,認識海報規劃及繪圖軟體Inkscape,399.061,100,2024-12-18 11:22:16,2024,12,2024-W51,週三,上午,2,1,0,0,0,1
156424690,170744,1377,6,資訊教育,認識海報規劃及繪圖軟體Inkscape,399.061,100,2024-12-18 11:22:22,2024,12,2024-W51,週三,上午,5,7,1,0,0,1
156424693,170382,1377,6,資訊教育,認識海報規劃及繪圖軟體Inkscape,399.061,100,2024-12-18 11:22:24,2024,12,2024-W51,週三,上午,3,2,0,0,0,1
156424775,184828,1377,6,資訊教育,認識海報規劃及繪圖軟體Inkscape,399.061,100,2024-12-18 11:22:55,2024,12,2024-W51,週三,上午,4,3,0,0,0,1
156424778,72906,1377,6,資訊教育,使用Inkscape工具繪製向量物件,460.501,17,2024-12-18 11:22:56,2024,12,2024-W51,週三,上午,1,0,0,0,0,0
156424806,170839,1377,6,資訊教育,認識海報規劃及繪圖軟體Inkscape,399.061,100,2024-12-18 11:23:04,2024,12,2024-W51,週三,上午,6,5,0,0,0,1
156424816,180313,1377,6,資訊教育,認識海報規劃及繪圖軟體Inkscape,399.061,100,2024-12-18 11:23:07,2024,12,2024-W51,週三,上午,4,3,0,0,0,1
156424822,73123,1377,6,資訊教育,使用Inkscape工具繪製向量物件,460.501,9,2024-12-18 11:23:10,2024,12,2024-W51,週三,上午,1,0,0,0,0,0
156424846,73206,1377,6,資訊教育,認識海報規劃及繪圖軟體Inkscape,399.061,5,2024-12-18 11:23:16,2024,12,2024-W51,週三,上午,2,1,0,0,0,0
156424899,180502,1377,6,資訊教育,認識海報規劃及繪圖軟體Inkscape,399.061,100,2024-12-18 11:23:38,2024,12,2024-W51,週三,上午,2,1,0,0,0,1
156424902,170622,1377,6,資訊教育,認識海報規劃及繪圖軟體Inkscape,399.061,100,2024-12-18 11:23:40,2024,12,2024-W51,週三,上午,6,5,0,0,0,1
156424914,170169,1377,6,資訊教育,認識海報規劃及繪圖軟體Inkscape,399.061,100,2024-12-18 11:23:45,2024,12,2024-W51,週三,上午,2,1,0,0,0,1
156424976,73206,1377,6,資訊教育,認識海報規劃及繪圖軟體Inkscape,399.061,100,2024-12-18 11:24:01,2024,12,2024-W51,週三,上午,5,4,0,0,0,1
156424988,169901,1377,6,資訊教育,認識海報規劃及繪圖軟體Inkscape,399.061,100,2024-12-18 11:24:04,2024,12,2024-W51,週三,上午,7,6,0,0,0,1
156425006,73123,1377,6,資訊教育,認識海報規劃及繪圖軟體Inkscape,399.061,100,2024-12-18 11:24:10,2024,12,2024-W51,週三,上午,7,6,0,0,0,1
156425039,169177,1377,6,資訊教育,認識海報規劃及繪圖軟體Inkscape,399.061,100,2024-12-18 11:24:19,2024,12,2024-W51,週三,上午,4,3,0,0,0,1
156425067,170471,1377,6,資訊教育,認識海報規劃及繪圖軟體Inkscape,399.061,100,2024-12-18 11:24:26,2024,12,2024-W51,週三,上午,13,12,0,0,0,2
156425083,170651,1377,6,資訊教育,認識海報規劃及繪圖軟體Inkscape,399.061,100,2024-12-18 11:24:30,2024,12,2024-W51,週三,上午,2,1,0,0,0,1
156425161,72906,1377,6,資訊教育,使用Inkscape工具繪製向量物件,460.501,85,2024-12-18 11:24:51,2024,12,2024-W51,週三,上午,7,6,0,0,0,1
156425734,179767,1377,6,資訊教育,認識海報規劃及繪圖軟體Inkscape,399.061,100,2024-12-18 11:27:33,2024,12,2024-W51,週三,上午,2,1,0,0,0,1
156425936,184828,1377,6,資訊教育,使用Inkscape工具繪製向量物件,460.501,100,2024-12-18 11:28:20,2024,12,2024-W51,週三,上午,3,3,0,1,0,1
156426798,170744,1377,6,資訊教育,使用Inkscape工具繪製向量物件,460.501,59,2024-12-18 11:30:54,2024,12,2024-W51,週三,上午,2,2,0,0,0,0
156426921,180313,1377,6,資訊教育,使用Inkscape工具繪製向量物件,460.501,100,2024-12-18 11:31:17,2024,12,2024-W51,週三,上午,2,4,0,0,0,1
156426929,170642,1377,6,資訊教育,認識海報規劃及繪圖軟體Inkscape,399.061,81,2024-12-18 11:31:18,2024,12,2024-W51,週三,上午,7,7,0,3,0,0
156427019,72906,1377,6,資訊教育,使用Inkscape工具繪製向量物件,460.501,100,2024-12-18 11:31:30,2024,12,2024-W51,週三,上午,1,0,0,0,0,0
156427031,170169,1377,6,資訊教育,使用Inkscape工具繪製向量物件,460.501,50,2024-12-18 11:31:31,2024,12,2024-W51,週三,上午,2,2,0,0,0,1
156427071,170651,1377,6,資訊教育,使用Inkscape工具繪製向量物件,460.501,53,2024-12-18 11:31:38,2024,12,2024-W51,週三,上午,2,2,0,0,0,1
156427091,73300,1377,6,資訊教育,使用Inkscape工具繪製向量物件,460.501,51,2024-12-18 11:31:40,2024,12,2024-W51,週三,上午,3,6,0,0,0,1
156427101,170622,1377,6,資訊教育,認識海報規劃及繪圖軟體Inkscape,399.061,100,2024-12-18 11:31:42,2024,12,2024-W51,週三,上午,1,1,0,0,0,0
156427148,170622,1377,6,資訊教育,認識海報規劃及繪圖軟體Inkscape,399.061,100,2024-12-18 11:31:49,2024,12,2024-W51,週三,上午,2,2,0,1,0,0
156427453,180502,1377,6,資訊教育,使用Inkscape工具繪製向量物件,460.501,35,2024-12-18 11:32:31,2024,12,2024-W51,週三,上午,3,3,0,0,0,1
156427560,73206,1377,6,資訊教育,使用Inkscape工具繪製向量物件,460.501,36,2024-12-18 11:32:47,2024,12,2024-W51,週三,上午,4,4,0,0,0,1
156427615,170839,1377,6,資訊教育,使用Inkscape工具繪製向量物件,460.501,32,2024-12-18 11:32:57,2024,12,2024-W51,週三,上午,2,2,0,0,0,1
156427692,169901,1377,6,資訊教育,使用Inkscape工具繪製向量物件,460.501,14,2024-12-18 11:33:08,2024,12,2024-W51,週三,上午,3,3,0,0,0,0
156427709,170622,1377,6,資訊教育,使用Inkscape工具繪製向量物件,460.501,28,2024-12-18 11:33:10,2024,12,2024-W51,週三,上午,3,3,0,0,0,1
156428006,169177,1377,6,資訊教育,使用Inkscape工具繪製向量物件,460.501,25,2024-12-18 11:33:44,2024,12,2024-W51,週三,上午,26,26,0,0,0,0
156428047,170642,1377,6,資訊教育,使用Inkscape工具繪製向量物件,460.501,6,2024-12-18 11:33:49,2024,12,2024-W51,週三,上午,14,14,0,0,0,0
156428491,179767,1377,6,資訊教育,使用Inkscape工具繪製向量物件,460.501,13,2024-12-18 11:34:43,2024,12,2024-W51,週三,上午,1,1,0,0,0,0
156482044,116465,1377,3,英語108,自我介紹-Howoldareyou?,237.184,100,2024-12-18 19:04:14,2024,12,2024-W51,週三,晚上,1,0,0,0,0,0
156482764,116465,1377,3,英語108,顏色-Whatcolorisit?,173.376,100,2024-12-18 19:12:54,2024,12,2024-W51,週三,晚上,3,2,0,0,0,0
156483772,116465,1377,3,英語108,動物-Whatisthat?That/Itis_________.,202.432,100,2024-12-18 19:22:28,2024,12,2024-W51,週三,晚上,4,3,0,0,0,0
156485238,116465,1377,3,資訊教育,刪除與還原,149.248,100,2024-12-18 19:36:19,2024,12,2024-W51,週三,晚上,3,2,0,0,0,2
156486789,116465,1377,3,資訊教育,認識檔案總管,179.605,100,2024-12-18 19:48:35,2024,12,2024-W51,週三,晚上,2,1,0,0,0,1
156488288,116465,1377,3,資訊教育,認識檔案總管,179.605,100,2024-12-18 20:00:16,2024,12,2024-W51,週三,晚上,2,1,0,0,0,1
156488946,116465,1377,3,資訊教育,認識電腦的計量單位,282.411,100,2024-12-18 20:05:08,2024,12,2024-W51,週三,晚上,2,1,0,0,0,1
156490924,116465,1377,3,資訊教育,認識檔案與資料夾,214.037,100,2024-12-18 20:24:10,2024,12,2024-W51,週三,晚上,2,1,0,0,0,1
156492687,116465,1377,3,資訊教育,認識檔案總管-簡易操作,280.875,100,2024-12-18 20:37:33,2024,12,2024-W51,週三,晚上,2,1,0,0,0,1
156497115,116465,1377,3,英語108,自我介紹-Whatisyourname?,157.952,100,2024-12-18 21:12:04,2024,12,2024-W51,週三,晚上,1,0,0,0,0,0
156498603,86372,2284,5,數學108,video:R-5-3-S01,963.255,53,2024-12-18 21:24:52,2024,12,2024-W51,週三,晚上,4,3,0,0,0,0
156499240,86372,2284,5,數學108,video:R-5-3-S01,963.255,100,2024-12-18 21:29:27,2024,12,2024-W51,週三,晚上,7,6,4,0,0,0
156500269,86372,2284,5,數學108,video:R-5-3-S01,963.255,1,2024-12-18 21:38:41,2024,12,2024-W51,週三,晚上,1,1,0,0,0,0
156504566,177942,2284,5,數學108,video:R-5-3-S01,963.255,100,2024-12-18 22:22:31,2024,12,2024-W51,週三,晚上,1,0,0,0,0,0
156506357,193572,2284,5,數學108,video:R-5-3-S01,963.255,100,2024-12-18 22:51:41,2024,12,2024-W51,週三,晚上,20,19,1,0,2,0
156507388,193572,2284,5,數學108,video:S-5-6-S04,581.845,100,2024-12-18 23:14:47,2024,12,2024-W51,週三,晚上,2,1,0,0,1,0
156593125,88271,2284,5,數學108,video:R-5-3-S01,963.255,0,2024-12-19 11:24:18,2024,12,2024-W51,週四,上午,1,0,0,0,0,0
156612155,228998,2284,3,數學108,N-3-16-S01,320.6,100,2024-12-19 12:51:29,2024,12,2024-W51,週四,下午,16,15,1,0,0,0
156614259,2475,2284,3,數學108,N-3-16-S04,683.497,1,2024-12-19 12:58:07,2024,12,2024-W51,週四,下午,3,3,3,0,0,0
156614841,2475,2284,3,數學108,N-3-16-S04,683.497,89,2024-12-19 13:00:06,2024,12,2024-W51,週四,下午,41,39,0,0,0,0
156614989,228998,2284,3,數學108,N-3-16-S03,544.92,100,2024-12-19 13:00:37,2024,12,2024-W51,週四,下午,5,4,0,0,0,0
156617974,228998,2284,3,數學108,N-3-16-S04,683.497,11,2024-12-19 13:11:48,2024,12,2024-W51,週四,下午,1,0,0,0,0,0
156617982,228921,2284,3,數學108,N-3-16-S02,392.68,27,2024-12-19 13:11:49,2024,12,2024-W51,週四,下午,5,4,0,0,0,0
156618588,228998,2284,3,數學108,N-3-16-S02,392.68,3,2024-12-19 13:14:22,2024,12,2024-W51,週四,下午,1,1,0,0,0,0
156619136,228998,2284,3,數學108,N-3-16-S04,683.497,26,2024-12-19 13:17:05,2024,12,2024-W51,週四,下午,2,2,0,0,0,0
156669474,78205,1377,3,數學108,N-3-13-S02,301.047,100,2024-12-19 15:22:59,2024,12,2024-W51,週四,下午,1,0,0,0,0,0
156671436,78205,1377,3,數學108,N-3-13-S03,312.843,37,2024-12-19 15:29:22,2024,12,2024-W51,週四,下午,1,1,0,0,0,0
156829879,27279,1377,5,資訊教育,更完美的闖關製作與其他簡報軟體設定,326.229,11,2024-12-20 10:31:57,2024,12,2024-W51,週五,上午,5,5,0,0,0,0
156830015,24756,1377,5,資訊教育,更完美的闖關製作與其他簡報軟體設定,326.229,9,2024-12-20 10:32:48,2024,12,2024-W51,週五,上午,2,2,0,0,0,0
156830101,26970,1377,5,資訊教育,簡報圖片配色與圖層概念,392.853,4,2024-12-20 10:33:15,2024,12,2024-W51,週五,上午,1,1,0,0,0,0
156833697,29075,1377,5,資訊教育,問答簡報是非與選擇題製作,453.397,6,2024-12-20 10:43:02,2024,12,2024-W51,週五,上午,1,1,0,0,0,0
156833754,132515,1377,5,資訊教育,製作互動專題簡報,382.955,17,2024-12-20 10:43:09,2024,12,2024-W51,週五,上午,2,2,0,0,0,1
156834082,116516,1377,5,資訊教育,問答簡報是非與選擇題製作,453.397,16,2024-12-20 10:43:45,2024,12,2024-W51,週五,上午,6,6,0,0,0,0
156834537,27736,1377,5,資訊教育,製作互動專題簡報,382.955,100,2024-12-20 10:44:31,2024,12,2024-W51,週五,上午,5,4,0,0,0,1
156834881,34771,1377,5,資訊教育,簡報物件動畫設計,309.077,100,2024-12-20 10:45:02,2024,12,2024-W51,週五,上午,4,3,0,0,0,1
156835130,132515,1377,5,資訊教育,製作互動專題簡報,382.955,26,2024-12-20 10:45:27,2024,12,2024-W51,週五,上午,4,4,0,0,0,0
156835386,27279,1377,5,資訊教育,更完美的闖關製作與其他簡報軟體設定,326.229,100,2024-12-20 10:45:56,2024,12,2024-W51,週五,上午,1,0,0,0,0,0
156835922,27845,1377,5,資訊教育,規劃互動專題簡報,391.829,100,2024-12-20 10:46:45,2024,12,2024-W51,週五,上午,2,1,0,0,0,1
156836476,26970,1377,5,資訊教育,簡報圖片配色與圖層概念,392.853,22,2024-12-20 10:47:37,2024,12,2024-W51,週五,上午,6,6,1,0,0,2
156836754,29165,1377,5,資訊教育,簡報物件動畫設計,309.077,54,2024-12-20 10:48:02,2024,12,2024-W51,週五,上午,2,2,0,0,0,1
156837506,29204,1377,5,資訊教育,更完美的闖關製作與其他簡報軟體設定,326.229,38,2024-12-20 10:49:14,2024,12,2024-W51,週五,上午,1,1,0,0,0,1
156838007,25068,1377,5,資訊教育,簡報物件動畫設計,309.077,54,2024-12-20 10:49:58,2024,12,2024-W51,週五,上午,1,1,0,0,0,1
156851611,241568,1377,6,資訊教育,設計遊戲場景和正義使者主角,401.968,100,2024-12-20 11:20:30,2024,12,2024-W51,週五,上午,2,1,0,0,0,0
156851704,238943,1377,6,資訊教育,設計遊戲場景和正義使者主角,401.968,75,2024-12-20 11:21:04,2024,12,2024-W51,週五,上午,18,18,0,0,0,1
156851877,230630,1377,6,資訊教育,著作權法、創用CC和遊戲規劃,335.16,100,2024-12-20 11:22:02,2024,12,2024-W51,週五,上午,1,1,0,0,0,0
156851941,230630,1377,6,資訊教育,設計遊戲場景和正義使者主角,401.968,100,2024-12-20 11:22:25,2024,12,2024-W51,週五,上午,18,18,3,7,0,1
156851982,239765,1377,6,資訊教育,遊戲的難易度和勝負判斷,117.25,100,2024-12-20 11:22:41,2024,12,2024-W51,週五,上午,1,0,0,0,0,0
156854574,239765,1377,6,資訊教育,遊戲的難易度和勝負判斷,117.25,61,2024-12-20 11:30:50,2024,12,2024-W51,週五,上午,2,2,0,1,0,0
156854576,230454,1377,6,資訊教育,倒數計時,276.243,57,2024-12-20 11:30:51,2024,12,2024-W51,週五,上午,4,4,1,0,0,2
156854871,240896,1377,6,資訊教育,設計遊戲魔鬼主角造型,210.11,36,2024-12-20 11:31:26,2024,12,2024-W51,週五,上午,1,1,0,0,0,0
156854916,238999,1377,6,資訊教育,設計遊戲場景和正義使者主角,401.968,100,2024-12-20 11:31:34,2024,12,2024-W51,週五,上午,5,4,0,0,0,0
156855390,241568,1377,6,資訊教育,著作權法、創用CC和遊戲規劃,335.16,100,2024-12-20 11:32:40,2024,12,2024-W51,週五,上午,1,0,0,0,0,0
156855577,241568,1377,6,資訊教育,著作權法、創用CC和遊戲規劃,335.16,91,2024-12-20 11:33:09,2024,12,2024-W51,週五,上午,3,3,0,4,0,0
156855592,239765,1377,6,資訊教育,倒數計時,276.243,58,2024-12-20 11:33:11,2024,12,2024-W51,週五,上午,13,13,3,0,0,2
156857156,241568,1377,6,資訊教育,設計遊戲場景和正義使者主角,401.968,100,2024-12-20 11:37:12,2024,12,2024-W51,週五,上午,26,26,3,13,0,0
156857200,230014,1377,6,資訊教育,著作權法、創用CC和遊戲規劃,335.16,30,2024-12-20 11:37:18,2024,12,2024-W51,週五,上午,1,1,0,0,0,0
156857292,239275,1377,6,資訊教育,消失的老鼠,232.92,100,2024-12-20 11:37:32,2024,12,2024-W51,週五,上午,4,3,0,0,0,1
156859277,238999,1377,6,資訊教育,設計遊戲魔鬼主角造型,210.11,100,2024-12-20 11:41:36,2024,12,2024-W51,週五,上午,13,12,1,0,0,2
156860429,240765,1377,6,資訊教育,設計遊戲魔鬼主角造型,210.11,84,2024-12-20 11:43:57,2024,12,2024-W51,週五,上午,8,7,0,0,0,1
156861108,239765,1377,6,資訊教育,設計遊戲魔鬼主角造型,210.11,93,2024-12-20 11:45:14,2024,12,2024-W51,週五,上午,4,3,0,1,0,1
156862169,230630,1377,6,資訊教育,設計遊戲魔鬼主角造型,210.11,96,2024-12-20 11:47:27,2024,12,2024-W51,週五,上午,4,3,0,0,0,0
156862980,239765,1377,6,資訊教育,設計遊戲魔鬼主角程式積木,270.137,43,2024-12-20 11:49:05,2024,12,2024-W51,週五,上午,16,17,3,0,0,2
156863510,230630,1377,6,資訊教育,設計遊戲魔鬼主角程式積木,270.137,100,2024-12-20 11:50:13,2024,12,2024-W51,週五,上午,7,7,1,3,0,0
156865581,238999,1377,6,資訊教育,設計遊戲魔鬼主角程式積木,270.137,60,2024-12-20 11:55:01,2024,12,2024-W51,週五,上午,6,6,2,0,0,2
156866335,241568,1377,6,資訊教育,設計遊戲魔鬼主角造型,210.11,80,2024-12-20 11:56:34,2024,12,2024-W51,週五,上午,3,3,0,0,0,1
156880859,51872,1377,6,資訊教育,設計遊戲魔鬼主角程式積木,270.137,89,2024-12-20 13:31:52,2024,12,2024-W51,週五,下午,5,4,0,0,0,0
156885260,52740,1377,6,資訊教育,倒數計時,276.243,90,2024-12-20 13:46:11,2024,12,2024-W51,週五,下午,12,11,1,5,0,0
156885640,51872,1377,6,資訊教育,遊戲的難易度和勝負判斷,117.25,83,2024-12-20 13:47:02,2024,12,2024-W51,週五,下午,2,2,0,0,0,1
156885768,52022,1377,6,資訊教育,設計遊戲魔鬼主角程式積木,270.137,36,2024-12-20 13:47:19,2024,12,2024-W51,週五,下午,1,1,0,0,0,0
156885778,126435,1377,6,資訊教育,設計遊戲魔鬼主角造型,210.11,100,2024-12-20 13:47:20,2024,12,2024-W51,週五,下午,6,5,0,0,0,1
156886452,51872,1377,6,資訊教育,倒數計時,276.243,84,2024-12-20 13:48:49,2024,12,2024-W51,週五,下午,5,5,2,0,0,1
156887153,51787,1377,6,資訊教育,設計遊戲場景和正義使者主角,401.968,92,2024-12-20 13:50:12,2024,12,2024-W51,週五,下午,17,17,0,0,0,1
156889079,126435,1377,6,資訊教育,設計遊戲魔鬼主角造型,210.11,100,2024-12-20 13:55:06,2024,12,2024-W51,週五,下午,1,0,0,1,0,0
156889128,52022,1377,6,資訊教育,讓遊戲更精彩,236.136,100,2024-12-20 13:55:13,2024,12,2024-W51,週五,下午,6,6,4,0,0,0
156889238,126435,1377,6,資訊教育,設計遊戲場景和正義使者主角,401.968,63,2024-12-20 13:55:29,2024,12,2024-W51,週五,下午,1,1,0,0,0,0
156889557,52022,1377,6,資訊教育,常見控制板模擬器與arcade,347.781,0,2024-12-20 13:56:14,2024,12,2024-W51,週五,下午,1,1,0,0,0,0
156890022,126435,1377,6,資訊教育,著作權法、創用CC和遊戲規劃,335.16,7,2024-12-20 13:57:24,2024,12,2024-W51,週五,下午,1,1,0,0,0,0
156890375,51872,1377,6,資訊教育,倒數計時,276.243,88,2024-12-20 13:58:26,2024,12,2024-W51,週五,下午,1,0,0,0,0,0
156890524,51872,1377,6,資訊教育,讓遊戲更精彩,236.136,13,2024-12-20 13:58:52,2024,12,2024-W51,週五,下午,10,10,8,0,0,0
156891651,52740,1377,6,資訊教育,遊戲的難易度和勝負判斷,117.25,34,2024-12-20 14:02:03,2024,12,2024-W51,週五,下午,1,1,0,0,0,0
156891970,52740,1377,6,資訊教育,讓遊戲更精彩,236.136,42,2024-12-20 14:02:52,2024,12,2024-W51,週五,下午,3,4,1,0,0,0
156892378,52022,1377,6,資訊教育,讓遊戲更精彩,236.136,60,2024-12-20 14:03:56,2024,12,2024-W51,週五,下午,4,4,0,3,0,0
156899913,14940,1377,5,資訊教育,問答簡報是非與選擇題製作,453.397,63,2024-12-20 14:34:17,2024,12,2024-W51,週五,下午,409,409,0,0,0,1
156900094,6792,1377,5,資訊教育,更完美的闖關製作與其他簡報軟體設定,326.229,89,2024-12-20 14:34:55,2024,12,2024-W51,週五,下午,6,6,0,0,0,1
156900247,14106,1377,5,資訊教育,更完美的闖關製作與其他簡報軟體設定,326.229,79,2024-12-20 14:35:21,2024,12,2024-W51,週五,下午,13,21,0,0,0,1
156900366,13295,1377,5,資訊教育,規劃互動專題簡報,391.829,100,2024-12-20 14:35:45,2024,12,2024-W51,週五,下午,2,1,0,0,0,1
156900385,13063,1377,5,資訊教育,製作互動專題簡報,382.955,47,2024-12-20 14:35:50,2024,12,2024-W51,週五,下午,5,5,2,0,0,2
156900791,14640,1377,5,資訊教育,規劃互動專題簡報,391.829,12,2024-12-20 14:37:14,2024,12,2024-W51,週五,下午,2,1,0,0,0,0
156901181,14637,1377,5,資訊教育,問答簡報是非與選擇題製作,453.397,87,2024-12-20 14:38:19,2024,12,2024-W51,週五,下午,2,2,0,0,0,0
156901254,14047,1377,5,資訊教育,設計好看的封面,362.795,100,2024-12-20 14:38:29,2024,12,2024-W51,週五,下午,4,3,0,0,0,2
156901264,13020,1377,5,資訊教育,使用項目符號、探索功能,337.237,100,2024-12-20 14:38:30,2024,12,2024-W51,週五,下午,4,3,0,0,0,0
156901334,14640,1377,5,資訊教育,問答簡報是非與選擇題製作,453.397,5,2024-12-20 14:38:39,2024,12,2024-W51,週五,下午,4,3,0,0,0,0
156901335,13107,1377,5,資訊教育,規劃互動專題簡報,391.829,24,2024-12-20 14:38:40,2024,12,2024-W51,週五,下午,1,1,0,0,0,1
156901488,14737,1377,5,資訊教育,插入影片,279.68,100,2024-12-20 14:39:05,2024,12,2024-W51,週五,下午,4,3,1,0,0,2
156901646,13053,1377,5,資訊教育,規劃互動專題簡報,391.829,24,2024-12-20 14:39:32,2024,12,2024-W51,週五,下午,1,1,0,0,0,1
156901735,14640,1377,5,資訊教育,簡報圖片配色與圖層概念,392.853,100,2024-12-20 14:39:45,2024,12,2024-W51,週五,下午,1,0,0,0,0,0
156905439,90284,2284,2,數學108,N-2-6-S01,414.047,100,2024-12-20 14:49:44,2024,12,2024-W51,週五,下午,5,4,2,0,0,0
156910874,90284,2284,2,國語文108,字義[二]/語境義5,140.331,100,2024-12-20 15:11:35,2024,12,2024-W51,週五,下午,1,0,0,0,0,0
156911234,90284,2284,2,國語文108,字義[二]/語境義6,133.056,100,2024-12-20 15:14:14,2024,12,2024-W51,週五,下午,2,1,0,0,0,0
156911444,170839,1377,6,資訊教育,設計遊戲場景和正義使者主角,401.968,94,2024-12-20 15:15:38,2024,12,2024-W51,週五,下午,15,15,8,0,0,0
156911967,180013,1377,6,資訊教育,設計遊戲場景和正義使者主角,401.968,93,2024-12-20 15:18:10,2024,12,2024-W51,週五,下午,29,29,5,0,0,1
156911993,170839,1377,6,資訊教育,著作權法、創用CC和遊戲規劃,335.16,100,2024-12-20 15:18:15,2024,12,2024-W51,週五,下午,2,2,0,1,0,0
156912004,180313,1377,6,資訊教育,著作權法、創用CC和遊戲規劃,335.16,64,2024-12-20 15:18:17,2024,12,2024-W51,週五,下午,3,2,0,2,0,0
156912044,180313,1377,6,資訊教育,設計遊戲場景和正義使者主角,401.968,100,2024-12-20 15:18:30,2024,12,2024-W51,週五,下午,38,39,4,0,0,2
156912115,89348,2284,2,國語文108,語法標點[二]/問號,423.303,9,2024-12-20 15:18:50,2024,12,2024-W51,週五,下午,2,1,0,0,0,0
156912264,170743,1377,6,資訊教育,細說變數,214.96,70,2024-12-20 15:19:30,2024,12,2024-W51,週五,下午,1,1,3,0,0,0
156912266,180502,1377,6,資訊教育,設計遊戲場景和正義使者主角,401.968,100,2024-12-20 15:19:31,2024,12,2024-W51,週五,下午,7,6,0,0,0,0
156912342,89348,2284,2,國語文108,語法標點[二]/問號,423.303,100,2024-12-20 15:19:49,2024,12,2024-W51,週五,下午,5,4,0,0,0,0
156912451,170169,1377,6,資訊教育,自動與手動開始的遊戲場景,494.16,100,2024-12-20 15:20:18,2024,12,2024-W51,週五,下午,16,16,0,7,0,0
156912738,170651,1377,6,資訊教育,設計遊戲魔鬼主角造型,210.11,5,2024-12-20 15:21:52,2024,12,2024-W51,週五,下午,1,0,0,0,0,0
156912772,170622,1377,6,資訊教育,細說變數,214.96,15,2024-12-20 15:22:05,2024,12,2024-W51,週五,下午,6,6,1,0,0,1
156912783,170651,1377,6,資訊教育,設計遊戲場景和正義使者主角,401.968,100,2024-12-20 15:22:12,2024,12,2024-W51,週五,下午,1,0,0,0,0,0
156912863,170372,1377,6,資訊教育,細說變數,214.96,0,2024-12-20 15:22:47,2024,12,2024-W51,週五,下午,8,7,3,0,0,0
156912941,184828,1377,6,資訊教育,消失的老鼠,232.92,59,2024-12-20 15:23:17,2024,12,2024-W51,週五,下午,6,6,2,0,0,0
156912971,73123,1377,6,資訊教育,變數的應用,223.84,0,2024-12-20 15:23:30,2024,12,2024-W51,週五,下午,1,1,0,0,0,0
156913019,169177,1377,6,資訊教育,控制大花貓,234.96,83,2024-12-20 15:23:45,2024,12,2024-W51,週五,下午,19,19,1,1,0,2
156913021,90284,2284,2,國語文108,語法標點[二]/問號,423.303,100,2024-12-20 15:23:45,2024,12,2024-W51,週五,下午,2,1,1,0,0,0
156913140,170651,1377,6,資訊教育,設計遊戲魔鬼主角造型,210.11,100,2024-12-20 15:24:16,2024,12,2024-W51,週五,下午,4,3,0,0,0,1
156913904,89348,2284,2,國語文108,語法標點[二]/驚嘆號,552.832,45,2024-12-20 15:27:24,2024,12,2024-W51,週五,下午,2,2,0,0,0,0
156914927,90284,2284,2,國語文108,語法標點[二]/驚嘆號,552.832,100,2024-12-20 15:31:25,2024,12,2024-W51,週五,下午,1,0,0,0,0,0
156917733,170471,1377,6,資訊教育,遊戲的難易度和勝負判斷,117.25,23,2024-12-20 15:40:53,2024,12,2024-W51,週五,下午,1,1,0,0,0,0
156917907,170471,1377,6,資訊教育,倒數計時,276.243,100,2024-12-20 15:41:32,2024,12,2024-W51,週五,下午,11,10,0,0,0,1
156918108,170622,1377,6,資訊教育,變數的應用,223.84,44,2024-12-20 15:42:18,2024,12,2024-W51,週五,下午,15,15,2,0,0,0
156918114,170743,1377,6,資訊教育,變數的應用,223.84,77,2024-12-20 15:42:19,2024,12,2024-W51,週五,下午,9,9,0,0,0,1
156918382,180502,1377,6,資訊教育,設計遊戲魔鬼主角造型,210.11,100,2024-12-20 15:43:14,2024,12,2024-W51,週五,下午,7,6,0,0,0,1
156918590,170169,1377,6,資訊教育,遊戲中的小老鼠,311.244,100,2024-12-20 15:43:59,2024,12,2024-W51,週五,下午,7,7,1,5,0,0
156919093,170651,1377,6,資訊教育,設計遊戲魔鬼主角程式積木,270.137,100,2024-12-20 15:45:34,2024,12,2024-W51,週五,下午,8,7,1,0,0,1
156919570,179767,1377,6,資訊教育,向左走向右走,442.876,100,2024-12-20 15:47:18,2024,12,2024-W51,週五,下午,2,1,0,0,0,1
156919618,170169,1377,6,資訊教育,隨機移動的小老鼠,430.196,100,2024-12-20 15:47:27,2024,12,2024-W51,週五,下午,1,0,0,0,0,0
156919731,184828,1377,6,資訊教育,遊戲中的小老鼠,311.244,74,2024-12-20 15:47:54,2024,12,2024-W51,週五,下午,4,3,0,1,0,0
156920079,170839,1377,6,資訊教育,設計遊戲場景和正義使者主角,401.968,100,2024-12-20 15:49:09,2024,12,2024-W51,週五,下午,1,1,0,0,0,0
156920151,170169,1377,6,資訊教育,隨機移動的小老鼠,430.196,5,2024-12-20 15:49:26,2024,12,2024-W51,週五,下午,1,1,0,0,0,0
156920374,170169,1377,6,資訊教育,遊戲中的小老鼠,311.244,100,2024-12-20 15:50:14,2024,12,2024-W51,週五,下午,4,4,0,1,0,0
156920395,170471,1377,6,資訊教育,倒數計時,276.243,22,2024-12-20 15:50:18,2024,12,2024-W51,週五,下午,2,1,0,0,0,0
156920494,180502,1377,6,資訊教育,設計遊戲魔鬼主角程式積木,270.137,60,2024-12-20 15:50:37,2024,12,2024-W51,週五,下午,12,12,0,0,0,1
156920596,169177,1377,6,資訊教育,遊戲中的小老鼠,311.244,79,2024-12-20 15:51:05,2024,12,2024-W51,週五,下午,5,5,0,0,0,0
156920772,170471,1377,6,資訊教育,讓遊戲更精彩,236.136,71,2024-12-20 15:51:52,2024,12,2024-W51,週五,下午,4,4,0,0,0,1
156920980,170169,1377,6,資訊教育,隨機移動的小老鼠,430.196,64,2024-12-20 15:52:52,2024,12,2024-W51,週五,下午,13,13,2,3,0,0
156921055,180313,1377,6,資訊教育,設計遊戲場景和正義使者主角,401.968,60,2024-12-20 15:53:14,2024,12,2024-W51,週五,下午,3,3,1,1,0,0
156921095,180313,1377,6,資訊教育,設計遊戲場景和正義使者主角,401.968,94,2024-12-20 15:53:23,2024,12,2024-W51,週五,下午,1,1,0,1,0,0
156921277,180313,1377,6,資訊教育,設計遊戲魔鬼主角造型,210.11,23,2024-12-20 15:54:04,2024,12,2024-W51,週五,下午,1,1,0,0,0,0
156921452,180313,1377,6,資訊教育,設計遊戲魔鬼主角造型,210.11,18,2024-12-20 15:55:05,2024,12,2024-W51,週五,下午,1,1,1,0,0,0
156921611,170651,1377,6,資訊教育,設計遊戲魔鬼主角程式積木,270.137,0,2024-12-20 15:56:04,2024,12,2024-W51,週五,下午,1,1,0,0,0,0
156942721,52537,1377,6,國語文108,字形[六]/字體字形1,112.6,9,2024-12-20 18:32:39,2024,12,2024-W51,週五,晚上,1,0,0,0,0,0
156946260,52537,1377,6,數學108,S-6-3-S07,216.362,71,2024-12-20 19:30:08,2024,12,2024-W51,週五,晚上,2,1,0,0,0,1
156947586,252091,2284,3,數學108,N-3-16-S04,683.497,100,2024-12-20 19:46:47,2024,12,2024-W51,週五,晚上,4,3,0,0,0,0
156948860,252091,2284,3,數學108,N-3-16-S04,683.497,0,2024-12-20 20:01:28,2024,12,2024-W51,週五,晚上,2,2,0,0,0,0
156949252,2663,2284,3,數學108,N-3-16-S04,683.497,100,2024-12-20 20:05:58,2024,12,2024-W51,週五,晚上,7,8,1,0,0,0
156954069,88805,2284,2,數學108,N-2-6-S01,414.047,100,2024-12-20 20:57:49,2024,12,2024-W51,週五,晚上,11,10,7,0,0,0
156956454,88805,2284,2,國語文108,字義[二]/語境義5,140.331,100,2024-12-20 21:19:47,2024,12,2024-W51,週五,晚上,1,0,0,0,0,0
156956852,52537,1377,6,數學108,N-6-1-S01,417.751,28,2024-12-20 21:23:51,2024,12,2024-W51,週五,晚上,2,1,0,0,0,0
156956883,88805,2284,2,國語文108,字義[二]/語境義6,133.056,100,2024-12-20 21:24:10,2024,12,2024-W51,週五,晚上,1,0,0,0,0,0
156957121,52537,1377,6,數學108,N-6-1-S03,624.08,7,2024-12-20 21:26:35,2024,12,2024-W51,週五,晚上,3,3,0,0,0,0
156957213,88805,2284,2,國語文108,語法標點[二]/問號,423.303,100,2024-12-20 21:27:31,2024,12,2024-W51,週五,晚上,1,0,0,0,0,0
156958194,88805,2284,2,國語文108,語法標點[二]/驚嘆號,552.832,100,2024-12-20 21:36:11,2024,12,2024-W51,週五,晚上,1,0,0,0,0,0
156992174,88836,2284,2,國語文108,朗讀-2年級-正確性,483.264,100,2024-12-21 14:27:32,2024,12,2024-W51,週六,下午,3,2,0,0,0,0
156992888,89348,2284,2,國語文108,語法標點[二]/驚嘆號,552.832,52,2024-12-21 14:36:39,2024,12,2024-W51,週六,下午,1,0,0,0,0,0
156992966,89348,2284,2,國語文108,語法標點[二]/驚嘆號,552.832,100,2024-12-21 14:37:44,2024,12,2024-W51,週六,下午,1,0,0,0,0,0
156993311,89348,2284,2,國語文108,字義[二]/語境義5,140.331,14,2024-12-21 14:43:55,2024,12,2024-W51,週六,下午,1,0,0,0,0,0
156993433,89348,2284,2,國語文108,字義[二]/語境義5,140.331,100,2024-12-21 14:46:02,2024,12,2024-W51,週六,下午,1,0,0,0,0,0
156993655,89348,2284,2,國語文108,字義[二]/語境義6,133.056,100,2024-12-21 14:49:05,2024,12,2024-W51,週六,下午,1,0,0,0,0,0
156993830,89348,2284,2,數學108,N-2-6-S01,414.047,2,2024-12-21 14:52:41,2024,12,2024-W51,週六,下午,1,0,0,0,0,0
156993859,89348,2284,2,數學108,N-2-6-S01,414.047,97,2024-12-21 14:53:12,2024,12,2024-W51,週六,下午,4,5,2,0,0,0
156994337,89348,2284,2,數學108,N-2-6-S01,414.047,100,2024-12-21 15:00:53,2024,12,2024-W51,週六,下午,1,0,0,0,0,0
156999375,94098,2284,2,國語文108,朗讀-2年級-正確性,483.264,3,2024-12-21 16:31:27,2024,12,2024-W51,週六,下午,1,1,0,0,0,0
156999672,94098,2284,2,國語文108,朗讀-2年級-正確性,483.264,100,2024-12-21 16:36:24,2024,12,2024-W51,週六,下午,12,12,0,0,3,0
157002629,116465,1377,3,資訊教育,英文輸入真Easy,201.664,100,2024-12-21 17:36:11,2024,12,2024-W51,週六,下午,3,2,0,0,0,1
157003308,116465,1377,3,資訊教育,中文輸入真Easy,237.12,100,2024-12-21 17:49:02,2024,12,2024-W51,週六,下午,4,3,1,0,0,1
157003890,116465,1377,3,數學108,S-3-4-S01,327.982,100,2024-12-21 18:06:47,2024,12,2024-W51,週六,晚上,2,1,1,0,0,0
157016573,2663,2284,3,數學108,N-3-9-S01,364.019,46,2024-12-22 08:48:53,2024,12,2024-W51,週日,上午,2,1,0,0,0,0
157016623,2663,2284,3,數學108,N-3-9-S01,364.019,2,2024-12-22 08:54:19,2024,12,2024-W51,週日,上午,1,1,0,0,0,0
157016705,2663,2284,3,數學108,N-3-9-S01,364.019,9,2024-12-22 08:58:08,2024,12,2024-W51,週日,上午,2,2,0,0,0,0
157016767,2663,2284,3,數學108,N-3-9-S01,364.019,0,2024-12-22 09:02:26,2024,12,2024-W51,週日,上午,1,1,0,0,0,0
157016779,2663,2284,3,數學108,N-3-9-S01,364.019,100,2024-12-22 09:03:37,2024,12,2024-W51,週日,上午,2,1,0,0,0,0
157023958,94080,2284,2,國語文108,朗讀-2年級-正確性,483.264,100,2024-12-22 11:17:48,2024,12,2024-W51,週日,上午,10,9,0,0,0,0
157054129,252091,2284,3,數學108,N-3-9-S01,364.019,100,2024-12-22 18:29:36,2024,12,2024-W51,週日,晚上,2,1,0,0,0,0
157055618,116465,1377,3,資訊教育,認識檔案總管-簡易操作,280.875,100,2024-12-22 18:52:57,2024,12,2024-W51,週日,晚上,2,1,0,0,0,1
157056838,189551,2284,2,國語文108,朗讀-2年級-正確性,483.264,100,2024-12-22 19:10:10,2024,12,2024-W51,週日,晚上,6,5,1,0,2,0
157056878,116465,1377,3,數學108,N-3-14-S01,307.131,100,2024-12-22 19:10:44,2024,12,2024-W51,週日,晚上,2,1,1,0,0,0
157057501,116465,1377,3,數學108,N-3-14-S02,312.703,100,2024-12-22 19:18:04,2024,12,2024-W51,週日,晚上,1,0,0,0,0,0
157058093,116465,1377,3,數學108,N-3-14-S03,421.001,100,2024-12-22 19:24:08,2024,12,2024-W51,週日,晚上,1,0,0,0,0,0
157112900,80905,1377,3,資訊教育,我是小畫家-繪圖工具的介紹,374.507,100,2024-12-23 09:31:06,2024,12,2024-W52,週一,上午,7,6,3,0,0,2
157114701,80905,1377,3,資訊教育,我是小畫家-繪圖工具的介紹,374.507,100,2024-12-23 09:40:39,2024,12,2024-W52,週一,上午,6,5,2,2,0,1
157117624,80905,1377,3,資訊教育,我是小畫家-繪圖工具的介紹,374.507,91,2024-12-23 09:53:22,2024,12,2024-W52,週一,上午,13,12,0,5,0,0
157130288,129597,1377,3,資訊教育,我是小畫家-繪圖工具的介紹,374.507,100,2024-12-23 10:47:19,2024,12,2024-W52,週一,上午,9,8,0,0,0,1
157130408,77526,1377,3,資訊教育,我是小畫家-繪圖工具的介紹,374.507,100,2024-12-23 10:47:34,2024,12,2024-W52,週一,上午,2,1,0,0,0,1
157130605,75413,1377,3,資訊教育,我是小畫家-繪圖工具的介紹,374.507,100,2024-12-23 10:48:06,2024,12,2024-W52,週一,上午,4,3,0,0,0,1
157133373,77526,1377,3,資訊教育,我是小畫家-繪圖工具的應用,390.72,100,2024-12-23 10:56:10,2024,12,2024-W52,週一,上午,2,1,0,0,0,1
157133703,129597,1377,3,資訊教育,我是小畫家-繪圖工具的應用,390.72,100,2024-12-23 10:57:10,2024,12,2024-W52,週一,上午,2,1,0,0,0,1
157135857,75413,1377,3,資訊教育,我是小畫家-繪圖工具的應用,390.72,85,2024-12-23 11:03:19,2024,12,2024-W52,週一,上午,8,8,2,0,0,1
157174774,51985,1377,4,資訊教育,安裝雲端硬碟電腦版,379.072,100,2024-12-23 13:38:16,2024,12,2024-W52,週一,下午,8,7,2,0,0,2
157174817,115966,1377,4,資訊教育,使用雲端硬碟電腦版,229.504,100,2024-12-23 13:38:21,2024,12,2024-W52,週一,下午,4,3,0,0,0,2
157175260,129227,1377,4,資訊教育,安裝雲端硬碟電腦版,379.072,100,2024-12-23 13:39:31,2024,12,2024-W52,週一,下午,5,5,1,0,0,1
157175742,51593,1377,4,資訊教育,使用雲端硬碟電腦版,229.504,100,2024-12-23 13:40:46,2024,12,2024-W52,週一,下午,2,1,0,0,0,1
157178520,51985,1377,4,資訊教育,使用雲端硬碟電腦版,229.504,100,2024-12-23 13:47:07,2024,12,2024-W52,週一,下午,2,1,0,0,0,1
157179268,115966,1377,4,資訊教育,Google地圖基本操作,325.888,22,2024-12-23 13:48:34,2024,12,2024-W52,週一,下午,1,0,0,0,0,0
157179398,129227,1377,4,資訊教育,使用雲端硬碟電腦版,229.504,26,2024-12-23 13:48:52,2024,12,2024-W52,週一,下午,1,0,0,0,0,0
157191245,20357,1377,4,資訊教育,安裝雲端硬碟電腦版,379.072,100,2024-12-23 14:25:09,2024,12,2024-W52,週一,下午,4,3,0,0,0,0
157191532,18127,1377,4,資訊教育,安裝雲端硬碟電腦版,379.072,14,2024-12-23 14:26:21,2024,12,2024-W52,週一,下午,2,1,0,0,0,1
157191931,18127,1377,4,資訊教育,安裝雲端硬碟電腦版,379.072,100,2024-12-23 14:27:57,2024,12,2024-W52,週一,下午,2,1,0,0,0,1
157227913,165765,2284,5,數學108,video:R-5-3-S01,963.255,100,2024-12-23 16:08:20,2024,12,2024-W52,週一,下午,14,13,0,0,0,0
157228092,70502,2284,5,數學108,video:R-5-3-S01,963.255,100,2024-12-23 16:08:47,2024,12,2024-W52,週一,下午,11,10,0,0,0,0
157228390,79645,2284,5,數學108,video:N-5-4-S01,344.92,23,2024-12-23 16:09:29,2024,12,2024-W52,週一,下午,7,7,0,0,0,0
157228698,60833,2284,5,數學108,video:R-5-3-S01,963.255,100,2024-12-23 16:10:13,2024,12,2024-W52,週一,下午,12,11,0,0,0,0
157230139,79645,2284,5,數學108,video:N-5-4-S01,344.92,100,2024-12-23 16:13:47,2024,12,2024-W52,週一,下午,4,3,1,0,0,0
157230461,80289,2284,5,數學108,video:R-5-3-S01,963.255,64,2024-12-23 16:14:28,2024,12,2024-W52,週一,下午,19,19,9,0,0,0
157232471,60826,2284,5,數學108,video:N-5-4-S02,585.44,100,2024-12-23 16:18:20,2024,12,2024-W52,週一,下午,12,11,1,0,0,0
157233148,79645,2284,5,數學108,video:N-5-4-S02,585.44,100,2024-12-23 16:19:33,2024,12,2024-W52,週一,下午,7,6,2,0,0,0
157238272,165765,2284,5,數學108,video:R-5-3-S01,963.255,99,2024-12-23 16:28:15,2024,12,2024-W52,週一,下午,5,4,1,1,0,0
157239901,60833,2284,5,數學108,video:R-5-3-S01,963.255,100,2024-12-23 16:31:02,2024,12,2024-W52,週一,下午,2,2,1,0,0,0
157240041,60833,2284,5,數學108,video:R-5-3-S01,963.255,26,2024-12-23 16:31:16,2024,12,2024-W52,週一,下午,5,5,0,0,0,0
157240352,60826,2284,5,數學108,video:R-5-3-S01,963.255,15,2024-12-23 16:31:49,2024,12,2024-W52,週一,下午,7,7,0,0,0,0
157242048,70502,2284,5,數學108,video:R-5-3-S01,963.255,100,2024-12-23 16:34:48,2024,12,2024-W52,週一,下午,6,5,1,3,0,0
157242314,79645,2284,5,數學108,video:R-5-3-S01,963.255,0,2024-12-23 16:35:18,2024,12,2024-W52,週一,下午,7,7,3,0,0,0
157243023,79645,2284,5,數學108,video:R-5-3-S01,963.255,5,2024-12-23 16:36:37,2024,12,2024-W52,週一,下午,2,1,0,0,0,0
157333630,65352,2284,5,數學108,video:S-5-6-S04,581.845,98,2024-12-24 09:27:56,2024,12,2024-W52,週二,上午,1,1,0,0,0,0
157336120,183581,2284,4,數學108,video:N-4-7-S01,479.914,48,2024-12-24 09:40:31,2024,12,2024-W52,週二,上午,2,2,0,0,0,0
157347591,65352,2284,5,數學108,video:S-5-6-S04,581.845,100,2024-12-24 10:20:30,2024,12,2024-W52,週二,上午,1,0,0,0,0,0
157347977,65352,2284,5,數學108,video:R-5-3-S01,963.255,46,2024-12-24 10:22:20,2024,12,2024-W52,週二,上午,4,4,0,0,0,0
157358552,78703,1377,3,資訊教育,我是小畫家-繪圖工具的介紹,374.507,91,2024-12-24 10:58:11,2024,12,2024-W52,週二,上午,9,9,0,0,0,1
157358731,76576,1377,3,資訊教育,我是小畫家-繪圖工具的介紹,374.507,43,2024-12-24 10:58:40,2024,12,2024-W52,週二,上午,8,8,0,0,0,1
157360218,131251,1377,3,資訊教育,我是小畫家-繪圖工具的介紹,374.507,11,2024-12-24 11:02:53,2024,12,2024-W52,週二,上午,2,2,0,0,0,0
157385724,65352,2284,5,數學108,video:R-5-3-S01,963.255,100,2024-12-24 12:40:53,2024,12,2024-W52,週二,下午,1,0,0,0,0,0
157411442,180502,1377,6,資訊教育,使用Inkscape工具繪製向量物件,460.501,60,2024-12-24 14:16:31,2024,12,2024-W52,週二,下午,5,4,0,0,0,0
157412236,180502,1377,6,資訊教育,使用Inkscape工具繪製向量物件,460.501,70,2024-12-24 14:18:59,2024,12,2024-W52,週二,下午,1,1,0,0,0,0
157453389,60833,2284,5,數學108,video:R-5-3-S01,963.255,31,2024-12-24 16:05:54,2024,12,2024-W52,週二,下午,1,0,0,0,0,0
157490781,113961,1377,5,英語108,自我介紹-What'syourname?,138.776,100,2024-12-24 17:11:31,2024,12,2024-W52,週二,下午,1,0,0,0,0,0
157548500,87061,2284,5,數學108,video:R-5-3-S01,963.255,100,2024-12-25 08:43:07,2024,12,2024-W52,週三,上午,7,6,1,0,0,0
157548748,158918,2284,5,數學108,video:R-5-3-S01,963.255,100,2024-12-25 08:44:11,2024,12,2024-W52,週三,上午,4,3,0,0,0,0
157548940,75855,2284,5,數學108,video:S-5-6-S04,581.845,18,2024-12-25 08:44:59,2024,12,2024-W52,週三,上午,3,3,0,0,0,0
157551189,75855,2284,5,數學108,video:S-5-6-S04,581.845,100,2024-12-25 08:54:42,2024,12,2024-W52,週三,上午,7,6,0,0,0,0
157553826,87061,2284,5,數學108,video:R-5-3-S01,963.255,100,2024-12-25 09:02:57,2024,12,2024-W52,週三,上午,1,0,0,0,0,0
157558888,88415,2284,5,數學108,video:S-5-6-S04,581.845,100,2024-12-25 09:17:37,2024,12,2024-W52,週三,上午,2,1,0,0,0,0
157559249,158918,2284,5,數學108,video:S-5-6-S04,581.845,100,2024-12-25 09:18:27,2024,12,2024-W52,週三,上午,4,3,0,0,0,0
157562692,88415,2284,5,數學108,video:R-5-3-S01,963.255,100,2024-12-25 09:34:23,2024,12,2024-W52,週三,上午,8,7,1,0,0,0
157629793,88959,2284,2,國語文108,朗讀-2年級-正確性,483.264,100,2024-12-25 15:22:28,2024,12,2024-W52,週三,下午,6,5,0,0,0,0
157829787,2068,2284,3,數學108,N-3-9-S01,364.019,2,2024-12-26 15:25:45,2024,12,2024-W52,週四,下午,3,3,0,0,0,0
157830142,2068,2284,3,數學108,N-3-9-S01,364.019,100,2024-12-26 15:26:34,2024,12,2024-W52,週四,下午,5,4,0,0,0,0
157831531,238446,2284,3,數學108,N-3-9-S01,364.019,75,2024-12-26 15:29:36,2024,12,2024-W52,週四,下午,4,4,2,0,0,0
157833413,251097,2284,3,數學108,N-3-9-S01,364.019,100,2024-12-26 15:32:59,2024,12,2024-W52,週四,下午,10,9,0,0,0,0
157835255,238446,2284,3,數學108,N-3-9-S01,364.019,100,2024-12-26 15:36:23,2024,12,2024-W52,週四,下午,1,0,0,0,0,0
157835661,78205,1377,3,資訊教育,我是小畫家-繪圖工具的介紹,374.507,49,2024-12-26 15:37:16,2024,12,2024-W52,週四,下午,7,7,0,0,0,1
157837931,116465,1377,3,資訊教育,我是小畫家-繪圖工具的介紹,374.507,34,2024-12-26 15:42:14,2024,12,2024-W52,週四,下午,8,8,0,0,0,1
157841396,78205,1377,3,資訊教育,我是小畫家-繪圖工具的介紹,374.507,100,2024-12-26 15:48:32,2024,12,2024-W52,週四,下午,3,2,0,0,0,0
157992930,240765,1377,6,資訊教育,著作權法、創用CC和遊戲規劃,335.16,9,2024-12-27 11:23:53,2024,12,2024-W52,週五,上午,1,1,0,0,0,0
157992982,241568,1377,6,資訊教育,設計遊戲魔鬼主角造型,210.11,100,2024-12-27 11:24:05,2024,12,2024-W52,週五,上午,2,1,0,0,0,0
157993114,240765,1377,6,資訊教育,設計遊戲場景和正義使者主角,401.968,100,2024-12-27 11:24:32,2024,12,2024-W52,週五,上午,24,24,4,0,0,1
157993189,238943,1377,6,資訊教育,設計遊戲場景和正義使者主角,401.968,100,2024-12-27 11:24:43,2024,12,2024-W52,週五,上午,11,10,0,0,0,0
157994149,241568,1377,6,資訊教育,設計遊戲魔鬼主角造型,210.11,100,2024-12-27 11:28:15,2024,12,2024-W52,週五,上午,4,4,0,3,0,0
157994321,242894,1377,6,資訊教育,設計遊戲場景和正義使者主角,401.968,100,2024-12-27 11:28:50,2024,12,2024-W52,週五,上午,4,3,0,0,0,0
157994346,241568,1377,6,資訊教育,設計遊戲魔鬼主角程式積木,270.137,66,2024-12-27 11:28:54,2024,12,2024-W52,週五,上午,21,21,3,0,0,2
157994659,242894,1377,6,資訊教育,設計遊戲場景和正義使者主角,401.968,0,2024-12-27 11:29:53,2024,12,2024-W52,週五,上午,1,1,0,0,0,0
157994704,242894,1377,6,資訊教育,設計遊戲魔鬼主角造型,210.11,100,2024-12-27 11:29:59,2024,12,2024-W52,週五,上午,7,6,0,0,0,1
157995248,238943,1377,6,資訊教育,設計遊戲魔鬼主角造型,210.11,100,2024-12-27 11:31:47,2024,12,2024-W52,週五,上午,1,1,0,0,0,0
157995662,244127,1377,6,資訊教育,細說變數,214.96,5,2024-12-27 11:33:03,2024,12,2024-W52,週五,上午,1,0,0,0,0,0
157995772,240896,1377,6,資訊教育,設計遊戲魔鬼主角程式積木,270.137,0,2024-12-27 11:33:24,2024,12,2024-W52,週五,上午,1,1,0,0,0,0
157996110,244127,1377,6,資訊教育,設計遊戲場景和正義使者主角,401.968,39,2024-12-27 11:34:31,2024,12,2024-W52,週五,上午,19,19,4,0,0,0
157996235,240896,1377,6,資訊教育,設計遊戲魔鬼主角造型,210.11,97,2024-12-27 11:34:51,2024,12,2024-W52,週五,上午,3,3,1,0,0,0
157996703,238943,1377,6,資訊教育,設計遊戲魔鬼主角程式積木,270.137,100,2024-12-27 11:36:10,2024,12,2024-W52,週五,上午,24,23,0,0,0,1
157996801,242894,1377,6,資訊教育,設計遊戲魔鬼主角程式積木,270.137,100,2024-12-27 11:36:25,2024,12,2024-W52,週五,上午,24,24,1,0,0,1
158000115,240896,1377,6,資訊教育,設計遊戲魔鬼主角程式積木,270.137,60,2024-12-27 11:44:05,2024,12,2024-W52,週五,上午,13,15,4,0,0,2
158001077,238999,1377,6,資訊教育,遊戲的難易度和勝負判斷,117.25,2,2024-12-27 11:46:27,2024,12,2024-W52,週五,上午,1,1,0,0,0,0
158001124,230630,1377,6,資訊教育,遊戲的難易度和勝負判斷,117.25,1,2024-12-27 11:46:35,2024,12,2024-W52,週五,上午,1,1,0,0,0,0
158001150,238999,1377,6,資訊教育,設計遊戲魔鬼主角程式積木,270.137,88,2024-12-27 11:46:39,2024,12,2024-W52,週五,上午,1,1,0,0,0,0
158001570,230630,1377,6,資訊教育,倒數計時,276.243,85,2024-12-27 11:47:53,2024,12,2024-W52,週五,上午,13,13,2,0,0,0
158002385,240765,1377,6,資訊教育,設計遊戲場景和正義使者主角,401.968,31,2024-12-27 11:50:08,2024,12,2024-W52,週五,上午,11,11,5,8,0,0
158004140,242894,1377,6,資訊教育,設計遊戲魔鬼主角程式積木,270.137,0,2024-12-27 11:54:28,2024,12,2024-W52,週五,上午,1,0,0,0,0,0
158004229,242894,1377,6,資訊教育,遊戲的難易度和勝負判斷,117.25,100,2024-12-27 11:54:39,2024,12,2024-W52,週五,上午,4,3,0,0,0,1
158005654,238943,1377,6,資訊教育,遊戲的難易度和勝負判斷,117.25,80,2024-12-27 11:57:31,2024,12,2024-W52,週五,上午,7,7,0,0,0,1
158005856,242894,1377,6,資訊教育,倒數計時,276.243,1,2024-12-27 11:57:54,2024,12,2024-W52,週五,上午,1,1,0,0,0,0
158018317,88959,2284,2,國語文108,語法標點[二]/頓號,485.798,100,2024-12-27 13:25:25,2024,12,2024-W52,週五,下午,1,0,0,0,0,0
158019899,51787,1377,6,資訊教育,設計遊戲場景和正義使者主角,401.968,100,2024-12-27 13:36:34,2024,12,2024-W52,週五,下午,1,0,0,0,0,0
158020051,51787,1377,6,資訊教育,設計遊戲場景和正義使者主角,401.968,0,2024-12-27 13:37:13,2024,12,2024-W52,週五,下午,1,0,0,0,0,0
158020444,51787,1377,6,資訊教育,設計遊戲魔鬼主角程式積木,270.137,100,2024-12-27 13:38:30,2024,12,2024-W52,週五,下午,11,10,0,0,0,1
158028631,51787,1377,6,資訊教育,倒數計時,276.243,100,2024-12-27 13:58:03,2024,12,2024-W52,週五,下午,3,2,0,0,0,1
158030788,51787,1377,6,資訊教育,倒數計時,276.243,87,2024-12-27 14:02:55,2024,12,2024-W52,週五,下午,1,0,0,1,0,0
158032035,51787,1377,6,資訊教育,讓遊戲更精彩,236.136,40,2024-12-27 14:06:01,2024,12,2024-W52,週五,下午,4,4,0,0,0,1
158038518,13877,1377,5,資訊教育,設計好看的封面,362.795,17,2024-12-27 14:27:40,2024,12,2024-W52,週五,下午,3,2,0,0,0,1
158042028,13295,1377,5,資訊教育,簡報物件動畫設計,309.077,32,2024-12-27 14:36:04,2024,12,2024-W52,週五,下午,3,2,0,0,0,0
158042215,14640,1377,5,資訊教育,更完美的闖關製作與其他簡報軟體設定,326.229,41,2024-12-27 14:36:26,2024,12,2024-W52,週五,下午,7,7,0,0,0,1
158043227,13295,1377,5,資訊教育,規劃互動專題簡報,391.829,100,2024-12-27 14:38:23,2024,12,2024-W52,週五,下午,1,1,0,0,0,0
158043904,13295,1377,5,資訊教育,問答簡報是非與選擇題製作,453.397,52,2024-12-27 14:39:54,2024,12,2024-W52,週五,下午,8,8,1,0,0,1
158043938,6792,1377,5,資訊教育,設計好看的封面,362.795,100,2024-12-27 14:39:59,2024,12,2024-W52,週五,下午,1,0,0,0,0,0
158043951,14737,1377,5,資訊教育,插入圖案,226.432,75,2024-12-27 14:40:02,2024,12,2024-W52,週五,下午,373,373,0,0,0,1
158044008,6792,1377,5,資訊教育,設計好看的封面,362.795,100,2024-12-27 14:40:11,2024,12,2024-W52,週五,下午,1,1,0,0,0,0
158044045,6792,1377,5,資訊教育,設計好看的封面,362.795,100,2024-12-27 14:40:17,2024,12,2024-W52,週五,下午,1,1,0,0,0,0
158044175,13877,1377,5,資訊教育,設計好看的封面,362.795,100,2024-12-27 14:40:38,2024,12,2024-W52,週五,下午,3,2,0,0,0,0
158044416,14940,1377,5,資訊教育,問答簡報是非與選擇題製作,453.397,100,2024-12-27 14:41:14,2024,12,2024-W52,週五,下午,12,11,3,0,0,0
158044696,14637,1377,5,資訊教育,設計好看的封面,362.795,100,2024-12-27 14:41:57,2024,12,2024-W52,週五,下午,5,4,0,0,0,1
158044827,13020,1377,5,資訊教育,插入影片,279.68,100,2024-12-27 14:42:15,2024,12,2024-W52,週五,下午,5,4,0,0,0,2
158044956,14640,1377,5,資訊教育,簡報物件動畫設計,309.077,100,2024-12-27 14:42:31,2024,12,2024-W52,週五,下午,3,2,0,0,0,1
158045043,14106,1377,5,資訊教育,更完美的闖關製作與其他簡報軟體設定,326.229,100,2024-12-27 14:42:45,2024,12,2024-W52,週五,下午,2,1,0,0,0,1
158045296,6622,1377,5,資訊教育,簡報物件動畫設計,309.077,99,2024-12-27 14:43:19,2024,12,2024-W52,週五,下午,2,1,0,0,0,1
158045426,6792,1377,5,資訊教育,輸入簡報內容及插入網頁圖片,393.195,100,2024-12-27 14:43:38,2024,12,2024-W52,週五,下午,8,7,0,0,0,1
158046287,14940,1377,5,數學108,video:N-5-2-S01,563.88,2,2024-12-27 14:45:30,2024,12,2024-W52,週五,下午,1,1,0,0,0,0
158046470,14737,1377,5,資訊教育,插入圖案,226.432,100,2024-12-27 14:45:52,2024,12,2024-W52,週五,下午,4,2,0,0,0,0
158046602,13877,1377,5,資訊教育,插入圖案,226.432,100,2024-12-27 14:46:10,2024,12,2024-W52,週五,下午,2,1,0,0,0,1
158047527,14737,1377,5,資訊教育,插入圖案,226.432,4,2024-12-27 14:48:00,2024,12,2024-W52,週五,下午,1,0,0,0,0,0
158048134,6622,1377,5,資訊教育,簡報物件動畫設計,309.077,100,2024-12-27 14:49:13,2024,12,2024-W52,週五,下午,1,0,0,0,0,0
158048698,14047,1377,5,資訊教育,輸入簡報內容及插入網頁圖片,393.195,7,2024-12-27 14:50:26,2024,12,2024-W52,週五,下午,1,1,0,0,0,0
158048731,14940,1377,5,資訊教育,略過投影片與投影播放,412.16,52,2024-12-27 14:50:29,2024,12,2024-W52,週五,下午,9,9,0,0,0,0
158048926,14737,1377,5,資訊教育,插入資料來源及投影片編號,318.421,100,2024-12-27 14:50:55,2024,12,2024-W52,週五,下午,1,0,0,0,0,0
158048972,6792,1377,5,資訊教育,輸入簡報內容及插入網頁圖片,393.195,100,2024-12-27 14:51:00,2024,12,2024-W52,週五,下午,1,1,0,0,0,0
158049085,14637,1377,5,資訊教育,問答簡報是非與選擇題製作,453.397,100,2024-12-27 14:51:14,2024,12,2024-W52,週五,下午,1,0,0,0,0,0
158049158,6792,1377,5,資訊教育,輸入簡報內容及插入網頁圖片,393.195,100,2024-12-27 14:51:23,2024,12,2024-W52,週五,下午,1,1,0,0,0,0
158049161,14106,1377,5,資訊教育,略過投影片與投影播放,412.16,71,2024-12-27 14:51:23,2024,12,2024-W52,週五,下午,3,2,0,0,0,1
158049272,13020,1377,5,資訊教育,略過投影片與投影播放,412.16,0,2024-12-27 14:51:38,2024,12,2024-W52,週五,下午,1,0,0,0,0,0
158049281,13877,1377,5,資訊教育,變更投影片主題,337.237,100,2024-12-27 14:51:40,2024,12,2024-W52,週五,下午,1,0,0,0,0,0
158049414,13020,1377,5,資訊教育,插入資料來源及投影片編號,318.421,100,2024-12-27 14:51:58,2024,12,2024-W52,週五,下午,9,14,1,0,0,1
158049578,6622,1377,5,資訊教育,問答簡報是非與選擇題製作,453.397,51,2024-12-27 14:52:20,2024,12,2024-W52,週五,下午,5,5,1,0,0,1
158049801,14637,1377,5,資訊教育,其他簡報軟體插入投影片編號,367.275,100,2024-12-27 14:52:49,2024,12,2024-W52,週五,下午,1,0,0,0,0,0
158049872,13053,1377,5,資訊教育,更完美的闖關製作與其他簡報軟體設定,326.229,85,2024-12-27 14:53:00,2024,12,2024-W52,週五,下午,5,5,0,0,0,1
158050062,6792,1377,5,數學108,video:N-5-2-S01,563.88,1,2024-12-27 14:53:26,2024,12,2024-W52,週五,下午,1,1,0,0,0,0
158050263,14737,1377,5,資訊教育,其他簡報軟體插入投影片編號,367.275,48,2024-12-27 14:53:54,2024,12,2024-W52,週五,下午,13,12,3,0,0,2
158050366,6792,1377,5,數學108,video:N-5-2-S01,563.88,47,2024-12-27 14:54:09,2024,12,2024-W52,週五,下午,3,2,0,0,0,0
158050455,14640,1377,5,資訊教育,簡報物件動畫設計,309.077,100,2024-12-27 14:54:20,2024,12,2024-W52,週五,下午,1,1,0,0,0,0
158050500,14640,1377,5,資訊教育,簡報物件動畫設計,309.077,100,2024-12-27 14:54:26,2024,12,2024-W52,週五,下午,1,1,0,0,0,0
158050663,14640,1377,5,資訊教育,規劃互動專題簡報,391.829,65,2024-12-27 14:54:48,2024,12,2024-W52,週五,下午,3,2,0,0,0,1
158051022,14637,1377,5,資訊教育,使用項目符號、探索功能,337.237,8,2024-12-27 14:55:41,2024,12,2024-W52,週五,下午,1,1,0,0,0,0
158051713,13877,1377,5,資訊教育,變更投影片主題,337.237,0,2024-12-27 14:57:29,2024,12,2024-W52,週五,下午,1,1,0,0,0,0
158051719,14637,1377,5,資訊教育,使用項目符號、探索功能,337.237,19,2024-12-27 14:57:30,2024,12,2024-W52,週五,下午,2,2,0,0,0,1
158051861,13877,1377,5,資訊教育,匯入投影片主題,253.227,41,2024-12-27 14:57:56,2024,12,2024-W52,週五,下午,1,1,0,0,0,0
158052211,14737,1377,5,資訊教育,其他簡報軟體插入投影片編號,367.275,55,2024-12-27 14:59:04,2024,12,2024-W52,週五,下午,1,1,0,0,0,0
158052276,13020,1377,5,資訊教育,其他簡報軟體插入投影片編號,367.275,2,2024-12-27 14:59:17,2024,12,2024-W52,週五,下午,2,2,0,0,0,0
158055027,180013,1377,6,資訊教育,設計遊戲魔鬼主角造型,210.11,0,2024-12-27 15:17:26,2024,12,2024-W52,週五,下午,1,0,0,0,0,0
158055050,180013,1377,6,資訊教育,設計遊戲場景和正義使者主角,401.968,100,2024-12-27 15:17:33,2024,12,2024-W52,週五,下午,1,0,0,0,0,0
158055202,170839,1377,6,資訊教育,設計遊戲魔鬼主角造型,210.11,100,2024-12-27 15:18:12,2024,12,2024-W52,週五,下午,8,8,1,0,0,0
158055248,180013,1377,6,資訊教育,設計遊戲魔鬼主角造型,210.11,100,2024-12-27 15:18:23,2024,12,2024-W52,週五,下午,5,4,0,0,0,1
158055626,170471,1377,6,資訊教育,倒數計時,276.243,100,2024-12-27 15:19:52,2024,12,2024-W52,週五,下午,2,1,0,0,0,1
158055680,170651,1377,6,資訊教育,遊戲的難易度和勝負判斷,117.25,100,2024-12-27 15:20:04,2024,12,2024-W52,週五,下午,3,2,0,0,0,1
158055803,170169,1377,6,資訊教育,遊戲中的小老鼠,311.244,89,2024-12-27 15:20:35,2024,12,2024-W52,週五,下午,6,7,1,1,0,2
158056128,180502,1377,6,資訊教育,設計遊戲魔鬼主角程式積木,270.137,100,2024-12-27 15:21:46,2024,12,2024-W52,週五,下午,5,4,1,0,0,0
158056514,170651,1377,6,資訊教育,遊戲的難易度和勝負判斷,117.25,9,2024-12-27 15:23:35,2024,12,2024-W52,週五,下午,1,1,0,0,0,0
158056532,180313,1377,6,資訊教育,設計遊戲場景和正義使者主角,401.968,100,2024-12-27 15:23:39,2024,12,2024-W52,週五,下午,1,0,0,0,0,0
158056639,170471,1377,6,資訊教育,讓遊戲更精彩,236.136,100,2024-12-27 15:24:00,2024,12,2024-W52,週五,下午,2,1,0,0,0,0
158056825,170651,1377,6,資訊教育,倒數計時,276.243,100,2024-12-27 15:24:29,2024,12,2024-W52,週五,下午,2,1,0,0,0,1
158057185,170471,1377,6,資訊教育,常見控制板模擬器與arcade,347.781,9,2024-12-27 15:25:27,2024,12,2024-W52,週五,下午,1,0,0,0,0,0
158057516,184828,1377,6,資訊教育,遊戲中的小老鼠,311.244,100,2024-12-27 15:26:16,2024,12,2024-W52,週五,下午,9,8,0,2,0,1
158057550,180313,1377,6,資訊教育,設計遊戲魔鬼主角造型,210.11,100,2024-12-27 15:26:22,2024,12,2024-W52,週五,下午,11,10,1,0,0,1
158058075,169177,1377,6,資訊教育,遊戲中的小老鼠,311.244,100,2024-12-27 15:27:39,2024,12,2024-W52,週五,下午,4,3,0,0,0,1
158058830,170839,1377,6,資訊教育,設計遊戲魔鬼主角程式積木,270.137,89,2024-12-27 15:29:40,2024,12,2024-W52,週五,下午,2,2,2,0,0,0
158059063,170651,1377,6,資訊教育,倒數計時,276.243,51,2024-12-27 15:30:18,2024,12,2024-W52,週五,下午,1,1,0,0,0,1
158059454,180502,1377,6,資訊教育,遊戲的難易度和勝負判斷,117.25,100,2024-12-27 15:31:22,2024,12,2024-W52,週五,下午,6,5,0,0,0,1
158059479,169177,1377,6,資訊教育,隨機移動的小老鼠,430.196,39,2024-12-27 15:31:26,2024,12,2024-W52,週五,下午,4,5,1,0,0,1
158059509,184828,1377,6,資訊教育,遊戲中的小老鼠,311.244,91,2024-12-27 15:31:32,2024,12,2024-W52,週五,下午,3,3,0,1,0,0
158059843,180013,1377,6,資訊教育,設計遊戲魔鬼主角程式積木,270.137,80,2024-12-27 15:32:24,2024,12,2024-W52,週五,下午,17,17,0,0,0,1
158060033,170651,1377,6,資訊教育,倒數計時,276.243,51,2024-12-27 15:32:54,2024,12,2024-W52,週五,下午,1,1,0,0,0,1
158060130,170651,1377,6,資訊教育,讓遊戲更精彩,236.136,100,2024-12-27 15:33:08,2024,12,2024-W52,週五,下午,2,1,0,0,0,1
158061220,180502,1377,6,資訊教育,倒數計時,276.243,100,2024-12-27 15:35:32,2024,12,2024-W52,週五,下午,11,10,0,0,0,1
158062498,184828,1377,6,資訊教育,控制大花貓,234.96,33,2024-12-27 15:38:28,2024,12,2024-W52,週五,下午,1,0,0,0,0,0
158062652,180313,1377,6,資訊教育,設計遊戲魔鬼主角程式積木,270.137,14,2024-12-27 15:38:57,2024,12,2024-W52,週五,下午,3,3,0,0,0,0
158062675,184828,1377,6,資訊教育,消失的老鼠,232.92,93,2024-12-27 15:39:04,2024,12,2024-W52,週五,下午,3,2,0,2,0,0
158063620,169177,1377,6,資訊教育,隨機移動的小老鼠,430.196,100,2024-12-27 15:42:51,2024,12,2024-W52,週五,下午,2,1,0,0,0,0
158063716,180313,1377,6,資訊教育,設計遊戲場景和正義使者主角,401.968,100,2024-12-27 15:43:12,2024,12,2024-W52,週五,下午,6,5,0,0,0,1
158064200,170651,1377,6,資訊教育,常見控制板模擬器與arcade,347.781,100,2024-12-27 15:45:05,2024,12,2024-W52,週五,下午,2,1,0,0,0,1
158064345,184828,1377,6,資訊教育,變數的應用,223.84,71,2024-12-27 15:45:39,2024,12,2024-W52,週五,下午,8,8,1,0,0,2
158064643,170642,1377,6,資訊教育,設計遊戲場景和正義使者主角,401.968,47,2024-12-27 15:46:54,2024,12,2024-W52,週五,下午,19,19,1,0,0,1
158064997,180502,1377,6,資訊教育,倒數計時,276.243,1,2024-12-27 15:48:23,2024,12,2024-W52,週五,下午,1,1,0,0,0,0
158065354,170839,1377,6,資訊教育,設計遊戲魔鬼主角造型,210.11,100,2024-12-27 15:49:43,2024,12,2024-W52,週五,下午,5,5,1,3,0,0
158065446,169177,1377,6,資訊教育,向左走向右走,442.876,36,2024-12-27 15:50:03,2024,12,2024-W52,週五,下午,1,0,0,0,0,0
158065494,180502,1377,6,資訊教育,讓遊戲更精彩,236.136,14,2024-12-27 15:50:17,2024,12,2024-W52,週五,下午,2,2,1,0,0,0
158065747,180502,1377,6,資訊教育,倒數計時,276.243,71,2024-12-27 15:51:35,2024,12,2024-W52,週五,下午,1,1,0,1,0,0
158065775,180313,1377,6,資訊教育,設計遊戲場景和正義使者主角,401.968,11,2024-12-27 15:51:46,2024,12,2024-W52,週五,下午,1,1,0,0,0,0
158065947,180313,1377,6,資訊教育,設計遊戲魔鬼主角造型,210.11,16,2024-12-27 15:52:53,2024,12,2024-W52,週五,下午,2,2,0,0,0,0
158066026,169177,1377,6,資訊教育,遊戲中的小老鼠,311.244,40,2024-12-27 15:53:20,2024,12,2024-W52,週五,下午,1,1,0,0,0,0
158066031,170743,1377,6,資訊教育,著作權法、創用CC和遊戲規劃,335.16,29,2024-12-27 15:53:23,2024,12,2024-W52,週五,下午,3,3,0,0,0,1
158066223,180313,1377,6,資訊教育,著作權法、創用CC和遊戲規劃,335.16,86,2024-12-27 15:54:37,2024,12,2024-W52,週五,下午,1,1,0,0,0,0
158067857,89352,2284,2,國語文108,朗讀-2年級-正確性,483.264,100,2024-12-27 16:09:31,2024,12,2024-W52,週五,下午,3,2,0,0,1,0
158074398,180923,2284,2,國語文108,語法標點[二]/頓號,485.798,100,2024-12-27 16:35:35,2024,12,2024-W52,週五,下午,10,9,0,0,0,0
158077664,180923,2284,2,國語文108,朗讀-2年級-正確性,483.264,100,2024-12-27 16:49:45,2024,12,2024-W52,週五,下午,9,8,0,0,0,0
158095020,93778,2284,2,國語文108,語法標點[二]/頓號,485.798,100,2024-12-27 20:37:09,2024,12,2024-W52,週五,晚上,6,5,0,0,1,0
158097427,189551,2284,2,國語文108,語法標點[二]/頓號,485.798,100,2024-12-27 20:57:48,2024,12,2024-W52,週五,晚上,2,1,0,0,1,0
158100336,6622,1377,5,資訊教育,使用項目符號、探索功能,337.237,10,2024-12-27 21:24:03,2024,12,2024-W52,週五,晚上,1,1,0,0,0,1
158109747,2663,2284,3,數學108,N-3-9-S01,364.019,100,2024-12-28 07:31:26,2024,12,2024-W52,週六,上午,1,1,0,0,0,0
158148002,88836,2284,2,國語文108,語法標點[二]/頓號,485.798,96,2024-12-28 16:31:04,2024,12,2024-W52,週六,下午,5,5,0,0,0,0
158148529,88836,2284,2,國語文108,語法標點[二]/頓號,485.798,100,2024-12-28 16:39:38,2024,12,2024-W52,週六,下午,1,0,0,0,0,0
158157507,116465,1377,3,數學108,S-3-4-S02,443.339,19,2024-12-28 19:32:14,2024,12,2024-W52,週六,晚上,1,1,0,0,0,0
158157715,116465,1377,3,數學108,S-3-4-S01,327.982,100,2024-12-28 19:35:40,2024,12,2024-W52,週六,晚上,1,0,0,0,0,0
158158077,116465,1377,3,數學108,N-3-13-S02,301.047,100,2024-12-28 19:42:21,2024,12,2024-W52,週六,晚上,1,0,0,0,0,0
158159361,116465,1377,3,英語108,動物-Whatisthis?This/Itis_________.,200.32,65,2024-12-28 20:00:33,2024,12,2024-W52,週六,晚上,1,0,0,0,0,0
158160336,116465,1377,3,國語文108,語法標點[三]/句號,421.802,7,2024-12-28 20:12:30,2024,12,2024-W52,週六,晚上,1,0,0,0,0,0
158172706,116465,1377,3,數學108,S-3-2-S01,364.12,100,2024-12-29 08:06:16,2024,12,2024-W52,週日,上午,1,0,0,0,0,0
158172757,116465,1377,3,數學108,N-3-13-S04,290.552,81,2024-12-29 08:11:33,2024,12,2024-W52,週日,上午,3,2,0,0,0,0
158172844,116465,1377,3,數學108,N-3-13-S04,290.552,100,2024-12-29 08:21:14,2024,12,2024-W52,週日,上午,1,0,0,0,0,0
158172868,116465,1377,3,數學108,N-3-13-S01,294.545,100,2024-12-29 08:22:57,2024,12,2024-W52,週日,上午,1,0,0,0,0,0
158173084,116465,1377,3,數學108,S-3-2-S02,408.137,21,2024-12-29 08:33:46,2024,12,2024-W52,週日,上午,2,2,0,0,0,0
158173351,116465,1377,3,數學108,S-3-2-S02,408.137,100,2024-12-29 08:43:42,2024,12,2024-W52,週日,上午,1,0,0,0,0,0
158210071,116465,1377,3,數學108,S-3-4-S02,443.339,19,2024-12-29 18:28:11,2024,12,2024-W52,週日,晚上,1,0,0,0,0,0
158282536,80905,1377,3,資訊教育,我是小畫家-繪圖工具的應用,390.72,27,2024-12-30 09:30:21,2024,12,2025-W01,週一,上午,1,4,0,0,0,1
158332981,172421,1377,4,資訊教育,認識Google相簿-載具版,354.091,100,2024-12-30 11:21:29,2024,12,2025-W01,週一,上午,2,1,0,0,0,1
158335988,172421,1377,4,資訊教育,Google相簿-網頁版-上傳與瀏覽相片,284.288,35,2024-12-30 11:29:27,2024,12,2025-W01,週一,上午,1,1,0,0,0,0
158346878,172421,1377,4,資訊教育,Google相簿-網頁版-上傳與瀏覽相片,284.288,100,2024-12-30 11:46:50,2024,12,2025-W01,週一,上午,2,1,0,0,0,1
158351669,172421,1377,4,資訊教育,安裝雲端硬碟電腦版,379.072,18,2024-12-30 11:55:35,2024,12,2025-W01,週一,上午,2,2,1,0,0,1
158386809,20357,1377,4,資訊教育,安裝雲端硬碟電腦版,379.072,13,2024-12-30 14:22:40,2024,12,2025-W01,週一,下午,2,1,0,0,0,1
158386943,18127,1377,4,資訊教育,認識Google相簿-載具版,354.091,100,2024-12-30 14:23:14,2024,12,2025-W01,週一,下午,2,1,0,0,0,1
158387130,20357,1377,4,資訊教育,認識Google相簿-載具版,354.091,100,2024-12-30 14:23:57,2024,12,2025-W01,週一,下午,2,1,0,0,0,1
158389438,20357,1377,4,資訊教育,Google相簿-網頁版-上傳與瀏覽相片,284.288,100,2024-12-30 14:31:41,2024,12,2025-W01,週一,下午,2,1,0,0,0,1
158389464,18127,1377,4,資訊教育,Google相簿-網頁版-上傳與瀏覽相片,284.288,100,2024-12-30 14:31:46,2024,12,2025-W01,週一,下午,3,2,0,0,0,1
158403884,115966,1377,4,資訊教育,認識Google相簿-載具版,354.091,100,2024-12-30 15:17:07,2024,12,2025-W01,週一,下午,3,2,0,0,0,1
158404013,51593,1377,4,資訊教育,認識Google相簿-載具版,354.091,100,2024-12-30 15:17:42,2024,12,2025-W01,週一,下午,2,1,0,0,0,1
158404070,129227,1377,4,資訊教育,認識Google相簿-載具版,354.091,100,2024-12-30 15:17:57,2024,12,2025-W01,週一,下午,2,1,0,0,0,1
158404379,51985,1377,4,資訊教育,認識Google相簿-載具版,354.091,100,2024-12-30 15:19:08,2024,12,2025-W01,週一,下午,2,1,0,0,0,1
158405910,115966,1377,4,資訊教育,Google相簿-網頁版-上傳與瀏覽相片,284.288,41,2024-12-30 15:24:49,2024,12,2025-W01,週一,下午,3,2,0,0,0,1
158406210,129227,1377,4,資訊教育,Google相簿-網頁版-上傳與瀏覽相片,284.288,100,2024-12-30 15:25:36,2024,12,2025-W01,週一,下午,7,6,1,0,0,1
158406228,51593,1377,4,資訊教育,Google相簿-網頁版-上傳與瀏覽相片,284.288,100,2024-12-30 15:25:39,2024,12,2025-W01,週一,下午,2,1,0,0,0,1
158406867,51985,1377,4,資訊教育,Google相簿-網頁版-上傳與瀏覽相片,284.288,100,2024-12-30 15:27:17,2024,12,2025-W01,週一,下午,4,3,1,0,0,2
158406932,115966,1377,4,資訊教育,Google相簿-網頁版-上傳與瀏覽相片,284.288,0,2024-12-30 15:27:27,2024,12,2025-W01,週一,下午,2,2,1,0,0,0
158407531,115966,1377,4,資訊教育,Google相簿-網頁版-上傳與瀏覽相片,284.288,100,2024-12-30 15:29:13,2024,12,2025-W01,週一,下午,2,2,1,0,0,1
158457235,116465,1377,3,數學108,S-3-4-S02,443.339,100,2024-12-30 19:09:06,2024,12,2025-W01,週一,晚上,5,4,0,0,0,0
158457763,116465,1377,3,數學108,S-3-4-S03,374.608,100,2024-12-30 19:16:49,2024,12,2025-W01,週一,晚上,1,0,0,0,0,0
158460077,116465,1377,3,數學108,N-3-5-S01,526.56,100,2024-12-30 19:43:43,2024,12,2025-W01,週一,晚上,1,0,0,0,0,0
158461811,116465,1377,3,數學108,N-3-4-S01,264.576,100,2024-12-30 19:58:51,2024,12,2025-W01,週一,晚上,2,5,0,0,0,1
158531406,76576,1377,3,資訊教育,我是小畫家-繪圖工具的介紹,374.507,100,2024-12-31 10:36:48,2024,12,2025-W01,週二,上午,10,9,0,0,0,0
158531441,131251,1377,3,資訊教育,我是小畫家-繪圖工具的介紹,374.507,21,2024-12-31 10:36:55,2024,12,2025-W01,週二,上午,4,4,0,0,0,1
158531576,78703,1377,3,資訊教育,我是小畫家-繪圖工具的介紹,374.507,0,2024-12-31 10:37:23,2024,12,2025-W01,週二,上午,1,0,0,0,0,0
158531657,78703,1377,3,資訊教育,我是小畫家-繪圖工具的介紹,374.507,100,2024-12-31 10:37:39,2024,12,2025-W01,週二,上午,1,0,0,0,0,0
158532309,78703,1377,3,資訊教育,我是小畫家-繪圖工具的應用,390.72,100,2024-12-31 10:40:10,2024,12,2025-W01,週二,上午,6,5,1,0,0,2
158532387,131251,1377,3,資訊教育,我是小畫家-繪圖工具的介紹,374.507,14,2024-12-31 10:40:25,2024,12,2025-W01,週二,上午,2,2,1,0,0,0
158534439,131251,1377,3,資訊教育,我是小畫家-繪圖工具的介紹,374.507,48,2024-12-31 10:47:30,2024,12,2025-W01,週二,上午,240,240,0,0,0,1
158627848,86372,2284,5,數學108,video:S-5-6-S04,581.845,1,2024-12-31 15:55:13,2024,12,2025-W01,週二,下午,3,2,0,0,0,0
158672519,116465,1377,3,數學108,N-3-4-S02,505.173,100,2024-12-31 19:42:00,2024,12,2025-W01,週二,晚上,2,1,0,0,0,1
158673131,116465,1377,3,數學108,N-3-4-S02,505.173,100,2024-12-31 19:52:25,2024,12,2025-W01,週二,晚上,4,3,0,0,0,1
158673993,116465,1377,3,數學108,N-3-4-S03,223.424,100,2024-12-31 20:08:06,2024,12,2025-W01,週二,晚上,1,1,0,0,0,1
158674773,116465,1377,3,數學108,N-3-4-S04,305.024,100,2024-12-31 20:23:19,2024,12,2025-W01,週二,晚上,2,1,0,0,0,1
158678229,116465,1377,3,數學108,N-3-5-S02,891.623,100,2024-12-31 21:16:54,2024,12,2025-W01,週二,晚上,3,2,0,0,0,0
