訂單編號,顧客編號,產品編號,產品名稱,產品類別,單價,數量,下單日期,小計,利潤,成本,明年度預期目標值,姓名,性別,年齡,居住地區,職業類別,年,月,日,季,年齡層
ID00001,AC1702996,F024,運動潮流直筒棉褲男童-灰,童裝,2030.0,3.0,2016-01-02,6090.0,1071.8400000000001,755.16,6455.400000000001,張馥發,Female,40,桃園市,其他,2016.0,1.0,2.0,1.0,40
ID00002,AC1700118,F012,托特包-白,配件,1740.0,1.0,2016-01-02,1740.0,431.52,90.47999999999999,1844.4,曹姿妤,Female,47,新北市,金融業和房地產,2016.0,1.0,2.0,1.0,40
ID00003,AC1700118,F008,法蘭絨格紋襯衫-黑,女裝,1800.0,1.0,2016-01-02,1800.0,297.0,243.00000000000003,1908.0,曹姿妤,Female,47,新北市,金融業和房地產,2016.0,1.0,2.0,1.0,40
ID00004,AC1700118,F033,高機能伸縮衣架-黑,家俱,600.0,3.0,2016-01-02,1800.0,270.0,270.0,1908.0,曹姿妤,Female,47,新北市,金融業和房地產,2016.0,1.0,2.0,1.0,40
ID00005,AC1700466,F039,12格書櫃-黑,家俱,2500.0,1.0,2016-01-02,2500.0,375.0,375.0,2650.0,陳宏孜,Male,36,新北市,金融業和房地產,2016.0,1.0,2.0,1.0,30
ID00006,AC1701766,F040,機能運動風褲女童-粉紅,童裝,900.0,1.0,2016-01-02,900.0,158.4,111.6,954.0,陳郁富,Female,30,新北市,其他,2016.0,1.0,2.0,1.0,30
ID00007,AC1700469,F008,法蘭絨格紋襯衫-黑,女裝,1800.0,3.0,2016-01-02,5400.0,891.0000000000005,729.0,5724.0,郭家慧,Male,33,新北市,金融業和房地產,2016.0,1.0,2.0,1.0,30
ID00008,AC1701866,F012,托特包-白,配件,1740.0,1.0,2016-01-02,1740.0,431.52,90.47999999999999,1844.4,楊健良,Female,36,新北市,金融業和房地產,2016.0,1.0,2.0,1.0,30
ID00009,AC1701911,F008,法蘭絨格紋襯衫-黑,女裝,1800.0,1.0,2016-01-02,1800.0,297.0,243.00000000000003,1908.0,簡欣希,Female,31,新北市,教育體育文化,2016.0,1.0,2.0,1.0,30
ID00010,AC1700466,F033,高機能伸縮衣架-黑,家俱,600.0,3.0,2016-01-02,1800.0,270.0,270.0,1908.0,陳宏孜,Male,36,新北市,金融業和房地產,2016.0,1.0,2.0,1.0,30
ID00011,AC1700467,F039,12格書櫃-黑,家俱,2500.0,1.0,2016-01-02,2500.0,375.0,375.0,2650.0,林巧凌,Female,28,新北市,住宿和餐飲業,2016.0,1.0,2.0,1.0,20
ID00012,AC1700467,F040,機能運動風褲女童-粉紅,童裝,900.0,1.0,2016-01-02,900.0,158.4,111.6,954.0,林巧凌,Female,28,新北市,住宿和餐飲業,2016.0,1.0,2.0,1.0,20
ID00013,AC1702791,F024,運動潮流直筒棉褲男童-灰,童裝,2030.0,3.0,2016-01-02,6090.0,1071.8400000000001,755.16,6455.400000000001,邱玉娟,Female,61,桃園市,住宿和餐飲業,2016.0,1.0,2.0,1.0,60
ID00014,AC1701018,F012,托特包-白,配件,1740.0,1.0,2016-01-02,1740.0,431.52,90.47999999999999,1844.4,林柏宜,Male,41,新北市,金融業和房地產,2016.0,1.0,2.0,1.0,40
ID00015,AC1700778,F008,法蘭絨格紋襯衫-黑,女裝,1800.0,1.0,2016-01-02,1800.0,297.0,243.00000000000003,1908.0,林雅筑,Male,51,新北市,住宿和餐飲業,2016.0,1.0,2.0,1.0,50
ID00016,AC1703073,F033,高機能伸縮衣架-黑,家俱,600.0,3.0,2016-01-02,1800.0,270.0,270.0,1908.0,曾明倫,Male,55,桃園市,住宿和餐飲業,2016.0,1.0,2.0,1.0,50
ID00017,AC1701770,F039,12格書櫃-黑,家俱,2500.0,1.0,2016-01-02,2500.0,375.0,375.0,2650.0,弓文月,Female,35,新北市,其他,2016.0,1.0,2.0,1.0,30
ID00018,AC1701721,F040,機能運動風褲女童-粉紅,童裝,900.0,1.0,2016-01-02,900.0,158.4,111.6,954.0,蔡凱元,Male,43,宜蘭縣,金融業和房地產,2016.0,1.0,2.0,1.0,40
ID00019,AC1702990,F009,大化妝包-深藍,配件,2100.0,3.0,2016-01-02,6300.0,1562.4,327.59999999999997,6678.0,李漢來,Female,39,桃園市,其他,2016.0,1.0,2.0,1.0,30
ID00020,AC1701395,F012,托特包-白,配件,1740.0,1.0,2016-01-02,1740.0,431.52,90.47999999999999,1844.4,林筱謙,Male,34,宜蘭縣,金融業和房地產,2016.0,1.0,2.0,1.0,30
ID00021,AC1702588,F008,法蘭絨格紋襯衫-黑,女裝,1800.0,1.0,2016-01-02,1800.0,297.0,243.00000000000003,1908.0,劉行歡,Male,55,桃園市,住宿和餐飲業,2016.0,1.0,2.0,1.0,50
ID00022,AC1702428,F033,高機能伸縮衣架-黑,家俱,600.0,3.0,2016-01-02,1800.0,270.0,270.0,1908.0,陳品惟,Male,56,桃園市,其他,2016.0,1.0,2.0,1.0,50
ID00023,AC1700718,F039,12格書櫃-黑,家俱,2500.0,1.0,2016-01-02,2500.0,375.0,375.0,2650.0,張琇琳,Female,29,新北市,其他,2016.0,1.0,2.0,1.0,20
ID00024,AC1702132,F040,機能運動風褲女童-粉紅,童裝,900.0,1.0,2016-01-02,900.0,158.4,111.6,954.0,李翰仲,Female,40,新北市,金融業和房地產,2016.0,1.0,2.0,1.0,40
ID00025,AC1703548,F008,法蘭絨格紋襯衫-黑,女裝,1800.0,3.0,2016-01-02,5400.0,891.0000000000005,729.0,5724.0,陳惠敏,Female,27,基隆市,其他,2016.0,1.0,2.0,1.0,20
ID00026,AC1701152,F012,托特包-白,配件,1740.0,1.0,2016-01-02,1740.0,431.52,90.47999999999999,1844.4,韓函富,Male,34,新北市,金融業和房地產,2016.0,1.0,2.0,1.0,30
ID00027,AC1700109,F009,大化妝包-深藍,配件,2100.0,1.0,2016-01-02,2100.0,520.8,109.19999999999999,2226.0,李婉岳,Female,53,新北市,金融業和房地產,2016.0,1.0,2.0,1.0,50
ID00028,AC1701320,F033,高機能伸縮衣架-黑,家俱,600.0,3.0,2016-01-02,1800.0,270.0,270.0,1908.0,黃夢能,Male,48,宜蘭縣,金融業和房地產,2016.0,1.0,2.0,1.0,40
ID00029,AC1701429,F039,12格書櫃-黑,家俱,2500.0,1.0,2016-01-02,2500.0,375.0,375.0,2650.0,張博妃,Female,28,宜蘭縣,其他,2016.0,1.0,2.0,1.0,20
ID00030,AC1703526,F040,機能運動風褲女童-粉紅,童裝,900.0,1.0,2016-01-02,900.0,158.4,111.6,954.0,陳文霞,Female,48,基隆市,金融業和房地產,2016.0,1.0,2.0,1.0,40
ID00031,AC1700469,F028,大學T男童-藍,童裝,1750.0,1.0,2016-01-04,1750.0,308.0,217.0,1855.0,郭家慧,Male,33,新北市,金融業和房地產,2016.0,1.0,4.0,1.0,30
ID00032,AC1700907,F036,經典美式純POLO-藍,女裝,980.0,1.0,2016-01-04,980.0,161.7,132.3,1038.8,游淑珍,Female,29,新北市,其他,2016.0,1.0,4.0,1.0,20
ID00033,AC1702202,F009,大化妝包-深藍,配件,2100.0,1.0,2016-01-04,2100.0,520.8,109.19999999999999,2226.0,林雅萍,Male,44,桃園市,住宿和餐飲業,2016.0,1.0,4.0,1.0,40
ID00034,AC1703743,F012,托特包-白,配件,1740.0,1.0,2016-01-04,1740.0,431.52,90.47999999999999,1844.4,陳家華,Male,34,基隆市,其他,2016.0,1.0,4.0,1.0,30
ID00035,AC1700631,F012,托特包-白,配件,1740.0,1.0,2016-01-04,1740.0,431.52,90.47999999999999,1844.4,洪偉孜,Female,40,新北市,住宿和餐飲業,2016.0,1.0,4.0,1.0,40
ID00036,AC1702303,F012,托特包-白,配件,1740.0,1.0,2016-01-04,1740.0,431.52,90.47999999999999,1844.4,洪嘉盛,Male,51,桃園市,住宿和餐飲業,2016.0,1.0,4.0,1.0,50
ID00037,AC1702445,F010,中夾-紅,皮件,2610.0,1.0,2016-01-04,2610.0,595.0800000000003,187.92,2766.6000000000004,藍昆城,Male,58,桃園市,其他,2016.0,1.0,4.0,1.0,50
ID00038,AC1702835,F009,大化妝包-深藍,配件,2100.0,2.0,2016-01-04,4200.0,1041.6,218.39999999999998,4452.0,闕倍妍,Male,53,桃園市,住宿和餐飲業,2016.0,1.0,4.0,1.0,50
ID00039,AC1702696,F009,大化妝包-深藍,配件,2100.0,2.0,2016-01-04,4200.0,1041.6,218.39999999999998,4452.0,胡歡春,Male,42,桃園市,住宿和餐飲業,2016.0,1.0,4.0,1.0,40
ID00040,AC1700539,F028,大學T男童-藍,童裝,1750.0,3.0,2016-01-04,5250.0,924.0000000000005,651.0,5565.0,陳玉揚,Female,30,新北市,其他,2016.0,1.0,4.0,1.0,30
ID00041,AC1701847,F033,高機能伸縮衣架-黑,家俱,600.0,1.0,2016-01-04,600.0,90.0,90.0,636.0,陳玉雅,Female,32,新北市,金融業和房地產,2016.0,1.0,4.0,1.0,30
ID00042,AC1701854,F024,運動潮流直筒棉褲男童-灰,童裝,2030.0,1.0,2016-01-04,2030.0,357.28,251.72,2151.8,何俊佑,Female,33,新北市,金融業和房地產,2016.0,1.0,4.0,1.0,30
ID00043,AC1701348,F008,法蘭絨格紋襯衫-黑,女裝,1800.0,2.0,2016-01-04,3600.0,594.0,486.00000000000006,3816.0,鄭舜文,Male,35,宜蘭縣,其他,2016.0,1.0,4.0,1.0,30
ID00044,AC1702217,F008,法蘭絨格紋襯衫-黑,女裝,1800.0,2.0,2016-01-04,3600.0,594.0,486.00000000000006,3816.0,劉凱鈞,Male,41,桃園市,住宿和餐飲業,2016.0,1.0,4.0,1.0,40
ID00045,AC1702711,F005,運動潮流連帽外套男裝-灰,男裝,1450.0,5.0,2016-01-04,7250.0,1392.0,783.0,7685.0,王智凱,Male,50,桃園市,其他,2016.0,1.0,4.0,1.0,50
ID00046,AC1701693,F005,運動潮流連帽外套男裝-灰,男裝,1450.0,5.0,2016-01-04,7250.0,1392.0,783.0,7685.0,吳俊龍,Male,35,宜蘭縣,金融業和房地產,2016.0,1.0,4.0,1.0,30
ID00047,AC1700466,F041,三層樓梯椅-黑,家俱,820.0,1.0,2016-01-04,820.0,123.0,123.0,869.2,陳宏孜,Male,36,新北市,金融業和房地產,2016.0,1.0,4.0,1.0,30
ID00048,AC1700983,F042,圓領暖溫衣男童-灰,童裝,1200.0,1.0,2016-01-04,1200.0,211.2,148.8,1272.0,林雅玲,Female,44,新北市,金融業和房地產,2016.0,1.0,4.0,1.0,40
ID00049,AC1703894,F043,超輕羽絨外套女裝-粉紅,女裝,3900.0,1.0,2016-01-04,3900.0,643.5,526.5,4134.0,黃涵民,Male,25,臺北市,其他,2016.0,1.0,4.0,1.0,20
ID00050,AC1703799,F044,零錢包-黑,皮件,2900.0,1.0,2016-01-04,2900.0,661.2000000000003,208.79999999999998,3074.0,白合文,Female,49,臺北市,教育體育文化,2016.0,1.0,4.0,1.0,40
ID00051,AC1703306,F045,經典美式純POLO-灰,女裝,980.0,1.0,2016-01-04,980.0,161.7,132.3,1038.8,李聖辰,Male,28,基隆市,住宿和餐飲業,2016.0,1.0,4.0,1.0,20
ID00052,AC1702365,F046,斜背包-黑,皮件,3190.0,1.0,2016-01-04,3190.0,727.32,229.67999999999998,3381.4,林家豪,Male,22,桃園市,住宿和餐飲業,2016.0,1.0,4.0,1.0,20
ID00053,AC1701481,F047,刷毛長版T恤女裝-粉紅,女裝,2610.0,1.0,2016-01-04,2610.0,430.6500000000002,352.35,2766.6000000000004,張永憲,Male,38,宜蘭縣,金融業和房地產,2016.0,1.0,4.0,1.0,30
ID00054,AC1703597,F048,壓扣式翻蓋長夾-黑,皮件,2610.0,2.0,2016-01-04,5220.0,1190.1600000000005,375.84,5533.200000000001,吳玲韻,Female,35,基隆市,金融業和房地產,2016.0,1.0,4.0,1.0,30
ID00055,AC1703229,F039,12格書櫃-黑,家俱,2500.0,2.0,2016-01-04,5000.0,750.0,750.0,5300.0,李雅竹,Male,54,桃園市,住宿和餐飲業,2016.0,1.0,4.0,1.0,50
ID00056,AC1701157,F033,高機能伸縮衣架-黑,家俱,600.0,3.0,2016-01-04,1800.0,270.0,270.0,1908.0,馮月沛,Female,44,新北市,金融業和房地產,2016.0,1.0,4.0,1.0,40
ID00057,AC1700830,F033,高機能伸縮衣架-黑,家俱,600.0,1.0,2016-01-04,600.0,90.0,90.0,636.0,杭玉婷,Male,29,新北市,金融業和房地產,2016.0,1.0,4.0,1.0,20
ID00058,AC1701404,F033,高機能伸縮衣架-黑,家俱,600.0,1.0,2016-01-04,600.0,90.0,90.0,636.0,陳枝蘭,Female,38,宜蘭縣,住宿和餐飲業,2016.0,1.0,4.0,1.0,30
ID00059,AC1702406,F033,高機能伸縮衣架-黑,家俱,600.0,2.0,2016-01-04,1200.0,180.0,180.0,1272.0,鄧志賢,Male,43,桃園市,其他,2016.0,1.0,4.0,1.0,40
ID00060,AC1702899,F033,高機能伸縮衣架-黑,家俱,600.0,2.0,2016-01-04,1200.0,180.0,180.0,1272.0,林子玫,Male,59,桃園市,住宿和餐飲業,2016.0,1.0,4.0,1.0,50
ID00061,AC1703454,F033,高機能伸縮衣架-黑,家俱,600.0,5.0,2016-01-04,3000.0,450.0,450.0,3180.0,顧雅惠,Female,42,基隆市,金融業和房地產,2016.0,1.0,4.0,1.0,40
ID00062,AC1701251,F033,高機能伸縮衣架-黑,家俱,600.0,5.0,2016-01-04,3000.0,450.0,450.0,3180.0,鄭弘香,Female,25,新北市,住宿和餐飲業,2016.0,1.0,4.0,1.0,20
ID00063,AC1701429,F028,大學T男童-藍,童裝,1750.0,1.0,2016-01-04,1750.0,308.0,217.0,1855.0,張博妃,Female,28,宜蘭縣,其他,2016.0,1.0,4.0,1.0,20
ID00064,AC1702956,F036,經典美式純POLO-藍,女裝,980.0,1.0,2016-01-04,980.0,161.7,132.3,1038.8,陳宇男,Male,52,桃園市,教育體育文化,2016.0,1.0,4.0,1.0,50
ID00065,AC1700732,F009,大化妝包-深藍,配件,2100.0,1.0,2016-01-04,2100.0,520.8,109.19999999999999,2226.0,賴恭隆,Male,32,新北市,金融業和房地產,2016.0,1.0,4.0,1.0,30
ID00066,AC1700330,F012,托特包-白,配件,1740.0,1.0,2016-01-04,1740.0,431.52,90.47999999999999,1844.4,馮雅慧,Female,48,新北市,住宿和餐飲業,2016.0,1.0,4.0,1.0,40
ID00067,AC1700071,F012,托特包-白,配件,1740.0,1.0,2016-01-04,1740.0,431.52,90.47999999999999,1844.4,郭志偉,Male,42,基隆市,金融業和房地產,2016.0,1.0,4.0,1.0,40
ID00068,AC1703969,F012,托特包-白,配件,1740.0,1.0,2016-01-04,1740.0,431.52,90.47999999999999,1844.4,鄧怡文,Female,36,臺北市,其他,2016.0,1.0,4.0,1.0,30
ID00069,AC1701567,F010,中夾-紅,皮件,2610.0,1.0,2016-01-04,2610.0,595.0800000000003,187.92,2766.6000000000004,姚登財,Male,46,宜蘭縣,金融業和房地產,2016.0,1.0,4.0,1.0,40
ID00070,AC1702749,F009,大化妝包-深藍,配件,2100.0,2.0,2016-01-04,4200.0,1041.6,218.39999999999998,4452.0,宋思為,Female,62,桃園市,其他,2016.0,1.0,4.0,1.0,60
ID00071,AC1701180,F009,大化妝包-深藍,配件,2100.0,2.0,2016-01-04,4200.0,1041.6,218.39999999999998,4452.0,謝宜珍,Male,37,新北市,其他,2016.0,1.0,4.0,1.0,30
ID00072,AC1702933,F028,大學T男童-藍,童裝,1750.0,3.0,2016-01-04,5250.0,924.0000000000005,651.0,5565.0,吳佩樺,Female,45,桃園市,其他,2016.0,1.0,4.0,1.0,40
ID00073,AC1700219,F023,活動轉角書桌-咖,家俱,4200.0,1.0,2016-01-04,4200.0,630.0,630.0,4452.0,錢得軍,Male,33,臺北市,住宿和餐飲業,2016.0,1.0,4.0,1.0,30
ID00074,AC1703247,F024,運動潮流直筒棉褲男童-灰,童裝,2030.0,1.0,2016-01-04,2030.0,357.28,251.72,2151.8,陳惠芝,Female,37,桃園市,教育體育文化,2016.0,1.0,4.0,1.0,30
ID00075,AC1702449,F008,法蘭絨格紋襯衫-黑,女裝,1800.0,2.0,2016-01-04,3600.0,594.0,486.00000000000006,3816.0,黃家泰,Male,49,桃園市,住宿和餐飲業,2016.0,1.0,4.0,1.0,40
ID00076,AC1703523,F008,法蘭絨格紋襯衫-黑,女裝,1800.0,2.0,2016-01-04,3600.0,594.0,486.00000000000006,3816.0,呂雅嵐,Female,37,基隆市,農林漁牧業,2016.0,1.0,4.0,1.0,30
ID00077,AC1700356,F005,運動潮流連帽外套男裝-灰,男裝,1450.0,5.0,2016-01-04,7250.0,1392.0,783.0,7685.0,侯有幸,Female,47,新北市,金融業和房地產,2016.0,1.0,4.0,1.0,40
ID00078,AC1700277,F005,運動潮流連帽外套男裝-灰,男裝,1450.0,5.0,2016-01-04,7250.0,1392.0,783.0,7685.0,劉士天,Male,35,新北市,金融業和房地產,2016.0,1.0,4.0,1.0,30
ID00079,AC1700555,F041,三層樓梯椅-黑,家俱,820.0,1.0,2016-01-04,820.0,123.0,123.0,869.2,楊雯桓,Female,43,新北市,金融業和房地產,2016.0,1.0,4.0,1.0,40
ID00080,AC1702658,F042,圓領暖溫衣男童-灰,童裝,1200.0,1.0,2016-01-04,1200.0,211.2,148.8,1272.0,戴宥昌,Female,47,桃園市,金融業和房地產,2016.0,1.0,4.0,1.0,40
ID00081,AC1700109,F043,超輕羽絨外套女裝-粉紅,女裝,3900.0,1.0,2016-01-04,3900.0,643.5,526.5,4134.0,李婉岳,Female,53,新北市,金融業和房地產,2016.0,1.0,4.0,1.0,50
ID00082,AC1703055,F044,零錢包-黑,皮件,2900.0,1.0,2016-01-04,2900.0,661.2000000000003,208.79999999999998,3074.0,王剛源,Male,51,桃園市,住宿和餐飲業,2016.0,1.0,4.0,1.0,50
ID00083,AC1700109,F045,經典美式純POLO-灰,女裝,980.0,1.0,2016-01-04,980.0,161.7,132.3,1038.8,李婉岳,Female,53,新北市,金融業和房地產,2016.0,1.0,4.0,1.0,50
ID00084,AC1701211,F046,斜背包-黑,皮件,3190.0,1.0,2016-01-04,3190.0,727.32,229.67999999999998,3381.4,溫真音,Male,29,新北市,金融業和房地產,2016.0,1.0,4.0,1.0,20
ID00085,AC1702837,F047,刷毛長版T恤女裝-粉紅,女裝,2610.0,1.0,2016-01-04,2610.0,430.6500000000002,352.35,2766.6000000000004,張百中,Female,56,桃園市,其他,2016.0,1.0,4.0,1.0,50
ID00086,AC1703930,F048,壓扣式翻蓋長夾-黑,皮件,2610.0,2.0,2016-01-04,5220.0,1190.1600000000005,375.84,5533.200000000001,林怡君,Female,43,臺北市,其他,2016.0,1.0,4.0,1.0,40
ID00087,AC1702447,F039,12格書櫃-黑,家俱,2500.0,2.0,2016-01-04,5000.0,750.0,750.0,5300.0,郭俊偉,Male,41,桃園市,住宿和餐飲業,2016.0,1.0,4.0,1.0,40
ID00088,AC1700538,F033,高機能伸縮衣架-黑,家俱,600.0,3.0,2016-01-04,1800.0,270.0,270.0,1908.0,劉廷全,Male,31,新北市,金融業和房地產,2016.0,1.0,4.0,1.0,30
ID00089,AC1702910,F033,高機能伸縮衣架-黑,家俱,600.0,1.0,2016-01-04,600.0,90.0,90.0,636.0,俞心怡,Female,47,桃園市,其他,2016.0,1.0,4.0,1.0,40
ID00090,AC1703022,F033,高機能伸縮衣架-黑,家俱,600.0,1.0,2016-01-04,600.0,90.0,90.0,636.0,林盈萱,Female,41,桃園市,住宿和餐飲業,2016.0,1.0,4.0,1.0,40
ID00091,AC1703947,F033,高機能伸縮衣架-黑,家俱,600.0,2.0,2016-01-04,1200.0,180.0,180.0,1272.0,彭星茵,Female,57,臺北市,其他,2016.0,1.0,4.0,1.0,50
ID00092,AC1700546,F033,高機能伸縮衣架-黑,家俱,600.0,2.0,2016-01-04,1200.0,180.0,180.0,1272.0,陳賢心,Male,27,新北市,金融業和房地產,2016.0,1.0,4.0,1.0,20
ID00093,AC1701507,F033,高機能伸縮衣架-黑,家俱,600.0,5.0,2016-01-04,3000.0,450.0,450.0,3180.0,張軒原,Female,53,新北市,其他,2016.0,1.0,4.0,1.0,50
ID00094,AC1701578,F033,高機能伸縮衣架-黑,家俱,600.0,5.0,2016-01-04,3000.0,450.0,450.0,3180.0,藍典俐,Male,30,宜蘭縣,住宿和餐飲業,2016.0,1.0,4.0,1.0,30
ID00095,AC1700109,F028,大學T男童-藍,童裝,1750.0,1.0,2016-01-04,1750.0,308.0,217.0,1855.0,李婉岳,Female,53,新北市,金融業和房地產,2016.0,1.0,4.0,1.0,50
ID00096,AC1700885,F036,經典美式純POLO-藍,女裝,980.0,1.0,2016-01-04,980.0,161.7,132.3,1038.8,倪佳玲,Male,37,新北市,其他,2016.0,1.0,4.0,1.0,30
ID00097,AC1702004,F009,大化妝包-深藍,配件,2100.0,1.0,2016-01-04,2100.0,520.8,109.19999999999999,2226.0,劉嘉偉,Male,37,宜蘭縣,教育體育文化,2016.0,1.0,4.0,1.0,30
ID00098,AC1700162,F012,托特包-白,配件,1740.0,1.0,2016-01-04,1740.0,431.52,90.47999999999999,1844.4,吳宜婷,Female,52,新北市,金融業和房地產,2016.0,1.0,4.0,1.0,50
ID00099,AC1700604,F012,托特包-白,配件,1740.0,1.0,2016-01-04,1740.0,431.52,90.47999999999999,1844.4,陳怡伶,Female,40,新北市,金融業和房地產,2016.0,1.0,4.0,1.0,40
ID00100,AC1702642,F012,托特包-白,配件,1740.0,1.0,2016-01-04,1740.0,431.52,90.47999999999999,1844.4,劉靜雯,Female,59,桃園市,其他,2016.0,1.0,4.0,1.0,50
ID00101,AC1702711,F010,中夾-紅,皮件,2610.0,1.0,2016-01-04,2610.0,595.0800000000003,187.92,2766.6000000000004,王智凱,Male,50,桃園市,其他,2016.0,1.0,4.0,1.0,50
ID00102,AC1701693,F009,大化妝包-深藍,配件,2100.0,2.0,2016-01-04,4200.0,1041.6,218.39999999999998,4452.0,吳俊龍,Male,35,宜蘭縣,金融業和房地產,2016.0,1.0,4.0,1.0,30
ID00103,AC1701340,F009,大化妝包-深藍,配件,2100.0,2.0,2016-01-04,4200.0,1041.6,218.39999999999998,4452.0,陳玉屏,Female,32,新北市,金融業和房地產,2016.0,1.0,4.0,1.0,30
ID00104,AC1700983,F028,大學T男童-藍,童裝,1750.0,3.0,2016-01-04,5250.0,924.0000000000005,651.0,5565.0,林雅玲,Female,44,新北市,金融業和房地產,2016.0,1.0,4.0,1.0,40
ID00105,AC1703894,F033,高機能伸縮衣架-黑,家俱,600.0,1.0,2016-01-04,600.0,90.0,90.0,636.0,黃涵民,Male,25,臺北市,其他,2016.0,1.0,4.0,1.0,20
ID00106,AC1703799,F024,運動潮流直筒棉褲男童-灰,童裝,2030.0,1.0,2016-01-04,2030.0,357.28,251.72,2151.8,白合文,Female,49,臺北市,教育體育文化,2016.0,1.0,4.0,1.0,40
ID00107,AC1703306,F008,法蘭絨格紋襯衫-黑,女裝,1800.0,2.0,2016-01-04,3600.0,594.0,486.00000000000006,3816.0,李聖辰,Male,28,基隆市,住宿和餐飲業,2016.0,1.0,4.0,1.0,20
ID00108,AC1702365,F008,法蘭絨格紋襯衫-黑,女裝,1800.0,2.0,2016-01-04,3600.0,594.0,486.00000000000006,3816.0,林家豪,Male,22,桃園市,住宿和餐飲業,2016.0,1.0,4.0,1.0,20
ID00109,AC1701481,F005,運動潮流連帽外套男裝-灰,男裝,1450.0,5.0,2016-01-04,7250.0,1392.0,783.0,7685.0,張永憲,Male,38,宜蘭縣,金融業和房地產,2016.0,1.0,4.0,1.0,30
ID00110,AC1703597,F005,運動潮流連帽外套男裝-灰,男裝,1450.0,5.0,2016-01-04,7250.0,1392.0,783.0,7685.0,吳玲韻,Female,35,基隆市,金融業和房地產,2016.0,1.0,4.0,1.0,30
ID00111,AC1703229,F041,三層樓梯椅-黑,家俱,820.0,1.0,2016-01-04,820.0,123.0,123.0,869.2,李雅竹,Male,54,桃園市,住宿和餐飲業,2016.0,1.0,4.0,1.0,50
ID00112,AC1701157,F042,圓領暖溫衣男童-灰,童裝,1200.0,1.0,2016-01-04,1200.0,211.2,148.8,1272.0,馮月沛,Female,44,新北市,金融業和房地產,2016.0,1.0,4.0,1.0,40
ID00113,AC1700830,F043,超輕羽絨外套女裝-粉紅,女裝,3900.0,1.0,2016-01-04,3900.0,643.5,526.5,4134.0,杭玉婷,Male,29,新北市,金融業和房地產,2016.0,1.0,4.0,1.0,20
ID00114,AC1701404,F044,零錢包-黑,皮件,2900.0,1.0,2016-01-04,2900.0,661.2000000000003,208.79999999999998,3074.0,陳枝蘭,Female,38,宜蘭縣,住宿和餐飲業,2016.0,1.0,4.0,1.0,30
ID00115,AC1702406,F045,經典美式純POLO-灰,女裝,980.0,1.0,2016-01-04,980.0,161.7,132.3,1038.8,鄧志賢,Male,43,桃園市,其他,2016.0,1.0,4.0,1.0,40
ID00116,AC1702899,F046,斜背包-黑,皮件,3190.0,1.0,2016-01-04,3190.0,727.32,229.67999999999998,3381.4,林子玫,Male,59,桃園市,住宿和餐飲業,2016.0,1.0,4.0,1.0,50
ID00117,AC1703454,F047,刷毛長版T恤女裝-粉紅,女裝,2610.0,1.0,2016-01-04,2610.0,430.6500000000002,352.35,2766.6000000000004,顧雅惠,Female,42,基隆市,金融業和房地產,2016.0,1.0,4.0,1.0,40
ID00118,AC1701251,F048,壓扣式翻蓋長夾-黑,皮件,2610.0,2.0,2016-01-04,5220.0,1190.1600000000005,375.84,5533.200000000001,鄭弘香,Female,25,新北市,住宿和餐飲業,2016.0,1.0,4.0,1.0,20
ID00119,AC1702572,F039,12格書櫃-黑,家俱,2500.0,2.0,2016-01-04,5000.0,750.0,750.0,5300.0,簡玉婷,Female,46,桃園市,住宿和餐飲業,2016.0,1.0,4.0,1.0,40
ID00120,AC1701404,F033,高機能伸縮衣架-黑,家俱,600.0,3.0,2016-01-04,1800.0,270.0,270.0,1908.0,陳枝蘭,Female,38,宜蘭縣,住宿和餐飲業,2016.0,1.0,4.0,1.0,30
ID00121,AC1701610,F033,高機能伸縮衣架-黑,家俱,600.0,1.0,2016-01-04,600.0,90.0,90.0,636.0,黃冠珮,Female,33,新北市,金融業和房地產,2016.0,1.0,4.0,1.0,30
ID00122,AC1703373,F033,高機能伸縮衣架-黑,家俱,600.0,1.0,2016-01-04,600.0,90.0,90.0,636.0,錢怡文,Male,35,基隆市,金融業和房地產,2016.0,1.0,4.0,1.0,30
ID00123,AC1702272,F033,高機能伸縮衣架-黑,家俱,600.0,2.0,2016-01-04,1200.0,180.0,180.0,1272.0,宋筱涵,Male,54,桃園市,金融業和房地產,2016.0,1.0,4.0,1.0,50
ID00124,AC1702780,F033,高機能伸縮衣架-黑,家俱,600.0,2.0,2016-01-04,1200.0,180.0,180.0,1272.0,彭禹儒,Male,48,桃園市,住宿和餐飲業,2016.0,1.0,4.0,1.0,40
ID00125,AC1700944,F033,高機能伸縮衣架-黑,家俱,600.0,5.0,2016-01-04,3000.0,450.0,450.0,3180.0,林建裕,Female,30,新北市,金融業和房地產,2016.0,1.0,4.0,1.0,30
ID00126,AC1701863,F033,高機能伸縮衣架-黑,家俱,600.0,5.0,2016-01-04,3000.0,450.0,450.0,3180.0,王雅亞,Male,33,宜蘭縣,金融業和房地產,2016.0,1.0,4.0,1.0,30
ID00127,AC1700138,F028,大學T男童-藍,童裝,1750.0,1.0,2016-01-04,1750.0,308.0,217.0,1855.0,曾健豪,Male,55,基隆市,金融業和房地產,2016.0,1.0,4.0,1.0,50
ID00128,AC1703929,F036,經典美式純POLO-藍,女裝,980.0,1.0,2016-01-04,980.0,161.7,132.3,1038.8,吳蕙郁,Female,60,臺北市,其他,2016.0,1.0,4.0,1.0,60
ID00129,AC1700499,F009,大化妝包-深藍,配件,2100.0,1.0,2016-01-04,2100.0,520.8,109.19999999999999,2226.0,林鈺瑋,Female,37,新北市,金融業和房地產,2016.0,1.0,4.0,1.0,30
ID00130,AC1701191,F012,托特包-白,配件,1740.0,1.0,2016-01-04,1740.0,431.52,90.47999999999999,1844.4,許豪宇,Male,22,新北市,金融業和房地產,2016.0,1.0,4.0,1.0,20
ID00131,AC1700721,F012,托特包-白,配件,1740.0,1.0,2016-01-04,1740.0,431.52,90.47999999999999,1844.4,陳瑤希,Male,44,新北市,金融業和房地產,2016.0,1.0,4.0,1.0,40
ID00132,AC1703136,F012,托特包-白,配件,1740.0,1.0,2016-01-04,1740.0,431.52,90.47999999999999,1844.4,蔡雅雯,Female,48,桃園市,其他,2016.0,1.0,4.0,1.0,40
ID00133,AC1701853,F010,中夾-紅,皮件,2610.0,1.0,2016-01-04,2610.0,595.0800000000003,187.92,2766.6000000000004,胡怡君,Female,45,宜蘭縣,金融業和房地產,2016.0,1.0,4.0,1.0,40
ID00134,AC1701745,F009,大化妝包-深藍,配件,2100.0,2.0,2016-01-04,4200.0,1041.6,218.39999999999998,4452.0,陳怡婷,Female,43,宜蘭縣,金融業和房地產,2016.0,1.0,4.0,1.0,40
ID00135,AC1701222,F009,大化妝包-深藍,配件,2100.0,2.0,2016-01-04,4200.0,1041.6,218.39999999999998,4452.0,陳靜怡,Male,34,新北市,住宿和餐飲業,2016.0,1.0,4.0,1.0,30
ID00136,AC1701738,F028,大學T男童-藍,童裝,1750.0,3.0,2016-01-04,5250.0,924.0000000000005,651.0,5565.0,侯羿啟,Male,27,宜蘭縣,金融業和房地產,2016.0,1.0,4.0,1.0,20
ID00137,AC1701042,F033,高機能伸縮衣架-黑,家俱,600.0,1.0,2016-01-04,600.0,90.0,90.0,636.0,倪成然,Male,29,新北市,其他,2016.0,1.0,4.0,1.0,20
ID00138,AC1703171,F024,運動潮流直筒棉褲男童-灰,童裝,2030.0,1.0,2016-01-04,2030.0,357.28,251.72,2151.8,郭孟哲,Male,54,桃園市,住宿和餐飲業,2016.0,1.0,4.0,1.0,50
ID00139,AC1700593,F008,法蘭絨格紋襯衫-黑,女裝,1800.0,2.0,2016-01-04,3600.0,594.0,486.00000000000006,3816.0,蔡智仁,Female,28,新北市,其他,2016.0,1.0,4.0,1.0,20
ID00140,AC1701833,F008,法蘭絨格紋襯衫-黑,女裝,1800.0,2.0,2016-01-04,3600.0,594.0,486.00000000000006,3816.0,吳佳琳,Male,31,宜蘭縣,金融業和房地產,2016.0,1.0,4.0,1.0,30
ID00141,AC1703725,F005,運動潮流連帽外套男裝-灰,男裝,1450.0,5.0,2016-01-04,7250.0,1392.0,783.0,7685.0,郭蕙法,Female,35,基隆市,金融業和房地產,2016.0,1.0,4.0,1.0,30
ID00142,AC1701491,F005,運動潮流連帽外套男裝-灰,男裝,1450.0,5.0,2016-01-04,7250.0,1392.0,783.0,7685.0,蕭逸峰,Male,41,宜蘭縣,住宿和餐飲業,2016.0,1.0,4.0,1.0,40
ID00143,AC1703576,F041,三層樓梯椅-黑,家俱,820.0,1.0,2016-01-04,820.0,123.0,123.0,869.2,楊逸馨,Female,38,基隆市,金融業和房地產,2016.0,1.0,4.0,1.0,30
ID00144,AC1700828,F042,圓領暖溫衣男童-灰,童裝,1200.0,1.0,2016-01-04,1200.0,211.2,148.8,1272.0,陳永愛,Female,28,新北市,金融業和房地產,2016.0,1.0,4.0,1.0,20
ID00145,AC1703802,F043,超輕羽絨外套女裝-粉紅,女裝,3900.0,1.0,2016-01-04,3900.0,643.5,526.5,4134.0,宮佳穎,Female,45,臺北市,金融業和房地產,2016.0,1.0,4.0,1.0,40
ID00146,AC1703973,F044,零錢包-黑,皮件,2900.0,1.0,2016-01-04,2900.0,661.2000000000003,208.79999999999998,3074.0,于建辰,Female,45,臺北市,其他,2016.0,1.0,4.0,1.0,40
ID00147,AC1700523,F045,經典美式純POLO-灰,女裝,980.0,1.0,2016-01-04,980.0,161.7,132.3,1038.8,劉怡岳,Female,30,新北市,金融業和房地產,2016.0,1.0,4.0,1.0,30
ID00148,AC1701526,F046,斜背包-黑,皮件,3190.0,1.0,2016-01-04,3190.0,727.32,229.67999999999998,3381.4,吳宗鑫,Male,31,宜蘭縣,金融業和房地產,2016.0,1.0,4.0,1.0,30
ID00149,AC1701527,F047,刷毛長版T恤女裝-粉紅,女裝,2610.0,1.0,2016-01-04,2610.0,430.6500000000002,352.35,2766.6000000000004,陳靜正,Male,33,宜蘭縣,金融業和房地產,2016.0,1.0,4.0,1.0,30
ID00150,AC1703371,F048,壓扣式翻蓋長夾-黑,皮件,2610.0,2.0,2016-01-04,5220.0,1190.1600000000005,375.84,5533.200000000001,謝耀文,Female,34,基隆市,金融業和房地產,2016.0,1.0,4.0,1.0,30
ID00151,AC1700109,F039,12格書櫃-黑,家俱,2500.0,2.0,2016-01-04,5000.0,750.0,750.0,5300.0,李婉岳,Female,53,新北市,金融業和房地產,2016.0,1.0,4.0,1.0,50
ID00152,AC1703598,F033,高機能伸縮衣架-黑,家俱,600.0,3.0,2016-01-04,1800.0,270.0,270.0,1908.0,黃靖雯,Female,37,基隆市,其他,2016.0,1.0,4.0,1.0,30
ID00153,AC1702134,F033,高機能伸縮衣架-黑,家俱,600.0,1.0,2016-01-04,600.0,90.0,90.0,636.0,鐘文彬,Male,46,宜蘭縣,金融業和房地產,2016.0,1.0,4.0,1.0,40
ID00154,AC1702185,F033,高機能伸縮衣架-黑,家俱,600.0,1.0,2016-01-04,600.0,90.0,90.0,636.0,蔡忠翰,Male,51,桃園市,住宿和餐飲業,2016.0,1.0,4.0,1.0,50
ID00155,AC1700927,F033,高機能伸縮衣架-黑,家俱,600.0,2.0,2016-01-04,1200.0,180.0,180.0,1272.0,李雅惠,Female,38,新北市,其他,2016.0,1.0,4.0,1.0,30
ID00156,AC1702462,F033,高機能伸縮衣架-黑,家俱,600.0,2.0,2016-01-04,1200.0,180.0,180.0,1272.0,汪美玉,Male,48,桃園市,其他,2016.0,1.0,4.0,1.0,40
ID00157,AC1702359,F033,高機能伸縮衣架-黑,家俱,600.0,5.0,2016-01-04,3000.0,450.0,450.0,3180.0,陳卉愛,Male,53,桃園市,其他,2016.0,1.0,4.0,1.0,50
ID00158,AC1701776,F033,高機能伸縮衣架-黑,家俱,600.0,5.0,2016-01-04,3000.0,450.0,450.0,3180.0,楊嬌韻,Female,40,新北市,其他,2016.0,1.0,4.0,1.0,40
ID00159,AC1703468,F028,大學T男童-藍,童裝,1750.0,1.0,2016-01-04,1750.0,308.0,217.0,1855.0,陳怡伶,Female,47,基隆市,金融業和房地產,2016.0,1.0,4.0,1.0,40
ID00160,AC1700412,F036,經典美式純POLO-藍,女裝,980.0,1.0,2016-01-04,980.0,161.7,132.3,1038.8,鄧華毓,Female,47,新北市,住宿和餐飲業,2016.0,1.0,4.0,1.0,40
ID00161,AC1700600,F009,大化妝包-深藍,配件,2100.0,1.0,2016-01-04,2100.0,520.8,109.19999999999999,2226.0,林信宏,Male,35,新北市,住宿和餐飲業,2016.0,1.0,4.0,1.0,30
ID00162,AC1700546,F012,托特包-白,配件,1740.0,1.0,2016-01-04,1740.0,431.52,90.47999999999999,1844.4,陳賢心,Male,27,新北市,金融業和房地產,2016.0,1.0,4.0,1.0,20
ID00163,AC1703133,F012,托特包-白,配件,1740.0,1.0,2016-01-04,1740.0,431.52,90.47999999999999,1844.4,吳奕廷,Male,48,桃園市,住宿和餐飲業,2016.0,1.0,4.0,1.0,40
ID00164,AC1701576,F012,托特包-白,配件,1740.0,1.0,2016-01-04,1740.0,431.52,90.47999999999999,1844.4,林名義,Female,44,新北市,住宿和餐飲業,2016.0,1.0,4.0,1.0,40
ID00165,AC1702341,F010,中夾-紅,皮件,2610.0,1.0,2016-01-04,2610.0,595.0800000000003,187.92,2766.6000000000004,許郁愛,Female,52,桃園市,其他,2016.0,1.0,4.0,1.0,50
ID00166,AC1702772,F009,大化妝包-深藍,配件,2100.0,2.0,2016-01-04,4200.0,1041.6,218.39999999999998,4452.0,謝孟軒,Female,55,桃園市,其他,2016.0,1.0,4.0,1.0,50
ID00167,AC1703410,F009,大化妝包-深藍,配件,2100.0,2.0,2016-01-04,4200.0,1041.6,218.39999999999998,4452.0,秦緯容,Female,29,基隆市,金融業和房地產,2016.0,1.0,4.0,1.0,20
ID00168,AC1702737,F028,大學T男童-藍,童裝,1750.0,3.0,2016-01-04,5250.0,924.0000000000005,651.0,5565.0,邱淑皓,Male,45,桃園市,其他,2016.0,1.0,4.0,1.0,40
ID00169,AC1703755,F033,高機能伸縮衣架-黑,家俱,600.0,1.0,2016-01-04,600.0,90.0,90.0,636.0,許台民,Male,38,基隆市,住宿和餐飲業,2016.0,1.0,4.0,1.0,30
ID00170,AC1703710,F024,運動潮流直筒棉褲男童-灰,童裝,2030.0,1.0,2016-01-04,2030.0,357.28,251.72,2151.8,吳怡雄,Female,26,基隆市,金融業和房地產,2016.0,1.0,4.0,1.0,20
ID00171,AC1701350,F008,法蘭絨格紋襯衫-黑,女裝,1800.0,2.0,2016-01-04,3600.0,594.0,486.00000000000006,3816.0,楊惠裕,Male,43,宜蘭縣,住宿和餐飲業,2016.0,1.0,4.0,1.0,40
ID00172,AC1700708,F008,法蘭絨格紋襯衫-黑,女裝,1800.0,2.0,2016-01-04,3600.0,594.0,486.00000000000006,3816.0,邱雅筑,Male,45,新北市,金融業和房地產,2016.0,1.0,4.0,1.0,40
ID00173,AC1703800,F005,運動潮流連帽外套男裝-灰,男裝,1450.0,5.0,2016-01-04,7250.0,1392.0,783.0,7685.0,王曉萍,Female,52,臺北市,教育體育文化,2016.0,1.0,4.0,1.0,50
ID00174,AC1703587,F005,運動潮流連帽外套男裝-灰,男裝,1450.0,5.0,2016-01-04,7250.0,1392.0,783.0,7685.0,劉雅嵐,Female,43,基隆市,住宿和餐飲業,2016.0,1.0,4.0,1.0,40
ID00175,AC1700056,F041,三層樓梯椅-黑,家俱,820.0,1.0,2016-01-04,820.0,123.0,123.0,869.2,黃雅文,Female,53,基隆市,其他,2016.0,1.0,4.0,1.0,50
ID00176,AC1701419,F042,圓領暖溫衣男童-灰,童裝,1200.0,1.0,2016-01-04,1200.0,211.2,148.8,1272.0,汪方春,Female,38,新北市,其他,2016.0,1.0,4.0,1.0,30
ID00177,AC1700118,F043,超輕羽絨外套女裝-粉紅,女裝,3900.0,1.0,2016-01-04,3900.0,643.5,526.5,4134.0,曹姿妤,Female,47,新北市,金融業和房地產,2016.0,1.0,4.0,1.0,40
ID00178,AC1702283,F044,零錢包-黑,皮件,2900.0,1.0,2016-01-04,2900.0,661.2000000000003,208.79999999999998,3074.0,陳其榮,Female,47,桃園市,其他,2016.0,1.0,4.0,1.0,40
ID00179,AC1701200,F045,經典美式純POLO-灰,女裝,980.0,1.0,2016-01-04,980.0,161.7,132.3,1038.8,姚心怡,Male,31,新北市,金融業和房地產,2016.0,1.0,4.0,1.0,30
ID00180,AC1703752,F046,斜背包-黑,皮件,3190.0,1.0,2016-01-04,3190.0,727.32,229.67999999999998,3381.4,韓麗美,Female,44,基隆市,教育體育文化,2016.0,1.0,4.0,1.0,40
ID00181,AC1702032,F047,刷毛長版T恤女裝-粉紅,女裝,2610.0,1.0,2016-01-04,2610.0,430.6500000000002,352.35,2766.6000000000004,陳婉奇,Male,32,宜蘭縣,其他,2016.0,1.0,4.0,1.0,30
ID00182,AC1703614,F048,壓扣式翻蓋長夾-黑,皮件,2610.0,2.0,2016-01-04,5220.0,1190.1600000000005,375.84,5533.200000000001,陳嘉琪,Female,36,基隆市,金融業和房地產,2016.0,1.0,4.0,1.0,30
ID00183,AC1700109,F006,運動潮流直筒棉褲男童-黑,童裝,750.0,2.0,2016-01-04,1500.0,264.0,186.0,1590.0,李婉岳,Female,53,新北市,金融業和房地產,2016.0,1.0,4.0,1.0,50
ID00184,AC1702528,F033,高機能伸縮衣架-黑,家俱,600.0,3.0,2016-01-04,1800.0,270.0,270.0,1908.0,林明福,Male,58,桃園市,其他,2016.0,1.0,4.0,1.0,50
ID00185,AC1700004,F033,高機能伸縮衣架-黑,家俱,600.0,1.0,2016-01-04,600.0,90.0,90.0,636.0,姚鈺迪,Female,34,臺北市,住宿和餐飲業,2016.0,1.0,4.0,1.0,30
ID00186,AC1701967,F033,高機能伸縮衣架-黑,家俱,600.0,1.0,2016-01-04,600.0,90.0,90.0,636.0,黃維英,Male,28,宜蘭縣,金融業和房地產,2016.0,1.0,4.0,1.0,20
ID00187,AC1700184,F033,高機能伸縮衣架-黑,家俱,600.0,2.0,2016-01-04,1200.0,180.0,180.0,1272.0,黃宛玲,Female,48,臺北市,金融業和房地產,2016.0,1.0,4.0,1.0,40
ID00188,AC1701721,F006,運動潮流直筒棉褲男童-黑,童裝,750.0,2.0,2016-01-04,1500.0,264.0,186.0,1590.0,蔡凱元,Male,43,宜蘭縣,金融業和房地產,2016.0,1.0,4.0,1.0,40
ID00189,AC1703735,F006,運動潮流直筒棉褲男童-黑,童裝,750.0,5.0,2016-01-04,3750.0,660.0,465.0,3975.0,劉淑玲,Female,39,基隆市,金融業和房地產,2016.0,1.0,4.0,1.0,30
ID00190,AC1703896,F047,刷毛長版T恤女裝-粉紅,女裝,2610.0,5.0,2016-01-04,13050.0,2153.25,1761.7500000000002,13833.0,黃華靖,Female,21,臺北市,住宿和餐飲業,2016.0,1.0,4.0,1.0,20
ID00191,AC1700904,F005,運動潮流連帽外套男裝-灰,男裝,1450.0,1.0,2016-01-05,1450.0,278.4000000000001,156.6,1537.0,江志成,Male,34,新北市,其他,2016.0,1.0,5.0,1.0,30
ID00192,AC1700521,F008,法蘭絨格紋襯衫-黑,女裝,1800.0,5.0,2016-01-05,9000.0,1485.0,1215.0,9540.0,楊延勳,Female,26,新北市,其他,2016.0,1.0,5.0,1.0,20
ID00193,AC1701958,F033,高機能伸縮衣架-黑,家俱,600.0,1.0,2016-01-05,600.0,90.0,90.0,636.0,江曼馨,Female,42,新北市,金融業和房地產,2016.0,1.0,5.0,1.0,40
ID00194,AC1703162,F033,高機能伸縮衣架-黑,家俱,600.0,5.0,2016-01-05,3000.0,450.0,450.0,3180.0,王長典,Male,52,桃園市,其他,2016.0,1.0,5.0,1.0,50
ID00195,AC1701349,F005,運動潮流連帽外套男裝-灰,男裝,1450.0,1.0,2016-01-05,1450.0,278.4000000000001,156.6,1537.0,黃志杰,Female,31,新北市,其他,2016.0,1.0,5.0,1.0,30
ID00196,AC1702466,F008,法蘭絨格紋襯衫-黑,女裝,1800.0,5.0,2016-01-05,9000.0,1485.0,1215.0,9540.0,李雅芬,Female,43,桃園市,住宿和餐飲業,2016.0,1.0,5.0,1.0,40
ID00197,AC1700681,F033,高機能伸縮衣架-黑,家俱,600.0,1.0,2016-01-05,600.0,90.0,90.0,636.0,陳聖文,Male,46,新北市,金融業和房地產,2016.0,1.0,5.0,1.0,40
ID00198,AC1700972,F033,高機能伸縮衣架-黑,家俱,600.0,5.0,2016-01-05,3000.0,450.0,450.0,3180.0,陳祥豪,Female,36,新北市,金融業和房地產,2016.0,1.0,5.0,1.0,30
ID00199,AC1700259,F005,運動潮流連帽外套男裝-灰,男裝,1450.0,1.0,2016-01-05,1450.0,278.4000000000001,156.6,1537.0,郭玫甫,Male,38,新北市,金融業和房地產,2016.0,1.0,5.0,1.0,30
ID00200,AC1700384,F008,法蘭絨格紋襯衫-黑,女裝,1800.0,5.0,2016-01-05,9000.0,1485.0,1215.0,9540.0,許淑婷,Female,44,新北市,金融業和房地產,2016.0,1.0,5.0,1.0,40
ID00201,AC1701327,F033,高機能伸縮衣架-黑,家俱,600.0,1.0,2016-01-05,600.0,90.0,90.0,636.0,勞瓊昆,Female,39,新北市,住宿和餐飲業,2016.0,1.0,5.0,1.0,30
ID00202,AC1700890,F033,高機能伸縮衣架-黑,家俱,600.0,5.0,2016-01-05,3000.0,450.0,450.0,3180.0,謝佳愛,Female,38,新北市,金融業和房地產,2016.0,1.0,5.0,1.0,30
ID00203,AC1700804,F005,運動潮流連帽外套男裝-灰,男裝,1450.0,1.0,2016-01-05,1450.0,278.4000000000001,156.6,1537.0,鄭佳穎,Female,40,新北市,金融業和房地產,2016.0,1.0,5.0,1.0,40
ID00204,AC1703480,F008,法蘭絨格紋襯衫-黑,女裝,1800.0,5.0,2016-01-05,9000.0,1485.0,1215.0,9540.0,裴怡婷,Female,38,基隆市,金融業和房地產,2016.0,1.0,5.0,1.0,30
ID00205,AC1703781,F033,高機能伸縮衣架-黑,家俱,600.0,1.0,2016-01-05,600.0,90.0,90.0,636.0,許冠霖,Female,43,基隆市,金融業和房地產,2016.0,1.0,5.0,1.0,40
ID00206,AC1700963,F033,高機能伸縮衣架-黑,家俱,600.0,5.0,2016-01-05,3000.0,450.0,450.0,3180.0,李筱惟,Female,34,新北市,金融業和房地產,2016.0,1.0,5.0,1.0,30
ID00207,AC1700987,F005,運動潮流連帽外套男裝-灰,男裝,1450.0,1.0,2016-01-05,1450.0,278.4000000000001,156.6,1537.0,韋哲維,Female,21,新北市,金融業和房地產,2016.0,1.0,5.0,1.0,20
ID00208,AC1702638,F008,法蘭絨格紋襯衫-黑,女裝,1800.0,5.0,2016-01-05,9000.0,1485.0,1215.0,9540.0,蕭得學,Male,41,桃園市,住宿和餐飲業,2016.0,1.0,5.0,1.0,40
ID00209,AC1701886,F033,高機能伸縮衣架-黑,家俱,600.0,1.0,2016-01-05,600.0,90.0,90.0,636.0,葉智偉,Female,28,新北市,金融業和房地產,2016.0,1.0,5.0,1.0,20
ID00210,AC1700014,F033,高機能伸縮衣架-黑,家俱,600.0,5.0,2016-01-05,3000.0,450.0,450.0,3180.0,周聿綠,Female,57,基隆市,金融業和房地產,2016.0,1.0,5.0,1.0,50
ID00211,AC1703698,F036,經典美式純POLO-藍,女裝,980.0,1.0,2016-01-06,980.0,161.7,132.3,1038.8,黃怡君,Female,46,基隆市,住宿和餐飲業,2016.0,1.0,6.0,1.0,40
ID00212,AC1700898,F008,法蘭絨格紋襯衫-黑,女裝,1800.0,5.0,2016-01-06,9000.0,1485.0,1215.0,9540.0,王千男,Female,31,新北市,住宿和餐飲業,2016.0,1.0,6.0,1.0,30
ID00213,AC1703814,F033,高機能伸縮衣架-黑,家俱,600.0,1.0,2016-01-06,600.0,90.0,90.0,636.0,黃佐平,Female,38,臺北市,其他,2016.0,1.0,6.0,1.0,30
ID00214,AC1703220,F033,高機能伸縮衣架-黑,家俱,600.0,5.0,2016-01-06,3000.0,450.0,450.0,3180.0,陳明姍,Female,44,桃園市,教育體育文化,2016.0,1.0,6.0,1.0,40
ID00215,AC1700469,F036,經典美式純POLO-藍,女裝,980.0,1.0,2016-01-06,980.0,161.7,132.3,1038.8,郭家慧,Male,33,新北市,金融業和房地產,2016.0,1.0,6.0,1.0,30
ID00216,AC1703986,F008,法蘭絨格紋襯衫-黑,女裝,1800.0,5.0,2016-01-06,9000.0,1485.0,1215.0,9540.0,吳益貞,Female,46,臺北市,住宿和餐飲業,2016.0,1.0,6.0,1.0,40
ID00217,AC1702711,F033,高機能伸縮衣架-黑,家俱,600.0,1.0,2016-01-06,600.0,90.0,90.0,636.0,王智凱,Male,50,桃園市,其他,2016.0,1.0,6.0,1.0,50
ID00218,AC1701693,F033,高機能伸縮衣架-黑,家俱,600.0,5.0,2016-01-06,3000.0,450.0,450.0,3180.0,吳俊龍,Male,35,宜蘭縣,金融業和房地產,2016.0,1.0,6.0,1.0,30
ID00219,AC1701340,F036,經典美式純POLO-藍,女裝,980.0,1.0,2016-01-06,980.0,161.7,132.3,1038.8,陳玉屏,Female,32,新北市,金融業和房地產,2016.0,1.0,6.0,1.0,30
ID00220,AC1700880,F008,法蘭絨格紋襯衫-黑,女裝,1800.0,5.0,2016-01-06,9000.0,1485.0,1215.0,9540.0,賴怡瑄,Male,34,新北市,住宿和餐飲業,2016.0,1.0,6.0,1.0,30
ID00221,AC1703894,F033,高機能伸縮衣架-黑,家俱,600.0,1.0,2016-01-06,600.0,90.0,90.0,636.0,黃涵民,Male,25,臺北市,其他,2016.0,1.0,6.0,1.0,20
ID00222,AC1703799,F033,高機能伸縮衣架-黑,家俱,600.0,5.0,2016-01-06,3000.0,450.0,450.0,3180.0,白合文,Female,49,臺北市,教育體育文化,2016.0,1.0,6.0,1.0,40
ID00223,AC1703306,F036,經典美式純POLO-藍,女裝,980.0,1.0,2016-01-06,980.0,161.7,132.3,1038.8,李聖辰,Male,28,基隆市,住宿和餐飲業,2016.0,1.0,6.0,1.0,20
ID00224,AC1702365,F008,法蘭絨格紋襯衫-黑,女裝,1800.0,5.0,2016-01-06,9000.0,1485.0,1215.0,9540.0,林家豪,Male,22,桃園市,住宿和餐飲業,2016.0,1.0,6.0,1.0,20
ID00225,AC1701481,F033,高機能伸縮衣架-黑,家俱,600.0,1.0,2016-01-06,600.0,90.0,90.0,636.0,張永憲,Male,38,宜蘭縣,金融業和房地產,2016.0,1.0,6.0,1.0,30
ID00226,AC1703597,F033,高機能伸縮衣架-黑,家俱,600.0,5.0,2016-01-06,3000.0,450.0,450.0,3180.0,吳玲韻,Female,35,基隆市,金融業和房地產,2016.0,1.0,6.0,1.0,30
ID00227,AC1700109,F036,經典美式純POLO-藍,女裝,980.0,1.0,2016-01-06,980.0,161.7,132.3,1038.8,李婉岳,Female,53,新北市,金融業和房地產,2016.0,1.0,6.0,1.0,50
ID00228,AC1701157,F008,法蘭絨格紋襯衫-黑,女裝,1800.0,5.0,2016-01-06,9000.0,1485.0,1215.0,9540.0,馮月沛,Female,44,新北市,金融業和房地產,2016.0,1.0,6.0,1.0,40
ID00229,AC1700830,F033,高機能伸縮衣架-黑,家俱,600.0,1.0,2016-01-06,600.0,90.0,90.0,636.0,杭玉婷,Male,29,新北市,金融業和房地產,2016.0,1.0,6.0,1.0,20
ID00230,AC1701404,F033,高機能伸縮衣架-黑,家俱,600.0,5.0,2016-01-06,3000.0,450.0,450.0,3180.0,陳枝蘭,Female,38,宜蘭縣,住宿和餐飲業,2016.0,1.0,6.0,1.0,30
ID00231,AC1702406,F009,大化妝包-深藍,配件,2100.0,1.0,2016-01-07,2100.0,520.8,109.19999999999999,2226.0,鄧志賢,Male,43,桃園市,其他,2016.0,1.0,7.0,1.0,40
ID00232,AC1702899,F008,法蘭絨格紋襯衫-黑,女裝,1800.0,5.0,2016-01-07,9000.0,1485.0,1215.0,9540.0,林子玫,Male,59,桃園市,住宿和餐飲業,2016.0,1.0,7.0,1.0,50
ID00233,AC1703454,F033,高機能伸縮衣架-黑,家俱,600.0,1.0,2016-01-07,600.0,90.0,90.0,636.0,顧雅惠,Female,42,基隆市,金融業和房地產,2016.0,1.0,7.0,1.0,40
ID00234,AC1701251,F033,高機能伸縮衣架-黑,家俱,600.0,5.0,2016-01-07,3000.0,450.0,450.0,3180.0,鄭弘香,Female,25,新北市,住宿和餐飲業,2016.0,1.0,7.0,1.0,20
ID00235,AC1701522,F009,大化妝包-深藍,配件,2100.0,1.0,2016-01-07,2100.0,520.8,109.19999999999999,2226.0,許智樺,Female,33,新北市,其他,2016.0,1.0,7.0,1.0,30
ID00236,AC1701110,F008,法蘭絨格紋襯衫-黑,女裝,1800.0,5.0,2016-01-07,9000.0,1485.0,1215.0,9540.0,林雅玲,Male,50,新北市,金融業和房地產,2016.0,1.0,7.0,1.0,50
ID00237,AC1702881,F033,高機能伸縮衣架-黑,家俱,600.0,1.0,2016-01-07,600.0,90.0,90.0,636.0,林家慶,Male,58,桃園市,住宿和餐飲業,2016.0,1.0,7.0,1.0,50
ID00238,AC1702347,F033,高機能伸縮衣架-黑,家俱,600.0,5.0,2016-01-07,3000.0,450.0,450.0,3180.0,王家瑋,Male,45,桃園市,住宿和餐飲業,2016.0,1.0,7.0,1.0,40
ID00239,AC1700048,F009,大化妝包-深藍,配件,2100.0,1.0,2016-01-07,2100.0,520.8,109.19999999999999,2226.0,闕慧婷,Female,54,基隆市,金融業和房地產,2016.0,1.0,7.0,1.0,50
ID00240,AC1701372,F008,法蘭絨格紋襯衫-黑,女裝,1800.0,5.0,2016-01-07,9000.0,1485.0,1215.0,9540.0,黃俊萱,Female,42,新北市,其他,2016.0,1.0,7.0,1.0,40
ID00241,AC1700971,F033,高機能伸縮衣架-黑,家俱,600.0,1.0,2016-01-07,600.0,90.0,90.0,636.0,倪麗娟,Male,33,新北市,金融業和房地產,2016.0,1.0,7.0,1.0,30
ID00242,AC1701129,F033,高機能伸縮衣架-黑,家俱,600.0,5.0,2016-01-07,3000.0,450.0,450.0,3180.0,羅聖能,Male,33,新北市,金融業和房地產,2016.0,1.0,7.0,1.0,30
ID00243,AC1703051,F009,大化妝包-深藍,配件,2100.0,1.0,2016-01-07,2100.0,520.8,109.19999999999999,2226.0,黃柏泰,Male,47,桃園市,其他,2016.0,1.0,7.0,1.0,40
ID00244,AC1703144,F008,法蘭絨格紋襯衫-黑,女裝,1800.0,5.0,2016-01-07,9000.0,1485.0,1215.0,9540.0,蔡英茜,Female,49,桃園市,住宿和餐飲業,2016.0,1.0,7.0,1.0,40
ID00245,AC1701569,F033,高機能伸縮衣架-黑,家俱,600.0,1.0,2016-01-07,600.0,90.0,90.0,636.0,蕭佳雯,Female,34,宜蘭縣,其他,2016.0,1.0,7.0,1.0,30
ID00246,AC1700646,F033,高機能伸縮衣架-黑,家俱,600.0,5.0,2016-01-07,3000.0,450.0,450.0,3180.0,涂雅雯,Female,33,新北市,金融業和房地產,2016.0,1.0,7.0,1.0,30
ID00247,AC1703481,F009,大化妝包-深藍,配件,2100.0,1.0,2016-01-07,2100.0,520.8,109.19999999999999,2226.0,蔡佩穎,Female,35,基隆市,金融業和房地產,2016.0,1.0,7.0,1.0,30
ID00248,AC1702469,F008,法蘭絨格紋襯衫-黑,女裝,1800.0,5.0,2016-01-07,9000.0,1485.0,1215.0,9540.0,胡淑萍,Male,56,桃園市,住宿和餐飲業,2016.0,1.0,7.0,1.0,50
ID00249,AC1701735,F033,高機能伸縮衣架-黑,家俱,600.0,1.0,2016-01-07,600.0,90.0,90.0,636.0,陳佳慧,Female,32,宜蘭縣,住宿和餐飲業,2016.0,1.0,7.0,1.0,30
ID00250,AC1703628,F033,高機能伸縮衣架-黑,家俱,600.0,5.0,2016-01-07,3000.0,450.0,450.0,3180.0,呂建佑,Male,30,基隆市,住宿和餐飲業,2016.0,1.0,7.0,1.0,30
ID00251,AC1701124,F008,法蘭絨格紋襯衫-黑,女裝,1800.0,1.0,2016-01-08,1800.0,297.0,243.00000000000003,1908.0,黃惠富,Female,20,新北市,其他,2016.0,1.0,8.0,1.0,20
ID00252,AC1700830,F005,運動潮流連帽外套男裝-灰,男裝,1450.0,5.0,2016-01-08,7250.0,1392.0,783.0,7685.0,杭玉婷,Male,29,新北市,金融業和房地產,2016.0,1.0,8.0,1.0,20
ID00253,AC1701394,F033,高機能伸縮衣架-黑,家俱,600.0,1.0,2016-01-08,600.0,90.0,90.0,636.0,楊雅雯,Female,23,新北市,其他,2016.0,1.0,8.0,1.0,20
ID00254,AC1702162,F033,高機能伸縮衣架-黑,家俱,600.0,5.0,2016-01-08,3000.0,450.0,450.0,3180.0,張芃生,Female,31,桃園市,其他,2016.0,1.0,8.0,1.0,30
ID00255,AC1703915,F008,法蘭絨格紋襯衫-黑,女裝,1800.0,1.0,2016-01-08,1800.0,297.0,243.00000000000003,1908.0,吳欣樺,Female,56,臺北市,金融業和房地產,2016.0,1.0,8.0,1.0,50
ID00256,AC1703807,F005,運動潮流連帽外套男裝-灰,男裝,1450.0,5.0,2016-01-08,7250.0,1392.0,783.0,7685.0,林淑秀,Female,40,臺北市,金融業和房地產,2016.0,1.0,8.0,1.0,40
ID00257,AC1702094,F033,高機能伸縮衣架-黑,家俱,600.0,1.0,2016-01-08,600.0,90.0,90.0,636.0,李仁杰,Male,38,宜蘭縣,金融業和房地產,2016.0,1.0,8.0,1.0,30
ID00258,AC1700732,F033,高機能伸縮衣架-黑,家俱,600.0,5.0,2016-01-08,3000.0,450.0,450.0,3180.0,賴恭隆,Male,32,新北市,金融業和房地產,2016.0,1.0,8.0,1.0,30
ID00259,AC1703238,F008,法蘭絨格紋襯衫-黑,女裝,1800.0,1.0,2016-01-08,1800.0,297.0,243.00000000000003,1908.0,盧靖夢,Male,54,桃園市,住宿和餐飲業,2016.0,1.0,8.0,1.0,50
ID00260,AC1702541,F005,運動潮流連帽外套男裝-灰,男裝,1450.0,5.0,2016-01-08,7250.0,1392.0,783.0,7685.0,許乃卿,Male,53,桃園市,住宿和餐飲業,2016.0,1.0,8.0,1.0,50
ID00261,AC1701325,F033,高機能伸縮衣架-黑,家俱,600.0,1.0,2016-01-08,600.0,90.0,90.0,636.0,劉政翰,Male,34,宜蘭縣,農林漁牧業,2016.0,1.0,8.0,1.0,30
ID00262,AC1702368,F033,高機能伸縮衣架-黑,家俱,600.0,5.0,2016-01-08,3000.0,450.0,450.0,3180.0,陳金喬,Male,48,桃園市,其他,2016.0,1.0,8.0,1.0,40
ID00263,AC1702041,F008,法蘭絨格紋襯衫-黑,女裝,1800.0,1.0,2016-01-08,1800.0,297.0,243.00000000000003,1908.0,林雅慧,Female,48,新北市,金融業和房地產,2016.0,1.0,8.0,1.0,40
ID00264,AC1700748,F005,運動潮流連帽外套男裝-灰,男裝,1450.0,5.0,2016-01-08,7250.0,1392.0,783.0,7685.0,劉靜雯,Female,29,新北市,金融業和房地產,2016.0,1.0,8.0,1.0,20
ID00265,AC1702592,F033,高機能伸縮衣架-黑,家俱,600.0,1.0,2016-01-08,600.0,90.0,90.0,636.0,王明貞,Male,48,桃園市,住宿和餐飲業,2016.0,1.0,8.0,1.0,40
ID00266,AC1700223,F033,高機能伸縮衣架-黑,家俱,600.0,5.0,2016-01-08,3000.0,450.0,450.0,3180.0,張宥薇,Female,30,臺北市,住宿和餐飲業,2016.0,1.0,8.0,1.0,30
ID00267,AC1700746,F008,法蘭絨格紋襯衫-黑,女裝,1800.0,1.0,2016-01-08,1800.0,297.0,243.00000000000003,1908.0,胡建佑,Male,39,新北市,住宿和餐飲業,2016.0,1.0,8.0,1.0,30
ID00268,AC1700761,F005,運動潮流連帽外套男裝-灰,男裝,1450.0,5.0,2016-01-08,7250.0,1392.0,783.0,7685.0,林于花,Male,36,新北市,金融業和房地產,2016.0,1.0,8.0,1.0,30
ID00269,AC1702349,F033,高機能伸縮衣架-黑,家俱,600.0,1.0,2016-01-08,600.0,90.0,90.0,636.0,賴鳳珠,Female,58,桃園市,住宿和餐飲業,2016.0,1.0,8.0,1.0,50
ID00270,AC1701093,F033,高機能伸縮衣架-黑,家俱,600.0,5.0,2016-01-08,3000.0,450.0,450.0,3180.0,蔡嘉奇,Female,29,新北市,金融業和房地產,2016.0,1.0,8.0,1.0,20
ID00271,AC1700109,F008,法蘭絨格紋襯衫-黑,女裝,1800.0,1.0,2016-01-09,1800.0,297.0,243.00000000000003,1908.0,李婉岳,Female,53,新北市,金融業和房地產,2016.0,1.0,9.0,1.0,50
ID00272,AC1701105,F012,托特包-白,配件,1740.0,1.0,2016-01-09,1740.0,431.52,90.47999999999999,1844.4,鄭偉智,Male,32,新北市,教育體育文化,2016.0,1.0,9.0,1.0,30
ID00273,AC1702191,F027,美式吧台椅-咖,家俱,29000.0,1.0,2016-01-09,29000.0,4350.0,4350.0,30740.0,唐奕芬,Male,36,桃園市,住宿和餐飲業,2016.0,1.0,9.0,1.0,30
ID00274,AC1701393,F038,經典美式純POLO-黑,女裝,980.0,1.0,2016-01-09,980.0,161.7,132.3,1038.8,郭雅馨,Female,35,新北市,金融業和房地產,2016.0,1.0,9.0,1.0,30
ID00275,AC1701954,F008,法蘭絨格紋襯衫-黑,女裝,1800.0,1.0,2016-01-09,1800.0,297.0,243.00000000000003,1908.0,鄭盈秀,Female,44,新北市,其他,2016.0,1.0,9.0,1.0,40
ID00276,AC1703640,F012,托特包-白,配件,1740.0,1.0,2016-01-09,1740.0,431.52,90.47999999999999,1844.4,李國瑋,Female,38,基隆市,金融業和房地產,2016.0,1.0,9.0,1.0,30
ID00277,AC1700466,F037,耐磨L型沙發-咖,家俱,17400.0,1.0,2016-01-09,17400.0,2610.0,2610.0,18444.0,陳宏孜,Male,36,新北市,金融業和房地產,2016.0,1.0,9.0,1.0,30
ID00278,AC1702662,F038,經典美式純POLO-黑,女裝,980.0,1.0,2016-01-09,980.0,161.7,132.3,1038.8,郭宜珊,Female,62,桃園市,其他,2016.0,1.0,9.0,1.0,60
ID00279,AC1700830,F008,法蘭絨格紋襯衫-黑,女裝,1800.0,1.0,2016-01-09,1800.0,297.0,243.00000000000003,1908.0,杭玉婷,Male,29,新北市,金融業和房地產,2016.0,1.0,9.0,1.0,20
ID00280,AC1702926,F012,托特包-白,配件,1740.0,1.0,2016-01-09,1740.0,431.52,90.47999999999999,1844.4,張瑋婷,Female,45,桃園市,住宿和餐飲業,2016.0,1.0,9.0,1.0,40
ID00281,AC1700087,F037,耐磨L型沙發-咖,家俱,17400.0,1.0,2016-01-09,17400.0,2610.0,2610.0,18444.0,曹欣儀,Male,41,基隆市,農林漁牧業,2016.0,1.0,9.0,1.0,40
ID00282,AC1702933,F038,經典美式純POLO-黑,女裝,980.0,1.0,2016-01-09,980.0,161.7,132.3,1038.8,吳佩樺,Female,45,桃園市,其他,2016.0,1.0,9.0,1.0,40
ID00283,AC1700433,F008,法蘭絨格紋襯衫-黑,女裝,1800.0,1.0,2016-01-09,1800.0,297.0,243.00000000000003,1908.0,郭欣怡,Female,37,新北市,金融業和房地產,2016.0,1.0,9.0,1.0,30
ID00284,AC1700304,F012,托特包-白,配件,1740.0,1.0,2016-01-09,1740.0,431.52,90.47999999999999,1844.4,楊昭添,Female,46,新北市,金融業和房地產,2016.0,1.0,9.0,1.0,40
ID00285,AC1700285,F037,耐磨L型沙發-咖,家俱,17400.0,1.0,2016-01-09,17400.0,2610.0,2610.0,18444.0,王俊琪,Male,55,新北市,金融業和房地產,2016.0,1.0,9.0,1.0,50
ID00286,AC1701723,F038,經典美式純POLO-黑,女裝,980.0,1.0,2016-01-09,980.0,161.7,132.3,1038.8,劉和強,Male,34,宜蘭縣,金融業和房地產,2016.0,1.0,9.0,1.0,30
ID00287,AC1700419,F008,法蘭絨格紋襯衫-黑,女裝,1800.0,1.0,2016-01-09,1800.0,297.0,243.00000000000003,1908.0,黃玉春,Female,46,新北市,金融業和房地產,2016.0,1.0,9.0,1.0,40
ID00288,AC1701373,F012,托特包-白,配件,1740.0,1.0,2016-01-09,1740.0,431.52,90.47999999999999,1844.4,邱柏毅,Male,30,宜蘭縣,金融業和房地產,2016.0,1.0,9.0,1.0,30
ID00289,AC1703890,F037,耐磨L型沙發-咖,家俱,17400.0,1.0,2016-01-09,17400.0,2610.0,2610.0,18444.0,馮偉倫,Male,47,臺北市,其他,2016.0,1.0,9.0,1.0,40
ID00290,AC1701692,F038,經典美式純POLO-黑,女裝,980.0,1.0,2016-01-09,980.0,161.7,132.3,1038.8,謝予皓,Female,31,新北市,金融業和房地產,2016.0,1.0,9.0,1.0,30
ID00291,AC1701248,F012,托特包-白,配件,1740.0,1.0,2016-01-10,1740.0,431.52,90.47999999999999,1844.4,楊文茵,Male,27,新北市,住宿和餐飲業,2016.0,1.0,10.0,1.0,20
ID00292,AC1701736,F014,大化妝包-黑,配件,1740.0,1.0,2016-01-10,1740.0,431.52,90.47999999999999,1844.4,張家偉,Male,41,宜蘭縣,其他,2016.0,1.0,10.0,1.0,40
ID00293,AC1701556,F039,12格書櫃-黑,家俱,2500.0,1.0,2016-01-10,2500.0,375.0,375.0,2650.0,謝孟亨,Female,34,新北市,金融業和房地產,2016.0,1.0,10.0,1.0,30
ID00294,AC1702161,F040,機能運動風褲女童-粉紅,童裝,900.0,1.0,2016-01-10,900.0,158.4,111.6,954.0,許富真,Male,46,桃園市,其他,2016.0,1.0,10.0,1.0,40
ID00295,AC1701162,F012,托特包-白,配件,1740.0,1.0,2016-01-10,1740.0,431.52,90.47999999999999,1844.4,林承哲,Male,38,新北市,金融業和房地產,2016.0,1.0,10.0,1.0,30
ID00296,AC1703949,F014,大化妝包-黑,配件,1740.0,1.0,2016-01-10,1740.0,431.52,90.47999999999999,1844.4,林育蓁,Male,56,臺北市,其他,2016.0,1.0,10.0,1.0,50
ID00297,AC1702635,F039,12格書櫃-黑,家俱,2500.0,1.0,2016-01-10,2500.0,375.0,375.0,2650.0,林奕靖,Female,44,桃園市,其他,2016.0,1.0,10.0,1.0,40
ID00298,AC1703626,F040,機能運動風褲女童-粉紅,童裝,900.0,1.0,2016-01-10,900.0,158.4,111.6,954.0,張欣怡,Male,35,基隆市,其他,2016.0,1.0,10.0,1.0,30
ID00299,AC1700109,F012,托特包-白,配件,1740.0,1.0,2016-01-10,1740.0,431.52,90.47999999999999,1844.4,李婉岳,Female,53,新北市,金融業和房地產,2016.0,1.0,10.0,1.0,50
ID00300,AC1701702,F014,大化妝包-黑,配件,1740.0,1.0,2016-01-10,1740.0,431.52,90.47999999999999,1844.4,張東鳳,Female,31,宜蘭縣,住宿和餐飲業,2016.0,1.0,10.0,1.0,30
ID00301,AC1702034,F039,12格書櫃-黑,家俱,2500.0,1.0,2016-01-10,2500.0,375.0,375.0,2650.0,邱大伯,Male,22,宜蘭縣,教育體育文化,2016.0,1.0,10.0,1.0,20
ID00302,AC1703899,F040,機能運動風褲女童-粉紅,童裝,900.0,1.0,2016-01-10,900.0,158.4,111.6,954.0,楊舒舜,Female,37,臺北市,金融業和房地產,2016.0,1.0,10.0,1.0,30
ID00303,AC1703347,F012,托特包-白,配件,1740.0,1.0,2016-01-10,1740.0,431.52,90.47999999999999,1844.4,蔡婉婷,Female,35,基隆市,其他,2016.0,1.0,10.0,1.0,30
ID00304,AC1703320,F014,大化妝包-黑,配件,1740.0,1.0,2016-01-10,1740.0,431.52,90.47999999999999,1844.4,黃成舜,Male,24,基隆市,金融業和房地產,2016.0,1.0,10.0,1.0,20
ID00305,AC1700847,F039,12格書櫃-黑,家俱,2500.0,1.0,2016-01-10,2500.0,375.0,375.0,2650.0,周蕙虹,Male,30,新北市,金融業和房地產,2016.0,1.0,10.0,1.0,30
ID00306,AC1703588,F040,機能運動風褲女童-粉紅,童裝,900.0,1.0,2016-01-10,900.0,158.4,111.6,954.0,楊伯能,Female,28,基隆市,住宿和餐飲業,2016.0,1.0,10.0,1.0,20
ID00307,AC1703688,F012,托特包-白,配件,1740.0,1.0,2016-01-10,1740.0,431.52,90.47999999999999,1844.4,丁瓊菁,Female,31,基隆市,金融業和房地產,2016.0,1.0,10.0,1.0,30
ID00308,AC1702981,F014,大化妝包-黑,配件,1740.0,1.0,2016-01-10,1740.0,431.52,90.47999999999999,1844.4,楊淑婷,Male,33,桃園市,金融業和房地產,2016.0,1.0,10.0,1.0,30
ID00309,AC1701490,F039,12格書櫃-黑,家俱,2500.0,1.0,2016-01-10,2500.0,375.0,375.0,2650.0,林士雯,Female,35,新北市,其他,2016.0,1.0,10.0,1.0,30
ID00310,AC1700469,F040,機能運動風褲女童-粉紅,童裝,900.0,1.0,2016-01-10,900.0,158.4,111.6,954.0,郭家慧,Male,33,新北市,金融業和房地產,2016.0,1.0,10.0,1.0,30
ID00311,AC1700414,F008,法蘭絨格紋襯衫-黑,女裝,1800.0,1.0,2016-01-11,1800.0,297.0,243.00000000000003,1908.0,郭珮如,Female,38,新北市,金融業和房地產,2016.0,1.0,11.0,1.0,30
ID00312,AC1702079,F009,大化妝包-深藍,配件,2100.0,1.0,2016-01-11,2100.0,520.8,109.19999999999999,2226.0,林武駿,Male,36,宜蘭縣,金融業和房地產,2016.0,1.0,11.0,1.0,30
ID00313,AC1703228,F041,三層樓梯椅-黑,家俱,820.0,1.0,2016-01-11,820.0,123.0,123.0,869.2,涂靜芳,Female,46,桃園市,住宿和餐飲業,2016.0,1.0,11.0,1.0,40
ID00314,AC1700469,F042,圓領暖溫衣男童-灰,童裝,1200.0,1.0,2016-01-11,1200.0,211.2,148.8,1272.0,郭家慧,Male,33,新北市,金融業和房地產,2016.0,1.0,11.0,1.0,30
ID00315,AC1700928,F008,法蘭絨格紋襯衫-黑,女裝,1800.0,1.0,2016-01-11,1800.0,297.0,243.00000000000003,1908.0,林君劭,Female,34,新北市,金融業和房地產,2016.0,1.0,11.0,1.0,30
ID00316,AC1701585,F009,大化妝包-深藍,配件,2100.0,1.0,2016-01-11,2100.0,520.8,109.19999999999999,2226.0,李昆利,Female,32,新北市,金融業和房地產,2016.0,1.0,11.0,1.0,30
ID00317,AC1700403,F041,三層樓梯椅-黑,家俱,820.0,1.0,2016-01-11,820.0,123.0,123.0,869.2,張瑞以,Male,27,新北市,金融業和房地產,2016.0,1.0,11.0,1.0,20
ID00318,AC1701087,F042,圓領暖溫衣男童-灰,童裝,1200.0,1.0,2016-01-11,1200.0,211.2,148.8,1272.0,林浩奇,Male,44,新北市,金融業和房地產,2016.0,1.0,11.0,1.0,40
ID00319,AC1702580,F008,法蘭絨格紋襯衫-黑,女裝,1800.0,1.0,2016-01-11,1800.0,297.0,243.00000000000003,1908.0,黃麗桓,Male,45,桃園市,住宿和餐飲業,2016.0,1.0,11.0,1.0,40
ID00320,AC1701777,F009,大化妝包-深藍,配件,2100.0,1.0,2016-01-11,2100.0,520.8,109.19999999999999,2226.0,林文盈,Male,44,宜蘭縣,其他,2016.0,1.0,11.0,1.0,40
ID00321,AC1702527,F041,三層樓梯椅-黑,家俱,820.0,1.0,2016-01-11,820.0,123.0,123.0,869.2,蔡志民,Female,43,桃園市,其他,2016.0,1.0,11.0,1.0,40
ID00322,AC1702294,F042,圓領暖溫衣男童-灰,童裝,1200.0,1.0,2016-01-11,1200.0,211.2,148.8,1272.0,趙玉婷,Female,55,桃園市,其他,2016.0,1.0,11.0,1.0,50
ID00323,AC1702567,F008,法蘭絨格紋襯衫-黑,女裝,1800.0,1.0,2016-01-11,1800.0,297.0,243.00000000000003,1908.0,王韻光,Male,59,桃園市,住宿和餐飲業,2016.0,1.0,11.0,1.0,50
ID00324,AC1703825,F009,大化妝包-深藍,配件,2100.0,1.0,2016-01-11,2100.0,520.8,109.19999999999999,2226.0,徐雅雯,Female,50,臺北市,金融業和房地產,2016.0,1.0,11.0,1.0,50
ID00325,AC1700109,F041,三層樓梯椅-黑,家俱,820.0,1.0,2016-01-11,820.0,123.0,123.0,869.2,李婉岳,Female,53,新北市,金融業和房地產,2016.0,1.0,11.0,1.0,50
ID00326,AC1700177,F042,圓領暖溫衣男童-灰,童裝,1200.0,1.0,2016-01-11,1200.0,211.2,148.8,1272.0,張智青,Male,54,臺北市,金融業和房地產,2016.0,1.0,11.0,1.0,50
ID00327,AC1700109,F008,法蘭絨格紋襯衫-黑,女裝,1800.0,1.0,2016-01-11,1800.0,297.0,243.00000000000003,1908.0,李婉岳,Female,53,新北市,金融業和房地產,2016.0,1.0,11.0,1.0,50
ID00328,AC1702992,F009,大化妝包-深藍,配件,2100.0,1.0,2016-01-11,2100.0,520.8,109.19999999999999,2226.0,簡馥玉,Male,36,桃園市,住宿和餐飲業,2016.0,1.0,11.0,1.0,30
ID00329,AC1700466,F041,三層樓梯椅-黑,家俱,820.0,1.0,2016-01-11,820.0,123.0,123.0,869.2,陳宏孜,Male,36,新北市,金融業和房地產,2016.0,1.0,11.0,1.0,30
ID00330,AC1700469,F042,圓領暖溫衣男童-灰,童裝,1200.0,1.0,2016-01-11,1200.0,211.2,148.8,1272.0,郭家慧,Male,33,新北市,金融業和房地產,2016.0,1.0,11.0,1.0,30
ID00331,AC1700602,F036,經典美式純POLO-藍,女裝,980.0,1.0,2016-01-12,980.0,161.7,132.3,1038.8,梁俊良,Male,28,新北市,住宿和餐飲業,2016.0,1.0,12.0,1.0,20
ID00332,AC1703300,F033,高機能伸縮衣架-黑,家俱,600.0,1.0,2016-01-12,600.0,90.0,90.0,636.0,楊孟定,Female,63,基隆市,其他,2016.0,1.0,12.0,1.0,60
ID00333,AC1700469,F036,經典美式純POLO-藍,女裝,980.0,1.0,2016-01-12,980.0,161.7,132.3,1038.8,郭家慧,Male,33,新北市,金融業和房地產,2016.0,1.0,12.0,1.0,30
ID00334,AC1703333,F033,高機能伸縮衣架-黑,家俱,600.0,1.0,2016-01-12,600.0,90.0,90.0,636.0,盧俊虹,Female,31,基隆市,金融業和房地產,2016.0,1.0,12.0,1.0,30
ID00335,AC1701774,F036,經典美式純POLO-藍,女裝,980.0,1.0,2016-01-12,980.0,161.7,132.3,1038.8,林士傑,Male,50,宜蘭縣,金融業和房地產,2016.0,1.0,12.0,1.0,50
ID00336,AC1701484,F033,高機能伸縮衣架-黑,家俱,600.0,1.0,2016-01-12,600.0,90.0,90.0,636.0,張惠敏,Female,39,新北市,其他,2016.0,1.0,12.0,1.0,30
ID00337,AC1702982,F036,經典美式純POLO-藍,女裝,980.0,1.0,2016-01-12,980.0,161.7,132.3,1038.8,胡欣怡,Female,44,桃園市,其他,2016.0,1.0,12.0,1.0,40
ID00338,AC1701161,F033,高機能伸縮衣架-黑,家俱,600.0,1.0,2016-01-12,600.0,90.0,90.0,636.0,陳君俊,Male,32,新北市,金融業和房地產,2016.0,1.0,12.0,1.0,30
ID00339,AC1700929,F036,經典美式純POLO-藍,女裝,980.0,1.0,2016-01-12,980.0,161.7,132.3,1038.8,李淑博,Male,35,新北市,其他,2016.0,1.0,12.0,1.0,30
ID00340,AC1702734,F033,高機能伸縮衣架-黑,家俱,600.0,1.0,2016-01-12,600.0,90.0,90.0,636.0,林璇玫,Male,32,桃園市,住宿和餐飲業,2016.0,1.0,12.0,1.0,30
ID00341,AC1700441,F008,法蘭絨格紋襯衫-黑,女裝,1800.0,1.0,2016-01-13,1800.0,297.0,243.00000000000003,1908.0,賴與揚,Male,40,新北市,住宿和餐飲業,2016.0,1.0,13.0,1.0,40
ID00342,AC1703314,F009,大化妝包-深藍,配件,2100.0,1.0,2016-01-13,2100.0,520.8,109.19999999999999,2226.0,胡欣怡,Female,42,基隆市,住宿和餐飲業,2016.0,1.0,13.0,1.0,40
ID00343,AC1702986,F004,大化妝包-桃粉,配件,1600.0,3.0,2016-01-13,4800.0,1190.4,249.6,5088.0,魏吉汝,Male,61,桃園市,住宿和餐飲業,2016.0,1.0,13.0,1.0,60
ID00344,AC1702796,F008,法蘭絨格紋襯衫-黑,女裝,1800.0,3.0,2016-01-13,5400.0,891.0000000000005,729.0,5724.0,陳奕城,Male,53,桃園市,其他,2016.0,1.0,13.0,1.0,50
ID00345,AC1703852,F028,大學T男童-藍,童裝,1750.0,3.0,2016-01-13,5250.0,924.0000000000005,651.0,5565.0,鐘禹婷,Female,48,臺北市,金融業和房地產,2016.0,1.0,13.0,1.0,40
ID00346,AC1701476,F008,法蘭絨格紋襯衫-黑,女裝,1800.0,3.0,2016-01-13,5400.0,891.0000000000005,729.0,5724.0,張益哲,Female,37,新北市,金融業和房地產,2016.0,1.0,13.0,1.0,30
ID00347,AC1701085,F008,法蘭絨格紋襯衫-黑,女裝,1800.0,3.0,2016-01-13,5400.0,891.0000000000005,729.0,5724.0,蘇嘉帆,Female,38,新北市,金融業和房地產,2016.0,1.0,13.0,1.0,30
ID00348,AC1700083,F033,高機能伸縮衣架-黑,家俱,600.0,1.0,2016-01-13,600.0,90.0,90.0,636.0,陳筱涵,Female,55,基隆市,農林漁牧業,2016.0,1.0,13.0,1.0,50
ID00349,AC1701381,F033,高機能伸縮衣架-黑,家俱,600.0,1.0,2016-01-13,600.0,90.0,90.0,636.0,劉菁為,Female,29,宜蘭縣,金融業和房地產,2016.0,1.0,13.0,1.0,20
ID00350,AC1701049,F033,高機能伸縮衣架-黑,家俱,600.0,3.0,2016-01-13,1800.0,270.0,270.0,1908.0,楊淑惠,Female,34,新北市,金融業和房地產,2016.0,1.0,13.0,1.0,30
ID00351,AC1702161,F033,高機能伸縮衣架-黑,家俱,600.0,3.0,2016-01-13,1800.0,270.0,270.0,1908.0,許富真,Male,46,桃園市,其他,2016.0,1.0,13.0,1.0,40
ID00352,AC1702327,F033,高機能伸縮衣架-黑,家俱,600.0,3.0,2016-01-13,1800.0,270.0,270.0,1908.0,林千榮,Male,45,桃園市,其他,2016.0,1.0,13.0,1.0,40
ID00353,AC1702093,F033,高機能伸縮衣架-黑,家俱,600.0,3.0,2016-01-13,1800.0,270.0,270.0,1908.0,陳怡芳,Female,20,新北市,其他,2016.0,1.0,13.0,1.0,20
ID00354,AC1701736,F033,高機能伸縮衣架-黑,家俱,600.0,3.0,2016-01-13,1800.0,270.0,270.0,1908.0,張家偉,Male,41,宜蘭縣,其他,2016.0,1.0,13.0,1.0,40
ID00355,AC1701870,F008,法蘭絨格紋襯衫-黑,女裝,1800.0,1.0,2016-01-13,1800.0,297.0,243.00000000000003,1908.0,鄭珮雯,Female,49,新北市,金融業和房地產,2016.0,1.0,13.0,1.0,40
ID00356,AC1700255,F009,大化妝包-深藍,配件,2100.0,1.0,2016-01-13,2100.0,520.8,109.19999999999999,2226.0,田志銘,Male,31,臺北市,農林漁牧業,2016.0,1.0,13.0,1.0,30
ID00357,AC1700660,F004,大化妝包-桃粉,配件,1600.0,3.0,2016-01-13,4800.0,1190.4,249.6,5088.0,蔡俊瑋,Male,34,新北市,教育體育文化,2016.0,1.0,13.0,1.0,30
ID00358,AC1702234,F008,法蘭絨格紋襯衫-黑,女裝,1800.0,3.0,2016-01-13,5400.0,891.0000000000005,729.0,5724.0,黎政峰,Male,54,桃園市,農林漁牧業,2016.0,1.0,13.0,1.0,50
ID00359,AC1700322,F028,大學T男童-藍,童裝,1750.0,3.0,2016-01-13,5250.0,924.0000000000005,651.0,5565.0,林柏瑋,Female,49,新北市,其他,2016.0,1.0,13.0,1.0,40
ID00360,AC1701448,F008,法蘭絨格紋襯衫-黑,女裝,1800.0,3.0,2016-01-13,5400.0,891.0000000000005,729.0,5724.0,胡婷婷,Female,21,新北市,其他,2016.0,1.0,13.0,1.0,20
ID00361,AC1702825,F008,法蘭絨格紋襯衫-黑,女裝,1800.0,3.0,2016-01-13,5400.0,891.0000000000005,729.0,5724.0,趙永瑜,Male,46,桃園市,金融業和房地產,2016.0,1.0,13.0,1.0,40
ID00362,AC1703486,F033,高機能伸縮衣架-黑,家俱,600.0,1.0,2016-01-13,600.0,90.0,90.0,636.0,馮必汝,Female,40,基隆市,金融業和房地產,2016.0,1.0,13.0,1.0,40
ID00363,AC1703691,F033,高機能伸縮衣架-黑,家俱,600.0,1.0,2016-01-13,600.0,90.0,90.0,636.0,吳雅琪,Female,50,基隆市,其他,2016.0,1.0,13.0,1.0,50
ID00364,AC1701410,F033,高機能伸縮衣架-黑,家俱,600.0,3.0,2016-01-13,1800.0,270.0,270.0,1908.0,連恆生,Male,32,宜蘭縣,金融業和房地產,2016.0,1.0,13.0,1.0,30
ID00365,AC1701697,F033,高機能伸縮衣架-黑,家俱,600.0,3.0,2016-01-13,1800.0,270.0,270.0,1908.0,李堯依,Male,38,宜蘭縣,金融業和房地產,2016.0,1.0,13.0,1.0,30
ID00366,AC1701417,F033,高機能伸縮衣架-黑,家俱,600.0,3.0,2016-01-13,1800.0,270.0,270.0,1908.0,藍怡伶,Male,40,宜蘭縣,金融業和房地產,2016.0,1.0,13.0,1.0,40
ID00367,AC1703563,F033,高機能伸縮衣架-黑,家俱,600.0,3.0,2016-01-13,1800.0,270.0,270.0,1908.0,李怡琦,Female,35,基隆市,金融業和房地產,2016.0,1.0,13.0,1.0,30
ID00368,AC1700381,F033,高機能伸縮衣架-黑,家俱,600.0,3.0,2016-01-13,1800.0,270.0,270.0,1908.0,陳嘉雯,Female,54,新北市,金融業和房地產,2016.0,1.0,13.0,1.0,50
ID00369,AC1700469,F008,法蘭絨格紋襯衫-黑,女裝,1800.0,1.0,2016-01-13,1800.0,297.0,243.00000000000003,1908.0,郭家慧,Male,33,新北市,金融業和房地產,2016.0,1.0,13.0,1.0,30
ID00370,AC1703112,F009,大化妝包-深藍,配件,2100.0,1.0,2016-01-13,2100.0,520.8,109.19999999999999,2226.0,陳家慧,Female,54,桃園市,住宿和餐飲業,2016.0,1.0,13.0,1.0,50
ID00371,AC1701884,F004,大化妝包-桃粉,配件,1600.0,3.0,2016-01-13,4800.0,1190.4,249.6,5088.0,張子傑,Male,34,宜蘭縣,教育體育文化,2016.0,1.0,13.0,1.0,30
ID00372,AC1702231,F008,法蘭絨格紋襯衫-黑,女裝,1800.0,3.0,2016-01-13,5400.0,891.0000000000005,729.0,5724.0,許有盈,Male,45,桃園市,住宿和餐飲業,2016.0,1.0,13.0,1.0,40
ID00373,AC1702278,F028,大學T男童-藍,童裝,1750.0,3.0,2016-01-13,5250.0,924.0000000000005,651.0,5565.0,林靜怡,Male,51,桃園市,住宿和餐飲業,2016.0,1.0,13.0,1.0,50
ID00374,AC1700126,F008,法蘭絨格紋襯衫-黑,女裝,1800.0,3.0,2016-01-13,5400.0,891.0000000000005,729.0,5724.0,張詩婷,Female,40,新北市,其他,2016.0,1.0,13.0,1.0,40
ID00375,AC1700522,F008,法蘭絨格紋襯衫-黑,女裝,1800.0,3.0,2016-01-13,5400.0,891.0000000000005,729.0,5724.0,程盈瑋,Female,36,新北市,金融業和房地產,2016.0,1.0,13.0,1.0,30
ID00376,AC1701391,F033,高機能伸縮衣架-黑,家俱,600.0,1.0,2016-01-13,600.0,90.0,90.0,636.0,楊嘉惠,Male,35,宜蘭縣,金融業和房地產,2016.0,1.0,13.0,1.0,30
ID00377,AC1703369,F033,高機能伸縮衣架-黑,家俱,600.0,1.0,2016-01-13,600.0,90.0,90.0,636.0,平怡菁,Female,26,基隆市,住宿和餐飲業,2016.0,1.0,13.0,1.0,20
ID00378,AC1701542,F033,高機能伸縮衣架-黑,家俱,600.0,3.0,2016-01-13,1800.0,270.0,270.0,1908.0,戚雅文,Female,36,新北市,金融業和房地產,2016.0,1.0,13.0,1.0,30
ID00379,AC1702574,F033,高機能伸縮衣架-黑,家俱,600.0,3.0,2016-01-13,1800.0,270.0,270.0,1908.0,陳秉正,Female,43,桃園市,其他,2016.0,1.0,13.0,1.0,40
ID00380,AC1701000,F033,高機能伸縮衣架-黑,家俱,600.0,3.0,2016-01-13,1800.0,270.0,270.0,1908.0,嵇宛玟,Female,41,新北市,住宿和餐飲業,2016.0,1.0,13.0,1.0,40
ID00381,AC1700961,F033,高機能伸縮衣架-黑,家俱,600.0,3.0,2016-01-13,1800.0,270.0,270.0,1908.0,王耿城,Male,40,新北市,金融業和房地產,2016.0,1.0,13.0,1.0,40
ID00382,AC1701424,F033,高機能伸縮衣架-黑,家俱,600.0,3.0,2016-01-13,1800.0,270.0,270.0,1908.0,林俐睿,Male,38,宜蘭縣,金融業和房地產,2016.0,1.0,13.0,1.0,30
ID00383,AC1703613,F008,法蘭絨格紋襯衫-黑,女裝,1800.0,1.0,2016-01-13,1800.0,297.0,243.00000000000003,1908.0,黃明憲,Female,36,基隆市,住宿和餐飲業,2016.0,1.0,13.0,1.0,30
ID00384,AC1700001,F009,大化妝包-深藍,配件,2100.0,1.0,2016-01-13,2100.0,520.8,109.19999999999999,2226.0,李國發,Male,21,新北市,金融業和房地產,2016.0,1.0,13.0,1.0,20
ID00385,AC1703357,F004,大化妝包-桃粉,配件,1600.0,3.0,2016-01-13,4800.0,1190.4,249.6,5088.0,冉政廷,Female,33,基隆市,金融業和房地產,2016.0,1.0,13.0,1.0,30
ID00386,AC1702912,F008,法蘭絨格紋襯衫-黑,女裝,1800.0,3.0,2016-01-13,5400.0,891.0000000000005,729.0,5724.0,羅奎柏,Male,55,桃園市,住宿和餐飲業,2016.0,1.0,13.0,1.0,50
ID00387,AC1700839,F028,大學T男童-藍,童裝,1750.0,3.0,2016-01-13,5250.0,924.0000000000005,651.0,5565.0,林韋成,Female,41,新北市,其他,2016.0,1.0,13.0,1.0,40
ID00388,AC1700111,F008,法蘭絨格紋襯衫-黑,女裝,1800.0,3.0,2016-01-13,5400.0,891.0000000000005,729.0,5724.0,蔡宗穎,Female,41,新北市,農林漁牧業,2016.0,1.0,13.0,1.0,40
ID00389,AC1703121,F008,法蘭絨格紋襯衫-黑,女裝,1800.0,3.0,2016-01-13,5400.0,891.0000000000005,729.0,5724.0,連初馨,Female,57,桃園市,住宿和餐飲業,2016.0,1.0,13.0,1.0,50
ID00390,AC1703859,F033,高機能伸縮衣架-黑,家俱,600.0,1.0,2016-01-13,600.0,90.0,90.0,636.0,王俊宏,Female,46,臺北市,其他,2016.0,1.0,13.0,1.0,40
ID00391,AC1700839,F033,高機能伸縮衣架-黑,家俱,600.0,1.0,2016-01-13,600.0,90.0,90.0,636.0,林韋成,Female,41,新北市,其他,2016.0,1.0,13.0,1.0,40
ID00392,AC1703329,F033,高機能伸縮衣架-黑,家俱,600.0,3.0,2016-01-13,1800.0,270.0,270.0,1908.0,林明宏,Male,38,基隆市,住宿和餐飲業,2016.0,1.0,13.0,1.0,30
ID00393,AC1703393,F033,高機能伸縮衣架-黑,家俱,600.0,3.0,2016-01-13,1800.0,270.0,270.0,1908.0,許哲東,Female,45,基隆市,金融業和房地產,2016.0,1.0,13.0,1.0,40
ID00394,AC1702106,F033,高機能伸縮衣架-黑,家俱,600.0,3.0,2016-01-13,1800.0,270.0,270.0,1908.0,沈雅琪,Female,36,宜蘭縣,教育體育文化,2016.0,1.0,13.0,1.0,30
ID00395,AC1702298,F033,高機能伸縮衣架-黑,家俱,600.0,3.0,2016-01-13,1800.0,270.0,270.0,1908.0,謝靜岳,Female,42,桃園市,住宿和餐飲業,2016.0,1.0,13.0,1.0,40
ID00396,AC1703488,F033,高機能伸縮衣架-黑,家俱,600.0,3.0,2016-01-13,1800.0,270.0,270.0,1908.0,陳政勳,Male,34,基隆市,住宿和餐飲業,2016.0,1.0,13.0,1.0,30
ID00397,AC1701098,F008,法蘭絨格紋襯衫-黑,女裝,1800.0,1.0,2016-01-13,1800.0,297.0,243.00000000000003,1908.0,張欣怡,Female,29,新北市,金融業和房地產,2016.0,1.0,13.0,1.0,20
ID00398,AC1701010,F009,大化妝包-深藍,配件,2100.0,1.0,2016-01-13,2100.0,520.8,109.19999999999999,2226.0,劉偉倫,Male,34,新北市,住宿和餐飲業,2016.0,1.0,13.0,1.0,30
ID00399,AC1702424,F004,大化妝包-桃粉,配件,1600.0,3.0,2016-01-13,4800.0,1190.4,249.6,5088.0,陳亞義,Male,50,桃園市,其他,2016.0,1.0,13.0,1.0,50
ID00400,AC1702637,F008,法蘭絨格紋襯衫-黑,女裝,1800.0,3.0,2016-01-13,5400.0,891.0000000000005,729.0,5724.0,陳文珮,Male,34,桃園市,金融業和房地產,2016.0,1.0,13.0,1.0,30
ID00401,AC1702235,F028,大學T男童-藍,童裝,1750.0,3.0,2016-01-13,5250.0,924.0000000000005,651.0,5565.0,吳必嬌,Female,39,桃園市,住宿和餐飲業,2016.0,1.0,13.0,1.0,30
ID00402,AC1702961,F008,法蘭絨格紋襯衫-黑,女裝,1800.0,3.0,2016-01-13,5400.0,891.0000000000005,729.0,5724.0,郭淑元,Male,55,桃園市,住宿和餐飲業,2016.0,1.0,13.0,1.0,50
ID00403,AC1703079,F008,法蘭絨格紋襯衫-黑,女裝,1800.0,3.0,2016-01-13,5400.0,891.0000000000005,729.0,5724.0,陳家音,Female,47,桃園市,教育體育文化,2016.0,1.0,13.0,1.0,40
ID00404,AC1703324,F033,高機能伸縮衣架-黑,家俱,600.0,1.0,2016-01-13,600.0,90.0,90.0,636.0,林秀凡,Male,26,基隆市,住宿和餐飲業,2016.0,1.0,13.0,1.0,20
ID00405,AC1703413,F033,高機能伸縮衣架-黑,家俱,600.0,1.0,2016-01-13,600.0,90.0,90.0,636.0,吳語盛,Male,53,基隆市,金融業和房地產,2016.0,1.0,13.0,1.0,50
ID00406,AC1703986,F033,高機能伸縮衣架-黑,家俱,600.0,3.0,2016-01-13,1800.0,270.0,270.0,1908.0,吳益貞,Female,46,臺北市,住宿和餐飲業,2016.0,1.0,13.0,1.0,40
ID00407,AC1701830,F033,高機能伸縮衣架-黑,家俱,600.0,3.0,2016-01-13,1800.0,270.0,270.0,1908.0,蔡翰妏,Female,25,新北市,金融業和房地產,2016.0,1.0,13.0,1.0,20
ID00408,AC1702774,F033,高機能伸縮衣架-黑,家俱,600.0,3.0,2016-01-13,1800.0,270.0,270.0,1908.0,林志泉,Male,56,桃園市,住宿和餐飲業,2016.0,1.0,13.0,1.0,50
ID00409,AC1701654,F033,高機能伸縮衣架-黑,家俱,600.0,3.0,2016-01-13,1800.0,270.0,270.0,1908.0,黃俊廷,Male,37,宜蘭縣,金融業和房地產,2016.0,1.0,13.0,1.0,30
ID00410,AC1701939,F033,高機能伸縮衣架-黑,家俱,600.0,3.0,2016-01-13,1800.0,270.0,270.0,1908.0,杜千鑫,Male,43,宜蘭縣,金融業和房地產,2016.0,1.0,13.0,1.0,40
ID00411,AC1702993,F008,法蘭絨格紋襯衫-黑,女裝,1800.0,3.0,2016-01-28,5400.0,891.0000000000005,729.0,5724.0,鈕嘉玲,Male,51,桃園市,金融業和房地產,2016.0,1.0,28.0,1.0,50
ID00412,AC1703007,F008,法蘭絨格紋襯衫-黑,女裝,1800.0,3.0,2016-01-28,5400.0,891.0000000000005,729.0,5724.0,郭銘蘭,Male,61,桃園市,住宿和餐飲業,2016.0,1.0,28.0,1.0,60
ID00413,AC1703166,F008,法蘭絨格紋襯衫-黑,女裝,1800.0,3.0,2016-01-28,5400.0,891.0000000000005,729.0,5724.0,余念韻,Male,40,桃園市,其他,2016.0,1.0,28.0,1.0,40
ID00414,AC1700005,F008,法蘭絨格紋襯衫-黑,女裝,1800.0,3.0,2016-01-28,5400.0,891.0000000000005,729.0,5724.0,袁劭彥,Male,42,臺北市,金融業和房地產,2016.0,1.0,28.0,1.0,40
ID00415,AC1703940,F008,法蘭絨格紋襯衫-黑,女裝,1800.0,3.0,2016-01-28,5400.0,891.0000000000005,729.0,5724.0,林美麗,Female,51,臺北市,住宿和餐飲業,2016.0,1.0,28.0,1.0,50
ID00416,AC1701872,F041,三層樓梯椅-黑,家俱,820.0,1.0,2016-02-02,820.0,123.0,123.0,869.2,陳智傑,Male,29,宜蘭縣,金融業和房地產,2016.0,2.0,2.0,1.0,20
ID00417,AC1702442,F016,後背包-藍,配件,890.0,1.0,2016-02-02,890.0,220.72,46.28,943.4000000000001,吳宗旺,Male,60,桃園市,住宿和餐飲業,2016.0,2.0,2.0,1.0,60
ID00418,AC1702304,F017,大學T男裝-灰,男裝,1200.0,2.0,2016-02-02,2400.0,460.8,259.2,2544.0,鄭宜婷,Male,46,桃園市,住宿和餐飲業,2016.0,2.0,2.0,1.0,40
ID00419,AC1703904,F025,雙向層架式書桌-咖,家俱,2900.0,1.0,2016-02-02,2900.0,435.0000000000002,435.0,3074.0,陳紀茜,Female,35,臺北市,其他,2016.0,2.0,2.0,1.0,30
ID00420,AC1703926,F009,大化妝包-深藍,配件,2100.0,2.0,2016-02-02,4200.0,1041.6,218.39999999999998,4452.0,劉右智,Female,40,臺北市,其他,2016.0,2.0,2.0,1.0,40
ID00421,AC1701090,F012,托特包-白,配件,1740.0,3.0,2016-02-02,5220.0,1294.5600000000004,271.44,5533.200000000001,江寧蘭,Female,30,新北市,金融業和房地產,2016.0,2.0,2.0,1.0,30
ID00422,AC1703924,F041,三層樓梯椅-黑,家俱,820.0,1.0,2016-02-02,820.0,123.0,123.0,869.2,陳于庭,Female,47,臺北市,金融業和房地產,2016.0,2.0,2.0,1.0,40
ID00423,AC1701779,F016,後背包-藍,配件,890.0,1.0,2016-02-02,890.0,220.72,46.28,943.4000000000001,楊智松,Male,37,宜蘭縣,住宿和餐飲業,2016.0,2.0,2.0,1.0,30
ID00424,AC1703018,F017,大學T男裝-灰,男裝,1200.0,2.0,2016-02-02,2400.0,460.8,259.2,2544.0,蔡佳穎,Male,60,桃園市,其他,2016.0,2.0,2.0,1.0,60
ID00425,AC1700466,F025,雙向層架式書桌-咖,家俱,2900.0,1.0,2016-02-02,2900.0,435.0000000000002,435.0,3074.0,陳宏孜,Male,36,新北市,金融業和房地產,2016.0,2.0,2.0,1.0,30
ID00426,AC1702927,F009,大化妝包-深藍,配件,2100.0,2.0,2016-02-02,4200.0,1041.6,218.39999999999998,4452.0,白佩蓉,Female,58,桃園市,其他,2016.0,2.0,2.0,1.0,50
ID00427,AC1700784,F012,托特包-白,配件,1740.0,3.0,2016-02-02,5220.0,1294.5600000000004,271.44,5533.200000000001,張志迪,Male,33,新北市,其他,2016.0,2.0,2.0,1.0,30
ID00428,AC1702699,F041,三層樓梯椅-黑,家俱,820.0,1.0,2016-02-02,820.0,123.0,123.0,869.2,張建廷,Male,45,桃園市,其他,2016.0,2.0,2.0,1.0,40
ID00429,AC1703679,F016,後背包-藍,配件,890.0,1.0,2016-02-02,890.0,220.72,46.28,943.4000000000001,曾佑霖,Male,31,基隆市,住宿和餐飲業,2016.0,2.0,2.0,1.0,30
ID00430,AC1701287,F017,大學T男裝-灰,男裝,1200.0,2.0,2016-02-02,2400.0,460.8,259.2,2544.0,戴怡君,Female,42,新北市,金融業和房地產,2016.0,2.0,2.0,1.0,40
ID00431,AC1702076,F025,雙向層架式書桌-咖,家俱,2900.0,1.0,2016-02-02,2900.0,435.0000000000002,435.0,3074.0,林柏勳,Male,26,宜蘭縣,其他,2016.0,2.0,2.0,1.0,20
ID00432,AC1702513,F009,大化妝包-深藍,配件,2100.0,2.0,2016-02-02,4200.0,1041.6,218.39999999999998,4452.0,丁美君,Female,55,桃園市,其他,2016.0,2.0,2.0,1.0,50
ID00433,AC1703825,F012,托特包-白,配件,1740.0,3.0,2016-02-02,5220.0,1294.5600000000004,271.44,5533.200000000001,徐雅雯,Female,50,臺北市,金融業和房地產,2016.0,2.0,2.0,1.0,50
ID00434,AC1701972,F041,三層樓梯椅-黑,家俱,820.0,1.0,2016-02-02,820.0,123.0,123.0,869.2,黃文欣,Female,33,新北市,金融業和房地產,2016.0,2.0,2.0,1.0,30
ID00435,AC1702837,F016,後背包-藍,配件,890.0,1.0,2016-02-02,890.0,220.72,46.28,943.4000000000001,張百中,Female,56,桃園市,其他,2016.0,2.0,2.0,1.0,50
ID00436,AC1700732,F017,大學T男裝-灰,男裝,1200.0,2.0,2016-02-02,2400.0,460.8,259.2,2544.0,賴恭隆,Male,32,新北市,金融業和房地產,2016.0,2.0,2.0,1.0,30
ID00437,AC1702382,F025,雙向層架式書桌-咖,家俱,2900.0,1.0,2016-02-02,2900.0,435.0000000000002,435.0,3074.0,黃湘婷,Female,49,桃園市,住宿和餐飲業,2016.0,2.0,2.0,1.0,40
ID00438,AC1701544,F009,大化妝包-深藍,配件,2100.0,2.0,2016-02-02,4200.0,1041.6,218.39999999999998,4452.0,陳妙慧,Female,33,宜蘭縣,金融業和房地產,2016.0,2.0,2.0,1.0,30
ID00439,AC1701019,F012,托特包-白,配件,1740.0,3.0,2016-02-02,5220.0,1294.5600000000004,271.44,5533.200000000001,林文谷,Male,27,新北市,其他,2016.0,2.0,2.0,1.0,20
ID00440,AC1702497,F041,三層樓梯椅-黑,家俱,820.0,1.0,2016-02-02,820.0,123.0,123.0,869.2,鄧筱婷,Male,55,桃園市,其他,2016.0,2.0,2.0,1.0,50
ID00441,AC1700305,F016,後背包-藍,配件,890.0,1.0,2016-02-02,890.0,220.72,46.28,943.4000000000001,胡嘉凌,Female,50,新北市,金融業和房地產,2016.0,2.0,2.0,1.0,50
ID00442,AC1700533,F017,大學T男裝-灰,男裝,1200.0,2.0,2016-02-02,2400.0,460.8,259.2,2544.0,蔡倍函,Female,41,新北市,金融業和房地產,2016.0,2.0,2.0,1.0,40
ID00443,AC1700041,F025,雙向層架式書桌-咖,家俱,2900.0,1.0,2016-02-02,2900.0,435.0000000000002,435.0,3074.0,盧虹學,Female,51,基隆市,其他,2016.0,2.0,2.0,1.0,50
ID00444,AC1701233,F009,大化妝包-深藍,配件,2100.0,2.0,2016-02-02,4200.0,1041.6,218.39999999999998,4452.0,蔡家豪,Male,33,新北市,金融業和房地產,2016.0,2.0,2.0,1.0,30
ID00445,AC1702333,F012,托特包-白,配件,1740.0,3.0,2016-02-02,5220.0,1294.5600000000004,271.44,5533.200000000001,黃靖彬,Male,38,桃園市,金融業和房地產,2016.0,2.0,2.0,1.0,30
ID00446,AC1700469,F015,法蘭絨格紋襯衫-紅,女裝,1740.0,1.0,2016-02-15,1740.0,287.1,234.9,1844.4,郭家慧,Male,33,新北市,金融業和房地產,2016.0,2.0,15.0,1.0,30
ID00447,AC1703535,F009,大化妝包-深藍,配件,2100.0,1.0,2016-02-15,2100.0,520.8,109.19999999999999,2226.0,李誠豐,Male,41,基隆市,住宿和餐飲業,2016.0,2.0,15.0,1.0,40
ID00448,AC1703614,F015,法蘭絨格紋襯衫-紅,女裝,1740.0,1.0,2016-02-15,1740.0,287.1,234.9,1844.4,陳嘉琪,Female,36,基隆市,金融業和房地產,2016.0,2.0,15.0,1.0,30
ID00449,AC1703850,F015,法蘭絨格紋襯衫-紅,女裝,1740.0,1.0,2016-02-15,1740.0,287.1,234.9,1844.4,姜秉齊,Female,22,臺北市,其他,2016.0,2.0,15.0,1.0,20
ID00450,AC1701991,F009,大化妝包-深藍,配件,2100.0,1.0,2016-02-15,2100.0,520.8,109.19999999999999,2226.0,楊兆珍,Female,28,新北市,住宿和餐飲業,2016.0,2.0,15.0,1.0,20
ID00451,AC1703622,F012,托特包-白,配件,1740.0,1.0,2016-02-15,1740.0,431.52,90.47999999999999,1844.4,蔡文華,Female,26,基隆市,金融業和房地產,2016.0,2.0,15.0,1.0,20
ID00452,AC1701234,F010,中夾-紅,皮件,2610.0,1.0,2016-02-15,2610.0,595.0800000000003,187.92,2766.6000000000004,賴佩珊,Female,41,新北市,住宿和餐飲業,2016.0,2.0,15.0,1.0,40
ID00453,AC1703506,F010,中夾-紅,皮件,2610.0,1.0,2016-02-15,2610.0,595.0800000000003,187.92,2766.6000000000004,陳俊吉,Male,28,基隆市,金融業和房地產,2016.0,2.0,15.0,1.0,20
ID00454,AC1702940,F024,運動潮流直筒棉褲男童-灰,童裝,2030.0,2.0,2016-02-15,4060.0,714.56,503.44,4303.6,蔡宛志,Male,48,桃園市,住宿和餐飲業,2016.0,2.0,15.0,1.0,40
ID00455,AC1700469,F002,運動潮流直筒棉褲男童-白,童裝,930.0,2.0,2016-02-15,1860.0,327.36,230.64,1971.6000000000001,郭家慧,Male,33,新北市,金融業和房地產,2016.0,2.0,15.0,1.0,30
ID00456,AC1700026,F002,運動潮流直筒棉褲男童-白,童裝,930.0,2.0,2016-02-15,1860.0,327.36,230.64,1971.6000000000001,林素松,Female,44,臺北市,住宿和餐飲業,2016.0,2.0,15.0,1.0,40
ID00457,AC1701055,F005,運動潮流連帽外套男裝-灰,男裝,1450.0,2.0,2016-02-15,2900.0,556.8000000000002,313.2,3074.0,李修鑫,Female,29,新北市,其他,2016.0,2.0,15.0,1.0,20
ID00458,AC1702416,F005,運動潮流連帽外套男裝-灰,男裝,1450.0,2.0,2016-02-15,2900.0,556.8000000000002,313.2,3074.0,李雅婷,Female,48,桃園市,住宿和餐飲業,2016.0,2.0,15.0,1.0,40
ID00459,AC1701524,F025,雙向層架式書桌-咖,家俱,2900.0,2.0,2016-02-15,5800.0,870.0000000000005,870.0,6148.0,林志東,Male,25,宜蘭縣,其他,2016.0,2.0,15.0,1.0,20
ID00460,AC1702478,F015,法蘭絨格紋襯衫-紅,女裝,1740.0,1.0,2016-02-15,1740.0,287.1,234.9,1844.4,蔡韋志,Male,44,桃園市,金融業和房地產,2016.0,2.0,15.0,1.0,40
ID00461,AC1703930,F009,大化妝包-深藍,配件,2100.0,1.0,2016-02-15,2100.0,520.8,109.19999999999999,2226.0,林怡君,Female,43,臺北市,其他,2016.0,2.0,15.0,1.0,40
ID00462,AC1700801,F015,法蘭絨格紋襯衫-紅,女裝,1740.0,1.0,2016-02-15,1740.0,287.1,234.9,1844.4,吳怡如,Female,35,新北市,金融業和房地產,2016.0,2.0,15.0,1.0,30
ID00463,AC1703865,F015,法蘭絨格紋襯衫-紅,女裝,1740.0,1.0,2016-02-15,1740.0,287.1,234.9,1844.4,林詩淳,Female,41,臺北市,金融業和房地產,2016.0,2.0,15.0,1.0,40
ID00464,AC1701943,F009,大化妝包-深藍,配件,2100.0,1.0,2016-02-15,2100.0,520.8,109.19999999999999,2226.0,吳慈燦,Female,44,新北市,金融業和房地產,2016.0,2.0,15.0,1.0,40
ID00465,AC1700635,F012,托特包-白,配件,1740.0,1.0,2016-02-15,1740.0,431.52,90.47999999999999,1844.4,林奇舜,Female,26,新北市,金融業和房地產,2016.0,2.0,15.0,1.0,20
ID00466,AC1703124,F010,中夾-紅,皮件,2610.0,1.0,2016-02-15,2610.0,595.0800000000003,187.92,2766.6000000000004,陳彥舜,Male,50,桃園市,其他,2016.0,2.0,15.0,1.0,50
ID00467,AC1700821,F010,中夾-紅,皮件,2610.0,1.0,2016-02-15,2610.0,595.0800000000003,187.92,2766.6000000000004,涂坤洋,Male,36,新北市,金融業和房地產,2016.0,2.0,15.0,1.0,30
ID00468,AC1702403,F024,運動潮流直筒棉褲男童-灰,童裝,2030.0,2.0,2016-02-15,4060.0,714.56,503.44,4303.6,杜冠禮,Female,38,桃園市,其他,2016.0,2.0,15.0,1.0,30
ID00469,AC1702074,F002,運動潮流直筒棉褲男童-白,童裝,930.0,2.0,2016-02-15,1860.0,327.36,230.64,1971.6000000000001,彭麗華,Female,34,新北市,住宿和餐飲業,2016.0,2.0,15.0,1.0,30
ID00470,AC1701602,F002,運動潮流直筒棉褲男童-白,童裝,930.0,2.0,2016-02-15,1860.0,327.36,230.64,1971.6000000000001,楊綺海,Female,34,宜蘭縣,金融業和房地產,2016.0,2.0,15.0,1.0,30
ID00471,AC1703633,F005,運動潮流連帽外套男裝-灰,男裝,1450.0,2.0,2016-02-15,2900.0,556.8000000000002,313.2,3074.0,黃雅天,Female,32,基隆市,金融業和房地產,2016.0,2.0,15.0,1.0,30
ID00472,AC1703457,F005,運動潮流連帽外套男裝-灰,男裝,1450.0,2.0,2016-02-15,2900.0,556.8000000000002,313.2,3074.0,周郁軍,Male,42,基隆市,其他,2016.0,2.0,15.0,1.0,40
ID00473,AC1702271,F025,雙向層架式書桌-咖,家俱,2900.0,2.0,2016-02-15,5800.0,870.0000000000005,870.0,6148.0,楊千慧,Female,39,桃園市,住宿和餐飲業,2016.0,2.0,15.0,1.0,30
ID00474,AC1701461,F015,法蘭絨格紋襯衫-紅,女裝,1740.0,1.0,2016-02-15,1740.0,287.1,234.9,1844.4,王建臻,Female,22,新北市,金融業和房地產,2016.0,2.0,15.0,1.0,20
ID00475,AC1702259,F009,大化妝包-深藍,配件,2100.0,1.0,2016-02-15,2100.0,520.8,109.19999999999999,2226.0,季雅文,Male,43,桃園市,其他,2016.0,2.0,15.0,1.0,40
ID00476,AC1700229,F015,法蘭絨格紋襯衫-紅,女裝,1740.0,1.0,2016-02-15,1740.0,287.1,234.9,1844.4,張慧玲,Female,35,臺北市,金融業和房地產,2016.0,2.0,15.0,1.0,30
ID00477,AC1703843,F015,法蘭絨格紋襯衫-紅,女裝,1740.0,1.0,2016-02-15,1740.0,287.1,234.9,1844.4,林維俊,Male,47,臺北市,住宿和餐飲業,2016.0,2.0,15.0,1.0,40
ID00478,AC1703021,F009,大化妝包-深藍,配件,2100.0,1.0,2016-02-15,2100.0,520.8,109.19999999999999,2226.0,鄭佳慧,Female,49,桃園市,住宿和餐飲業,2016.0,2.0,15.0,1.0,40
ID00479,AC1700936,F012,托特包-白,配件,1740.0,1.0,2016-02-15,1740.0,431.52,90.47999999999999,1844.4,林禎芬,Female,30,新北市,金融業和房地產,2016.0,2.0,15.0,1.0,30
ID00480,AC1701659,F010,中夾-紅,皮件,2610.0,1.0,2016-02-15,2610.0,595.0800000000003,187.92,2766.6000000000004,劉恒發,Female,27,新北市,金融業和房地產,2016.0,2.0,15.0,1.0,20
ID00481,AC1701104,F010,中夾-紅,皮件,2610.0,1.0,2016-02-15,2610.0,595.0800000000003,187.92,2766.6000000000004,蔡松源,Female,27,新北市,金融業和房地產,2016.0,2.0,15.0,1.0,20
ID00482,AC1703966,F024,運動潮流直筒棉褲男童-灰,童裝,2030.0,2.0,2016-02-15,4060.0,714.56,503.44,4303.6,陳宥茹,Female,58,臺北市,其他,2016.0,2.0,15.0,1.0,50
ID00483,AC1701907,F002,運動潮流直筒棉褲男童-白,童裝,930.0,2.0,2016-02-15,1860.0,327.36,230.64,1971.6000000000001,吳欣揚,Male,27,宜蘭縣,金融業和房地產,2016.0,2.0,15.0,1.0,20
ID00484,AC1703246,F002,運動潮流直筒棉褲男童-白,童裝,930.0,2.0,2016-02-15,1860.0,327.36,230.64,1971.6000000000001,陳嘉春,Female,56,桃園市,教育體育文化,2016.0,2.0,15.0,1.0,50
ID00485,AC1702870,F005,運動潮流連帽外套男裝-灰,男裝,1450.0,2.0,2016-02-15,2900.0,556.8000000000002,313.2,3074.0,姜國偉,Male,52,桃園市,住宿和餐飲業,2016.0,2.0,15.0,1.0,50
ID00486,AC1703371,F005,運動潮流連帽外套男裝-灰,男裝,1450.0,2.0,2016-02-15,2900.0,556.8000000000002,313.2,3074.0,謝耀文,Female,34,基隆市,金融業和房地產,2016.0,2.0,15.0,1.0,30
ID00487,AC1702615,F025,雙向層架式書桌-咖,家俱,2900.0,2.0,2016-02-15,5800.0,870.0000000000005,870.0,6148.0,蔡嘉白,Female,57,桃園市,金融業和房地產,2016.0,2.0,15.0,1.0,50
ID00488,AC1701769,F015,法蘭絨格紋襯衫-紅,女裝,1740.0,1.0,2016-02-15,1740.0,287.1,234.9,1844.4,韓雅玲,Female,32,新北市,其他,2016.0,2.0,15.0,1.0,30
ID00489,AC1701681,F009,大化妝包-深藍,配件,2100.0,1.0,2016-02-15,2100.0,520.8,109.19999999999999,2226.0,孫詩婷,Female,29,宜蘭縣,金融業和房地產,2016.0,2.0,15.0,1.0,20
ID00490,AC1703295,F015,法蘭絨格紋襯衫-紅,女裝,1740.0,1.0,2016-02-15,1740.0,287.1,234.9,1844.4,慕允秋,Male,24,基隆市,農林漁牧業,2016.0,2.0,15.0,1.0,20
ID00491,AC1701864,F015,法蘭絨格紋襯衫-紅,女裝,1740.0,1.0,2016-02-15,1740.0,287.1,234.9,1844.4,袁珮瑜,Female,29,宜蘭縣,住宿和餐飲業,2016.0,2.0,15.0,1.0,20
ID00492,AC1700999,F009,大化妝包-深藍,配件,2100.0,1.0,2016-02-15,2100.0,520.8,109.19999999999999,2226.0,陳志元,Male,29,新北市,金融業和房地產,2016.0,2.0,15.0,1.0,20
ID00493,AC1701500,F012,托特包-白,配件,1740.0,1.0,2016-02-15,1740.0,431.52,90.47999999999999,1844.4,劉典順,Female,36,新北市,金融業和房地產,2016.0,2.0,15.0,1.0,30
ID00494,AC1701639,F010,中夾-紅,皮件,2610.0,1.0,2016-02-15,2610.0,595.0800000000003,187.92,2766.6000000000004,林方屏,Female,45,新北市,金融業和房地產,2016.0,2.0,15.0,1.0,40
ID00495,AC1701388,F010,中夾-紅,皮件,2610.0,1.0,2016-02-15,2610.0,595.0800000000003,187.92,2766.6000000000004,陳俊賢,Male,36,宜蘭縣,金融業和房地產,2016.0,2.0,15.0,1.0,30
ID00496,AC1701561,F024,運動潮流直筒棉褲男童-灰,童裝,2030.0,2.0,2016-02-15,4060.0,714.56,503.44,4303.6,李均韋,Female,38,新北市,金融業和房地產,2016.0,2.0,15.0,1.0,30
ID00497,AC1700109,F002,運動潮流直筒棉褲男童-白,童裝,930.0,2.0,2016-02-15,1860.0,327.36,230.64,1971.6000000000001,李婉岳,Female,53,新北市,金融業和房地產,2016.0,2.0,15.0,1.0,50
ID00498,AC1702869,F002,運動潮流直筒棉褲男童-白,童裝,930.0,2.0,2016-02-15,1860.0,327.36,230.64,1971.6000000000001,馮凱竹,Male,54,桃園市,住宿和餐飲業,2016.0,2.0,15.0,1.0,50
ID00499,AC1702243,F005,運動潮流連帽外套男裝-灰,男裝,1450.0,2.0,2016-02-15,2900.0,556.8000000000002,313.2,3074.0,曹憲恆,Male,61,桃園市,農林漁牧業,2016.0,2.0,15.0,1.0,60
ID00500,AC1701637,F005,運動潮流連帽外套男裝-灰,男裝,1450.0,2.0,2016-02-15,2900.0,556.8000000000002,313.2,3074.0,王竣桂,Male,27,宜蘭縣,金融業和房地產,2016.0,2.0,15.0,1.0,20
ID00501,AC1700380,F025,雙向層架式書桌-咖,家俱,2900.0,2.0,2016-02-15,5800.0,870.0000000000005,870.0,6148.0,彭靜宜,Female,42,新北市,其他,2016.0,2.0,15.0,1.0,40
ID00502,AC1701580,F015,法蘭絨格紋襯衫-紅,女裝,1740.0,1.0,2016-02-15,1740.0,287.1,234.9,1844.4,張瑞能,Female,30,新北市,金融業和房地產,2016.0,2.0,15.0,1.0,30
ID00503,AC1702148,F009,大化妝包-深藍,配件,2100.0,1.0,2016-02-15,2100.0,520.8,109.19999999999999,2226.0,魏振宇,Male,41,宜蘭縣,金融業和房地產,2016.0,2.0,15.0,1.0,40
ID00504,AC1702825,F015,法蘭絨格紋襯衫-紅,女裝,1740.0,1.0,2016-02-15,1740.0,287.1,234.9,1844.4,趙永瑜,Male,46,桃園市,金融業和房地產,2016.0,2.0,15.0,1.0,40
ID00505,AC1702702,F015,法蘭絨格紋襯衫-紅,女裝,1740.0,1.0,2016-02-15,1740.0,287.1,234.9,1844.4,蔡明梅,Male,51,桃園市,住宿和餐飲業,2016.0,2.0,15.0,1.0,50
ID00506,AC1701801,F009,大化妝包-深藍,配件,2100.0,1.0,2016-02-15,2100.0,520.8,109.19999999999999,2226.0,陳美桓,Female,25,宜蘭縣,其他,2016.0,2.0,15.0,1.0,20
ID00507,AC1700109,F012,托特包-白,配件,1740.0,1.0,2016-02-15,1740.0,431.52,90.47999999999999,1844.4,李婉岳,Female,53,新北市,金融業和房地產,2016.0,2.0,15.0,1.0,50
ID00508,AC1702253,F010,中夾-紅,皮件,2610.0,1.0,2016-02-15,2610.0,595.0800000000003,187.92,2766.6000000000004,郭燕昆,Male,55,桃園市,住宿和餐飲業,2016.0,2.0,15.0,1.0,50
ID00509,AC1701161,F010,中夾-紅,皮件,2610.0,1.0,2016-02-15,2610.0,595.0800000000003,187.92,2766.6000000000004,陳君俊,Male,32,新北市,金融業和房地產,2016.0,2.0,15.0,1.0,30
ID00510,AC1703144,F024,運動潮流直筒棉褲男童-灰,童裝,2030.0,2.0,2016-02-15,4060.0,714.56,503.44,4303.6,蔡英茜,Female,49,桃園市,住宿和餐飲業,2016.0,2.0,15.0,1.0,40
ID00511,AC1700065,F002,運動潮流直筒棉褲男童-白,童裝,930.0,2.0,2016-02-15,1860.0,327.36,230.64,1971.6000000000001,蔣舜昀,Male,52,基隆市,金融業和房地產,2016.0,2.0,15.0,1.0,50
ID00512,AC1700585,F002,運動潮流直筒棉褲男童-白,童裝,930.0,2.0,2016-02-15,1860.0,327.36,230.64,1971.6000000000001,陳靜其,Female,35,新北市,金融業和房地產,2016.0,2.0,15.0,1.0,30
ID00513,AC1703393,F005,運動潮流連帽外套男裝-灰,男裝,1450.0,2.0,2016-02-15,2900.0,556.8000000000002,313.2,3074.0,許哲東,Female,45,基隆市,金融業和房地產,2016.0,2.0,15.0,1.0,40
ID00514,AC1700833,F005,運動潮流連帽外套男裝-灰,男裝,1450.0,2.0,2016-02-15,2900.0,556.8000000000002,313.2,3074.0,趙明軒,Male,34,新北市,金融業和房地產,2016.0,2.0,15.0,1.0,30
ID00515,AC1701361,F025,雙向層架式書桌-咖,家俱,2900.0,2.0,2016-02-15,5800.0,870.0000000000005,870.0,6148.0,張智友,Female,40,新北市,金融業和房地產,2016.0,2.0,15.0,1.0,40
ID00516,AC1702183,F010,中夾-紅,皮件,2610.0,1.0,2016-02-15,2610.0,595.0800000000003,187.92,2766.6000000000004,林珊志,Male,40,桃園市,住宿和餐飲業,2016.0,2.0,15.0,1.0,40
ID00517,AC1703857,F010,中夾-紅,皮件,2610.0,1.0,2016-02-15,2610.0,595.0800000000003,187.92,2766.6000000000004,許彥志,Female,53,臺北市,其他,2016.0,2.0,15.0,1.0,50
ID00518,AC1700060,F024,運動潮流直筒棉褲男童-灰,童裝,2030.0,2.0,2016-02-15,4060.0,714.56,503.44,4303.6,周玉芳,Female,51,基隆市,金融業和房地產,2016.0,2.0,15.0,1.0,50
ID00519,AC1702436,F002,運動潮流直筒棉褲男童-白,童裝,930.0,2.0,2016-02-15,1860.0,327.36,230.64,1971.6000000000001,賴秀齊,Female,57,桃園市,其他,2016.0,2.0,15.0,1.0,50
ID00520,AC1703695,F011,經典高領多彩T恤男裝-白,男裝,1200.0,1.0,2016-03-30,1200.0,230.4,129.6,1272.0,金家火,Female,25,基隆市,金融業和房地產,2016.0,3.0,30.0,1.0,20
ID00521,AC1702113,F011,經典高領多彩T恤男裝-白,男裝,1200.0,1.0,2016-03-30,1200.0,230.4,129.6,1272.0,蘇世為,Female,34,新北市,金融業和房地產,2016.0,3.0,30.0,1.0,30
ID00522,AC1700400,F011,經典高領多彩T恤男裝-白,男裝,1200.0,1.0,2016-03-30,1200.0,230.4,129.6,1272.0,陳柏韋,Female,42,新北市,其他,2016.0,3.0,30.0,1.0,40
ID00523,AC1703979,F011,經典高領多彩T恤男裝-白,男裝,1200.0,1.0,2016-03-30,1200.0,230.4,129.6,1272.0,張淑君,Female,37,臺北市,其他,2016.0,3.0,30.0,1.0,30
ID00524,AC1700003,F002,運動潮流直筒棉褲男童-白,童裝,930.0,2.0,2016-02-15,1860.0,327.36,230.64,1971.6000000000001,蔡俊毅,Male,38,臺北市,教育體育文化,2016.0,2.0,15.0,1.0,30
ID00525,AC1702858,F005,運動潮流連帽外套男裝-灰,男裝,1450.0,2.0,2016-02-15,2900.0,556.8000000000002,313.2,3074.0,黃呈琦,Male,56,桃園市,住宿和餐飲業,2016.0,2.0,15.0,1.0,50
ID00526,AC1702082,F005,運動潮流連帽外套男裝-灰,男裝,1450.0,2.0,2016-02-15,2900.0,556.8000000000002,313.2,3074.0,張維娟,Female,35,新北市,住宿和餐飲業,2016.0,2.0,15.0,1.0,30
ID00527,AC1703775,F025,雙向層架式書桌-咖,家俱,2900.0,2.0,2016-02-15,5800.0,870.0000000000005,870.0,6148.0,賴建志,Female,52,基隆市,金融業和房地產,2016.0,2.0,15.0,1.0,50
ID00528,AC1703778,F016,後背包-藍,配件,890.0,5.0,2016-03-30,4450.0,1103.6,231.39999999999998,4717.0,陳皇蓉,Female,47,基隆市,金融業和房地產,2016.0,3.0,30.0,1.0,40
ID00529,AC1701720,F016,後背包-藍,配件,890.0,5.0,2016-03-30,4450.0,1103.6,231.39999999999998,4717.0,袁雅玲,Female,26,宜蘭縣,金融業和房地產,2016.0,3.0,30.0,1.0,20
ID00530,AC1701365,F016,後背包-藍,配件,890.0,5.0,2016-03-30,4450.0,1103.6,231.39999999999998,4717.0,何嘉玲,Female,39,新北市,金融業和房地產,2016.0,3.0,30.0,1.0,30
ID00531,AC1700131,F016,後背包-藍,配件,890.0,5.0,2016-03-30,4450.0,1103.6,231.39999999999998,4717.0,黃惠其,Female,47,基隆市,金融業和房地產,2016.0,3.0,30.0,1.0,40
ID00532,AC1700232,F010,中夾-紅,皮件,2610.0,1.0,2016-02-15,2610.0,595.0800000000003,187.92,2766.6000000000004,張泓法,Male,34,臺北市,農林漁牧業,2016.0,2.0,15.0,1.0,30
ID00533,AC1702349,F010,中夾-紅,皮件,2610.0,1.0,2016-02-15,2610.0,595.0800000000003,187.92,2766.6000000000004,賴鳳珠,Female,58,桃園市,住宿和餐飲業,2016.0,2.0,15.0,1.0,50
ID00534,AC1703881,F037,耐磨L型沙發-咖,家俱,17400.0,1.0,2016-02-15,17400.0,2610.0,2610.0,18444.0,廖偉蘋,Female,46,臺北市,其他,2016.0,2.0,15.0,1.0,40
ID00535,AC1700998,F002,運動潮流直筒棉褲男童-白,童裝,930.0,2.0,2016-02-15,1860.0,327.36,230.64,1971.6000000000001,蕭淑君,Male,31,新北市,金融業和房地產,2016.0,2.0,15.0,1.0,30
ID00536,AC1700773,F011,經典高領多彩T恤男裝-白,男裝,1200.0,1.0,2016-03-30,1200.0,230.4,129.6,1272.0,毛伶斌,Male,31,新北市,金融業和房地產,2016.0,3.0,30.0,1.0,30
ID00537,AC1702686,F011,經典高領多彩T恤男裝-白,男裝,1200.0,1.0,2016-03-30,1200.0,230.4,129.6,1272.0,方寶瑩,Female,49,桃園市,其他,2016.0,3.0,30.0,1.0,40
ID00538,AC1701494,F011,經典高領多彩T恤男裝-白,男裝,1200.0,1.0,2016-03-30,1200.0,230.4,129.6,1272.0,林欣筠,Male,31,宜蘭縣,金融業和房地產,2016.0,3.0,30.0,1.0,30
ID00539,AC1703476,F011,經典高領多彩T恤男裝-白,男裝,1200.0,1.0,2016-03-30,1200.0,230.4,129.6,1272.0,林冠伶,Female,35,基隆市,金融業和房地產,2016.0,3.0,30.0,1.0,30
ID00540,AC1701174,F002,運動潮流直筒棉褲男童-白,童裝,930.0,2.0,2016-02-15,1860.0,327.36,230.64,1971.6000000000001,林宗霖,Male,31,新北市,金融業和房地產,2016.0,2.0,15.0,1.0,30
ID00541,AC1703144,F005,運動潮流連帽外套男裝-灰,男裝,1450.0,2.0,2016-02-15,2900.0,556.8000000000002,313.2,3074.0,蔡英茜,Female,49,桃園市,住宿和餐飲業,2016.0,2.0,15.0,1.0,40
ID00542,AC1702042,F005,運動潮流連帽外套男裝-灰,男裝,1450.0,2.0,2016-02-15,2900.0,556.8000000000002,313.2,3074.0,張雅婷,Female,29,宜蘭縣,金融業和房地產,2016.0,2.0,15.0,1.0,20
ID00543,AC1703981,F025,雙向層架式書桌-咖,家俱,2900.0,2.0,2016-02-15,5800.0,870.0000000000005,870.0,6148.0,管柏勳,Male,40,臺北市,金融業和房地產,2016.0,2.0,15.0,1.0,40
ID00544,AC1703467,F016,後背包-藍,配件,890.0,5.0,2016-03-30,4450.0,1103.6,231.39999999999998,4717.0,常偉木,Male,37,基隆市,金融業和房地產,2016.0,3.0,30.0,1.0,30
ID00545,AC1703230,F016,後背包-藍,配件,890.0,5.0,2016-03-30,4450.0,1103.6,231.39999999999998,4717.0,謝依謙,Male,39,桃園市,住宿和餐飲業,2016.0,3.0,30.0,1.0,30
ID00546,AC1700283,F016,後背包-藍,配件,890.0,5.0,2016-03-30,4450.0,1103.6,231.39999999999998,4717.0,王子翔,Male,52,新北市,金融業和房地產,2016.0,3.0,30.0,1.0,50
ID00547,AC1701151,F016,後背包-藍,配件,890.0,5.0,2016-03-30,4450.0,1103.6,231.39999999999998,4717.0,曾剛燦,Male,36,新北市,金融業和房地產,2016.0,3.0,30.0,1.0,30
ID00548,AC1703359,F005,運動潮流連帽外套男裝-灰,男裝,1450.0,1.0,2016-03-30,1450.0,278.4000000000001,156.6,1537.0,陸俊傑,Female,24,基隆市,金融業和房地產,2016.0,3.0,30.0,1.0,20
ID00549,AC1703205,F005,運動潮流連帽外套男裝-灰,男裝,1450.0,1.0,2016-03-30,1450.0,278.4000000000001,156.6,1537.0,吳承翰,Male,61,桃園市,教育體育文化,2016.0,3.0,30.0,1.0,60
ID00550,AC1703126,F005,運動潮流連帽外套男裝-灰,男裝,1450.0,1.0,2016-03-30,1450.0,278.4000000000001,156.6,1537.0,彭昱如,Female,41,桃園市,金融業和房地產,2016.0,3.0,30.0,1.0,40
ID00551,AC1700127,F005,運動潮流連帽外套男裝-灰,男裝,1450.0,1.0,2016-03-30,1450.0,278.4000000000001,156.6,1537.0,李碧明,Male,54,新北市,金融業和房地產,2016.0,3.0,30.0,1.0,50
ID00552,AC1701479,F011,經典高領多彩T恤男裝-白,男裝,1200.0,1.0,2016-03-30,1200.0,230.4,129.6,1272.0,歐陽家偉,Male,46,宜蘭縣,金融業和房地產,2016.0,3.0,30.0,1.0,40
ID00553,AC1701599,F011,經典高領多彩T恤男裝-白,男裝,1200.0,1.0,2016-03-30,1200.0,230.4,129.6,1272.0,劉進合,Male,38,宜蘭縣,金融業和房地產,2016.0,3.0,30.0,1.0,30
ID00554,AC1702180,F011,經典高領多彩T恤男裝-白,男裝,1200.0,1.0,2016-03-30,1200.0,230.4,129.6,1272.0,王肇士,Male,49,桃園市,住宿和餐飲業,2016.0,3.0,30.0,1.0,40
ID00555,AC1700751,F011,經典高領多彩T恤男裝-白,男裝,1200.0,1.0,2016-03-30,1200.0,230.4,129.6,1272.0,楊月真,Female,23,新北市,住宿和餐飲業,2016.0,3.0,30.0,1.0,20
ID00556,AC1701462,F025,雙向層架式書桌-咖,家俱,2900.0,1.0,2016-03-30,2900.0,435.0000000000002,435.0,3074.0,張展綠,Female,39,新北市,住宿和餐飲業,2016.0,3.0,30.0,1.0,30
ID00557,AC1703422,F025,雙向層架式書桌-咖,家俱,2900.0,1.0,2016-03-30,2900.0,435.0000000000002,435.0,3074.0,蘇培倫,Female,38,基隆市,住宿和餐飲業,2016.0,3.0,30.0,1.0,30
ID00558,AC1703156,F025,雙向層架式書桌-咖,家俱,2900.0,1.0,2016-03-30,2900.0,435.0000000000002,435.0,3074.0,邱均倫,Female,49,桃園市,其他,2016.0,3.0,30.0,1.0,40
ID00559,AC1703002,F025,雙向層架式書桌-咖,家俱,2900.0,1.0,2016-03-30,2900.0,435.0000000000002,435.0,3074.0,劉廷燕,Female,28,桃園市,其他,2016.0,3.0,30.0,1.0,20
ID00560,AC1700565,F016,後背包-藍,配件,890.0,5.0,2016-03-30,4450.0,1103.6,231.39999999999998,4717.0,李正偉,Male,34,新北市,其他,2016.0,3.0,30.0,1.0,30
ID00561,AC1700607,F016,後背包-藍,配件,890.0,5.0,2016-03-30,4450.0,1103.6,231.39999999999998,4717.0,朱怡婷,Female,45,新北市,金融業和房地產,2016.0,3.0,30.0,1.0,40
ID00562,AC1701921,F016,後背包-藍,配件,890.0,5.0,2016-03-30,4450.0,1103.6,231.39999999999998,4717.0,王昱定,Male,31,宜蘭縣,金融業和房地產,2016.0,3.0,30.0,1.0,30
ID00563,AC1700412,F016,後背包-藍,配件,890.0,5.0,2016-03-30,4450.0,1103.6,231.39999999999998,4717.0,鄧華毓,Female,47,新北市,住宿和餐飲業,2016.0,3.0,30.0,1.0,40
ID00564,AC1703773,F005,運動潮流連帽外套男裝-灰,男裝,1450.0,1.0,2016-03-30,1450.0,278.4000000000001,156.6,1537.0,陳佑竹,Male,22,基隆市,金融業和房地產,2016.0,3.0,30.0,1.0,20
ID00565,AC1701532,F005,運動潮流連帽外套男裝-灰,男裝,1450.0,1.0,2016-03-30,1450.0,278.4000000000001,156.6,1537.0,楊志宇,Female,32,新北市,金融業和房地產,2016.0,3.0,30.0,1.0,30
ID00566,AC1701277,F005,運動潮流連帽外套男裝-灰,男裝,1450.0,1.0,2016-03-30,1450.0,278.4000000000001,156.6,1537.0,李德全,Female,43,新北市,住宿和餐飲業,2016.0,3.0,30.0,1.0,40
ID00567,AC1701351,F005,運動潮流連帽外套男裝-灰,男裝,1450.0,1.0,2016-03-30,1450.0,278.4000000000001,156.6,1537.0,王真汝,Female,29,新北市,其他,2016.0,3.0,30.0,1.0,20
ID00568,AC1703192,F011,經典高領多彩T恤男裝-白,男裝,1200.0,1.0,2016-03-30,1200.0,230.4,129.6,1272.0,許敬丞,Male,38,桃園市,其他,2016.0,3.0,30.0,1.0,30
ID00569,AC1702710,F011,經典高領多彩T恤男裝-白,男裝,1200.0,1.0,2016-03-30,1200.0,230.4,129.6,1272.0,謝依孜,Male,52,桃園市,其他,2016.0,3.0,30.0,1.0,50
ID00570,AC1701749,F011,經典高領多彩T恤男裝-白,男裝,1200.0,1.0,2016-03-30,1200.0,230.4,129.6,1272.0,劉佳瑩,Female,38,宜蘭縣,金融業和房地產,2016.0,3.0,30.0,1.0,30
ID00571,AC1702345,F011,經典高領多彩T恤男裝-白,男裝,1200.0,1.0,2016-03-30,1200.0,230.4,129.6,1272.0,林宜旭,Male,44,桃園市,其他,2016.0,3.0,30.0,1.0,40
ID00572,AC1703967,F025,雙向層架式書桌-咖,家俱,2900.0,1.0,2016-03-30,2900.0,435.0000000000002,435.0,3074.0,梁紀定,Female,39,臺北市,其他,2016.0,3.0,30.0,1.0,30
ID00573,AC1702359,F025,雙向層架式書桌-咖,家俱,2900.0,1.0,2016-03-30,2900.0,435.0000000000002,435.0,3074.0,陳卉愛,Male,53,桃園市,其他,2016.0,3.0,30.0,1.0,50
ID00574,AC1700774,F025,雙向層架式書桌-咖,家俱,2900.0,1.0,2016-03-30,2900.0,435.0000000000002,435.0,3074.0,陳敬甫,Female,36,新北市,金融業和房地產,2016.0,3.0,30.0,1.0,30
ID00575,AC1701950,F025,雙向層架式書桌-咖,家俱,2900.0,1.0,2016-03-30,2900.0,435.0000000000002,435.0,3074.0,陳維哲,Male,26,宜蘭縣,其他,2016.0,3.0,30.0,1.0,20
ID00576,AC1700884,F016,後背包-藍,配件,890.0,5.0,2016-03-30,4450.0,1103.6,231.39999999999998,4717.0,楊懿維,Male,46,新北市,金融業和房地產,2016.0,3.0,30.0,1.0,40
ID00577,AC1702829,F016,後背包-藍,配件,890.0,5.0,2016-03-30,4450.0,1103.6,231.39999999999998,4717.0,高邦佩,Female,44,桃園市,其他,2016.0,3.0,30.0,1.0,40
ID00578,AC1700585,F016,後背包-藍,配件,890.0,5.0,2016-03-30,4450.0,1103.6,231.39999999999998,4717.0,陳靜其,Female,35,新北市,金融業和房地產,2016.0,3.0,30.0,1.0,30
ID00579,AC1700447,F016,後背包-藍,配件,890.0,5.0,2016-03-30,4450.0,1103.6,231.39999999999998,4717.0,許淑娟,Female,31,新北市,金融業和房地產,2016.0,3.0,30.0,1.0,30
ID00580,AC1703962,F005,運動潮流連帽外套男裝-灰,男裝,1450.0,1.0,2016-03-30,1450.0,278.4000000000001,156.6,1537.0,錢哲嘉,Male,55,臺北市,金融業和房地產,2016.0,3.0,30.0,1.0,50
ID00581,AC1703790,F005,運動潮流連帽外套男裝-灰,男裝,1450.0,1.0,2016-03-30,1450.0,278.4000000000001,156.6,1537.0,倪士倩,Female,53,基隆市,金融業和房地產,2016.0,3.0,30.0,1.0,50
ID00582,AC1700760,F005,運動潮流連帽外套男裝-灰,男裝,1450.0,1.0,2016-03-30,1450.0,278.4000000000001,156.6,1537.0,劉品希,Female,31,新北市,金融業和房地產,2016.0,3.0,30.0,1.0,30
ID00583,AC1700294,F005,運動潮流連帽外套男裝-灰,男裝,1450.0,1.0,2016-03-30,1450.0,278.4000000000001,156.6,1537.0,王志宏,Male,56,新北市,金融業和房地產,2016.0,3.0,30.0,1.0,50
ID00584,AC1700500,F011,經典高領多彩T恤男裝-白,男裝,1200.0,1.0,2016-03-30,1200.0,230.4,129.6,1272.0,吳美姍,Female,33,新北市,金融業和房地產,2016.0,3.0,30.0,1.0,30
ID00585,AC1700039,F011,經典高領多彩T恤男裝-白,男裝,1200.0,1.0,2016-03-30,1200.0,230.4,129.6,1272.0,林佳瑩,Female,54,基隆市,金融業和房地產,2016.0,3.0,30.0,1.0,50
ID00586,AC1700703,F011,經典高領多彩T恤男裝-白,男裝,1200.0,1.0,2016-03-30,1200.0,230.4,129.6,1272.0,何淑娟,Male,30,新北市,教育體育文化,2016.0,3.0,30.0,1.0,30
ID00587,AC1701132,F011,經典高領多彩T恤男裝-白,男裝,1200.0,1.0,2016-03-30,1200.0,230.4,129.6,1272.0,魏伊威,Female,29,新北市,金融業和房地產,2016.0,3.0,30.0,1.0,20
ID00588,AC1700620,F025,雙向層架式書桌-咖,家俱,2900.0,1.0,2016-03-30,2900.0,435.0000000000002,435.0,3074.0,許惠定,Female,24,新北市,金融業和房地產,2016.0,3.0,30.0,1.0,20
ID00589,AC1700212,F025,雙向層架式書桌-咖,家俱,2900.0,1.0,2016-03-30,2900.0,435.0000000000002,435.0,3074.0,張秀星,Female,33,臺北市,金融業和房地產,2016.0,3.0,30.0,1.0,30
ID00590,AC1703390,F025,雙向層架式書桌-咖,家俱,2900.0,1.0,2016-03-30,2900.0,435.0000000000002,435.0,3074.0,王東木,Male,31,基隆市,金融業和房地產,2016.0,3.0,30.0,1.0,30
ID00591,AC1700466,F025,雙向層架式書桌-咖,家俱,2900.0,1.0,2016-03-30,2900.0,435.0000000000002,435.0,3074.0,陳宏孜,Male,36,新北市,金融業和房地產,2016.0,3.0,30.0,1.0,30
ID00592,AC1700003,F016,後背包-藍,配件,890.0,5.0,2016-03-30,4450.0,1103.6,231.39999999999998,4717.0,蔡俊毅,Male,38,臺北市,教育體育文化,2016.0,3.0,30.0,1.0,30
ID00593,AC1701094,F016,後背包-藍,配件,890.0,5.0,2016-03-30,4450.0,1103.6,231.39999999999998,4717.0,郭家然,Female,21,新北市,住宿和餐飲業,2016.0,3.0,30.0,1.0,20
ID00594,AC1700969,F016,後背包-藍,配件,890.0,5.0,2016-03-30,4450.0,1103.6,231.39999999999998,4717.0,童傑雯,Female,24,新北市,金融業和房地產,2016.0,3.0,30.0,1.0,20
ID00595,AC1702941,F016,後背包-藍,配件,890.0,5.0,2016-03-30,4450.0,1103.6,231.39999999999998,4717.0,陳莉婷,Female,38,桃園市,其他,2016.0,3.0,30.0,1.0,30
ID00596,AC1703635,F001,運動潮流連帽外套女裝-白,女裝,1450.0,1.0,2016-04-05,1450.0,239.2500000000001,195.75,1537.0,宋凱忠,Female,31,基隆市,其他,2016.0,4.0,5.0,2.0,30
ID00597,AC1703961,F005,運動潮流連帽外套男裝-灰,男裝,1450.0,1.0,2016-03-30,1450.0,278.4000000000001,156.6,1537.0,李昕云,Female,46,臺北市,其他,2016.0,3.0,30.0,1.0,40
ID00598,AC1702006,F003,印圖大學T男裝-藍,男裝,750.0,1.0,2016-04-05,750.0,144.0,81.0,795.0,林筱芸,Male,30,宜蘭縣,住宿和餐飲業,2016.0,4.0,5.0,2.0,30
ID00599,AC1701568,F005,運動潮流連帽外套男裝-灰,男裝,1450.0,1.0,2016-03-30,1450.0,278.4000000000001,156.6,1537.0,蘇凱琳,Female,24,新北市,住宿和餐飲業,2016.0,3.0,30.0,1.0,20
ID00600,AC1701673,F003,印圖大學T男裝-藍,男裝,750.0,1.0,2016-04-05,750.0,144.0,81.0,795.0,吳子豪,Male,39,宜蘭縣,住宿和餐飲業,2016.0,4.0,5.0,2.0,30
ID00601,AC1701279,F016,後背包-藍,配件,890.0,1.0,2016-04-05,890.0,220.72,46.28,943.4000000000001,劉正盈,Male,30,新北市,金融業和房地產,2016.0,4.0,5.0,2.0,30
ID00602,AC1700617,F016,後背包-藍,配件,890.0,1.0,2016-04-05,890.0,220.72,46.28,943.4000000000001,王心茵,Female,42,新北市,住宿和餐飲業,2016.0,4.0,5.0,2.0,40
ID00603,AC1702249,F038,經典美式純POLO-黑,女裝,980.0,1.0,2016-04-05,980.0,161.7,132.3,1038.8,陳秀英,Male,46,桃園市,住宿和餐飲業,2016.0,4.0,5.0,2.0,40
ID00604,AC1702481,F016,後背包-藍,配件,890.0,1.0,2016-04-05,890.0,220.72,46.28,943.4000000000001,張昭賢,Female,46,桃園市,其他,2016.0,4.0,5.0,2.0,40
ID00605,AC1700556,F020,萬用包-黑,皮件,2900.0,1.0,2016-04-05,2900.0,661.2000000000003,208.79999999999998,3074.0,葉博文,Male,35,新北市,金融業和房地產,2016.0,4.0,5.0,2.0,30
ID00606,AC1702330,F005,運動潮流連帽外套男裝-灰,男裝,1450.0,1.0,2016-03-30,1450.0,278.4000000000001,156.6,1537.0,杜歡瑜,Male,51,桃園市,教育體育文化,2016.0,3.0,30.0,1.0,50
ID00607,AC1701940,F005,運動潮流連帽外套男裝-灰,男裝,1450.0,1.0,2016-03-30,1450.0,278.4000000000001,156.6,1537.0,吳承恩,Male,38,宜蘭縣,教育體育文化,2016.0,3.0,30.0,1.0,30
ID00608,AC1700842,F014,大化妝包-黑,配件,1740.0,2.0,2016-04-05,3480.0,863.04,180.95999999999998,3688.8,袁雅玲,Male,24,新北市,教育體育文化,2016.0,4.0,5.0,2.0,20
ID00609,AC1703958,F014,大化妝包-黑,配件,1740.0,2.0,2016-04-05,3480.0,863.04,180.95999999999998,3688.8,林志豪,Male,44,臺北市,其他,2016.0,4.0,5.0,2.0,40
ID00610,AC1700656,F009,大化妝包-深藍,配件,2100.0,2.0,2016-04-05,4200.0,1041.6,218.39999999999998,4452.0,黃瑜鑫,Female,35,新北市,金融業和房地產,2016.0,4.0,5.0,2.0,30
ID00611,AC1702803,F009,大化妝包-深藍,配件,2100.0,2.0,2016-04-05,4200.0,1041.6,218.39999999999998,4452.0,鐘馨怡,Female,48,桃園市,金融業和房地產,2016.0,4.0,5.0,2.0,40
ID00612,AC1700466,F025,雙向層架式書桌-咖,家俱,2900.0,1.0,2016-03-30,2900.0,435.0000000000002,435.0,3074.0,陳宏孜,Male,36,新北市,金融業和房地產,2016.0,3.0,30.0,1.0,30
ID00613,AC1701694,F025,雙向層架式書桌-咖,家俱,2900.0,1.0,2016-03-30,2900.0,435.0000000000002,435.0,3074.0,陳雅玲,Female,24,宜蘭縣,其他,2016.0,3.0,30.0,1.0,20
ID00614,AC1702676,F007,運動潮流連帽外套男裝-灰,男裝,1450.0,3.0,2016-04-05,4350.0,835.2,469.8,4611.0,廖意松,Female,62,桃園市,其他,2016.0,4.0,5.0,2.0,60
ID00615,AC1700786,F007,運動潮流連帽外套男裝-灰,男裝,1450.0,3.0,2016-04-05,4350.0,835.2,469.8,4611.0,吳慧依,Female,30,新北市,其他,2016.0,4.0,5.0,2.0,30
ID00616,AC1700191,F022,短夾-紅,皮件,2900.0,3.0,2016-04-05,8700.0,1983.6,626.4,9222.0,李青娥,Female,57,臺北市,金融業和房地產,2016.0,4.0,5.0,2.0,50
ID00617,AC1703510,F022,短夾-紅,皮件,2900.0,3.0,2016-04-05,8700.0,1983.6,626.4,9222.0,黃肇亦,Male,45,基隆市,金融業和房地產,2016.0,4.0,5.0,2.0,40
ID00618,AC1703374,F001,運動潮流連帽外套女裝-白,女裝,1450.0,1.0,2016-04-05,1450.0,239.2500000000001,195.75,1537.0,劉彥霞,Female,33,基隆市,金融業和房地產,2016.0,4.0,5.0,2.0,30
ID00619,AC1701346,F025,雙向層架式書桌-咖,家俱,2900.0,1.0,2016-03-30,2900.0,435.0000000000002,435.0,3074.0,黃慧琦,Female,38,宜蘭縣,住宿和餐飲業,2016.0,3.0,30.0,1.0,30
ID00620,AC1700988,F003,印圖大學T男裝-藍,男裝,750.0,1.0,2016-04-05,750.0,144.0,81.0,795.0,陳盈忠,Male,37,新北市,其他,2016.0,4.0,5.0,2.0,30
ID00621,AC1701416,F025,雙向層架式書桌-咖,家俱,2900.0,1.0,2016-03-30,2900.0,435.0000000000002,435.0,3074.0,施威廷,Male,32,宜蘭縣,金融業和房地產,2016.0,3.0,30.0,1.0,30
ID00622,AC1700444,F003,印圖大學T男裝-藍,男裝,750.0,1.0,2016-04-05,750.0,144.0,81.0,795.0,蔡信宏,Male,37,新北市,金融業和房地產,2016.0,4.0,5.0,2.0,30
ID00623,AC1700472,F016,後背包-藍,配件,890.0,1.0,2016-04-05,890.0,220.72,46.28,943.4000000000001,陳慶茵,Male,38,新北市,金融業和房地產,2016.0,4.0,5.0,2.0,30
ID00624,AC1700605,F016,後背包-藍,配件,890.0,1.0,2016-04-05,890.0,220.72,46.28,943.4000000000001,王國儒,Male,39,新北市,金融業和房地產,2016.0,4.0,5.0,2.0,30
ID00625,AC1703829,F038,經典美式純POLO-黑,女裝,980.0,1.0,2016-04-05,980.0,161.7,132.3,1038.8,文喬春,Female,50,臺北市,其他,2016.0,4.0,5.0,2.0,50
ID00626,AC1703283,F016,後背包-藍,配件,890.0,1.0,2016-04-05,890.0,220.72,46.28,943.4000000000001,黃嘉琪,Female,32,基隆市,金融業和房地產,2016.0,4.0,5.0,2.0,30
ID00627,AC1702884,F020,萬用包-黑,皮件,2900.0,1.0,2016-04-05,2900.0,661.2000000000003,208.79999999999998,3074.0,李孟順,Male,44,桃園市,住宿和餐飲業,2016.0,4.0,5.0,2.0,40
ID00628,AC1700376,F005,運動潮流連帽外套男裝-灰,男裝,1450.0,1.0,2016-03-30,1450.0,278.4000000000001,156.6,1537.0,蔣宗穎,Male,37,新北市,金融業和房地產,2016.0,3.0,30.0,1.0,30
ID00629,AC1702726,F005,運動潮流連帽外套男裝-灰,男裝,1450.0,1.0,2016-03-30,1450.0,278.4000000000001,156.6,1537.0,吳慧均,Male,50,桃園市,住宿和餐飲業,2016.0,3.0,30.0,1.0,50
ID00630,AC1703940,F014,大化妝包-黑,配件,1740.0,2.0,2016-04-05,3480.0,863.04,180.95999999999998,3688.8,林美麗,Female,51,臺北市,住宿和餐飲業,2016.0,4.0,5.0,2.0,50
ID00631,AC1702739,F014,大化妝包-黑,配件,1740.0,2.0,2016-04-05,3480.0,863.04,180.95999999999998,3688.8,吳淳蓮,Female,47,桃園市,其他,2016.0,4.0,5.0,2.0,40
ID00632,AC1703212,F009,大化妝包-深藍,配件,2100.0,2.0,2016-04-05,4200.0,1041.6,218.39999999999998,4452.0,邱浩辰,Female,49,桃園市,其他,2016.0,4.0,5.0,2.0,40
ID00633,AC1702414,F009,大化妝包-深藍,配件,2100.0,2.0,2016-04-05,4200.0,1041.6,218.39999999999998,4452.0,陳淑梅,Female,42,桃園市,其他,2016.0,4.0,5.0,2.0,40
ID00634,AC1702767,F005,運動潮流連帽外套男裝-灰,男裝,1450.0,1.0,2016-03-30,1450.0,278.4000000000001,156.6,1537.0,胡茹琳,Female,46,桃園市,其他,2016.0,3.0,30.0,1.0,40
ID00635,AC1702927,F005,運動潮流連帽外套男裝-灰,男裝,1450.0,1.0,2016-03-30,1450.0,278.4000000000001,156.6,1537.0,白佩蓉,Female,58,桃園市,其他,2016.0,3.0,30.0,1.0,50
ID00636,AC1702066,F007,運動潮流連帽外套男裝-灰,男裝,1450.0,3.0,2016-04-05,4350.0,835.2,469.8,4611.0,郭世豪,Male,27,宜蘭縣,金融業和房地產,2016.0,4.0,5.0,2.0,20
ID00637,AC1700585,F007,運動潮流連帽外套男裝-灰,男裝,1450.0,3.0,2016-04-05,4350.0,835.2,469.8,4611.0,陳靜其,Female,35,新北市,金融業和房地產,2016.0,4.0,5.0,2.0,30
ID00638,AC1700630,F022,短夾-紅,皮件,2900.0,3.0,2016-04-05,8700.0,1983.6,626.4,9222.0,涂智堯,Female,29,新北市,金融業和房地產,2016.0,4.0,5.0,2.0,20
ID00639,AC1700946,F022,短夾-紅,皮件,2900.0,3.0,2016-04-05,8700.0,1983.6,626.4,9222.0,陳國岳,Male,40,新北市,金融業和房地產,2016.0,4.0,5.0,2.0,40
ID00640,AC1700744,F001,運動潮流連帽外套女裝-白,女裝,1450.0,1.0,2016-04-05,1450.0,239.2500000000001,195.75,1537.0,蔡俊宏,Male,30,新北市,金融業和房地產,2016.0,4.0,5.0,2.0,30
ID00641,AC1701077,F025,雙向層架式書桌-咖,家俱,2900.0,1.0,2016-03-30,2900.0,435.0000000000002,435.0,3074.0,賴淑敏,Female,37,新北市,金融業和房地產,2016.0,3.0,30.0,1.0,30
ID00642,AC1700641,F003,印圖大學T男裝-藍,男裝,750.0,1.0,2016-04-05,750.0,144.0,81.0,795.0,王昆霖,Male,40,新北市,住宿和餐飲業,2016.0,4.0,5.0,2.0,40
ID00643,AC1700144,F025,雙向層架式書桌-咖,家俱,2900.0,1.0,2016-03-30,2900.0,435.0000000000002,435.0,3074.0,許承穎,Male,54,新北市,住宿和餐飲業,2016.0,3.0,30.0,1.0,50
ID00644,AC1700764,F003,印圖大學T男裝-藍,男裝,750.0,1.0,2016-04-05,750.0,144.0,81.0,795.0,陳建德,Female,32,新北市,金融業和房地產,2016.0,4.0,5.0,2.0,30
ID00645,AC1701028,F016,後背包-藍,配件,890.0,1.0,2016-04-05,890.0,220.72,46.28,943.4000000000001,陳婉玲,Female,28,新北市,金融業和房地產,2016.0,4.0,5.0,2.0,20
ID00646,AC1703919,F016,後背包-藍,配件,890.0,1.0,2016-04-05,890.0,220.72,46.28,943.4000000000001,林俊穎,Female,44,臺北市,其他,2016.0,4.0,5.0,2.0,40
ID00647,AC1701113,F038,經典美式純POLO-黑,女裝,980.0,1.0,2016-04-05,980.0,161.7,132.3,1038.8,陳展倩,Female,33,新北市,金融業和房地產,2016.0,4.0,5.0,2.0,30
ID00648,AC1701989,F016,後背包-藍,配件,890.0,1.0,2016-04-05,890.0,220.72,46.28,943.4000000000001,王玉雄,Female,42,新北市,金融業和房地產,2016.0,4.0,5.0,2.0,40
ID00649,AC1702057,F020,萬用包-黑,皮件,2900.0,1.0,2016-04-05,2900.0,661.2000000000003,208.79999999999998,3074.0,劉翔能,Female,34,新北市,住宿和餐飲業,2016.0,4.0,5.0,2.0,30
ID00650,AC1703208,F025,雙向層架式書桌-咖,家俱,2900.0,1.0,2016-03-30,2900.0,435.0000000000002,435.0,3074.0,耿淳書,Male,53,桃園市,住宿和餐飲業,2016.0,3.0,30.0,1.0,50
ID00651,AC1701080,F025,雙向層架式書桌-咖,家俱,2900.0,1.0,2016-03-30,2900.0,435.0000000000002,435.0,3074.0,陳筱雯,Female,37,新北市,金融業和房地產,2016.0,3.0,30.0,1.0,30
ID00652,AC1700312,F014,大化妝包-黑,配件,1740.0,2.0,2016-04-05,3480.0,863.04,180.95999999999998,3688.8,曹平裕,Male,49,新北市,其他,2016.0,4.0,5.0,2.0,40
ID00653,AC1701017,F014,大化妝包-黑,配件,1740.0,2.0,2016-04-05,3480.0,863.04,180.95999999999998,3688.8,陳筱季,Male,34,新北市,金融業和房地產,2016.0,4.0,5.0,2.0,30
ID00654,AC1700723,F009,大化妝包-深藍,配件,2100.0,2.0,2016-04-05,4200.0,1041.6,218.39999999999998,4452.0,林秀娟,Male,41,新北市,金融業和房地產,2016.0,4.0,5.0,2.0,40
ID00655,AC1701632,F009,大化妝包-深藍,配件,2100.0,2.0,2016-04-05,4200.0,1041.6,218.39999999999998,4452.0,吳思音,Female,23,新北市,金融業和房地產,2016.0,4.0,5.0,2.0,20
ID00656,AC1702617,F002,運動潮流直筒棉褲男童-白,童裝,930.0,1.0,2016-04-05,930.0,163.68,115.32,985.8000000000001,張柏宇,Male,41,桃園市,其他,2016.0,4.0,5.0,2.0,40
ID00657,AC1701454,F002,運動潮流直筒棉褲男童-白,童裝,930.0,1.0,2016-04-05,930.0,163.68,115.32,985.8000000000001,侯筱峰,Female,31,新北市,金融業和房地產,2016.0,4.0,5.0,2.0,30
ID00658,AC1700655,F007,運動潮流連帽外套男裝-灰,男裝,1450.0,3.0,2016-04-05,4350.0,835.2,469.8,4611.0,侯家榮,Male,35,新北市,其他,2016.0,4.0,5.0,2.0,30
ID00659,AC1700462,F007,運動潮流連帽外套男裝-灰,男裝,1450.0,3.0,2016-04-05,4350.0,835.2,469.8,4611.0,賴玉岳,Male,30,新北市,金融業和房地產,2016.0,4.0,5.0,2.0,30
ID00660,AC1703840,F022,短夾-紅,皮件,2900.0,3.0,2016-04-05,8700.0,1983.6,626.4,9222.0,林淑慧,Female,53,臺北市,其他,2016.0,4.0,5.0,2.0,50
ID00661,AC1701291,F022,短夾-紅,皮件,2900.0,3.0,2016-04-05,8700.0,1983.6,626.4,9222.0,吳詩婷,Female,37,宜蘭縣,其他,2016.0,4.0,5.0,2.0,30
ID00662,AC1700469,F001,運動潮流連帽外套女裝-白,女裝,1450.0,1.0,2016-04-05,1450.0,239.2500000000001,195.75,1537.0,郭家慧,Male,33,新北市,金融業和房地產,2016.0,4.0,5.0,2.0,30
ID00663,AC1701181,F025,雙向層架式書桌-咖,家俱,2900.0,1.0,2016-04-05,2900.0,435.0000000000002,435.0,3074.0,杜建德,Male,45,新北市,其他,2016.0,4.0,5.0,2.0,40
ID00664,AC1702228,F003,印圖大學T男裝-藍,男裝,750.0,1.0,2016-04-05,750.0,144.0,81.0,795.0,劉君琪,Male,42,桃園市,住宿和餐飲業,2016.0,4.0,5.0,2.0,40
ID00665,AC1703019,F025,雙向層架式書桌-咖,家俱,2900.0,1.0,2016-04-05,2900.0,435.0000000000002,435.0,3074.0,陳子芸,Female,58,桃園市,其他,2016.0,4.0,5.0,2.0,50
ID00666,AC1703445,F003,印圖大學T男裝-藍,男裝,750.0,1.0,2016-04-05,750.0,144.0,81.0,795.0,鄭鴻胤,Female,32,基隆市,金融業和房地產,2016.0,4.0,5.0,2.0,30
ID00667,AC1703144,F016,後背包-藍,配件,890.0,1.0,2016-04-05,890.0,220.72,46.28,943.4000000000001,蔡英茜,Female,49,桃園市,住宿和餐飲業,2016.0,4.0,5.0,2.0,40
ID00668,AC1703010,F016,後背包-藍,配件,890.0,1.0,2016-04-05,890.0,220.72,46.28,943.4000000000001,葉怡蓮,Female,61,桃園市,住宿和餐飲業,2016.0,4.0,5.0,2.0,60
ID00669,AC1700469,F038,經典美式純POLO-黑,女裝,980.0,1.0,2016-04-05,980.0,161.7,132.3,1038.8,郭家慧,Male,33,新北市,金融業和房地產,2016.0,4.0,5.0,2.0,30
ID00670,AC1702690,F016,後背包-藍,配件,890.0,1.0,2016-04-05,890.0,220.72,46.28,943.4000000000001,黃世昆,Female,49,桃園市,金融業和房地產,2016.0,4.0,5.0,2.0,40
ID00671,AC1700062,F020,萬用包-黑,皮件,2900.0,1.0,2016-04-05,2900.0,661.2000000000003,208.79999999999998,3074.0,蒙佩君,Female,55,基隆市,其他,2016.0,4.0,5.0,2.0,50
ID00672,AC1702666,F015,法蘭絨格紋襯衫-紅,女裝,1740.0,2.0,2016-04-05,3480.0,574.2,469.8,3688.8,李庭緯,Male,58,桃園市,其他,2016.0,4.0,5.0,2.0,50
ID00673,AC1700768,F015,法蘭絨格紋襯衫-紅,女裝,1740.0,2.0,2016-04-05,3480.0,574.2,469.8,3688.8,鄭彥廷,Female,28,新北市,金融業和房地產,2016.0,4.0,5.0,2.0,20
ID00674,AC1703135,F014,大化妝包-黑,配件,1740.0,2.0,2016-04-05,3480.0,863.04,180.95999999999998,3688.8,張中剛,Female,58,桃園市,金融業和房地產,2016.0,4.0,5.0,2.0,50
ID00675,AC1700280,F014,大化妝包-黑,配件,1740.0,2.0,2016-04-05,3480.0,863.04,180.95999999999998,3688.8,陳雅玲,Female,42,新北市,金融業和房地產,2016.0,4.0,5.0,2.0,40
ID00676,AC1701738,F009,大化妝包-深藍,配件,2100.0,2.0,2016-04-05,4200.0,1041.6,218.39999999999998,4452.0,侯羿啟,Male,27,宜蘭縣,金融業和房地產,2016.0,4.0,5.0,2.0,20
ID00677,AC1703703,F009,大化妝包-深藍,配件,2100.0,2.0,2016-04-05,4200.0,1041.6,218.39999999999998,4452.0,翁庭瑋,Male,35,基隆市,金融業和房地產,2016.0,4.0,5.0,2.0,30
ID00678,AC1702474,F002,運動潮流直筒棉褲男童-白,童裝,930.0,1.0,2016-04-05,930.0,163.68,115.32,985.8000000000001,黃啟原,Female,42,桃園市,其他,2016.0,4.0,5.0,2.0,40
ID00679,AC1700012,F002,運動潮流直筒棉褲男童-白,童裝,930.0,1.0,2016-04-05,930.0,163.68,115.32,985.8000000000001,武家豪,Male,53,基隆市,農林漁牧業,2016.0,4.0,5.0,2.0,50
ID00680,AC1703898,F007,運動潮流連帽外套男裝-灰,男裝,1450.0,3.0,2016-04-05,4350.0,835.2,469.8,4611.0,權俊廷,Male,28,臺北市,其他,2016.0,4.0,5.0,2.0,20
ID00681,AC1703773,F007,運動潮流連帽外套男裝-灰,男裝,1450.0,3.0,2016-04-05,4350.0,835.2,469.8,4611.0,陳佑竹,Male,22,基隆市,金融業和房地產,2016.0,4.0,5.0,2.0,20
ID00682,AC1700737,F022,短夾-紅,皮件,2900.0,3.0,2016-04-05,8700.0,1983.6,626.4,9222.0,高彥宏,Male,36,新北市,金融業和房地產,2016.0,4.0,5.0,2.0,30
ID00683,AC1701357,F022,短夾-紅,皮件,2900.0,3.0,2016-04-05,8700.0,1983.6,626.4,9222.0,陳韻妹,Female,46,新北市,金融業和房地產,2016.0,4.0,5.0,2.0,40
ID00684,AC1700045,F001,運動潮流連帽外套女裝-白,女裝,1450.0,1.0,2016-04-05,1450.0,239.2500000000001,195.75,1537.0,蕭語愛,Female,46,基隆市,住宿和餐飲業,2016.0,4.0,5.0,2.0,40
ID00685,AC1702538,F025,雙向層架式書桌-咖,家俱,2900.0,1.0,2016-04-05,2900.0,435.0000000000002,435.0,3074.0,鄭冠蘭,Female,52,桃園市,住宿和餐飲業,2016.0,4.0,5.0,2.0,50
ID00686,AC1700701,F003,印圖大學T男裝-藍,男裝,750.0,1.0,2016-04-05,750.0,144.0,81.0,795.0,張慧娟,Female,32,新北市,金融業和房地產,2016.0,4.0,5.0,2.0,30
ID00687,AC1701236,F025,雙向層架式書桌-咖,家俱,2900.0,1.0,2016-04-05,2900.0,435.0000000000002,435.0,3074.0,趙珮甄,Female,43,新北市,金融業和房地產,2016.0,4.0,5.0,2.0,40
ID00688,AC1703185,F003,印圖大學T男裝-藍,男裝,750.0,1.0,2016-04-05,750.0,144.0,81.0,795.0,林天胤,Male,52,桃園市,住宿和餐飲業,2016.0,4.0,5.0,2.0,50
ID00689,AC1701223,F016,後背包-藍,配件,890.0,1.0,2016-04-05,890.0,220.72,46.28,943.4000000000001,陳英傑,Male,29,新北市,金融業和房地產,2016.0,4.0,5.0,2.0,20
ID00690,AC1702177,F016,後背包-藍,配件,890.0,1.0,2016-04-05,890.0,220.72,46.28,943.4000000000001,管佳蓉,Male,61,桃園市,農林漁牧業,2016.0,4.0,5.0,2.0,60
ID00691,AC1703411,F038,經典美式純POLO-黑,女裝,980.0,1.0,2016-04-05,980.0,161.7,132.3,1038.8,張毓玟,Female,34,基隆市,住宿和餐飲業,2016.0,4.0,5.0,2.0,30
ID00692,AC1700691,F016,後背包-藍,配件,890.0,1.0,2016-04-05,890.0,220.72,46.28,943.4000000000001,蔣泰萱,Female,29,新北市,教育體育文化,2016.0,4.0,5.0,2.0,20
ID00693,AC1703202,F020,萬用包-黑,皮件,2900.0,1.0,2016-04-05,2900.0,661.2000000000003,208.79999999999998,3074.0,林惟竹,Female,60,桃園市,其他,2016.0,4.0,5.0,2.0,60
ID00694,AC1703504,F015,法蘭絨格紋襯衫-紅,女裝,1740.0,2.0,2016-04-05,3480.0,574.2,469.8,3688.8,蕭映枝,Male,37,基隆市,住宿和餐飲業,2016.0,4.0,5.0,2.0,30
ID00695,AC1700733,F015,法蘭絨格紋襯衫-紅,女裝,1740.0,2.0,2016-04-05,3480.0,574.2,469.8,3688.8,陳怡雯,Female,27,新北市,金融業和房地產,2016.0,4.0,5.0,2.0,20
ID00696,AC1700235,F014,大化妝包-黑,配件,1740.0,2.0,2016-04-05,3480.0,863.04,180.95999999999998,3688.8,黃卉豪,Female,21,臺北市,金融業和房地產,2016.0,4.0,5.0,2.0,20
ID00697,AC1700728,F014,大化妝包-黑,配件,1740.0,2.0,2016-04-05,3480.0,863.04,180.95999999999998,3688.8,劉嘉鴻,Female,35,新北市,金融業和房地產,2016.0,4.0,5.0,2.0,30
ID00698,AC1700798,F009,大化妝包-深藍,配件,2100.0,2.0,2016-04-05,4200.0,1041.6,218.39999999999998,4452.0,張朝蘭,Male,29,新北市,金融業和房地產,2016.0,4.0,5.0,2.0,20
ID00699,AC1700109,F009,大化妝包-深藍,配件,2100.0,2.0,2016-04-05,4200.0,1041.6,218.39999999999998,4452.0,李婉岳,Female,53,新北市,金融業和房地產,2016.0,4.0,5.0,2.0,50
ID00700,AC1700847,F002,運動潮流直筒棉褲男童-白,童裝,930.0,1.0,2016-04-05,930.0,163.68,115.32,985.8000000000001,周蕙虹,Male,30,新北市,金融業和房地產,2016.0,4.0,5.0,2.0,30
ID00701,AC1701494,F002,運動潮流直筒棉褲男童-白,童裝,930.0,1.0,2016-04-05,930.0,163.68,115.32,985.8000000000001,林欣筠,Male,31,宜蘭縣,金融業和房地產,2016.0,4.0,5.0,2.0,30
ID00702,AC1701983,F007,運動潮流連帽外套男裝-灰,男裝,1450.0,3.0,2016-04-05,4350.0,835.2,469.8,4611.0,黃佩琪,Female,36,新北市,金融業和房地產,2016.0,4.0,5.0,2.0,30
ID00703,AC1700163,F007,運動潮流連帽外套男裝-灰,男裝,1450.0,3.0,2016-04-05,4350.0,835.2,469.8,4611.0,滑志偉,Male,51,新北市,金融業和房地產,2016.0,4.0,5.0,2.0,50
ID00704,AC1702236,F022,短夾-紅,皮件,2900.0,3.0,2016-04-05,8700.0,1983.6,626.4,9222.0,林雅芬,Female,42,桃園市,其他,2016.0,4.0,5.0,2.0,40
ID00705,AC1700449,F022,短夾-紅,皮件,2900.0,3.0,2016-04-05,8700.0,1983.6,626.4,9222.0,韓玉華,Female,24,新北市,金融業和房地產,2016.0,4.0,5.0,2.0,20
ID00706,AC1703319,F033,高機能伸縮衣架-黑,家俱,600.0,1.0,2016-05-08,600.0,90.0,90.0,636.0,盧秀玲,Male,44,基隆市,金融業和房地產,2016.0,5.0,8.0,2.0,40
ID00707,AC1702488,F025,雙向層架式書桌-咖,家俱,2900.0,1.0,2016-04-05,2900.0,435.0000000000002,435.0,3074.0,曾淑昆,Female,49,桃園市,其他,2016.0,4.0,5.0,2.0,40
ID00708,AC1702199,F001,運動潮流連帽外套女裝-白,女裝,1450.0,1.0,2016-05-08,1450.0,239.2500000000001,195.75,1537.0,楊怡君,Female,51,桃園市,住宿和餐飲業,2016.0,5.0,8.0,2.0,50
ID00709,AC1701702,F003,印圖大學T男裝-藍,男裝,750.0,1.0,2016-05-08,750.0,144.0,81.0,795.0,張東鳳,Female,31,宜蘭縣,住宿和餐飲業,2016.0,5.0,8.0,2.0,30
ID00710,AC1702035,F008,法蘭絨格紋襯衫-黑,女裝,1800.0,1.0,2016-05-08,1800.0,297.0,243.00000000000003,1908.0,涂松玄,Male,23,宜蘭縣,教育體育文化,2016.0,5.0,8.0,2.0,20
ID00711,AC1702862,F004,大化妝包-桃粉,配件,1600.0,1.0,2016-05-08,1600.0,396.8,83.2,1696.0,邱武侑,Male,54,桃園市,住宿和餐飲業,2016.0,5.0,8.0,2.0,50
ID00712,AC1703212,F008,法蘭絨格紋襯衫-黑,女裝,1800.0,1.0,2016-05-08,1800.0,297.0,243.00000000000003,1908.0,邱浩辰,Female,49,桃園市,其他,2016.0,5.0,8.0,2.0,40
ID00713,AC1701350,F008,法蘭絨格紋襯衫-黑,女裝,1800.0,1.0,2016-05-08,1800.0,297.0,243.00000000000003,1908.0,楊惠裕,Male,43,宜蘭縣,住宿和餐飲業,2016.0,5.0,8.0,2.0,40
ID00714,AC1700780,F025,雙向層架式書桌-咖,家俱,2900.0,1.0,2016-04-05,2900.0,435.0000000000002,435.0,3074.0,蔡雅惠,Male,37,新北市,住宿和餐飲業,2016.0,4.0,5.0,2.0,30
ID00715,AC1700328,F015,法蘭絨格紋襯衫-紅,女裝,1740.0,2.0,2016-04-05,3480.0,574.2,469.8,3688.8,林艾孝,Female,41,新北市,金融業和房地產,2016.0,4.0,5.0,2.0,40
ID00716,AC1703948,F015,法蘭絨格紋襯衫-紅,女裝,1740.0,2.0,2016-04-05,3480.0,574.2,469.8,3688.8,施富龍,Male,60,臺北市,其他,2016.0,4.0,5.0,2.0,60
ID00717,AC1702426,F002,運動潮流直筒棉褲男童-白,童裝,930.0,1.0,2016-04-05,930.0,163.68,115.32,985.8000000000001,陳琇友,Female,49,桃園市,其他,2016.0,4.0,5.0,2.0,40
ID00718,AC1700582,F009,大化妝包-深藍,配件,2100.0,2.0,2016-05-08,4200.0,1041.6,218.39999999999998,4452.0,黃佩怡,Female,30,新北市,其他,2016.0,5.0,8.0,2.0,30
ID00719,AC1700496,F009,大化妝包-深藍,配件,2100.0,2.0,2016-05-08,4200.0,1041.6,218.39999999999998,4452.0,陳昱茵,Male,38,新北市,金融業和房地產,2016.0,5.0,8.0,2.0,30
ID00720,AC1700627,F009,大化妝包-深藍,配件,2100.0,2.0,2016-05-08,4200.0,1041.6,218.39999999999998,4452.0,葉淑芬,Female,31,新北市,其他,2016.0,5.0,8.0,2.0,30
ID00721,AC1703332,F009,大化妝包-深藍,配件,2100.0,2.0,2016-05-08,4200.0,1041.6,218.39999999999998,4452.0,張宥定,Female,41,基隆市,其他,2016.0,5.0,8.0,2.0,40
ID00722,AC1701242,F033,高機能伸縮衣架-黑,家俱,600.0,1.0,2016-05-08,600.0,90.0,90.0,636.0,李振典,Male,36,新北市,金融業和房地產,2016.0,5.0,8.0,2.0,30
ID00723,AC1703629,F002,運動潮流直筒棉褲男童-白,童裝,930.0,1.0,2016-04-05,930.0,163.68,115.32,985.8000000000001,崔欣怡,Female,46,基隆市,金融業和房地產,2016.0,4.0,5.0,2.0,40
ID00724,AC1700860,F001,運動潮流連帽外套女裝-白,女裝,1450.0,1.0,2016-05-08,1450.0,239.2500000000001,195.75,1537.0,李星良,Male,36,新北市,其他,2016.0,5.0,8.0,2.0,30
ID00725,AC1702980,F003,印圖大學T男裝-藍,男裝,750.0,1.0,2016-05-08,750.0,144.0,81.0,795.0,林宜茹,Male,60,桃園市,其他,2016.0,5.0,8.0,2.0,60
ID00726,AC1700857,F008,法蘭絨格紋襯衫-黑,女裝,1800.0,1.0,2016-05-08,1800.0,297.0,243.00000000000003,1908.0,吳奕喬,Female,27,新北市,教育體育文化,2016.0,5.0,8.0,2.0,20
ID00727,AC1701111,F004,大化妝包-桃粉,配件,1600.0,1.0,2016-05-08,1600.0,396.8,83.2,1696.0,黃慧幸,Male,32,新北市,金融業和房地產,2016.0,5.0,8.0,2.0,30
ID00728,AC1701467,F008,法蘭絨格紋襯衫-黑,女裝,1800.0,1.0,2016-05-08,1800.0,297.0,243.00000000000003,1908.0,黃美成,Female,61,新北市,金融業和房地產,2016.0,5.0,8.0,2.0,60
ID00729,AC1703066,F008,法蘭絨格紋襯衫-黑,女裝,1800.0,1.0,2016-05-08,1800.0,297.0,243.00000000000003,1908.0,林炳啟,Female,48,桃園市,其他,2016.0,5.0,8.0,2.0,40
ID00730,AC1700774,F025,雙向層架式書桌-咖,家俱,2900.0,1.0,2016-04-05,2900.0,435.0000000000002,435.0,3074.0,陳敬甫,Female,36,新北市,金融業和房地產,2016.0,4.0,5.0,2.0,30
ID00731,AC1702055,F025,雙向層架式書桌-咖,家俱,2900.0,1.0,2016-04-05,2900.0,435.0000000000002,435.0,3074.0,黃柏翔,Male,28,宜蘭縣,其他,2016.0,4.0,5.0,2.0,20
ID00732,AC1700469,F015,法蘭絨格紋襯衫-紅,女裝,1740.0,2.0,2016-04-05,3480.0,574.2,469.8,3688.8,郭家慧,Male,33,新北市,金融業和房地產,2016.0,4.0,5.0,2.0,30
ID00733,AC1700544,F015,法蘭絨格紋襯衫-紅,女裝,1740.0,2.0,2016-04-05,3480.0,574.2,469.8,3688.8,張毓青,Female,29,新北市,教育體育文化,2016.0,4.0,5.0,2.0,20
ID00734,AC1701110,F009,大化妝包-深藍,配件,2100.0,2.0,2016-05-08,4200.0,1041.6,218.39999999999998,4452.0,林雅玲,Male,50,新北市,金融業和房地產,2016.0,5.0,8.0,2.0,50
ID00735,AC1700312,F009,大化妝包-深藍,配件,2100.0,2.0,2016-05-08,4200.0,1041.6,218.39999999999998,4452.0,曹平裕,Male,49,新北市,其他,2016.0,5.0,8.0,2.0,40
ID00736,AC1701422,F009,大化妝包-深藍,配件,2100.0,2.0,2016-05-08,4200.0,1041.6,218.39999999999998,4452.0,王允火,Male,29,宜蘭縣,金融業和房地產,2016.0,5.0,8.0,2.0,20
ID00737,AC1702777,F009,大化妝包-深藍,配件,2100.0,2.0,2016-05-08,4200.0,1041.6,218.39999999999998,4452.0,林靜奇,Female,52,桃園市,其他,2016.0,5.0,8.0,2.0,50
ID00738,AC1702581,F033,高機能伸縮衣架-黑,家俱,600.0,1.0,2016-05-08,600.0,90.0,90.0,636.0,涂夙蘋,Female,57,桃園市,住宿和餐飲業,2016.0,5.0,8.0,2.0,50
ID00739,AC1700469,F002,運動潮流直筒棉褲男童-白,童裝,930.0,1.0,2016-04-05,930.0,163.68,115.32,985.8000000000001,郭家慧,Male,33,新北市,金融業和房地產,2016.0,4.0,5.0,2.0,30
ID00740,AC1701005,F001,運動潮流連帽外套女裝-白,女裝,1450.0,1.0,2016-05-08,1450.0,239.2500000000001,195.75,1537.0,蔡俊翔,Male,37,新北市,金融業和房地產,2016.0,5.0,8.0,2.0,30
ID00741,AC1702911,F003,印圖大學T男裝-藍,男裝,750.0,1.0,2016-05-08,750.0,144.0,81.0,795.0,吳承夫,Male,55,桃園市,住宿和餐飲業,2016.0,5.0,8.0,2.0,50
ID00742,AC1703130,F008,法蘭絨格紋襯衫-黑,女裝,1800.0,1.0,2016-05-08,1800.0,297.0,243.00000000000003,1908.0,林玉婷,Female,37,桃園市,住宿和餐飲業,2016.0,5.0,8.0,2.0,30
ID00743,AC1703940,F004,大化妝包-桃粉,配件,1600.0,1.0,2016-05-08,1600.0,396.8,83.2,1696.0,林美麗,Female,51,臺北市,住宿和餐飲業,2016.0,5.0,8.0,2.0,50
ID00744,AC1702083,F008,法蘭絨格紋襯衫-黑,女裝,1800.0,1.0,2016-05-08,1800.0,297.0,243.00000000000003,1908.0,劉慧娟,Female,38,宜蘭縣,金融業和房地產,2016.0,5.0,8.0,2.0,30
ID00745,AC1700896,F008,法蘭絨格紋襯衫-黑,女裝,1800.0,1.0,2016-05-08,1800.0,297.0,243.00000000000003,1908.0,劉湘麟,Male,38,新北市,金融業和房地產,2016.0,5.0,8.0,2.0,30
ID00746,AC1700416,F002,運動潮流直筒棉褲男童-白,童裝,930.0,1.0,2016-04-05,930.0,163.68,115.32,985.8000000000001,黃智堯,Male,34,新北市,金融業和房地產,2016.0,4.0,5.0,2.0,30
ID00747,AC1700663,F025,雙向層架式書桌-咖,家俱,2900.0,1.0,2016-04-05,2900.0,435.0000000000002,435.0,3074.0,楊慶仲,Female,51,新北市,金融業和房地產,2016.0,4.0,5.0,2.0,50
ID00748,AC1700061,F025,雙向層架式書桌-咖,家俱,2900.0,1.0,2016-04-05,2900.0,435.0000000000002,435.0,3074.0,景韋成,Male,51,基隆市,其他,2016.0,4.0,5.0,2.0,50
ID00749,AC1702058,F015,法蘭絨格紋襯衫-紅,女裝,1740.0,2.0,2016-04-05,3480.0,574.2,469.8,3688.8,林靜雪,Female,31,新北市,金融業和房地產,2016.0,4.0,5.0,2.0,30
ID00750,AC1703815,F009,大化妝包-深藍,配件,2100.0,2.0,2016-05-08,4200.0,1041.6,218.39999999999998,4452.0,陳志成,Female,40,臺北市,其他,2016.0,5.0,8.0,2.0,40
ID00751,AC1700632,F009,大化妝包-深藍,配件,2100.0,2.0,2016-05-08,4200.0,1041.6,218.39999999999998,4452.0,陳克火,Male,39,新北市,金融業和房地產,2016.0,5.0,8.0,2.0,30
ID00752,AC1700663,F009,大化妝包-深藍,配件,2100.0,2.0,2016-05-08,4200.0,1041.6,218.39999999999998,4452.0,楊慶仲,Female,51,新北市,金融業和房地產,2016.0,5.0,8.0,2.0,50
ID00753,AC1703660,F009,大化妝包-深藍,配件,2100.0,2.0,2016-05-08,4200.0,1041.6,218.39999999999998,4452.0,黃凱文,Female,36,基隆市,其他,2016.0,5.0,8.0,2.0,30
ID00754,AC1701118,F033,高機能伸縮衣架-黑,家俱,600.0,1.0,2016-05-08,600.0,90.0,90.0,636.0,陳燕堯,Male,28,新北市,其他,2016.0,5.0,8.0,2.0,20
ID00755,AC1701793,F015,法蘭絨格紋襯衫-紅,女裝,1740.0,2.0,2016-04-05,3480.0,574.2,469.8,3688.8,蔡凱文,Female,42,新北市,金融業和房地產,2016.0,4.0,5.0,2.0,40
ID00756,AC1702879,F001,運動潮流連帽外套女裝-白,女裝,1450.0,1.0,2016-05-08,1450.0,239.2500000000001,195.75,1537.0,林筱昇,Male,51,桃園市,金融業和房地產,2016.0,5.0,8.0,2.0,50
ID00757,AC1703802,F003,印圖大學T男裝-藍,男裝,750.0,1.0,2016-05-08,750.0,144.0,81.0,795.0,宮佳穎,Female,45,臺北市,金融業和房地產,2016.0,5.0,8.0,2.0,40
ID00758,AC1701222,F008,法蘭絨格紋襯衫-黑,女裝,1800.0,1.0,2016-05-08,1800.0,297.0,243.00000000000003,1908.0,陳靜怡,Male,34,新北市,住宿和餐飲業,2016.0,5.0,8.0,2.0,30
ID00759,AC1703889,F004,大化妝包-桃粉,配件,1600.0,2.0,2016-05-08,3200.0,793.6,166.4,3392.0,何均琦,Female,40,臺北市,其他,2016.0,5.0,8.0,2.0,40
ID00760,AC1702297,F008,法蘭絨格紋襯衫-黑,女裝,1800.0,1.0,2016-05-08,1800.0,297.0,243.00000000000003,1908.0,陶怡君,Female,46,桃園市,住宿和餐飲業,2016.0,5.0,8.0,2.0,40
ID00761,AC1700387,F008,法蘭絨格紋襯衫-黑,女裝,1800.0,1.0,2016-05-08,1800.0,297.0,243.00000000000003,1908.0,謝雅惠,Female,62,新北市,金融業和房地產,2016.0,5.0,8.0,2.0,60
ID00762,AC1700227,F041,三層樓梯椅-黑,家俱,820.0,1.0,2016-05-08,820.0,123.0,123.0,869.2,吳佳岑,Female,27,臺北市,其他,2016.0,5.0,8.0,2.0,20
ID00763,AC1700653,F010,中夾-紅,皮件,2610.0,1.0,2016-05-08,2610.0,595.0800000000003,187.92,2766.6000000000004,張俊吉,Male,37,新北市,金融業和房地產,2016.0,5.0,8.0,2.0,30
ID00764,AC1703087,F010,中夾-紅,皮件,2610.0,1.0,2016-05-08,2610.0,595.0800000000003,187.92,2766.6000000000004,黃琬婷,Female,33,桃園市,金融業和房地產,2016.0,5.0,8.0,2.0,30
ID00765,AC1701608,F010,中夾-紅,皮件,2610.0,1.0,2016-05-08,2610.0,595.0800000000003,187.92,2766.6000000000004,鞏姿邦,Male,48,宜蘭縣,金融業和房地產,2016.0,5.0,8.0,2.0,40
ID00766,AC1703115,F009,大化妝包-深藍,配件,2100.0,2.0,2016-05-08,4200.0,1041.6,218.39999999999998,4452.0,駱宛蓉,Female,41,桃園市,其他,2016.0,5.0,8.0,2.0,40
ID00767,AC1700346,F009,大化妝包-深藍,配件,2100.0,2.0,2016-05-08,4200.0,1041.6,218.39999999999998,4452.0,杜欣瑜,Male,47,新北市,其他,2016.0,5.0,8.0,2.0,40
ID00768,AC1703228,F009,大化妝包-深藍,配件,2100.0,2.0,2016-05-08,4200.0,1041.6,218.39999999999998,4452.0,涂靜芳,Female,46,桃園市,住宿和餐飲業,2016.0,5.0,8.0,2.0,40
ID00769,AC1703631,F009,大化妝包-深藍,配件,2100.0,2.0,2016-05-08,4200.0,1041.6,218.39999999999998,4452.0,潘欣怡,Female,23,基隆市,金融業和房地產,2016.0,5.0,8.0,2.0,20
ID00770,AC1701237,F033,高機能伸縮衣架-黑,家俱,600.0,1.0,2016-05-08,600.0,90.0,90.0,636.0,李政瑩,Male,36,新北市,金融業和房地產,2016.0,5.0,8.0,2.0,30
ID00771,AC1700875,F010,中夾-紅,皮件,2610.0,1.0,2016-05-08,2610.0,595.0800000000003,187.92,2766.6000000000004,廖孝舜,Male,23,新北市,金融業和房地產,2016.0,5.0,8.0,2.0,20
ID00772,AC1703178,F001,運動潮流連帽外套女裝-白,女裝,1450.0,1.0,2016-05-08,1450.0,239.2500000000001,195.75,1537.0,吳宜雄,Male,64,桃園市,住宿和餐飲業,2016.0,5.0,8.0,2.0,60
ID00773,AC1703380,F003,印圖大學T男裝-藍,男裝,750.0,1.0,2016-05-08,750.0,144.0,81.0,795.0,王美俐,Female,33,基隆市,金融業和房地產,2016.0,5.0,8.0,2.0,30
ID00774,AC1700282,F008,法蘭絨格紋襯衫-黑,女裝,1800.0,1.0,2016-05-08,1800.0,297.0,243.00000000000003,1908.0,陳揚宣,Female,58,新北市,金融業和房地產,2016.0,5.0,8.0,2.0,50
ID00775,AC1703903,F004,大化妝包-桃粉,配件,1600.0,1.0,2016-05-08,1600.0,396.8,83.2,1696.0,陳昭誠,Female,28,臺北市,其他,2016.0,5.0,8.0,2.0,20
ID00776,AC1700357,F008,法蘭絨格紋襯衫-黑,女裝,1800.0,1.0,2016-05-08,1800.0,297.0,243.00000000000003,1908.0,吳榮淳,Female,53,新北市,金融業和房地產,2016.0,5.0,8.0,2.0,50
ID00777,AC1702025,F008,法蘭絨格紋襯衫-黑,女裝,1800.0,1.0,2016-05-08,1800.0,297.0,243.00000000000003,1908.0,張姿君,Female,35,宜蘭縣,金融業和房地產,2016.0,5.0,8.0,2.0,30
ID00778,AC1702345,F041,三層樓梯椅-黑,家俱,820.0,1.0,2016-05-08,820.0,123.0,123.0,869.2,林宜旭,Male,44,桃園市,其他,2016.0,5.0,8.0,2.0,40
ID00779,AC1702635,F010,中夾-紅,皮件,2610.0,1.0,2016-05-08,2610.0,595.0800000000003,187.92,2766.6000000000004,林奕靖,Female,44,桃園市,其他,2016.0,5.0,8.0,2.0,40
ID00780,AC1702670,F010,中夾-紅,皮件,2610.0,1.0,2016-05-08,2610.0,595.0800000000003,187.92,2766.6000000000004,張山慧,Female,48,桃園市,金融業和房地產,2016.0,5.0,8.0,2.0,40
ID00781,AC1702429,F010,中夾-紅,皮件,2610.0,1.0,2016-05-08,2610.0,595.0800000000003,187.92,2766.6000000000004,陳俊毅,Female,59,桃園市,住宿和餐飲業,2016.0,5.0,8.0,2.0,50
ID00782,AC1703673,F009,大化妝包-深藍,配件,2100.0,2.0,2016-05-08,4200.0,1041.6,218.39999999999998,4452.0,吳淑恩,Female,32,基隆市,金融業和房地產,2016.0,5.0,8.0,2.0,30
ID00783,AC1702032,F009,大化妝包-深藍,配件,2100.0,2.0,2016-05-08,4200.0,1041.6,218.39999999999998,4452.0,陳婉奇,Male,32,宜蘭縣,其他,2016.0,5.0,8.0,2.0,30
ID00784,AC1703708,F009,大化妝包-深藍,配件,2100.0,2.0,2016-05-08,4200.0,1041.6,218.39999999999998,4452.0,胡冠儒,Male,47,基隆市,住宿和餐飲業,2016.0,5.0,8.0,2.0,40
ID00785,AC1700837,F009,大化妝包-深藍,配件,2100.0,2.0,2016-05-08,4200.0,1041.6,218.39999999999998,4452.0,吳一孝,Female,26,新北市,金融業和房地產,2016.0,5.0,8.0,2.0,20
ID00786,AC1702646,F009,大化妝包-深藍,配件,2100.0,2.0,2016-06-06,4200.0,1041.6,218.39999999999998,4452.0,張建勳,Male,50,桃園市,住宿和餐飲業,2016.0,6.0,6.0,2.0,50
ID00787,AC1702020,F012,托特包-白,配件,1740.0,2.0,2016-06-06,3480.0,863.04,180.95999999999998,3688.8,胡鎮宇,Male,32,宜蘭縣,教育體育文化,2016.0,6.0,6.0,2.0,30
ID00788,AC1701960,F012,托特包-白,配件,1740.0,2.0,2016-06-06,3480.0,863.04,180.95999999999998,3688.8,黃舒寧,Female,36,新北市,金融業和房地產,2016.0,6.0,6.0,2.0,30
ID00789,AC1701981,F033,高機能伸縮衣架-黑,家俱,600.0,7.0,2016-06-06,4200.0,630.0,630.0,4452.0,鄭凱鈞,Male,35,宜蘭縣,教育體育文化,2016.0,6.0,6.0,2.0,30
ID00790,AC1701998,F009,大化妝包-深藍,配件,2100.0,2.0,2016-06-06,4200.0,1041.6,218.39999999999998,4452.0,黃彥琳,Female,26,新北市,金融業和房地產,2016.0,6.0,6.0,2.0,20
ID00791,AC1700635,F012,托特包-白,配件,1740.0,2.0,2016-06-06,3480.0,863.04,180.95999999999998,3688.8,林奇舜,Female,26,新北市,金融業和房地產,2016.0,6.0,6.0,2.0,20
ID00792,AC1700872,F012,托特包-白,配件,1740.0,2.0,2016-06-06,3480.0,863.04,180.95999999999998,3688.8,楊家豪,Male,34,新北市,住宿和餐飲業,2016.0,6.0,6.0,2.0,30
ID00793,AC1703947,F033,高機能伸縮衣架-黑,家俱,600.0,7.0,2016-06-06,4200.0,630.0,630.0,4452.0,彭星茵,Female,57,臺北市,其他,2016.0,6.0,6.0,2.0,50
ID00794,AC1701981,F009,大化妝包-深藍,配件,2100.0,2.0,2016-06-06,4200.0,1041.6,218.39999999999998,4452.0,鄭凱鈞,Male,35,宜蘭縣,教育體育文化,2016.0,6.0,6.0,2.0,30
ID00795,AC1700971,F012,托特包-白,配件,1740.0,2.0,2016-06-06,3480.0,863.04,180.95999999999998,3688.8,倪麗娟,Male,33,新北市,金融業和房地產,2016.0,6.0,6.0,2.0,30
ID00796,AC1703600,F012,托特包-白,配件,1740.0,2.0,2016-06-06,3480.0,863.04,180.95999999999998,3688.8,溫嘉辛,Male,46,基隆市,住宿和餐飲業,2016.0,6.0,6.0,2.0,40
ID00797,AC1700206,F033,高機能伸縮衣架-黑,家俱,600.0,7.0,2016-06-06,4200.0,630.0,630.0,4452.0,曹定郁,Male,40,臺北市,金融業和房地產,2016.0,6.0,6.0,2.0,40
ID00798,AC1702747,F009,大化妝包-深藍,配件,2100.0,2.0,2016-06-06,4200.0,1041.6,218.39999999999998,4452.0,李火雪,Male,32,桃園市,住宿和餐飲業,2016.0,6.0,6.0,2.0,30
ID00799,AC1700558,F012,托特包-白,配件,1740.0,2.0,2016-06-06,3480.0,863.04,180.95999999999998,3688.8,林宜君,Female,49,新北市,金融業和房地產,2016.0,6.0,6.0,2.0,40
ID00800,AC1703212,F012,托特包-白,配件,1740.0,2.0,2016-06-06,3480.0,863.04,180.95999999999998,3688.8,邱浩辰,Female,49,桃園市,其他,2016.0,6.0,6.0,2.0,40
ID00801,AC1702310,F033,高機能伸縮衣架-黑,家俱,600.0,7.0,2016-06-06,4200.0,630.0,630.0,4452.0,陳志美,Female,58,桃園市,其他,2016.0,6.0,6.0,2.0,50
ID00802,AC1703482,F009,大化妝包-深藍,配件,2100.0,2.0,2016-06-06,4200.0,1041.6,218.39999999999998,4452.0,李佩凌,Female,28,基隆市,金融業和房地產,2016.0,6.0,6.0,2.0,20
ID00803,AC1703763,F012,托特包-白,配件,1740.0,2.0,2016-06-06,3480.0,863.04,180.95999999999998,3688.8,蔡依彬,Male,41,基隆市,金融業和房地產,2016.0,6.0,6.0,2.0,40
ID00804,AC1701110,F012,托特包-白,配件,1740.0,2.0,2016-06-06,3480.0,863.04,180.95999999999998,3688.8,林雅玲,Male,50,新北市,金融業和房地產,2016.0,6.0,6.0,2.0,50
ID00805,AC1703435,F033,高機能伸縮衣架-黑,家俱,600.0,7.0,2016-06-06,4200.0,630.0,630.0,4452.0,徐俞陽,Female,37,基隆市,金融業和房地產,2016.0,6.0,6.0,2.0,30
ID00806,AC1702428,F033,高機能伸縮衣架-黑,家俱,600.0,1.0,2016-06-15,600.0,90.0,90.0,636.0,陳品惟,Male,56,桃園市,其他,2016.0,6.0,15.0,2.0,50
ID00807,AC1700109,F008,法蘭絨格紋襯衫-黑,女裝,1800.0,1.0,2016-06-15,1800.0,297.0,243.00000000000003,1908.0,李婉岳,Female,53,新北市,金融業和房地產,2016.0,6.0,15.0,2.0,50
ID00808,AC1702860,F012,托特包-白,配件,1740.0,1.0,2016-06-15,1740.0,431.52,90.47999999999999,1844.4,王耀中,Male,62,桃園市,住宿和餐飲業,2016.0,6.0,15.0,2.0,60
ID00809,AC1700109,F010,中夾-紅,皮件,2610.0,1.0,2016-05-08,2610.0,595.0800000000003,187.92,2766.6000000000004,李婉岳,Female,53,新北市,金融業和房地產,2016.0,5.0,8.0,2.0,50
ID00810,AC1700422,F041,三層樓梯椅-黑,家俱,820.0,1.0,2016-05-08,820.0,123.0,123.0,869.2,謝佳蓉,Female,47,新北市,金融業和房地產,2016.0,5.0,8.0,2.0,40
ID00811,AC1700393,F010,中夾-紅,皮件,2610.0,1.0,2016-05-08,2610.0,595.0800000000003,187.92,2766.6000000000004,洪國新,Male,52,新北市,金融業和房地產,2016.0,5.0,8.0,2.0,50
ID00812,AC1700672,F010,中夾-紅,皮件,2610.0,1.0,2016-05-08,2610.0,595.0800000000003,187.92,2766.6000000000004,吳振豪,Female,29,新北市,教育體育文化,2016.0,5.0,8.0,2.0,20
ID00813,AC1700573,F033,高機能伸縮衣架-黑,家俱,600.0,1.0,2016-06-15,600.0,90.0,90.0,636.0,陳萬添,Female,40,新北市,金融業和房地產,2016.0,6.0,15.0,2.0,40
ID00814,AC1701172,F008,法蘭絨格紋襯衫-黑,女裝,1800.0,1.0,2016-06-15,1800.0,297.0,243.00000000000003,1908.0,王世豪,Male,51,新北市,金融業和房地產,2016.0,6.0,15.0,2.0,50
ID00815,AC1701574,F012,托特包-白,配件,1740.0,1.0,2016-06-15,1740.0,431.52,90.47999999999999,1844.4,陳政凌,Female,35,新北市,金融業和房地產,2016.0,6.0,15.0,2.0,30
ID00816,AC1700101,F010,中夾-紅,皮件,2610.0,1.0,2016-05-08,2610.0,595.0800000000003,187.92,2766.6000000000004,楊上斌,Male,41,新北市,金融業和房地產,2016.0,5.0,8.0,2.0,40
ID00817,AC1701291,F010,中夾-紅,皮件,2610.0,1.0,2016-05-08,2610.0,595.0800000000003,187.92,2766.6000000000004,吳詩婷,Female,37,宜蘭縣,其他,2016.0,5.0,8.0,2.0,30
ID00818,AC1700605,F041,三層樓梯椅-黑,家俱,820.0,1.0,2016-05-08,820.0,123.0,123.0,869.2,王國儒,Male,39,新北市,金融業和房地產,2016.0,5.0,8.0,2.0,30
ID00819,AC1700957,F010,中夾-紅,皮件,2610.0,1.0,2016-05-08,2610.0,595.0800000000003,187.92,2766.6000000000004,劉先芷,Male,36,新北市,金融業和房地產,2016.0,5.0,8.0,2.0,30
ID00820,AC1703006,F033,高機能伸縮衣架-黑,家俱,600.0,1.0,2016-06-15,600.0,90.0,90.0,636.0,李麗珠,Male,40,桃園市,住宿和餐飲業,2016.0,6.0,15.0,2.0,40
ID00821,AC1701154,F008,法蘭絨格紋襯衫-黑,女裝,1800.0,1.0,2016-06-15,1800.0,297.0,243.00000000000003,1908.0,毛麗玲,Female,36,新北市,金融業和房地產,2016.0,6.0,15.0,2.0,30
ID00822,AC1701596,F012,托特包-白,配件,1740.0,1.0,2016-06-15,1740.0,431.52,90.47999999999999,1844.4,王淑貞,Female,25,新北市,金融業和房地產,2016.0,6.0,15.0,2.0,20
ID00823,AC1702920,F010,中夾-紅,皮件,2610.0,1.0,2016-05-08,2610.0,595.0800000000003,187.92,2766.6000000000004,黃宗謙,Female,43,桃園市,住宿和餐飲業,2016.0,5.0,8.0,2.0,40
ID00824,AC1701275,F010,中夾-紅,皮件,2610.0,1.0,2016-05-08,2610.0,595.0800000000003,187.92,2766.6000000000004,陳韋夢,Female,25,新北市,住宿和餐飲業,2016.0,5.0,8.0,2.0,20
ID00825,AC1702286,F010,中夾-紅,皮件,2610.0,1.0,2016-05-08,2610.0,595.0800000000003,187.92,2766.6000000000004,劉治伸,Male,53,桃園市,住宿和餐飲業,2016.0,5.0,8.0,2.0,50
ID00826,AC1703141,F041,三層樓梯椅-黑,家俱,820.0,1.0,2016-05-08,820.0,123.0,123.0,869.2,林秋中,Male,48,桃園市,住宿和餐飲業,2016.0,5.0,8.0,2.0,40
ID00827,AC1703606,F033,高機能伸縮衣架-黑,家俱,600.0,1.0,2016-06-15,600.0,90.0,90.0,636.0,洪馨儀,Female,35,基隆市,住宿和餐飲業,2016.0,6.0,15.0,2.0,30
ID00828,AC1703146,F008,法蘭絨格紋襯衫-黑,女裝,1800.0,1.0,2016-06-15,1800.0,297.0,243.00000000000003,1908.0,鄧宗翰,Female,46,桃園市,其他,2016.0,6.0,15.0,2.0,40
ID00829,AC1700795,F012,托特包-白,配件,1740.0,1.0,2016-06-15,1740.0,431.52,90.47999999999999,1844.4,蔡綺綸,Male,34,新北市,金融業和房地產,2016.0,6.0,15.0,2.0,30
ID00830,AC1702583,F010,中夾-紅,皮件,2610.0,1.0,2016-05-08,2610.0,595.0800000000003,187.92,2766.6000000000004,姜惠玲,Female,45,桃園市,其他,2016.0,5.0,8.0,2.0,40
ID00831,AC1700544,F010,中夾-紅,皮件,2610.0,1.0,2016-05-08,2610.0,595.0800000000003,187.92,2766.6000000000004,張毓青,Female,29,新北市,教育體育文化,2016.0,5.0,8.0,2.0,20
ID00832,AC1700891,F010,中夾-紅,皮件,2610.0,1.0,2016-05-08,2610.0,595.0800000000003,187.92,2766.6000000000004,陳淑芬,Male,47,新北市,金融業和房地產,2016.0,5.0,8.0,2.0,40
ID00833,AC1700118,F010,中夾-紅,皮件,2610.0,1.0,2016-05-08,2610.0,595.0800000000003,187.92,2766.6000000000004,曹姿妤,Female,47,新北市,金融業和房地產,2016.0,5.0,8.0,2.0,40
ID00834,AC1703964,F033,高機能伸縮衣架-黑,家俱,600.0,1.0,2016-06-15,600.0,90.0,90.0,636.0,楊欣儀,Female,50,臺北市,其他,2016.0,6.0,15.0,2.0,50
ID00835,AC1702338,F008,法蘭絨格紋襯衫-黑,女裝,1800.0,1.0,2016-06-15,1800.0,297.0,243.00000000000003,1908.0,許維哲,Female,59,桃園市,其他,2016.0,6.0,15.0,2.0,50
ID00836,AC1700392,F012,托特包-白,配件,1740.0,1.0,2016-06-15,1740.0,431.52,90.47999999999999,1844.4,吳炳倩,Female,46,新北市,金融業和房地產,2016.0,6.0,15.0,2.0,40
ID00837,AC1701620,F015,法蘭絨格紋襯衫-紅,女裝,1740.0,1.0,2016-06-15,1740.0,287.1,234.9,1844.4,陳辛亦,Female,27,新北市,金融業和房地產,2016.0,6.0,15.0,2.0,20
ID00838,AC1702427,F005,運動潮流連帽外套男裝-灰,男裝,1450.0,2.0,2016-06-15,2900.0,556.8000000000002,313.2,3074.0,王大鈞,Male,50,桃園市,住宿和餐飲業,2016.0,6.0,15.0,2.0,50
ID00839,AC1702493,F025,雙向層架式書桌-咖,家俱,2900.0,2.0,2016-06-15,5800.0,870.0000000000005,870.0,6148.0,楊秋萍,Female,51,桃園市,其他,2016.0,6.0,15.0,2.0,50
ID00840,AC1703454,F025,雙向層架式書桌-咖,家俱,2900.0,2.0,2016-06-15,5800.0,870.0000000000005,870.0,6148.0,顧雅惠,Female,42,基隆市,金融業和房地產,2016.0,6.0,15.0,2.0,40
ID00841,AC1700942,F003,印圖大學T男裝-藍,男裝,750.0,1.0,2016-07-04,750.0,144.0,81.0,795.0,林韻婷,Male,31,新北市,金融業和房地產,2016.0,7.0,4.0,3.0,30
ID00842,AC1700711,F015,法蘭絨格紋襯衫-紅,女裝,1740.0,1.0,2016-06-15,1740.0,287.1,234.9,1844.4,賴怡書,Female,31,新北市,其他,2016.0,6.0,15.0,2.0,30
ID00843,AC1702387,F005,運動潮流連帽外套男裝-灰,男裝,1450.0,2.0,2016-06-15,2900.0,556.8000000000002,313.2,3074.0,林瑋婷,Female,55,桃園市,其他,2016.0,6.0,15.0,2.0,50
ID00844,AC1700466,F025,雙向層架式書桌-咖,家俱,2900.0,2.0,2016-06-15,5800.0,870.0000000000005,870.0,6148.0,陳宏孜,Male,36,新北市,金融業和房地產,2016.0,6.0,15.0,2.0,30
ID00845,AC1703609,F025,雙向層架式書桌-咖,家俱,2900.0,2.0,2016-06-15,5800.0,870.0000000000005,870.0,6148.0,吳則治,Male,36,基隆市,金融業和房地產,2016.0,6.0,15.0,2.0,30
ID00846,AC1702200,F036,經典美式純POLO-藍,女裝,980.0,2.0,2016-07-04,1960.0,323.4,264.6,2077.6,王盛丹,Female,51,桃園市,其他,2016.0,7.0,4.0,3.0,50
ID00847,AC1701863,F015,法蘭絨格紋襯衫-紅,女裝,1740.0,1.0,2016-06-15,1740.0,287.1,234.9,1844.4,王雅亞,Male,33,宜蘭縣,金融業和房地產,2016.0,6.0,15.0,2.0,30
ID00848,AC1703820,F036,經典美式純POLO-藍,女裝,980.0,1.0,2016-07-04,980.0,161.7,132.3,1038.8,劉予光,Female,36,臺北市,住宿和餐飲業,2016.0,7.0,4.0,3.0,30
ID00849,AC1700555,F012,托特包-白,配件,1740.0,1.0,2016-07-04,1740.0,431.52,90.47999999999999,1844.4,楊雯桓,Female,43,新北市,金融業和房地產,2016.0,7.0,4.0,3.0,40
ID00850,AC1703140,F012,托特包-白,配件,1740.0,1.0,2016-07-04,1740.0,431.52,90.47999999999999,1844.4,陳靜海,Female,35,桃園市,其他,2016.0,7.0,4.0,3.0,30
ID00851,AC1702935,F005,運動潮流連帽外套男裝-灰,男裝,1450.0,2.0,2016-06-15,2900.0,556.8000000000002,313.2,3074.0,李秀玲,Female,58,桃園市,其他,2016.0,6.0,15.0,2.0,50
ID00852,AC1703329,F003,印圖大學T男裝-藍,男裝,750.0,1.0,2016-07-04,750.0,144.0,81.0,795.0,林明宏,Male,38,基隆市,住宿和餐飲業,2016.0,7.0,4.0,3.0,30
ID00853,AC1701132,F025,雙向層架式書桌-咖,家俱,2900.0,2.0,2016-06-15,5800.0,870.0000000000005,870.0,6148.0,魏伊威,Female,29,新北市,金融業和房地產,2016.0,6.0,15.0,2.0,20
ID00854,AC1702538,F025,雙向層架式書桌-咖,家俱,2900.0,2.0,2016-06-15,5800.0,870.0000000000005,870.0,6148.0,鄭冠蘭,Female,52,桃園市,住宿和餐飲業,2016.0,6.0,15.0,2.0,50
ID00855,AC1703054,F015,法蘭絨格紋襯衫-紅,女裝,1740.0,1.0,2016-06-15,1740.0,287.1,234.9,1844.4,陳皇佐,Female,42,桃園市,其他,2016.0,6.0,15.0,2.0,40
ID00856,AC1703982,F005,運動潮流連帽外套男裝-灰,男裝,1450.0,2.0,2016-06-15,2900.0,556.8000000000002,313.2,3074.0,劉佳穎,Female,57,臺北市,其他,2016.0,6.0,15.0,2.0,50
ID00857,AC1701935,F036,經典美式純POLO-藍,女裝,980.0,2.0,2016-07-04,1960.0,323.4,264.6,2077.6,鄧晉茜,Male,30,宜蘭縣,金融業和房地產,2016.0,7.0,4.0,3.0,30
ID00858,AC1701246,F025,雙向層架式書桌-咖,家俱,2900.0,2.0,2016-06-15,5800.0,870.0000000000005,870.0,6148.0,李明宏,Male,42,新北市,金融業和房地產,2016.0,6.0,15.0,2.0,40
ID00859,AC1703395,F036,經典美式純POLO-藍,女裝,980.0,1.0,2016-07-04,980.0,161.7,132.3,1038.8,謝文傑,Female,33,基隆市,住宿和餐飲業,2016.0,7.0,4.0,3.0,30
ID00860,AC1701351,F012,托特包-白,配件,1740.0,1.0,2016-07-04,1740.0,431.52,90.47999999999999,1844.4,王真汝,Female,29,新北市,其他,2016.0,7.0,4.0,3.0,20
ID00861,AC1703030,F012,托特包-白,配件,1740.0,1.0,2016-07-04,1740.0,431.52,90.47999999999999,1844.4,趙韋惠,Female,52,桃園市,其他,2016.0,7.0,4.0,3.0,50
ID00862,AC1701300,F025,雙向層架式書桌-咖,家俱,2900.0,2.0,2016-06-15,5800.0,870.0000000000005,870.0,6148.0,黃培倫,Female,36,新北市,金融業和房地產,2016.0,6.0,15.0,2.0,30
ID00863,AC1700473,F003,印圖大學T男裝-藍,男裝,750.0,1.0,2016-07-04,750.0,144.0,81.0,795.0,黃聖沛,Female,21,新北市,金融業和房地產,2016.0,7.0,4.0,3.0,20
ID00864,AC1700661,F015,法蘭絨格紋襯衫-紅,女裝,1740.0,1.0,2016-06-15,1740.0,287.1,234.9,1844.4,施惠玲,Female,33,新北市,教育體育文化,2016.0,6.0,15.0,2.0,30
ID00865,AC1701287,F005,運動潮流連帽外套男裝-灰,男裝,1450.0,2.0,2016-06-15,2900.0,556.8000000000002,313.2,3074.0,戴怡君,Female,42,新北市,金融業和房地產,2016.0,6.0,15.0,2.0,40
ID00866,AC1701928,F025,雙向層架式書桌-咖,家俱,2900.0,2.0,2016-06-15,5800.0,870.0000000000005,870.0,6148.0,彭德如,Male,40,宜蘭縣,金融業和房地產,2016.0,6.0,15.0,2.0,40
ID00867,AC1703876,F025,雙向層架式書桌-咖,家俱,2900.0,2.0,2016-06-15,5800.0,870.0000000000005,870.0,6148.0,朱依治,Male,50,臺北市,金融業和房地產,2016.0,6.0,15.0,2.0,50
ID00868,AC1700708,F036,經典美式純POLO-藍,女裝,980.0,2.0,2016-07-04,1960.0,323.4,264.6,2077.6,邱雅筑,Male,45,新北市,金融業和房地產,2016.0,7.0,4.0,3.0,40
ID00869,AC1701639,F005,運動潮流連帽外套男裝-灰,男裝,1450.0,1.0,2016-07-04,1450.0,278.4000000000001,156.6,1537.0,林方屏,Female,45,新北市,金融業和房地產,2016.0,7.0,4.0,3.0,40
ID00870,AC1700238,F036,經典美式純POLO-藍,女裝,980.0,1.0,2016-07-04,980.0,161.7,132.3,1038.8,李文旺,Female,42,臺北市,金融業和房地產,2016.0,7.0,4.0,3.0,40
ID00871,AC1702628,F012,托特包-白,配件,1740.0,1.0,2016-07-04,1740.0,431.52,90.47999999999999,1844.4,黃玉舜,Female,47,桃園市,其他,2016.0,7.0,4.0,3.0,40
ID00872,AC1702562,F012,托特包-白,配件,1740.0,1.0,2016-07-04,1740.0,431.52,90.47999999999999,1844.4,馮怡伶,Female,52,桃園市,其他,2016.0,7.0,4.0,3.0,50
ID00873,AC1703466,F041,三層樓梯椅-黑,家俱,820.0,2.0,2016-07-04,1640.0,246.0,246.0,1738.4,王志鴻,Female,32,基隆市,金融業和房地產,2016.0,7.0,4.0,3.0,30
ID00874,AC1703342,F003,印圖大學T男裝-藍,男裝,750.0,1.0,2016-07-04,750.0,144.0,81.0,795.0,馬怡臻,Female,24,基隆市,金融業和房地產,2016.0,7.0,4.0,3.0,20
ID00875,AC1700683,F024,運動潮流直筒棉褲男童-灰,童裝,2030.0,1.0,2016-07-04,2030.0,357.28,251.72,2151.8,胡智超,Female,42,新北市,金融業和房地產,2016.0,7.0,4.0,3.0,40
ID00876,AC1703799,F002,運動潮流直筒棉褲男童-白,童裝,930.0,1.0,2016-07-04,930.0,163.68,115.32,985.8000000000001,白合文,Female,49,臺北市,教育體育文化,2016.0,7.0,4.0,3.0,40
ID00877,AC1700469,F002,運動潮流直筒棉褲男童-白,童裝,930.0,1.0,2016-07-04,930.0,163.68,115.32,985.8000000000001,郭家慧,Male,33,新北市,金融業和房地產,2016.0,7.0,4.0,3.0,30
ID00878,AC1700358,F024,運動潮流直筒棉褲男童-灰,童裝,2030.0,1.0,2016-07-04,2030.0,357.28,251.72,2151.8,謝憲,Male,54,新北市,金融業和房地產,2016.0,7.0,4.0,3.0,50
ID00879,AC1700469,F036,經典美式純POLO-藍,女裝,980.0,2.0,2016-07-04,1960.0,323.4,264.6,2077.6,郭家慧,Male,33,新北市,金融業和房地產,2016.0,7.0,4.0,3.0,30
ID00880,AC1703922,F005,運動潮流連帽外套男裝-灰,男裝,1450.0,1.0,2016-07-04,1450.0,278.4000000000001,156.6,1537.0,李宗原,Male,42,臺北市,住宿和餐飲業,2016.0,7.0,4.0,3.0,40
ID00881,AC1700469,F036,經典美式純POLO-藍,女裝,980.0,1.0,2016-07-04,980.0,161.7,132.3,1038.8,郭家慧,Male,33,新北市,金融業和房地產,2016.0,7.0,4.0,3.0,30
ID00882,AC1703190,F012,托特包-白,配件,1740.0,1.0,2016-07-04,1740.0,431.52,90.47999999999999,1844.4,賴建成,Male,47,桃園市,其他,2016.0,7.0,4.0,3.0,40
ID00883,AC1701345,F012,托特包-白,配件,1740.0,1.0,2016-07-04,1740.0,431.52,90.47999999999999,1844.4,許志宏,Male,40,宜蘭縣,金融業和房地產,2016.0,7.0,4.0,3.0,40
ID00884,AC1701119,F041,三層樓梯椅-黑,家俱,820.0,2.0,2016-07-04,1640.0,246.0,246.0,1738.4,羅佳蓉,Male,45,新北市,住宿和餐飲業,2016.0,7.0,4.0,3.0,40
ID00885,AC1702931,F003,印圖大學T男裝-藍,男裝,750.0,1.0,2016-07-04,750.0,144.0,81.0,795.0,林曉屏,Female,34,桃園市,其他,2016.0,7.0,4.0,3.0,30
ID00886,AC1701662,F024,運動潮流直筒棉褲男童-灰,童裝,2030.0,1.0,2016-07-04,2030.0,357.28,251.72,2151.8,蕭淑敏,Female,29,新北市,金融業和房地產,2016.0,7.0,4.0,3.0,20
ID00887,AC1701527,F002,運動潮流直筒棉褲男童-白,童裝,930.0,1.0,2016-07-04,930.0,163.68,115.32,985.8000000000001,陳靜正,Male,33,宜蘭縣,金融業和房地產,2016.0,7.0,4.0,3.0,30
ID00888,AC1701946,F002,運動潮流直筒棉褲男童-白,童裝,930.0,1.0,2016-07-04,930.0,163.68,115.32,985.8000000000001,郭筠銘,Female,40,新北市,金融業和房地產,2016.0,7.0,4.0,3.0,40
ID00889,AC1701698,F024,運動潮流直筒棉褲男童-灰,童裝,2030.0,1.0,2016-07-04,2030.0,357.28,251.72,2151.8,楊奎慈,Male,45,宜蘭縣,金融業和房地產,2016.0,7.0,4.0,3.0,40
ID00890,AC1703334,F036,經典美式純POLO-藍,女裝,980.0,2.0,2016-07-04,1960.0,323.4,264.6,2077.6,王恆韋,Male,27,基隆市,金融業和房地產,2016.0,7.0,4.0,3.0,20
ID00891,AC1700083,F005,運動潮流連帽外套男裝-灰,男裝,1450.0,1.0,2016-07-04,1450.0,278.4000000000001,156.6,1537.0,陳筱涵,Female,55,基隆市,農林漁牧業,2016.0,7.0,4.0,3.0,50
ID00892,AC1703311,F036,經典美式純POLO-藍,女裝,980.0,1.0,2016-07-04,980.0,161.7,132.3,1038.8,陳姵辛,Female,44,基隆市,其他,2016.0,7.0,4.0,3.0,40
ID00893,AC1703037,F012,托特包-白,配件,1740.0,1.0,2016-07-04,1740.0,431.52,90.47999999999999,1844.4,連雅婷,Female,30,桃園市,其他,2016.0,7.0,4.0,3.0,30
ID00894,AC1702020,F012,托特包-白,配件,1740.0,1.0,2016-07-04,1740.0,431.52,90.47999999999999,1844.4,胡鎮宇,Male,32,宜蘭縣,教育體育文化,2016.0,7.0,4.0,3.0,30
ID00895,AC1701976,F041,三層樓梯椅-黑,家俱,820.0,2.0,2016-07-04,1640.0,246.0,246.0,1738.4,張敬倩,Female,47,新北市,金融業和房地產,2016.0,7.0,4.0,3.0,40
ID00896,AC1702700,F024,運動潮流直筒棉褲男童-灰,童裝,2030.0,1.0,2016-07-04,2030.0,357.28,251.72,2151.8,黃思翰,Male,54,桃園市,其他,2016.0,7.0,4.0,3.0,50
ID00897,AC1701760,F016,後背包-藍,配件,890.0,1.0,2016-07-06,890.0,220.72,46.28,943.4000000000001,張盛龍,Male,28,宜蘭縣,金融業和房地產,2016.0,7.0,6.0,3.0,20
ID00898,AC1703546,F002,運動潮流直筒棉褲男童-白,童裝,930.0,1.0,2016-07-04,930.0,163.68,115.32,985.8000000000001,危毅盛,Male,33,基隆市,其他,2016.0,7.0,4.0,3.0,30
ID00899,AC1702445,F002,運動潮流直筒棉褲男童-白,童裝,930.0,1.0,2016-07-04,930.0,163.68,115.32,985.8000000000001,藍昆城,Male,58,桃園市,其他,2016.0,7.0,4.0,3.0,50
ID00900,AC1703886,F024,運動潮流直筒棉褲男童-灰,童裝,2030.0,1.0,2016-07-04,2030.0,357.28,251.72,2151.8,謝承翰,Male,46,臺北市,金融業和房地產,2016.0,7.0,4.0,3.0,40
ID00901,AC1703042,F005,運動潮流連帽外套男裝-灰,男裝,1450.0,1.0,2016-07-04,1450.0,278.4000000000001,156.6,1537.0,邱方岑,Female,56,桃園市,金融業和房地產,2016.0,7.0,4.0,3.0,50
ID00902,AC1703054,F009,大化妝包-深藍,配件,2100.0,2.0,2016-07-06,4200.0,1041.6,218.39999999999998,4452.0,陳皇佐,Female,42,桃園市,其他,2016.0,7.0,6.0,3.0,40
ID00903,AC1700579,F041,三層樓梯椅-黑,家俱,820.0,2.0,2016-07-04,1640.0,246.0,246.0,1738.4,黃旭偉,Male,34,新北市,住宿和餐飲業,2016.0,7.0,4.0,3.0,30
ID00904,AC1703402,F016,後背包-藍,配件,890.0,1.0,2016-07-06,890.0,220.72,46.28,943.4000000000001,郭美珠,Female,28,基隆市,住宿和餐飲業,2016.0,7.0,6.0,3.0,20
ID00905,AC1700816,F024,運動潮流直筒棉褲男童-灰,童裝,2030.0,1.0,2016-07-04,2030.0,357.28,251.72,2151.8,李俊宇,Male,40,新北市,金融業和房地產,2016.0,7.0,4.0,3.0,40
ID00906,AC1701391,F002,運動潮流直筒棉褲男童-白,童裝,930.0,1.0,2016-07-04,930.0,163.68,115.32,985.8000000000001,楊嘉惠,Male,35,宜蘭縣,金融業和房地產,2016.0,7.0,4.0,3.0,30
ID00907,AC1703054,F002,運動潮流直筒棉褲男童-白,童裝,930.0,1.0,2016-07-04,930.0,163.68,115.32,985.8000000000001,陳皇佐,Female,42,桃園市,其他,2016.0,7.0,4.0,3.0,40
ID00908,AC1701350,F024,運動潮流直筒棉褲男童-灰,童裝,2030.0,1.0,2016-07-04,2030.0,357.28,251.72,2151.8,楊惠裕,Male,43,宜蘭縣,住宿和餐飲業,2016.0,7.0,4.0,3.0,40
ID00909,AC1702707,F009,大化妝包-深藍,配件,2100.0,2.0,2016-07-06,4200.0,1041.6,218.39999999999998,4452.0,劉嘉嬌,Female,45,桃園市,住宿和餐飲業,2016.0,7.0,6.0,3.0,40
ID00910,AC1703007,F005,運動潮流連帽外套男裝-灰,男裝,1450.0,1.0,2016-07-04,1450.0,278.4000000000001,156.6,1537.0,郭銘蘭,Male,61,桃園市,住宿和餐飲業,2016.0,7.0,4.0,3.0,60
ID00911,AC1700840,F016,後背包-藍,配件,890.0,1.0,2016-07-06,890.0,220.72,46.28,943.4000000000001,楊修麟,Female,44,新北市,金融業和房地產,2016.0,7.0,6.0,3.0,40
ID00912,AC1700805,F041,三層樓梯椅-黑,家俱,820.0,2.0,2016-07-04,1640.0,246.0,246.0,1738.4,黃昭揚,Male,43,新北市,教育體育文化,2016.0,7.0,4.0,3.0,40
ID00913,AC1703529,F024,運動潮流直筒棉褲男童-灰,童裝,2030.0,1.0,2016-07-04,2030.0,357.28,251.72,2151.8,胡雅惠,Female,37,基隆市,金融業和房地產,2016.0,7.0,4.0,3.0,30
ID00914,AC1700395,F002,運動潮流直筒棉褲男童-白,童裝,930.0,1.0,2016-07-04,930.0,163.68,115.32,985.8000000000001,黃詩雅,Male,55,新北市,金融業和房地產,2016.0,7.0,4.0,3.0,50
ID00915,AC1701948,F002,運動潮流直筒棉褲男童-白,童裝,930.0,1.0,2016-07-04,930.0,163.68,115.32,985.8000000000001,喬珮珊,Female,35,宜蘭縣,住宿和餐飲業,2016.0,7.0,4.0,3.0,30
ID00916,AC1700391,F009,大化妝包-深藍,配件,2100.0,2.0,2016-07-06,4200.0,1041.6,218.39999999999998,4452.0,李佩洋,Male,50,新北市,金融業和房地產,2016.0,7.0,6.0,3.0,50
ID00917,AC1702982,F024,運動潮流直筒棉褲男童-灰,童裝,2030.0,1.0,2016-07-04,2030.0,357.28,251.72,2151.8,胡欣怡,Female,44,桃園市,其他,2016.0,7.0,4.0,3.0,40
ID00918,AC1701937,F016,後背包-藍,配件,890.0,1.0,2016-07-06,890.0,220.72,46.28,943.4000000000001,楊杰恩,Male,21,宜蘭縣,金融業和房地產,2016.0,7.0,6.0,3.0,20
ID00919,AC1703326,F024,運動潮流直筒棉褲男童-灰,童裝,2030.0,1.0,2016-07-06,2030.0,357.28,251.72,2151.8,羅鈺來,Female,39,基隆市,金融業和房地產,2016.0,7.0,6.0,3.0,30
ID00920,AC1700443,F015,法蘭絨格紋襯衫-紅,女裝,1740.0,1.0,2016-07-06,1740.0,287.1,234.9,1844.4,張佐為,Male,38,新北市,金融業和房地產,2016.0,7.0,6.0,3.0,30
ID00921,AC1701171,F025,雙向層架式書桌-咖,家俱,2900.0,1.0,2016-07-06,2900.0,435.0000000000002,435.0,3074.0,溫百帆,Female,45,新北市,住宿和餐飲業,2016.0,7.0,6.0,3.0,40
ID00922,AC1702765,F025,雙向層架式書桌-咖,家俱,2900.0,1.0,2016-07-06,2900.0,435.0000000000002,435.0,3074.0,陳陽堯,Male,41,桃園市,住宿和餐飲業,2016.0,7.0,6.0,3.0,40
ID00923,AC1700435,F009,大化妝包-深藍,配件,2100.0,2.0,2016-07-06,4200.0,1041.6,218.39999999999998,4452.0,陳倫福,Female,32,新北市,其他,2016.0,7.0,6.0,3.0,30
ID00924,AC1701091,F024,運動潮流直筒棉褲男童-灰,童裝,2030.0,1.0,2016-07-06,2030.0,357.28,251.72,2151.8,羅宗穎,Female,30,新北市,住宿和餐飲業,2016.0,7.0,6.0,3.0,30
ID00925,AC1700109,F016,後背包-藍,配件,890.0,1.0,2016-07-06,890.0,220.72,46.28,943.4000000000001,李婉岳,Female,53,新北市,金融業和房地產,2016.0,7.0,6.0,3.0,50
ID00926,AC1703893,F024,運動潮流直筒棉褲男童-灰,童裝,2030.0,1.0,2016-07-06,2030.0,357.28,251.72,2151.8,黃思涵,Male,41,臺北市,其他,2016.0,7.0,6.0,3.0,40
ID00927,AC1701730,F015,法蘭絨格紋襯衫-紅,女裝,1740.0,1.0,2016-07-06,1740.0,287.1,234.9,1844.4,鄭靜怡,Female,34,宜蘭縣,其他,2016.0,7.0,6.0,3.0,30
ID00928,AC1701981,F025,雙向層架式書桌-咖,家俱,2900.0,1.0,2016-07-06,2900.0,435.0000000000002,435.0,3074.0,鄭凱鈞,Male,35,宜蘭縣,教育體育文化,2016.0,7.0,6.0,3.0,30
ID00929,AC1702579,F025,雙向層架式書桌-咖,家俱,2900.0,1.0,2016-07-06,2900.0,435.0000000000002,435.0,3074.0,張瑋容,Male,57,桃園市,住宿和餐飲業,2016.0,7.0,6.0,3.0,50
ID00930,AC1703886,F031,胡桃3.2尺電腦桌,家俱,40600.0,1.0,2016-07-06,40600.0,6090.0,6090.0,43036.0,謝承翰,Male,46,臺北市,金融業和房地產,2016.0,7.0,6.0,3.0,40
ID00931,AC1702683,F008,法蘭絨格紋襯衫-黑,女裝,1800.0,1.0,2016-07-15,1800.0,297.0,243.00000000000003,1908.0,黃文裕,Female,50,桃園市,農林漁牧業,2016.0,7.0,15.0,3.0,50
ID00932,AC1703548,F012,托特包-白,配件,1740.0,1.0,2016-07-15,1740.0,431.52,90.47999999999999,1844.4,陳惠敏,Female,27,基隆市,其他,2016.0,7.0,15.0,3.0,20
ID00933,AC1702728,F024,運動潮流直筒棉褲男童-灰,童裝,2030.0,1.0,2016-07-06,2030.0,357.28,251.72,2151.8,陳思豐,Male,47,桃園市,住宿和餐飲業,2016.0,7.0,6.0,3.0,40
ID00934,AC1701919,F024,運動潮流直筒棉褲男童-灰,童裝,2030.0,1.0,2016-07-06,2030.0,357.28,251.72,2151.8,王彥樺,Female,42,宜蘭縣,金融業和房地產,2016.0,7.0,6.0,3.0,40
ID00935,AC1703159,F015,法蘭絨格紋襯衫-紅,女裝,1740.0,1.0,2016-07-06,1740.0,287.1,234.9,1844.4,陳素貞,Female,54,桃園市,其他,2016.0,7.0,6.0,3.0,50
ID00936,AC1700765,F025,雙向層架式書桌-咖,家俱,2900.0,1.0,2016-07-06,2900.0,435.0000000000002,435.0,3074.0,阮舒璇,Female,34,新北市,其他,2016.0,7.0,6.0,3.0,30
ID00937,AC1702980,F025,雙向層架式書桌-咖,家俱,2900.0,1.0,2016-07-06,2900.0,435.0000000000002,435.0,3074.0,林宜茹,Male,60,桃園市,其他,2016.0,7.0,6.0,3.0,60
ID00938,AC1702268,F008,法蘭絨格紋襯衫-黑,女裝,1800.0,3.0,2016-07-15,5400.0,891.0000000000005,729.0,5724.0,蔣宏韋,Female,48,桃園市,住宿和餐飲業,2016.0,7.0,15.0,3.0,40
ID00939,AC1703983,F038,經典美式純POLO-黑,女裝,980.0,3.0,2016-07-15,2940.0,485.09999999999997,396.90000000000003,3116.4,林芳堅,Male,40,臺北市,金融業和房地產,2016.0,7.0,15.0,3.0,40
ID00940,AC1700836,F024,運動潮流直筒棉褲男童-灰,童裝,2030.0,1.0,2016-07-06,2030.0,357.28,251.72,2151.8,王柏豪,Male,23,新北市,其他,2016.0,7.0,6.0,3.0,20
ID00941,AC1703688,F024,運動潮流直筒棉褲男童-灰,童裝,2030.0,1.0,2016-07-06,2030.0,357.28,251.72,2151.8,丁瓊菁,Female,31,基隆市,金融業和房地產,2016.0,7.0,6.0,3.0,30
ID00942,AC1702551,F015,法蘭絨格紋襯衫-紅,女裝,1740.0,1.0,2016-07-06,1740.0,287.1,234.9,1844.4,吳家弘,Female,49,桃園市,其他,2016.0,7.0,6.0,3.0,40
ID00943,AC1700717,F025,雙向層架式書桌-咖,家俱,2900.0,1.0,2016-07-06,2900.0,435.0000000000002,435.0,3074.0,張志寧,Female,41,新北市,金融業和房地產,2016.0,7.0,6.0,3.0,40
ID00944,AC1702283,F025,雙向層架式書桌-咖,家俱,2900.0,1.0,2016-07-06,2900.0,435.0000000000002,435.0,3074.0,陳其榮,Female,47,桃園市,其他,2016.0,7.0,6.0,3.0,40
ID00945,AC1702466,F028,大學T男童-藍,童裝,1750.0,5.0,2016-07-15,8750.0,1540.0,1085.0,9275.0,李雅芬,Female,43,桃園市,住宿和餐飲業,2016.0,7.0,15.0,3.0,40
ID00946,AC1702988,F028,大學T男童-藍,童裝,1750.0,5.0,2016-07-15,8750.0,1540.0,1085.0,9275.0,毛白佳,Male,43,桃園市,其他,2016.0,7.0,15.0,3.0,40
ID00947,AC1701352,F003,印圖大學T男裝-藍,男裝,750.0,1.0,2016-07-15,750.0,144.0,81.0,795.0,黃彥琦,Female,45,新北市,金融業和房地產,2016.0,7.0,15.0,3.0,40
ID00948,AC1702543,F008,法蘭絨格紋襯衫-黑,女裝,1800.0,1.0,2016-07-15,1800.0,297.0,243.00000000000003,1908.0,陳文賢,Male,56,桃園市,住宿和餐飲業,2016.0,7.0,15.0,3.0,50
ID00949,AC1703663,F008,法蘭絨格紋襯衫-黑,女裝,1800.0,1.0,2016-07-15,1800.0,297.0,243.00000000000003,1908.0,劉雅文,Female,29,基隆市,金融業和房地產,2016.0,7.0,15.0,3.0,20
ID00950,AC1701703,F008,法蘭絨格紋襯衫-黑,女裝,1800.0,1.0,2016-07-15,1800.0,297.0,243.00000000000003,1908.0,王冠良,Male,30,宜蘭縣,金融業和房地產,2016.0,7.0,15.0,3.0,30
ID00951,AC1701661,F012,托特包-白,配件,1740.0,1.0,2016-07-15,1740.0,431.52,90.47999999999999,1844.4,林清茵,Female,44,宜蘭縣,金融業和房地產,2016.0,7.0,15.0,3.0,40
ID00952,AC1700469,F024,運動潮流直筒棉褲男童-灰,童裝,2030.0,1.0,2016-07-06,2030.0,357.28,251.72,2151.8,郭家慧,Male,33,新北市,金融業和房地產,2016.0,7.0,6.0,3.0,30
ID00953,AC1703087,F024,運動潮流直筒棉褲男童-灰,童裝,2030.0,1.0,2016-07-06,2030.0,357.28,251.72,2151.8,黃琬婷,Female,33,桃園市,金融業和房地產,2016.0,7.0,6.0,3.0,30
ID00954,AC1700735,F015,法蘭絨格紋襯衫-紅,女裝,1740.0,1.0,2016-07-06,1740.0,287.1,234.9,1844.4,李郁婷,Male,31,新北市,住宿和餐飲業,2016.0,7.0,6.0,3.0,30
ID00955,AC1703755,F025,雙向層架式書桌-咖,家俱,2900.0,1.0,2016-07-06,2900.0,435.0000000000002,435.0,3074.0,許台民,Male,38,基隆市,住宿和餐飲業,2016.0,7.0,6.0,3.0,30
ID00956,AC1701136,F025,雙向層架式書桌-咖,家俱,2900.0,1.0,2016-07-06,2900.0,435.0000000000002,435.0,3074.0,吳佩宣,Female,46,新北市,金融業和房地產,2016.0,7.0,6.0,3.0,40
ID00957,AC1702384,F008,法蘭絨格紋襯衫-黑,女裝,1800.0,3.0,2016-07-15,5400.0,891.0000000000005,729.0,5724.0,陳瑜誠,Male,52,桃園市,其他,2016.0,7.0,15.0,3.0,50
ID00958,AC1702587,F038,經典美式純POLO-黑,女裝,980.0,3.0,2016-07-15,2940.0,485.09999999999997,396.90000000000003,3116.4,楊昶蓉,Female,38,桃園市,其他,2016.0,7.0,15.0,3.0,30
ID00959,AC1701546,F024,運動潮流直筒棉褲男童-灰,童裝,2030.0,1.0,2016-07-06,2030.0,357.28,251.72,2151.8,楊佳雯,Female,30,新北市,金融業和房地產,2016.0,7.0,6.0,3.0,30
ID00960,AC1701969,F010,中夾-紅,皮件,2610.0,1.0,2016-07-15,2610.0,595.0800000000003,187.92,2766.6000000000004,駱婉如,Female,36,宜蘭縣,其他,2016.0,7.0,15.0,3.0,30
ID00961,AC1700013,F010,中夾-紅,皮件,2610.0,1.0,2016-07-15,2610.0,595.0800000000003,187.92,2766.6000000000004,郭信邦,Male,48,基隆市,教育體育文化,2016.0,7.0,15.0,3.0,40
ID00962,AC1701133,F024,運動潮流直筒棉褲男童-灰,童裝,2030.0,2.0,2016-07-15,4060.0,714.56,503.44,4303.6,陳俊達,Female,37,新北市,住宿和餐飲業,2016.0,7.0,15.0,3.0,30
ID00963,AC1703492,F024,運動潮流直筒棉褲男童-灰,童裝,2030.0,2.0,2016-07-15,4060.0,714.56,503.44,4303.6,張維月,Female,44,基隆市,住宿和餐飲業,2016.0,7.0,15.0,3.0,40
ID00964,AC1702964,F028,大學T男童-藍,童裝,1750.0,5.0,2016-07-15,8750.0,1540.0,1085.0,9275.0,何昱廷,Male,48,桃園市,住宿和餐飲業,2016.0,7.0,15.0,3.0,40
ID00965,AC1703546,F028,大學T男童-藍,童裝,1750.0,5.0,2016-07-15,8750.0,1540.0,1085.0,9275.0,危毅盛,Male,33,基隆市,其他,2016.0,7.0,15.0,3.0,30
ID00966,AC1700183,F003,印圖大學T男裝-藍,男裝,750.0,1.0,2016-07-15,750.0,144.0,81.0,795.0,陳靜柏,Female,45,臺北市,住宿和餐飲業,2016.0,7.0,15.0,3.0,40
ID00967,AC1702653,F008,法蘭絨格紋襯衫-黑,女裝,1800.0,1.0,2016-07-15,1800.0,297.0,243.00000000000003,1908.0,錢慈綺,Female,49,桃園市,金融業和房地產,2016.0,7.0,15.0,3.0,40
ID00968,AC1703815,F008,法蘭絨格紋襯衫-黑,女裝,1800.0,1.0,2016-07-15,1800.0,297.0,243.00000000000003,1908.0,陳志成,Female,40,臺北市,其他,2016.0,7.0,15.0,3.0,40
ID00969,AC1700143,F008,法蘭絨格紋襯衫-黑,女裝,1800.0,1.0,2016-07-15,1800.0,297.0,243.00000000000003,1908.0,韓翔妍,Male,54,新北市,金融業和房地產,2016.0,7.0,15.0,3.0,50
ID00970,AC1701002,F012,托特包-白,配件,1740.0,1.0,2016-07-15,1740.0,431.52,90.47999999999999,1844.4,林逸如,Female,31,新北市,金融業和房地產,2016.0,7.0,15.0,3.0,30
ID00971,AC1701357,F024,運動潮流直筒棉褲男童-灰,童裝,2030.0,3.0,2016-07-15,6090.0,1071.8400000000001,755.16,6455.400000000001,陳韻妹,Female,46,新北市,金融業和房地產,2016.0,7.0,15.0,3.0,40
ID00972,AC1703441,F002,運動潮流直筒棉褲男童-白,童裝,930.0,3.0,2016-07-15,2790.0,491.04000000000025,345.96,2957.4,陳宥迪,Female,33,基隆市,住宿和餐飲業,2016.0,7.0,15.0,3.0,30
ID00973,AC1702126,F005,運動潮流連帽外套男裝-灰,男裝,1450.0,5.0,2016-07-15,7250.0,1392.0,783.0,7685.0,鄭玉玲,Female,36,宜蘭縣,住宿和餐飲業,2016.0,7.0,15.0,3.0,30
ID00974,AC1703030,F005,運動潮流連帽外套男裝-灰,男裝,1450.0,5.0,2016-07-15,7250.0,1392.0,783.0,7685.0,趙韋惠,Female,52,桃園市,其他,2016.0,7.0,15.0,3.0,50
ID00975,AC1701846,F005,運動潮流連帽外套男裝-灰,男裝,1450.0,5.0,2016-07-15,7250.0,1392.0,783.0,7685.0,黃偉禾,Female,36,新北市,其他,2016.0,7.0,15.0,3.0,30
ID00976,AC1700655,F008,法蘭絨格紋襯衫-黑,女裝,1800.0,3.0,2016-07-15,5400.0,891.0000000000005,729.0,5724.0,侯家榮,Male,35,新北市,其他,2016.0,7.0,15.0,3.0,30
ID00977,AC1702662,F038,經典美式純POLO-黑,女裝,980.0,3.0,2016-07-15,2940.0,485.09999999999997,396.90000000000003,3116.4,郭宜珊,Female,62,桃園市,其他,2016.0,7.0,15.0,3.0,60
ID00978,AC1702279,F005,運動潮流連帽外套男裝-灰,男裝,1450.0,5.0,2016-07-15,7250.0,1392.0,783.0,7685.0,林希怡,Male,51,桃園市,金融業和房地產,2016.0,7.0,15.0,3.0,50
ID00979,AC1701208,F010,中夾-紅,皮件,2610.0,1.0,2016-07-15,2610.0,595.0800000000003,187.92,2766.6000000000004,林婉如,Female,33,新北市,金融業和房地產,2016.0,7.0,15.0,3.0,30
ID00980,AC1701154,F010,中夾-紅,皮件,2610.0,1.0,2016-07-15,2610.0,595.0800000000003,187.92,2766.6000000000004,毛麗玲,Female,36,新北市,金融業和房地產,2016.0,7.0,15.0,3.0,30
ID00981,AC1701272,F024,運動潮流直筒棉褲男童-灰,童裝,2030.0,2.0,2016-07-15,4060.0,714.56,503.44,4303.6,楊松明,Female,38,新北市,其他,2016.0,7.0,15.0,3.0,30
ID00982,AC1703393,F024,運動潮流直筒棉褲男童-灰,童裝,2030.0,2.0,2016-07-15,4060.0,714.56,503.44,4303.6,許哲東,Female,45,基隆市,金融業和房地產,2016.0,7.0,15.0,3.0,40
ID00983,AC1702334,F028,大學T男童-藍,童裝,1750.0,5.0,2016-07-15,8750.0,1540.0,1085.0,9275.0,許慧君,Male,48,桃園市,其他,2016.0,7.0,15.0,3.0,40
ID00984,AC1700564,F028,大學T男童-藍,童裝,1750.0,5.0,2016-07-15,8750.0,1540.0,1085.0,9275.0,張淑忠,Female,35,新北市,金融業和房地產,2016.0,7.0,15.0,3.0,30
ID00985,AC1703028,F003,印圖大學T男裝-藍,男裝,750.0,1.0,2016-07-15,750.0,144.0,81.0,795.0,戴向娟,Female,49,桃園市,其他,2016.0,7.0,15.0,3.0,40
ID00986,AC1702680,F008,法蘭絨格紋襯衫-黑,女裝,1800.0,1.0,2016-07-15,1800.0,297.0,243.00000000000003,1908.0,蔡佩仁,Male,50,桃園市,其他,2016.0,7.0,15.0,3.0,50
ID00987,AC1703482,F008,法蘭絨格紋襯衫-黑,女裝,1800.0,1.0,2016-07-15,1800.0,297.0,243.00000000000003,1908.0,李佩凌,Female,28,基隆市,金融業和房地產,2016.0,7.0,15.0,3.0,20
ID00988,AC1700351,F008,法蘭絨格紋襯衫-黑,女裝,1800.0,1.0,2016-07-15,1800.0,297.0,243.00000000000003,1908.0,周典合,Female,55,新北市,住宿和餐飲業,2016.0,7.0,15.0,3.0,50
ID00989,AC1702652,F012,托特包-白,配件,1740.0,1.0,2016-07-15,1740.0,431.52,90.47999999999999,1844.4,王聖宣,Male,52,桃園市,住宿和餐飲業,2016.0,7.0,15.0,3.0,50
ID00990,AC1702734,F024,運動潮流直筒棉褲男童-灰,童裝,2030.0,3.0,2016-07-15,6090.0,1071.8400000000001,755.16,6455.400000000001,林璇玫,Male,32,桃園市,住宿和餐飲業,2016.0,7.0,15.0,3.0,30
ID00991,AC1702119,F002,運動潮流直筒棉褲男童-白,童裝,930.0,3.0,2016-07-15,2790.0,491.04000000000025,345.96,2957.4,楊孝民,Male,41,宜蘭縣,住宿和餐飲業,2016.0,7.0,15.0,3.0,40
ID00992,AC1700440,F005,運動潮流連帽外套男裝-灰,男裝,1450.0,5.0,2016-07-15,7250.0,1392.0,783.0,7685.0,吳靜怡,Female,47,新北市,金融業和房地產,2016.0,7.0,15.0,3.0,40
ID00993,AC1701110,F005,運動潮流連帽外套男裝-灰,男裝,1450.0,5.0,2016-07-15,7250.0,1392.0,783.0,7685.0,林雅玲,Male,50,新北市,金融業和房地產,2016.0,7.0,15.0,3.0,50
ID00994,AC1701994,F005,運動潮流連帽外套男裝-灰,男裝,1450.0,5.0,2016-07-15,7250.0,1392.0,783.0,7685.0,陳曉佩,Male,33,宜蘭縣,金融業和房地產,2016.0,7.0,15.0,3.0,30
ID00995,AC1701279,F008,法蘭絨格紋襯衫-黑,女裝,1800.0,3.0,2016-07-15,5400.0,891.0000000000005,729.0,5724.0,劉正盈,Male,30,新北市,金融業和房地產,2016.0,7.0,15.0,3.0,30
ID00996,AC1700469,F038,經典美式純POLO-黑,女裝,980.0,3.0,2016-07-15,2940.0,485.09999999999997,396.90000000000003,3116.4,郭家慧,Male,33,新北市,金融業和房地產,2016.0,7.0,15.0,3.0,30
ID00997,AC1700924,F005,運動潮流連帽外套男裝-灰,男裝,1450.0,5.0,2016-07-15,7250.0,1392.0,783.0,7685.0,劉淑芬,Male,38,新北市,其他,2016.0,7.0,15.0,3.0,30
ID00998,AC1703706,F010,中夾-紅,皮件,2610.0,1.0,2016-07-15,2610.0,595.0800000000003,187.92,2766.6000000000004,李俞伸,Male,27,基隆市,金融業和房地產,2016.0,7.0,15.0,3.0,20
ID00999,AC1700309,F010,中夾-紅,皮件,2610.0,1.0,2016-07-15,2610.0,595.0800000000003,187.92,2766.6000000000004,姜孟倫,Female,55,新北市,金融業和房地產,2016.0,7.0,15.0,3.0,50
ID01000,AC1702618,F024,運動潮流直筒棉褲男童-灰,童裝,2030.0,2.0,2016-07-15,4060.0,714.56,503.44,4303.6,張奕翔,Male,55,桃園市,住宿和餐飲業,2016.0,7.0,15.0,3.0,50
ID01001,AC1700469,F024,運動潮流直筒棉褲男童-灰,童裝,2030.0,2.0,2016-07-15,4060.0,714.56,503.44,4303.6,郭家慧,Male,33,新北市,金融業和房地產,2016.0,7.0,15.0,3.0,30
ID01002,AC1700358,F028,大學T男童-藍,童裝,1750.0,5.0,2016-07-15,8750.0,1540.0,1085.0,9275.0,謝憲,Male,54,新北市,金融業和房地產,2016.0,7.0,15.0,3.0,50
ID01003,AC1700469,F028,大學T男童-藍,童裝,1750.0,5.0,2016-07-15,8750.0,1540.0,1085.0,9275.0,郭家慧,Male,33,新北市,金融業和房地產,2016.0,7.0,15.0,3.0,30
ID01004,AC1703526,F003,印圖大學T男裝-藍,男裝,750.0,1.0,2016-07-15,750.0,144.0,81.0,795.0,陳文霞,Female,48,基隆市,金融業和房地產,2016.0,7.0,15.0,3.0,40
ID01005,AC1703075,F008,法蘭絨格紋襯衫-黑,女裝,1800.0,1.0,2016-07-15,1800.0,297.0,243.00000000000003,1908.0,劉雅玲,Male,44,桃園市,其他,2016.0,7.0,15.0,3.0,40
ID01006,AC1702412,F008,法蘭絨格紋襯衫-黑,女裝,1800.0,1.0,2016-07-15,1800.0,297.0,243.00000000000003,1908.0,李耀文,Female,60,桃園市,其他,2016.0,7.0,15.0,3.0,60
ID01007,AC1702295,F008,法蘭絨格紋襯衫-黑,女裝,1800.0,1.0,2016-07-15,1800.0,297.0,243.00000000000003,1908.0,陳珮竹,Male,47,桃園市,其他,2016.0,7.0,15.0,3.0,40
ID01008,AC1703102,F012,托特包-白,配件,1740.0,1.0,2016-07-15,1740.0,431.52,90.47999999999999,1844.4,楊一岑,Female,43,桃園市,住宿和餐飲業,2016.0,7.0,15.0,3.0,40
ID01009,AC1700511,F024,運動潮流直筒棉褲男童-灰,童裝,2030.0,3.0,2016-07-15,6090.0,1071.8400000000001,755.16,6455.400000000001,李政來,Male,37,新北市,金融業和房地產,2016.0,7.0,15.0,3.0,30
ID01010,AC1703396,F002,運動潮流直筒棉褲男童-白,童裝,930.0,3.0,2016-07-15,2790.0,491.04000000000025,345.96,2957.4,王琬蓮,Female,35,基隆市,金融業和房地產,2016.0,7.0,15.0,3.0,30
ID01011,AC1702168,F005,運動潮流連帽外套男裝-灰,男裝,1450.0,5.0,2016-07-15,7250.0,1392.0,783.0,7685.0,姜軒星,Female,58,桃園市,其他,2016.0,7.0,15.0,3.0,50
ID01012,AC1701643,F005,運動潮流連帽外套男裝-灰,男裝,1450.0,5.0,2016-07-15,7250.0,1392.0,783.0,7685.0,郭仕倫,Male,34,宜蘭縣,金融業和房地產,2016.0,7.0,15.0,3.0,30
ID01013,AC1702784,F005,運動潮流連帽外套男裝-灰,男裝,1450.0,5.0,2016-07-15,7250.0,1392.0,783.0,7685.0,黃向新,Male,58,桃園市,其他,2016.0,7.0,15.0,3.0,50
ID01014,AC1703155,F008,法蘭絨格紋襯衫-黑,女裝,1800.0,3.0,2016-07-15,5400.0,891.0000000000005,729.0,5724.0,劉佳瑩,Male,45,桃園市,金融業和房地產,2016.0,7.0,15.0,3.0,40
ID01015,AC1701970,F038,經典美式純POLO-黑,女裝,980.0,3.0,2016-07-15,2940.0,485.09999999999997,396.90000000000003,3116.4,林柏盈,Male,27,宜蘭縣,金融業和房地產,2016.0,7.0,15.0,3.0,20
ID01016,AC1700024,F005,運動潮流連帽外套男裝-灰,男裝,1450.0,5.0,2016-07-15,7250.0,1392.0,783.0,7685.0,李佳岳,Male,42,臺北市,金融業和房地產,2016.0,7.0,15.0,3.0,40
ID01017,AC1702648,F010,中夾-紅,皮件,2610.0,1.0,2016-07-15,2610.0,595.0800000000003,187.92,2766.6000000000004,胡凡谷,Male,57,桃園市,住宿和餐飲業,2016.0,7.0,15.0,3.0,50
ID01018,AC1701092,F010,中夾-紅,皮件,2610.0,1.0,2016-07-15,2610.0,595.0800000000003,187.92,2766.6000000000004,賴鈞生,Male,27,新北市,住宿和餐飲業,2016.0,7.0,15.0,3.0,20
ID01019,AC1701048,F024,運動潮流直筒棉褲男童-灰,童裝,2030.0,2.0,2016-07-15,4060.0,714.56,503.44,4303.6,賴詩秀,Male,38,新北市,金融業和房地產,2016.0,7.0,15.0,3.0,30
ID01020,AC1703099,F024,運動潮流直筒棉褲男童-灰,童裝,2030.0,2.0,2016-07-15,4060.0,714.56,503.44,4303.6,吳介佐,Female,58,桃園市,其他,2016.0,7.0,15.0,3.0,50
ID01021,AC1700111,F028,大學T男童-藍,童裝,1750.0,5.0,2016-07-15,8750.0,1540.0,1085.0,9275.0,蔡宗穎,Female,41,新北市,農林漁牧業,2016.0,7.0,15.0,3.0,40
ID01022,AC1703074,F028,大學T男童-藍,童裝,1750.0,5.0,2016-07-15,8750.0,1540.0,1085.0,9275.0,陳宏東,Male,48,桃園市,住宿和餐飲業,2016.0,7.0,15.0,3.0,40
ID01023,AC1702107,F003,印圖大學T男裝-藍,男裝,750.0,1.0,2016-07-15,750.0,144.0,81.0,795.0,張珮為,Female,40,新北市,教育體育文化,2016.0,7.0,15.0,3.0,40
ID01024,AC1700610,F008,法蘭絨格紋襯衫-黑,女裝,1800.0,1.0,2016-07-15,1800.0,297.0,243.00000000000003,1908.0,林俊萍,Female,31,新北市,金融業和房地產,2016.0,7.0,15.0,3.0,30
ID01025,AC1703005,F008,法蘭絨格紋襯衫-黑,女裝,1800.0,1.0,2016-07-15,1800.0,297.0,243.00000000000003,1908.0,鄧思翰,Male,50,桃園市,金融業和房地產,2016.0,7.0,15.0,3.0,50
ID01026,AC1703885,F037,耐磨L型沙發-咖,家俱,17400.0,2.0,2016-07-15,34800.0,5220.0,5220.0,36888.0,李邦瑞,Female,47,臺北市,其他,2016.0,7.0,15.0,3.0,40
ID01027,AC1701907,F002,運動潮流直筒棉褲男童-白,童裝,930.0,3.0,2016-07-15,2790.0,491.04000000000025,345.96,2957.4,吳欣揚,Male,27,宜蘭縣,金融業和房地產,2016.0,7.0,15.0,3.0,20
ID01028,AC1700888,F005,運動潮流連帽外套男裝-灰,男裝,1450.0,5.0,2016-07-15,7250.0,1392.0,783.0,7685.0,陳文桓,Female,30,新北市,其他,2016.0,7.0,15.0,3.0,30
ID01029,AC1702277,F005,運動潮流連帽外套男裝-灰,男裝,1450.0,5.0,2016-07-15,7250.0,1392.0,783.0,7685.0,李秀男,Male,49,桃園市,住宿和餐飲業,2016.0,7.0,15.0,3.0,40
ID01030,AC1702856,F011,經典高領多彩T恤男裝-白,男裝,1200.0,1.0,2016-07-30,1200.0,230.4,129.6,1272.0,馮俊偉,Male,58,桃園市,住宿和餐飲業,2016.0,7.0,30.0,3.0,50
ID01031,AC1700082,F011,經典高領多彩T恤男裝-白,男裝,1200.0,1.0,2016-07-30,1200.0,230.4,129.6,1272.0,黃偉成,Male,52,基隆市,農林漁牧業,2016.0,7.0,30.0,3.0,50
ID01032,AC1700578,F011,經典高領多彩T恤男裝-白,男裝,1200.0,1.0,2016-07-30,1200.0,230.4,129.6,1272.0,劉恒桓,Female,55,新北市,金融業和房地產,2016.0,7.0,30.0,3.0,50
ID01033,AC1700213,F011,經典高領多彩T恤男裝-白,男裝,1200.0,1.0,2016-07-30,1200.0,230.4,129.6,1272.0,王晏綠,Female,26,臺北市,金融業和房地產,2016.0,7.0,30.0,3.0,20
ID01034,AC1703362,F005,運動潮流連帽外套男裝-灰,男裝,1450.0,5.0,2016-07-15,7250.0,1392.0,783.0,7685.0,許雪妃,Female,42,基隆市,其他,2016.0,7.0,15.0,3.0,40
ID01035,AC1700109,F005,運動潮流連帽外套男裝-灰,男裝,1450.0,5.0,2016-07-15,7250.0,1392.0,783.0,7685.0,李婉岳,Female,53,新北市,金融業和房地產,2016.0,7.0,15.0,3.0,50
ID01036,AC1701960,F010,中夾-紅,皮件,2610.0,1.0,2016-07-15,2610.0,595.0800000000003,187.92,2766.6000000000004,黃舒寧,Female,36,新北市,金融業和房地產,2016.0,7.0,15.0,3.0,30
ID01037,AC1702825,F010,中夾-紅,皮件,2610.0,1.0,2016-07-15,2610.0,595.0800000000003,187.92,2766.6000000000004,趙永瑜,Male,46,桃園市,金融業和房地產,2016.0,7.0,15.0,3.0,40
ID01038,AC1701374,F016,後背包-藍,配件,890.0,5.0,2016-07-30,4450.0,1103.6,231.39999999999998,4717.0,黃珮君,Female,25,宜蘭縣,其他,2016.0,7.0,30.0,3.0,20
ID01039,AC1703045,F016,後背包-藍,配件,890.0,5.0,2016-07-30,4450.0,1103.6,231.39999999999998,4717.0,朱志宇,Female,39,桃園市,其他,2016.0,7.0,30.0,3.0,30
ID01040,AC1703662,F016,後背包-藍,配件,890.0,5.0,2016-07-30,4450.0,1103.6,231.39999999999998,4717.0,楊文亦,Female,39,基隆市,其他,2016.0,7.0,30.0,3.0,30
ID01041,AC1700880,F016,後背包-藍,配件,890.0,5.0,2016-07-30,4450.0,1103.6,231.39999999999998,4717.0,賴怡瑄,Male,34,新北市,住宿和餐飲業,2016.0,7.0,30.0,3.0,30
ID01042,AC1703210,F024,運動潮流直筒棉褲男童-灰,童裝,2030.0,2.0,2016-07-15,4060.0,714.56,503.44,4303.6,侯維倫,Male,51,桃園市,住宿和餐飲業,2016.0,7.0,15.0,3.0,50
ID01043,AC1703841,F024,運動潮流直筒棉褲男童-灰,童裝,2030.0,2.0,2016-07-15,4060.0,714.56,503.44,4303.6,陳廷齊,Female,38,臺北市,其他,2016.0,7.0,15.0,3.0,30
ID01044,AC1701872,F024,運動潮流直筒棉褲男童-灰,童裝,2030.0,3.0,2016-07-15,6090.0,1071.8400000000001,755.16,6455.400000000001,陳智傑,Male,29,宜蘭縣,金融業和房地產,2016.0,7.0,15.0,3.0,20
ID01045,AC1701451,F002,運動潮流直筒棉褲男童-白,童裝,930.0,3.0,2016-07-15,2790.0,491.04000000000025,345.96,2957.4,吳政蓁,Female,23,新北市,金融業和房地產,2016.0,7.0,15.0,3.0,20
ID01046,AC1701498,F011,經典高領多彩T恤男裝-白,男裝,1200.0,1.0,2016-07-30,1200.0,230.4,129.6,1272.0,王惠珍,Male,31,宜蘭縣,其他,2016.0,7.0,30.0,3.0,30
ID01047,AC1701716,F011,經典高領多彩T恤男裝-白,男裝,1200.0,1.0,2016-07-30,1200.0,230.4,129.6,1272.0,陳政翰,Male,39,宜蘭縣,金融業和房地產,2016.0,7.0,30.0,3.0,30
ID01048,AC1703668,F011,經典高領多彩T恤男裝-白,男裝,1200.0,1.0,2016-07-30,1200.0,230.4,129.6,1272.0,宗怡靜,Female,35,基隆市,住宿和餐飲業,2016.0,7.0,30.0,3.0,30
ID01049,AC1703017,F011,經典高領多彩T恤男裝-白,男裝,1200.0,1.0,2016-07-30,1200.0,230.4,129.6,1272.0,陳筱婷,Male,51,桃園市,住宿和餐飲業,2016.0,7.0,30.0,3.0,50
ID01050,AC1701924,F005,運動潮流連帽外套男裝-灰,男裝,1450.0,5.0,2016-07-15,7250.0,1392.0,783.0,7685.0,賴禎柏,Male,26,宜蘭縣,金融業和房地產,2016.0,7.0,15.0,3.0,20
ID01051,AC1701938,F005,運動潮流連帽外套男裝-灰,男裝,1450.0,5.0,2016-07-15,7250.0,1392.0,783.0,7685.0,周翊妍,Female,31,新北市,金融業和房地產,2016.0,7.0,15.0,3.0,30
ID01052,AC1703396,F005,運動潮流連帽外套男裝-灰,男裝,1450.0,5.0,2016-07-15,7250.0,1392.0,783.0,7685.0,王琬蓮,Female,35,基隆市,金融業和房地產,2016.0,7.0,15.0,3.0,30
ID01053,AC1701213,F005,運動潮流連帽外套男裝-灰,男裝,1450.0,5.0,2016-07-15,7250.0,1392.0,783.0,7685.0,崔世傑,Female,45,新北市,其他,2016.0,7.0,15.0,3.0,40
ID01054,AC1702410,F016,後背包-藍,配件,890.0,5.0,2016-07-30,4450.0,1103.6,231.39999999999998,4717.0,趙京星,Male,48,桃園市,其他,2016.0,7.0,30.0,3.0,40
ID01055,AC1702210,F016,後背包-藍,配件,890.0,5.0,2016-07-30,4450.0,1103.6,231.39999999999998,4717.0,楊宜君,Female,41,桃園市,其他,2016.0,7.0,30.0,3.0,40
ID01056,AC1701271,F016,後背包-藍,配件,890.0,5.0,2016-07-30,4450.0,1103.6,231.39999999999998,4717.0,李佳民,Male,26,新北市,金融業和房地產,2016.0,7.0,30.0,3.0,20
ID01057,AC1701899,F016,後背包-藍,配件,890.0,5.0,2016-07-30,4450.0,1103.6,231.39999999999998,4717.0,林曉亦,Male,20,宜蘭縣,其他,2016.0,7.0,30.0,3.0,20
ID01058,AC1700404,F005,運動潮流連帽外套男裝-灰,男裝,1450.0,1.0,2016-07-30,1450.0,278.4000000000001,156.6,1537.0,黃鈺霞,Female,25,新北市,金融業和房地產,2016.0,7.0,30.0,3.0,20
ID01059,AC1703139,F005,運動潮流連帽外套男裝-灰,男裝,1450.0,1.0,2016-07-30,1450.0,278.4000000000001,156.6,1537.0,姜恩義,Female,41,桃園市,其他,2016.0,7.0,30.0,3.0,40
ID01060,AC1702739,F005,運動潮流連帽外套男裝-灰,男裝,1450.0,1.0,2016-07-30,1450.0,278.4000000000001,156.6,1537.0,吳淳蓮,Female,47,桃園市,其他,2016.0,7.0,30.0,3.0,40
ID01061,AC1700173,F005,運動潮流連帽外套男裝-灰,男裝,1450.0,1.0,2016-07-30,1450.0,278.4000000000001,156.6,1537.0,黃靖恩,Male,47,新北市,金融業和房地產,2016.0,7.0,30.0,3.0,40
ID01062,AC1703669,F011,經典高領多彩T恤男裝-白,男裝,1200.0,1.0,2016-07-30,1200.0,230.4,129.6,1272.0,葉喜妍,Female,36,基隆市,金融業和房地產,2016.0,7.0,30.0,3.0,30
ID01063,AC1700593,F011,經典高領多彩T恤男裝-白,男裝,1200.0,1.0,2016-07-30,1200.0,230.4,129.6,1272.0,蔡智仁,Female,28,新北市,其他,2016.0,7.0,30.0,3.0,20
ID01064,AC1700738,F011,經典高領多彩T恤男裝-白,男裝,1200.0,1.0,2016-07-30,1200.0,230.4,129.6,1272.0,金思舜,Male,43,新北市,金融業和房地產,2016.0,7.0,30.0,3.0,40
ID01065,AC1700118,F011,經典高領多彩T恤男裝-白,男裝,1200.0,1.0,2016-07-30,1200.0,230.4,129.6,1272.0,曹姿妤,Female,47,新北市,金融業和房地產,2016.0,7.0,30.0,3.0,40
ID01066,AC1700895,F025,雙向層架式書桌-咖,家俱,2900.0,1.0,2016-07-30,2900.0,435.0000000000002,435.0,3074.0,趙俊維,Female,47,新北市,金融業和房地產,2016.0,7.0,30.0,3.0,40
ID01067,AC1702623,F025,雙向層架式書桌-咖,家俱,2900.0,1.0,2016-07-30,2900.0,435.0000000000002,435.0,3074.0,袁俊凱,Female,43,桃園市,其他,2016.0,7.0,30.0,3.0,40
ID01068,AC1700857,F025,雙向層架式書桌-咖,家俱,2900.0,1.0,2016-07-30,2900.0,435.0000000000002,435.0,3074.0,吳奕喬,Female,27,新北市,教育體育文化,2016.0,7.0,30.0,3.0,20
ID01069,AC1700176,F025,雙向層架式書桌-咖,家俱,2900.0,1.0,2016-07-30,2900.0,435.0000000000002,435.0,3074.0,蘇伊婷,Female,62,新北市,住宿和餐飲業,2016.0,7.0,30.0,3.0,60
ID01070,AC1702001,F016,後背包-藍,配件,890.0,5.0,2016-07-30,4450.0,1103.6,231.39999999999998,4717.0,劉寶宏,Male,38,宜蘭縣,其他,2016.0,7.0,30.0,3.0,30
ID01071,AC1701058,F016,後背包-藍,配件,890.0,5.0,2016-07-30,4450.0,1103.6,231.39999999999998,4717.0,崔宛智,Female,29,新北市,金融業和房地產,2016.0,7.0,30.0,3.0,20
ID01072,AC1702531,F016,後背包-藍,配件,890.0,5.0,2016-07-30,4450.0,1103.6,231.39999999999998,4717.0,賴科忠,Male,55,桃園市,住宿和餐飲業,2016.0,7.0,30.0,3.0,50
ID01073,AC1701255,F016,後背包-藍,配件,890.0,5.0,2016-07-30,4450.0,1103.6,231.39999999999998,4717.0,郭泓燦,Male,44,新北市,其他,2016.0,7.0,30.0,3.0,40
ID01074,AC1703417,F005,運動潮流連帽外套男裝-灰,男裝,1450.0,1.0,2016-07-30,1450.0,278.4000000000001,156.6,1537.0,劉宗軍,Male,39,基隆市,住宿和餐飲業,2016.0,7.0,30.0,3.0,30
ID01075,AC1700118,F005,運動潮流連帽外套男裝-灰,男裝,1450.0,1.0,2016-07-30,1450.0,278.4000000000001,156.6,1537.0,曹姿妤,Female,47,新北市,金融業和房地產,2016.0,7.0,30.0,3.0,40
ID01076,AC1701202,F005,運動潮流連帽外套男裝-灰,男裝,1450.0,1.0,2016-07-30,1450.0,278.4000000000001,156.6,1537.0,黃國華,Male,37,新北市,金融業和房地產,2016.0,7.0,30.0,3.0,30
ID01077,AC1703849,F005,運動潮流連帽外套男裝-灰,男裝,1450.0,1.0,2016-07-30,1450.0,278.4000000000001,156.6,1537.0,梁怡君,Female,25,臺北市,其他,2016.0,7.0,30.0,3.0,20
ID01078,AC1700978,F011,經典高領多彩T恤男裝-白,男裝,1200.0,1.0,2016-07-30,1200.0,230.4,129.6,1272.0,黃怡孜,Male,32,新北市,金融業和房地產,2016.0,7.0,30.0,3.0,30
ID01079,AC1703604,F011,經典高領多彩T恤男裝-白,男裝,1200.0,1.0,2016-07-30,1200.0,230.4,129.6,1272.0,楊惠淑,Female,37,基隆市,住宿和餐飲業,2016.0,7.0,30.0,3.0,30
ID01080,AC1703172,F011,經典高領多彩T恤男裝-白,男裝,1200.0,1.0,2016-07-30,1200.0,230.4,129.6,1272.0,許青江,Male,20,桃園市,其他,2016.0,7.0,30.0,3.0,20
ID01081,AC1702729,F011,經典高領多彩T恤男裝-白,男裝,1200.0,1.0,2016-07-30,1200.0,230.4,129.6,1272.0,陳鳳珠,Female,51,桃園市,其他,2016.0,7.0,30.0,3.0,50
ID01082,AC1701703,F025,雙向層架式書桌-咖,家俱,2900.0,1.0,2016-07-30,2900.0,435.0000000000002,435.0,3074.0,王冠良,Male,30,宜蘭縣,金融業和房地產,2016.0,7.0,30.0,3.0,30
ID01083,AC1703384,F025,雙向層架式書桌-咖,家俱,2900.0,1.0,2016-07-30,2900.0,435.0000000000002,435.0,3074.0,呂雅玲,Female,34,基隆市,金融業和房地產,2016.0,7.0,30.0,3.0,30
ID01084,AC1702347,F025,雙向層架式書桌-咖,家俱,2900.0,1.0,2016-07-30,2900.0,435.0000000000002,435.0,3074.0,王家瑋,Male,45,桃園市,住宿和餐飲業,2016.0,7.0,30.0,3.0,40
ID01085,AC1703607,F025,雙向層架式書桌-咖,家俱,2900.0,1.0,2016-07-30,2900.0,435.0000000000002,435.0,3074.0,朱淑君,Female,34,基隆市,金融業和房地產,2016.0,7.0,30.0,3.0,30
ID01086,AC1702080,F016,後背包-藍,配件,890.0,5.0,2016-07-30,4450.0,1103.6,231.39999999999998,4717.0,陳幸如,Female,21,宜蘭縣,金融業和房地產,2016.0,7.0,30.0,3.0,20
ID01087,AC1702969,F016,後背包-藍,配件,890.0,5.0,2016-07-30,4450.0,1103.6,231.39999999999998,4717.0,李軍發,Male,52,桃園市,住宿和餐飲業,2016.0,7.0,30.0,3.0,50
ID01088,AC1701355,F016,後背包-藍,配件,890.0,5.0,2016-07-30,4450.0,1103.6,231.39999999999998,4717.0,羅水燕,Female,35,新北市,金融業和房地產,2016.0,7.0,30.0,3.0,30
ID01089,AC1703710,F016,後背包-藍,配件,890.0,5.0,2016-07-30,4450.0,1103.6,231.39999999999998,4717.0,吳怡雄,Female,26,基隆市,金融業和房地產,2016.0,7.0,30.0,3.0,20
ID01090,AC1700912,F005,運動潮流連帽外套男裝-灰,男裝,1450.0,1.0,2016-07-30,1450.0,278.4000000000001,156.6,1537.0,涂聿,Female,40,新北市,金融業和房地產,2016.0,7.0,30.0,3.0,40
ID01091,AC1702822,F005,運動潮流連帽外套男裝-灰,男裝,1450.0,1.0,2016-07-30,1450.0,278.4000000000001,156.6,1537.0,黃美慧,Male,38,桃園市,住宿和餐飲業,2016.0,7.0,30.0,3.0,30
ID01092,AC1702451,F005,運動潮流連帽外套男裝-灰,男裝,1450.0,1.0,2016-07-30,1450.0,278.4000000000001,156.6,1537.0,蔣丞,Female,51,桃園市,其他,2016.0,7.0,30.0,3.0,50
ID01093,AC1701661,F005,運動潮流連帽外套男裝-灰,男裝,1450.0,1.0,2016-07-30,1450.0,278.4000000000001,156.6,1537.0,林清茵,Female,44,宜蘭縣,金融業和房地產,2016.0,7.0,30.0,3.0,40
ID01094,AC1701442,F011,經典高領多彩T恤男裝-白,男裝,1200.0,1.0,2016-07-30,1200.0,230.4,129.6,1272.0,陸秉德,Female,41,新北市,金融業和房地產,2016.0,7.0,30.0,3.0,40
ID01095,AC1702488,F011,經典高領多彩T恤男裝-白,男裝,1200.0,1.0,2016-07-30,1200.0,230.4,129.6,1272.0,曾淑昆,Female,49,桃園市,其他,2016.0,7.0,30.0,3.0,40
ID01096,AC1703180,F011,經典高領多彩T恤男裝-白,男裝,1200.0,1.0,2016-07-30,1200.0,230.4,129.6,1272.0,金鈞傑,Male,52,桃園市,金融業和房地產,2016.0,7.0,30.0,3.0,50
ID01097,AC1702963,F011,經典高領多彩T恤男裝-白,男裝,1200.0,1.0,2016-07-30,1200.0,230.4,129.6,1272.0,金毅俊,Male,59,桃園市,其他,2016.0,7.0,30.0,3.0,50
ID01098,AC1701270,F025,雙向層架式書桌-咖,家俱,2900.0,1.0,2016-07-30,2900.0,435.0000000000002,435.0,3074.0,李依珮,Male,47,新北市,金融業和房地產,2016.0,7.0,30.0,3.0,40
ID01099,AC1703311,F025,雙向層架式書桌-咖,家俱,2900.0,1.0,2016-07-30,2900.0,435.0000000000002,435.0,3074.0,陳姵辛,Female,44,基隆市,其他,2016.0,7.0,30.0,3.0,40
ID01100,AC1703774,F025,雙向層架式書桌-咖,家俱,2900.0,1.0,2016-07-30,2900.0,435.0000000000002,435.0,3074.0,孫雅婷,Female,44,基隆市,住宿和餐飲業,2016.0,7.0,30.0,3.0,40
ID01101,AC1702093,F025,雙向層架式書桌-咖,家俱,2900.0,1.0,2016-07-30,2900.0,435.0000000000002,435.0,3074.0,陳怡芳,Female,20,新北市,其他,2016.0,7.0,30.0,3.0,20
ID01102,AC1702505,F016,後背包-藍,配件,890.0,5.0,2016-07-30,4450.0,1103.6,231.39999999999998,4717.0,朱佳欣,Male,49,桃園市,住宿和餐飲業,2016.0,7.0,30.0,3.0,40
ID01103,AC1701211,F016,後背包-藍,配件,890.0,5.0,2016-07-30,4450.0,1103.6,231.39999999999998,4717.0,溫真音,Male,29,新北市,金融業和房地產,2016.0,7.0,30.0,3.0,20
ID01104,AC1702251,F016,後背包-藍,配件,890.0,5.0,2016-07-30,4450.0,1103.6,231.39999999999998,4717.0,楊惠真,Male,53,桃園市,住宿和餐飲業,2016.0,7.0,30.0,3.0,50
ID01105,AC1702654,F016,後背包-藍,配件,890.0,5.0,2016-07-30,4450.0,1103.6,231.39999999999998,4717.0,周炳中,Female,36,桃園市,農林漁牧業,2016.0,7.0,30.0,3.0,30
ID01106,AC1700469,F005,運動潮流連帽外套男裝-灰,男裝,1450.0,1.0,2016-07-30,1450.0,278.4000000000001,156.6,1537.0,郭家慧,Male,33,新北市,金融業和房地產,2016.0,7.0,30.0,3.0,30
ID01107,AC1700764,F003,印圖大學T男裝-藍,男裝,750.0,1.0,2016-08-05,750.0,144.0,81.0,795.0,陳建德,Female,32,新北市,金融業和房地產,2016.0,8.0,5.0,3.0,30
ID01108,AC1701785,F005,運動潮流連帽外套男裝-灰,男裝,1450.0,1.0,2016-07-30,1450.0,278.4000000000001,156.6,1537.0,李文竹,Male,40,宜蘭縣,農林漁牧業,2016.0,7.0,30.0,3.0,40
ID01109,AC1700528,F001,運動潮流連帽外套女裝-白,女裝,1450.0,1.0,2016-08-05,1450.0,239.2500000000001,195.75,1537.0,張欣宜,Female,37,新北市,金融業和房地產,2016.0,8.0,5.0,3.0,30
ID01110,AC1701395,F016,後背包-藍,配件,890.0,1.0,2016-08-05,890.0,220.72,46.28,943.4000000000001,林筱謙,Male,34,宜蘭縣,金融業和房地產,2016.0,8.0,5.0,3.0,30
ID01111,AC1701403,F036,經典美式純POLO-藍,女裝,980.0,1.0,2016-08-05,980.0,161.7,132.3,1038.8,鄭志成,Male,45,宜蘭縣,其他,2016.0,8.0,5.0,3.0,40
ID01112,AC1701063,F020,萬用包-黑,皮件,2900.0,1.0,2016-08-05,2900.0,661.2000000000003,208.79999999999998,3074.0,伍昇仰,Female,39,新北市,金融業和房地產,2016.0,8.0,5.0,3.0,30
ID01113,AC1701192,F014,大化妝包-黑,配件,1740.0,2.0,2016-08-05,3480.0,863.04,180.95999999999998,3688.8,黃慧昀,Male,45,新北市,金融業和房地產,2016.0,8.0,5.0,3.0,40
ID01114,AC1702151,F014,大化妝包-黑,配件,1740.0,2.0,2016-08-05,3480.0,863.04,180.95999999999998,3688.8,陳逸原,Male,29,宜蘭縣,金融業和房地產,2016.0,8.0,5.0,3.0,20
ID01115,AC1703507,F012,托特包-白,配件,1740.0,2.0,2016-08-05,3480.0,863.04,180.95999999999998,3688.8,王冠香,Male,29,基隆市,金融業和房地產,2016.0,8.0,5.0,3.0,20
ID01116,AC1701766,F009,大化妝包-深藍,配件,2100.0,2.0,2016-08-05,4200.0,1041.6,218.39999999999998,4452.0,陳郁富,Female,30,新北市,其他,2016.0,8.0,5.0,3.0,30
ID01117,AC1702463,F005,運動潮流連帽外套男裝-灰,男裝,1450.0,1.0,2016-07-30,1450.0,278.4000000000001,156.6,1537.0,黃于靖,Male,47,桃園市,住宿和餐飲業,2016.0,7.0,30.0,3.0,40
ID01118,AC1700787,F005,運動潮流連帽外套男裝-灰,男裝,1450.0,1.0,2016-07-30,1450.0,278.4000000000001,156.6,1537.0,劉海雯,Male,26,新北市,金融業和房地產,2016.0,7.0,30.0,3.0,20
ID01119,AC1700133,F007,運動潮流連帽外套男裝-灰,男裝,1450.0,3.0,2016-08-05,4350.0,835.2,469.8,4611.0,林阿緯,Male,44,基隆市,金融業和房地產,2016.0,8.0,5.0,3.0,40
ID01120,AC1702672,F007,運動潮流連帽外套男裝-灰,男裝,1450.0,3.0,2016-08-05,4350.0,835.2,469.8,4611.0,蕭中新,Male,59,桃園市,其他,2016.0,8.0,5.0,3.0,50
ID01121,AC1700915,F022,短夾-紅,皮件,2900.0,3.0,2016-08-05,8700.0,1983.6,626.4,9222.0,張佳帆,Male,25,新北市,金融業和房地產,2016.0,8.0,5.0,3.0,20
ID01122,AC1701634,F022,短夾-紅,皮件,2900.0,3.0,2016-08-05,8700.0,1983.6,626.4,9222.0,袁欣怡,Female,26,宜蘭縣,住宿和餐飲業,2016.0,8.0,5.0,3.0,20
ID01123,AC1701921,F025,雙向層架式書桌-咖,家俱,2900.0,1.0,2016-07-30,2900.0,435.0000000000002,435.0,3074.0,王昱定,Male,31,宜蘭縣,金融業和房地產,2016.0,7.0,30.0,3.0,30
ID01124,AC1702491,F003,印圖大學T男裝-藍,男裝,750.0,1.0,2016-08-05,750.0,144.0,81.0,795.0,陳昱毓,Male,43,桃園市,住宿和餐飲業,2016.0,8.0,5.0,3.0,40
ID01125,AC1700280,F025,雙向層架式書桌-咖,家俱,2900.0,1.0,2016-07-30,2900.0,435.0000000000002,435.0,3074.0,陳雅玲,Female,42,新北市,金融業和房地產,2016.0,7.0,30.0,3.0,40
ID01126,AC1700974,F001,運動潮流連帽外套女裝-白,女裝,1450.0,1.0,2016-08-05,1450.0,239.2500000000001,195.75,1537.0,謝常紋,Male,23,新北市,金融業和房地產,2016.0,8.0,5.0,3.0,20
ID01127,AC1700877,F016,後背包-藍,配件,890.0,1.0,2016-08-05,890.0,220.72,46.28,943.4000000000001,沈武歡,Female,41,新北市,金融業和房地產,2016.0,8.0,5.0,3.0,40
ID01128,AC1700668,F036,經典美式純POLO-藍,女裝,980.0,1.0,2016-08-05,980.0,161.7,132.3,1038.8,曹惠雯,Male,27,新北市,教育體育文化,2016.0,8.0,5.0,3.0,20
ID01129,AC1701527,F020,萬用包-黑,皮件,2900.0,1.0,2016-08-05,2900.0,661.2000000000003,208.79999999999998,3074.0,陳靜正,Male,33,宜蘭縣,金融業和房地產,2016.0,8.0,5.0,3.0,30
ID01130,AC1701738,F014,大化妝包-黑,配件,1740.0,2.0,2016-08-05,3480.0,863.04,180.95999999999998,3688.8,侯羿啟,Male,27,宜蘭縣,金融業和房地產,2016.0,8.0,5.0,3.0,20
ID01131,AC1700024,F014,大化妝包-黑,配件,1740.0,2.0,2016-08-05,3480.0,863.04,180.95999999999998,3688.8,李佳岳,Male,42,臺北市,金融業和房地產,2016.0,8.0,5.0,3.0,40
ID01132,AC1702514,F012,托特包-白,配件,1740.0,2.0,2016-08-05,3480.0,863.04,180.95999999999998,3688.8,楊妍誠,Male,49,桃園市,住宿和餐飲業,2016.0,8.0,5.0,3.0,40
ID01133,AC1703280,F009,大化妝包-深藍,配件,2100.0,2.0,2016-08-05,4200.0,1041.6,218.39999999999998,4452.0,陳佳慧,Female,52,桃園市,住宿和餐飲業,2016.0,8.0,5.0,3.0,50
ID01134,AC1702548,F025,雙向層架式書桌-咖,家俱,2900.0,1.0,2016-07-30,2900.0,435.0000000000002,435.0,3074.0,李孟涵,Male,39,桃園市,住宿和餐飲業,2016.0,7.0,30.0,3.0,30
ID01135,AC1703177,F025,雙向層架式書桌-咖,家俱,2900.0,1.0,2016-07-30,2900.0,435.0000000000002,435.0,3074.0,白禹宸,Male,57,桃園市,住宿和餐飲業,2016.0,7.0,30.0,3.0,50
ID01136,AC1703627,F007,運動潮流連帽外套男裝-灰,男裝,1450.0,3.0,2016-08-05,4350.0,835.2,469.8,4611.0,陳景榮,Male,39,基隆市,金融業和房地產,2016.0,8.0,5.0,3.0,30
ID01137,AC1702020,F007,運動潮流連帽外套男裝-灰,男裝,1450.0,3.0,2016-08-05,4350.0,835.2,469.8,4611.0,胡鎮宇,Male,32,宜蘭縣,教育體育文化,2016.0,8.0,5.0,3.0,30
ID01138,AC1701359,F022,短夾-紅,皮件,2900.0,3.0,2016-08-05,8700.0,1983.6,626.4,9222.0,鄭美玲,Female,22,新北市,金融業和房地產,2016.0,8.0,5.0,3.0,20
ID01139,AC1700037,F022,短夾-紅,皮件,2900.0,3.0,2016-08-05,8700.0,1983.6,626.4,9222.0,李佳佩,Female,62,基隆市,其他,2016.0,8.0,5.0,3.0,60
ID01140,AC1703143,F005,運動潮流連帽外套男裝-灰,男裝,1450.0,1.0,2016-07-30,1450.0,278.4000000000001,156.6,1537.0,王淑盛,Male,51,桃園市,教育體育文化,2016.0,7.0,30.0,3.0,50
ID01141,AC1701393,F003,印圖大學T男裝-藍,男裝,750.0,1.0,2016-08-05,750.0,144.0,81.0,795.0,郭雅馨,Female,35,新北市,金融業和房地產,2016.0,8.0,5.0,3.0,30
ID01142,AC1700579,F005,運動潮流連帽外套男裝-灰,男裝,1450.0,1.0,2016-07-30,1450.0,278.4000000000001,156.6,1537.0,黃旭偉,Male,34,新北市,住宿和餐飲業,2016.0,7.0,30.0,3.0,30
ID01143,AC1702358,F001,運動潮流連帽外套女裝-白,女裝,1450.0,1.0,2016-08-05,1450.0,239.2500000000001,195.75,1537.0,王嘉昀,Male,43,桃園市,其他,2016.0,8.0,5.0,3.0,40
ID01144,AC1702865,F016,後背包-藍,配件,890.0,1.0,2016-08-05,890.0,220.72,46.28,943.4000000000001,陳建雪,Female,52,桃園市,住宿和餐飲業,2016.0,8.0,5.0,3.0,50
ID01145,AC1701211,F036,經典美式純POLO-藍,女裝,980.0,1.0,2016-08-05,980.0,161.7,132.3,1038.8,溫真音,Male,29,新北市,金融業和房地產,2016.0,8.0,5.0,3.0,20
ID01146,AC1703075,F020,萬用包-黑,皮件,2900.0,1.0,2016-08-05,2900.0,661.2000000000003,208.79999999999998,3074.0,劉雅玲,Male,44,桃園市,其他,2016.0,8.0,5.0,3.0,40
ID01147,AC1703932,F014,大化妝包-黑,配件,1740.0,2.0,2016-08-05,3480.0,863.04,180.95999999999998,3688.8,蘇義沛,Male,36,臺北市,金融業和房地產,2016.0,8.0,5.0,3.0,30
ID01148,AC1700374,F014,大化妝包-黑,配件,1740.0,2.0,2016-08-05,3480.0,863.04,180.95999999999998,3688.8,沈茹琦,Female,63,新北市,金融業和房地產,2016.0,8.0,5.0,3.0,60
ID01149,AC1700815,F012,托特包-白,配件,1740.0,2.0,2016-08-05,3480.0,863.04,180.95999999999998,3688.8,許伊禮,Female,29,新北市,金融業和房地產,2016.0,8.0,5.0,3.0,20
ID01150,AC1701339,F009,大化妝包-深藍,配件,2100.0,2.0,2016-08-05,4200.0,1041.6,218.39999999999998,4452.0,陳翰明,Female,24,新北市,金融業和房地產,2016.0,8.0,5.0,3.0,20
ID01151,AC1700599,F005,運動潮流連帽外套男裝-灰,男裝,1450.0,1.0,2016-07-30,1450.0,278.4000000000001,156.6,1537.0,宋惠玲,Female,30,新北市,住宿和餐飲業,2016.0,7.0,30.0,3.0,30
ID01152,AC1700792,F005,運動潮流連帽外套男裝-灰,男裝,1450.0,1.0,2016-07-30,1450.0,278.4000000000001,156.6,1537.0,林政宏,Female,35,新北市,住宿和餐飲業,2016.0,7.0,30.0,3.0,30
ID01153,AC1703445,F007,運動潮流連帽外套男裝-灰,男裝,1450.0,3.0,2016-08-05,4350.0,835.2,469.8,4611.0,鄭鴻胤,Female,32,基隆市,金融業和房地產,2016.0,8.0,5.0,3.0,30
ID01154,AC1703064,F007,運動潮流連帽外套男裝-灰,男裝,1450.0,3.0,2016-08-05,4350.0,835.2,469.8,4611.0,葉金鳳,Female,50,桃園市,其他,2016.0,8.0,5.0,3.0,50
ID01155,AC1702302,F022,短夾-紅,皮件,2900.0,3.0,2016-08-05,8700.0,1983.6,626.4,9222.0,藍皇芷,Male,44,桃園市,住宿和餐飲業,2016.0,8.0,5.0,3.0,40
ID01156,AC1701027,F022,短夾-紅,皮件,2900.0,3.0,2016-08-05,8700.0,1983.6,626.4,9222.0,林筱臻,Female,40,新北市,金融業和房地產,2016.0,8.0,5.0,3.0,40
ID01157,AC1702969,F025,雙向層架式書桌-咖,家俱,2900.0,1.0,2016-07-30,2900.0,435.0000000000002,435.0,3074.0,李軍發,Male,52,桃園市,住宿和餐飲業,2016.0,7.0,30.0,3.0,50
ID01158,AC1701219,F003,印圖大學T男裝-藍,男裝,750.0,1.0,2016-08-05,750.0,144.0,81.0,795.0,蔡元羽,Male,43,新北市,金融業和房地產,2016.0,8.0,5.0,3.0,40
ID01159,AC1701801,F025,雙向層架式書桌-咖,家俱,2900.0,1.0,2016-07-30,2900.0,435.0000000000002,435.0,3074.0,陳美桓,Female,25,宜蘭縣,其他,2016.0,7.0,30.0,3.0,20
ID01160,AC1701701,F001,運動潮流連帽外套女裝-白,女裝,1450.0,1.0,2016-08-05,1450.0,239.2500000000001,195.75,1537.0,李軒嬌,Female,24,宜蘭縣,金融業和房地產,2016.0,8.0,5.0,3.0,20
ID01161,AC1703979,F016,後背包-藍,配件,890.0,1.0,2016-08-05,890.0,220.72,46.28,943.4000000000001,張淑君,Female,37,臺北市,其他,2016.0,8.0,5.0,3.0,30
ID01162,AC1700101,F036,經典美式純POLO-藍,女裝,980.0,1.0,2016-08-05,980.0,161.7,132.3,1038.8,楊上斌,Male,41,新北市,金融業和房地產,2016.0,8.0,5.0,3.0,40
ID01163,AC1703849,F020,萬用包-黑,皮件,2900.0,1.0,2016-08-05,2900.0,661.2000000000003,208.79999999999998,3074.0,梁怡君,Female,25,臺北市,其他,2016.0,8.0,5.0,3.0,20
ID01164,AC1702728,F014,大化妝包-黑,配件,1740.0,2.0,2016-08-05,3480.0,863.04,180.95999999999998,3688.8,陳思豐,Male,47,桃園市,住宿和餐飲業,2016.0,8.0,5.0,3.0,40
ID01165,AC1700998,F014,大化妝包-黑,配件,1740.0,2.0,2016-08-05,3480.0,863.04,180.95999999999998,3688.8,蕭淑君,Male,31,新北市,金融業和房地產,2016.0,8.0,5.0,3.0,30
ID01166,AC1700152,F012,托特包-白,配件,1740.0,2.0,2016-08-05,3480.0,863.04,180.95999999999998,3688.8,白培凡,Male,44,新北市,金融業和房地產,2016.0,8.0,5.0,3.0,40
ID01167,AC1703752,F009,大化妝包-深藍,配件,2100.0,2.0,2016-08-05,4200.0,1041.6,218.39999999999998,4452.0,韓麗美,Female,44,基隆市,教育體育文化,2016.0,8.0,5.0,3.0,40
ID01168,AC1702796,F025,雙向層架式書桌-咖,家俱,2900.0,1.0,2016-07-30,2900.0,435.0000000000002,435.0,3074.0,陳奕城,Male,53,桃園市,其他,2016.0,7.0,30.0,3.0,50
ID01169,AC1700454,F025,雙向層架式書桌-咖,家俱,2900.0,1.0,2016-07-30,2900.0,435.0000000000002,435.0,3074.0,吳紋柔,Female,40,新北市,金融業和房地產,2016.0,7.0,30.0,3.0,40
ID01170,AC1702081,F007,運動潮流連帽外套男裝-灰,男裝,1450.0,3.0,2016-08-05,4350.0,835.2,469.8,4611.0,蔡宜一,Female,36,新北市,金融業和房地產,2016.0,8.0,5.0,3.0,30
ID01171,AC1700271,F007,運動潮流連帽外套男裝-灰,男裝,1450.0,3.0,2016-08-05,4350.0,835.2,469.8,4611.0,吳于庭,Male,48,新北市,金融業和房地產,2016.0,8.0,5.0,3.0,40
ID01172,AC1703167,F022,短夾-紅,皮件,2900.0,3.0,2016-08-05,8700.0,1983.6,626.4,9222.0,許大俐,Female,53,桃園市,其他,2016.0,8.0,5.0,3.0,50
ID01173,AC1700146,F022,短夾-紅,皮件,2900.0,3.0,2016-08-05,8700.0,1983.6,626.4,9222.0,吳與俊,Male,49,新北市,金融業和房地產,2016.0,8.0,5.0,3.0,40
ID01174,AC1700466,F041,三層樓梯椅-黑,家俱,820.0,1.0,2016-08-05,820.0,123.0,123.0,869.2,陳宏孜,Male,36,新北市,金融業和房地產,2016.0,8.0,5.0,3.0,30
ID01175,AC1700331,F003,印圖大學T男裝-藍,男裝,750.0,1.0,2016-08-05,750.0,144.0,81.0,795.0,昌雅芬,Female,46,新北市,金融業和房地產,2016.0,8.0,5.0,3.0,40
ID01176,AC1703752,F002,運動潮流直筒棉褲男童-白,童裝,930.0,1.0,2016-08-05,930.0,163.68,115.32,985.8000000000001,韓麗美,Female,44,基隆市,教育體育文化,2016.0,8.0,5.0,3.0,40
ID01177,AC1700979,F001,運動潮流連帽外套女裝-白,女裝,1450.0,1.0,2016-08-05,1450.0,239.2500000000001,195.75,1537.0,荀宏達,Female,29,新北市,金融業和房地產,2016.0,8.0,5.0,3.0,20
ID01178,AC1700491,F016,後背包-藍,配件,890.0,1.0,2016-08-05,890.0,220.72,46.28,943.4000000000001,張淑紹,Female,38,新北市,金融業和房地產,2016.0,8.0,5.0,3.0,30
ID01179,AC1703597,F036,經典美式純POLO-藍,女裝,980.0,1.0,2016-08-05,980.0,161.7,132.3,1038.8,吳玲韻,Female,35,基隆市,金融業和房地產,2016.0,8.0,5.0,3.0,30
ID01180,AC1702221,F020,萬用包-黑,皮件,2900.0,1.0,2016-08-05,2900.0,661.2000000000003,208.79999999999998,3074.0,陳佳燕,Female,51,桃園市,其他,2016.0,8.0,5.0,3.0,50
ID01181,AC1703640,F014,大化妝包-黑,配件,1740.0,2.0,2016-08-05,3480.0,863.04,180.95999999999998,3688.8,李國瑋,Female,38,基隆市,金融業和房地產,2016.0,8.0,5.0,3.0,30
ID01182,AC1703904,F014,大化妝包-黑,配件,1740.0,2.0,2016-08-05,3480.0,863.04,180.95999999999998,3688.8,陳紀茜,Female,35,臺北市,其他,2016.0,8.0,5.0,3.0,30
ID01183,AC1702017,F012,托特包-白,配件,1740.0,2.0,2016-08-05,3480.0,863.04,180.95999999999998,3688.8,林秀枝,Female,34,新北市,教育體育文化,2016.0,8.0,5.0,3.0,30
ID01184,AC1700204,F009,大化妝包-深藍,配件,2100.0,2.0,2016-08-05,4200.0,1041.6,218.39999999999998,4452.0,趙秀慧,Female,37,臺北市,農林漁牧業,2016.0,8.0,5.0,3.0,30
ID01185,AC1703100,F015,法蘭絨格紋襯衫-紅,女裝,1740.0,2.0,2016-08-05,3480.0,574.2,469.8,3688.8,陳碧白,Female,42,桃園市,其他,2016.0,8.0,5.0,3.0,40
ID01186,AC1703950,F015,法蘭絨格紋襯衫-紅,女裝,1740.0,2.0,2016-08-05,3480.0,574.2,469.8,3688.8,謝侑茜,Female,57,臺北市,住宿和餐飲業,2016.0,8.0,5.0,3.0,50
ID01187,AC1701624,F007,運動潮流連帽外套男裝-灰,男裝,1450.0,3.0,2016-08-05,4350.0,835.2,469.8,4611.0,張盛康,Female,29,新北市,金融業和房地產,2016.0,8.0,5.0,3.0,20
ID01188,AC1702079,F007,運動潮流連帽外套男裝-灰,男裝,1450.0,3.0,2016-08-05,4350.0,835.2,469.8,4611.0,林武駿,Male,36,宜蘭縣,金融業和房地產,2016.0,8.0,5.0,3.0,30
ID01189,AC1700070,F022,短夾-紅,皮件,2900.0,3.0,2016-08-05,8700.0,1983.6,626.4,9222.0,李建彰,Male,57,基隆市,金融業和房地產,2016.0,8.0,5.0,3.0,50
ID01190,AC1701998,F022,短夾-紅,皮件,2900.0,3.0,2016-08-05,8700.0,1983.6,626.4,9222.0,黃彥琳,Female,26,新北市,金融業和房地產,2016.0,8.0,5.0,3.0,20
ID01191,AC1701896,F033,高機能伸縮衣架-黑,家俱,600.0,1.0,2016-09-12,600.0,90.0,90.0,636.0,楊昀書,Female,32,新北市,其他,2016.0,9.0,12.0,3.0,30
ID01192,AC1701549,F003,印圖大學T男裝-藍,男裝,750.0,1.0,2016-09-12,750.0,144.0,81.0,795.0,蔡夙燕,Female,36,新北市,金融業和房地產,2016.0,9.0,12.0,3.0,30
ID01193,AC1700243,F016,後背包-藍,配件,890.0,1.0,2016-09-12,890.0,220.72,46.28,943.4000000000001,彭子湖,Male,44,臺北市,農林漁牧業,2016.0,9.0,12.0,3.0,40
ID01194,AC1701726,F004,大化妝包-桃粉,配件,1600.0,1.0,2016-09-12,1600.0,396.8,83.2,1696.0,柳麗芬,Female,38,宜蘭縣,金融業和房地產,2016.0,9.0,12.0,3.0,30
ID01195,AC1701977,F041,三層樓梯椅-黑,家俱,820.0,1.0,2016-08-05,820.0,123.0,123.0,869.2,林冠宇,Male,24,宜蘭縣,金融業和房地產,2016.0,8.0,5.0,3.0,20
ID01196,AC1701053,F002,運動潮流直筒棉褲男童-白,童裝,930.0,1.0,2016-08-05,930.0,163.68,115.32,985.8000000000001,潘善苓,Male,36,新北市,金融業和房地產,2016.0,8.0,5.0,3.0,30
ID01197,AC1702512,F009,大化妝包-深藍,配件,2100.0,2.0,2016-09-12,4200.0,1041.6,218.39999999999998,4452.0,葉靖延,Male,34,桃園市,住宿和餐飲業,2016.0,9.0,12.0,3.0,30
ID01198,AC1700165,F009,大化妝包-深藍,配件,2100.0,2.0,2016-09-12,4200.0,1041.6,218.39999999999998,4452.0,陳伯鴻,Male,60,新北市,金融業和房地產,2016.0,9.0,12.0,3.0,60
ID01199,AC1703676,F033,高機能伸縮衣架-黑,家俱,600.0,1.0,2016-09-12,600.0,90.0,90.0,636.0,楊慈孝,Female,25,基隆市,金融業和房地產,2016.0,9.0,12.0,3.0,20
ID01200,AC1700477,F003,印圖大學T男裝-藍,男裝,750.0,1.0,2016-09-12,750.0,144.0,81.0,795.0,林凱韻,Female,25,新北市,其他,2016.0,9.0,12.0,3.0,20
ID01201,AC1701572,F016,後背包-藍,配件,890.0,1.0,2016-09-12,890.0,220.72,46.28,943.4000000000001,蔡明勇,Female,48,新北市,金融業和房地產,2016.0,9.0,12.0,3.0,40
ID01202,AC1702545,F004,大化妝包-桃粉,配件,1600.0,1.0,2016-09-12,1600.0,396.8,83.2,1696.0,吳映定,Male,54,桃園市,住宿和餐飲業,2016.0,9.0,12.0,3.0,50
ID01203,AC1703255,F015,法蘭絨格紋襯衫-紅,女裝,1740.0,2.0,2016-08-05,3480.0,574.2,469.8,3688.8,潘冠宇,Male,41,桃園市,住宿和餐飲業,2016.0,8.0,5.0,3.0,40
ID01204,AC1703337,F015,法蘭絨格紋襯衫-紅,女裝,1740.0,2.0,2016-08-05,3480.0,574.2,469.8,3688.8,葉志偉,Male,31,基隆市,金融業和房地產,2016.0,8.0,5.0,3.0,30
ID01205,AC1702751,F009,大化妝包-深藍,配件,2100.0,2.0,2016-09-12,4200.0,1041.6,218.39999999999998,4452.0,黃思嬌,Male,54,桃園市,金融業和房地產,2016.0,9.0,12.0,3.0,50
ID01206,AC1702756,F009,大化妝包-深藍,配件,2100.0,2.0,2016-09-12,4200.0,1041.6,218.39999999999998,4452.0,李嘉正,Male,45,桃園市,住宿和餐飲業,2016.0,9.0,12.0,3.0,40
ID01207,AC1702966,F033,高機能伸縮衣架-黑,家俱,600.0,1.0,2016-09-12,600.0,90.0,90.0,636.0,明雅惠,Female,52,桃園市,其他,2016.0,9.0,12.0,3.0,50
ID01208,AC1700127,F003,印圖大學T男裝-藍,男裝,750.0,1.0,2016-09-12,750.0,144.0,81.0,795.0,李碧明,Male,54,新北市,金融業和房地產,2016.0,9.0,12.0,3.0,50
ID01209,AC1702842,F016,後背包-藍,配件,890.0,1.0,2016-09-12,890.0,220.72,46.28,943.4000000000001,陳亭綺,Male,26,桃園市,住宿和餐飲業,2016.0,9.0,12.0,3.0,20
ID01210,AC1703358,F004,大化妝包-桃粉,配件,1600.0,1.0,2016-09-12,1600.0,396.8,83.2,1696.0,林佩琪,Female,36,基隆市,住宿和餐飲業,2016.0,9.0,12.0,3.0,30
ID01211,AC1700817,F041,三層樓梯椅-黑,家俱,820.0,1.0,2016-08-05,820.0,123.0,123.0,869.2,傅家豪,Female,39,新北市,其他,2016.0,8.0,5.0,3.0,30
ID01212,AC1703092,F002,運動潮流直筒棉褲男童-白,童裝,930.0,1.0,2016-08-05,930.0,163.68,115.32,985.8000000000001,許惠琪,Female,61,桃園市,住宿和餐飲業,2016.0,8.0,5.0,3.0,60
ID01213,AC1700528,F009,大化妝包-深藍,配件,2100.0,2.0,2016-09-12,4200.0,1041.6,218.39999999999998,4452.0,張欣宜,Female,37,新北市,金融業和房地產,2016.0,9.0,12.0,3.0,30
ID01214,AC1700678,F009,大化妝包-深藍,配件,2100.0,2.0,2016-09-12,4200.0,1041.6,218.39999999999998,4452.0,黃雅昀,Male,30,新北市,金融業和房地產,2016.0,9.0,12.0,3.0,30
ID01215,AC1700467,F033,高機能伸縮衣架-黑,家俱,600.0,1.0,2016-09-12,600.0,90.0,90.0,636.0,林巧凌,Female,28,新北市,住宿和餐飲業,2016.0,9.0,12.0,3.0,20
ID01216,AC1700467,F003,印圖大學T男裝-藍,男裝,750.0,1.0,2016-09-12,750.0,144.0,81.0,795.0,林巧凌,Female,28,新北市,住宿和餐飲業,2016.0,9.0,12.0,3.0,20
ID01217,AC1700467,F016,後背包-藍,配件,890.0,1.0,2016-09-12,890.0,220.72,46.28,943.4000000000001,林巧凌,Female,28,新北市,住宿和餐飲業,2016.0,9.0,12.0,3.0,20
ID01218,AC1703738,F004,大化妝包-桃粉,配件,1600.0,1.0,2016-09-12,1600.0,396.8,83.2,1696.0,陳凱天,Female,28,基隆市,金融業和房地產,2016.0,9.0,12.0,3.0,20
ID01219,AC1702802,F015,法蘭絨格紋襯衫-紅,女裝,1740.0,2.0,2016-08-05,3480.0,574.2,469.8,3688.8,蔡嘉映,Female,45,桃園市,其他,2016.0,8.0,5.0,3.0,40
ID01220,AC1703847,F015,法蘭絨格紋襯衫-紅,女裝,1740.0,2.0,2016-08-05,3480.0,574.2,469.8,3688.8,吳俊廷,Male,28,臺北市,金融業和房地產,2016.0,8.0,5.0,3.0,20
ID01221,AC1701393,F009,大化妝包-深藍,配件,2100.0,2.0,2016-09-12,4200.0,1041.6,218.39999999999998,4452.0,郭雅馨,Female,35,新北市,金融業和房地產,2016.0,9.0,12.0,3.0,30
ID01222,AC1701946,F009,大化妝包-深藍,配件,2100.0,2.0,2016-09-12,4200.0,1041.6,218.39999999999998,4452.0,郭筠銘,Female,40,新北市,金融業和房地產,2016.0,9.0,12.0,3.0,40
ID01223,AC1702892,F033,高機能伸縮衣架-黑,家俱,600.0,1.0,2016-09-12,600.0,90.0,90.0,636.0,柯雅琪,Male,50,桃園市,住宿和餐飲業,2016.0,9.0,12.0,3.0,50
ID01224,AC1700640,F003,印圖大學T男裝-藍,男裝,750.0,1.0,2016-09-12,750.0,144.0,81.0,795.0,吳伊婷,Female,35,新北市,金融業和房地產,2016.0,9.0,12.0,3.0,30
ID01225,AC1703970,F016,後背包-藍,配件,890.0,1.0,2016-09-12,890.0,220.72,46.28,943.4000000000001,張淑幸,Female,61,臺北市,其他,2016.0,9.0,12.0,3.0,60
ID01226,AC1703044,F004,大化妝包-桃粉,配件,1600.0,1.0,2016-09-12,1600.0,396.8,83.2,1696.0,黃榮銘,Male,37,桃園市,住宿和餐飲業,2016.0,9.0,12.0,3.0,30
ID01227,AC1700534,F041,三層樓梯椅-黑,家俱,820.0,1.0,2016-08-05,820.0,123.0,123.0,869.2,王元龍,Male,36,新北市,其他,2016.0,8.0,5.0,3.0,30
ID01228,AC1700375,F002,運動潮流直筒棉褲男童-白,童裝,930.0,1.0,2016-08-05,930.0,163.68,115.32,985.8000000000001,林俊逸,Female,62,新北市,金融業和房地產,2016.0,8.0,5.0,3.0,60
ID01229,AC1700365,F009,大化妝包-深藍,配件,2100.0,2.0,2016-09-12,4200.0,1041.6,218.39999999999998,4452.0,許昀春,Male,61,新北市,金融業和房地產,2016.0,9.0,12.0,3.0,60
ID01230,AC1703831,F009,大化妝包-深藍,配件,2100.0,2.0,2016-09-12,4200.0,1041.6,218.39999999999998,4452.0,張玉平,Female,35,臺北市,其他,2016.0,9.0,12.0,3.0,30
ID01231,AC1702667,F001,運動潮流連帽外套女裝-白,女裝,1450.0,1.0,2016-10-10,1450.0,239.2500000000001,195.75,1537.0,阮朝清,Male,53,桃園市,金融業和房地產,2016.0,10.0,10.0,4.0,50
ID01232,AC1703459,F003,印圖大學T男裝-藍,男裝,750.0,1.0,2016-10-10,750.0,144.0,81.0,795.0,杭奇桓,Female,36,基隆市,教育體育文化,2016.0,10.0,10.0,4.0,30
ID01233,AC1701505,F016,後背包-藍,配件,890.0,1.0,2016-10-10,890.0,220.72,46.28,943.4000000000001,劉世昌,Male,35,宜蘭縣,金融業和房地產,2016.0,10.0,10.0,4.0,30
ID01234,AC1700694,F015,法蘭絨格紋襯衫-紅,女裝,1740.0,2.0,2016-08-05,3480.0,574.2,469.8,3688.8,杭惠珊,Male,32,新北市,金融業和房地產,2016.0,8.0,5.0,3.0,30
ID01235,AC1702504,F015,法蘭絨格紋襯衫-紅,女裝,1740.0,2.0,2016-08-05,3480.0,574.2,469.8,3688.8,杜俊德,Male,47,桃園市,其他,2016.0,8.0,5.0,3.0,40
ID01236,AC1703616,F041,三層樓梯椅-黑,家俱,820.0,1.0,2016-08-05,820.0,123.0,123.0,869.2,李勳筠,Female,44,基隆市,其他,2016.0,8.0,5.0,3.0,40
ID01237,AC1703432,F002,運動潮流直筒棉褲男童-白,童裝,930.0,1.0,2016-08-05,930.0,163.68,115.32,985.8000000000001,呂豪菁,Male,35,基隆市,住宿和餐飲業,2016.0,8.0,5.0,3.0,30
ID01238,AC1700165,F009,大化妝包-深藍,配件,2100.0,2.0,2016-10-10,4200.0,1041.6,218.39999999999998,4452.0,陳伯鴻,Male,60,新北市,金融業和房地產,2016.0,10.0,10.0,4.0,60
ID01239,AC1702683,F012,托特包-白,配件,1740.0,2.0,2016-10-10,3480.0,863.04,180.95999999999998,3688.8,黃文裕,Female,50,桃園市,農林漁牧業,2016.0,10.0,10.0,4.0,50
ID01240,AC1700385,F014,大化妝包-黑,配件,1740.0,2.0,2016-10-10,3480.0,863.04,180.95999999999998,3688.8,吳佳穎,Female,60,新北市,金融業和房地產,2016.0,10.0,10.0,4.0,60
ID01241,AC1701028,F015,法蘭絨格紋襯衫-紅,女裝,1740.0,2.0,2016-08-05,3480.0,574.2,469.8,3688.8,陳婉玲,Female,28,新北市,金融業和房地產,2016.0,8.0,5.0,3.0,20
ID01242,AC1703521,F015,法蘭絨格紋襯衫-紅,女裝,1740.0,2.0,2016-08-05,3480.0,574.2,469.8,3688.8,吳延豐,Male,38,基隆市,住宿和餐飲業,2016.0,8.0,5.0,3.0,30
ID01243,AC1703485,F001,運動潮流連帽外套女裝-白,女裝,1450.0,1.0,2016-10-10,1450.0,239.2500000000001,195.75,1537.0,陳嘉任,Male,29,基隆市,住宿和餐飲業,2016.0,10.0,10.0,4.0,20
ID01244,AC1703306,F003,印圖大學T男裝-藍,男裝,750.0,1.0,2016-10-10,750.0,144.0,81.0,795.0,李聖辰,Male,28,基隆市,住宿和餐飲業,2016.0,10.0,10.0,4.0,20
ID01245,AC1700155,F016,後背包-藍,配件,890.0,1.0,2016-10-10,890.0,220.72,46.28,943.4000000000001,林建良,Female,60,新北市,住宿和餐飲業,2016.0,10.0,10.0,4.0,60
ID01246,AC1703001,F010,中夾-紅,皮件,2610.0,1.0,2016-09-12,2610.0,595.0800000000003,187.92,2766.6000000000004,李明俐,Male,42,桃園市,住宿和餐飲業,2016.0,9.0,12.0,3.0,40
ID01247,AC1701100,F010,中夾-紅,皮件,2610.0,1.0,2016-09-12,2610.0,595.0800000000003,187.92,2766.6000000000004,婁永正,Male,43,新北市,金融業和房地產,2016.0,9.0,12.0,3.0,40
ID01248,AC1703474,F010,中夾-紅,皮件,2610.0,1.0,2016-09-12,2610.0,595.0800000000003,187.92,2766.6000000000004,王信紋,Female,34,基隆市,金融業和房地產,2016.0,9.0,12.0,3.0,30
ID01249,AC1703296,F010,中夾-紅,皮件,2610.0,1.0,2016-09-12,2610.0,595.0800000000003,187.92,2766.6000000000004,黃家州,Female,30,基隆市,金融業和房地產,2016.0,9.0,12.0,3.0,30
ID01250,AC1701342,F009,大化妝包-深藍,配件,2100.0,2.0,2016-10-10,4200.0,1041.6,218.39999999999998,4452.0,蔡欣怡,Female,25,新北市,金融業和房地產,2016.0,10.0,10.0,4.0,20
ID01251,AC1702513,F012,托特包-白,配件,1740.0,2.0,2016-10-10,3480.0,863.04,180.95999999999998,3688.8,丁美君,Female,55,桃園市,其他,2016.0,10.0,10.0,4.0,50
ID01252,AC1701915,F014,大化妝包-黑,配件,1740.0,2.0,2016-10-10,3480.0,863.04,180.95999999999998,3688.8,林昇木,Male,34,宜蘭縣,住宿和餐飲業,2016.0,10.0,10.0,4.0,30
ID01253,AC1701615,F010,中夾-紅,皮件,2610.0,1.0,2016-09-12,2610.0,595.0800000000003,187.92,2766.6000000000004,馮羽龍,Male,25,宜蘭縣,其他,2016.0,9.0,12.0,3.0,20
ID01254,AC1702210,F010,中夾-紅,皮件,2610.0,1.0,2016-09-12,2610.0,595.0800000000003,187.92,2766.6000000000004,楊宜君,Female,41,桃園市,其他,2016.0,9.0,12.0,3.0,40
ID01255,AC1700469,F001,運動潮流連帽外套女裝-白,女裝,1450.0,1.0,2016-10-10,1450.0,239.2500000000001,195.75,1537.0,郭家慧,Male,33,新北市,金融業和房地產,2016.0,10.0,10.0,4.0,30
ID01256,AC1703855,F003,印圖大學T男裝-藍,男裝,750.0,1.0,2016-10-10,750.0,144.0,81.0,795.0,王光瑩,Female,41,臺北市,金融業和房地產,2016.0,10.0,10.0,4.0,40
ID01257,AC1703060,F016,後背包-藍,配件,890.0,1.0,2016-10-10,890.0,220.72,46.28,943.4000000000001,張詩婷,Female,54,桃園市,住宿和餐飲業,2016.0,10.0,10.0,4.0,50
ID01258,AC1701197,F010,中夾-紅,皮件,2610.0,1.0,2016-09-12,2610.0,595.0800000000003,187.92,2766.6000000000004,孫杰穎,Female,30,新北市,金融業和房地產,2016.0,9.0,12.0,3.0,30
ID01259,AC1703992,F010,中夾-紅,皮件,2610.0,1.0,2016-09-12,2610.0,595.0800000000003,187.92,2766.6000000000004,倪兆倩,Female,45,臺北市,住宿和餐飲業,2016.0,9.0,12.0,3.0,40
ID01260,AC1703336,F010,中夾-紅,皮件,2610.0,1.0,2016-09-12,2610.0,595.0800000000003,187.92,2766.6000000000004,陳惠文,Female,57,基隆市,金融業和房地產,2016.0,9.0,12.0,3.0,50
ID01261,AC1700317,F010,中夾-紅,皮件,2610.0,1.0,2016-09-12,2610.0,595.0800000000003,187.92,2766.6000000000004,陳怡妏,Female,46,新北市,其他,2016.0,9.0,12.0,3.0,40
ID01262,AC1703993,F009,大化妝包-深藍,配件,2100.0,2.0,2016-10-10,4200.0,1041.6,218.39999999999998,4452.0,張怡君,Female,47,臺北市,教育體育文化,2016.0,10.0,10.0,4.0,40
ID01263,AC1700015,F012,托特包-白,配件,1740.0,2.0,2016-10-10,3480.0,863.04,180.95999999999998,3688.8,吳右茂,Male,40,基隆市,金融業和房地產,2016.0,10.0,10.0,4.0,40
ID01264,AC1703757,F014,大化妝包-黑,配件,1740.0,2.0,2016-10-10,3480.0,863.04,180.95999999999998,3688.8,陳建齊,Female,44,基隆市,教育體育文化,2016.0,10.0,10.0,4.0,40
ID01265,AC1700469,F024,運動潮流直筒棉褲男童-灰,童裝,2030.0,1.0,2016-10-10,2030.0,357.28,251.72,2151.8,郭家慧,Male,33,新北市,金融業和房地產,2016.0,10.0,10.0,4.0,30
ID01266,AC1702220,F025,雙向層架式書桌-咖,家俱,2900.0,1.0,2016-10-10,2900.0,435.0000000000002,435.0,3074.0,陳慧娟,Female,56,桃園市,其他,2016.0,10.0,10.0,4.0,50
ID01267,AC1703763,F001,運動潮流連帽外套女裝-白,女裝,1450.0,1.0,2016-10-10,1450.0,239.2500000000001,195.75,1537.0,蔡依彬,Male,41,基隆市,金融業和房地產,2016.0,10.0,10.0,4.0,40
ID01268,AC1703388,F003,印圖大學T男裝-藍,男裝,750.0,1.0,2016-10-10,750.0,144.0,81.0,795.0,何子芸,Female,34,基隆市,住宿和餐飲業,2016.0,10.0,10.0,4.0,30
ID01269,AC1700838,F016,後背包-藍,配件,890.0,1.0,2016-10-10,890.0,220.72,46.28,943.4000000000001,陳怡旺,Male,40,新北市,金融業和房地產,2016.0,10.0,10.0,4.0,40
ID01270,AC1702435,F024,運動潮流直筒棉褲男童-灰,童裝,2030.0,2.0,2016-10-10,4060.0,714.56,503.44,4303.6,陳虹貴,Female,37,桃園市,其他,2016.0,10.0,10.0,4.0,30
ID01271,AC1703202,F025,雙向層架式書桌-咖,家俱,2900.0,1.0,2016-10-10,2900.0,435.0000000000002,435.0,3074.0,林惟竹,Female,60,桃園市,其他,2016.0,10.0,10.0,4.0,60
ID01272,AC1702856,F017,大學T男裝-灰,男裝,1200.0,3.0,2016-10-10,3600.0,691.2,388.8,3816.0,馮俊偉,Male,58,桃園市,住宿和餐飲業,2016.0,10.0,10.0,4.0,50
ID01273,AC1700433,F017,大學T男裝-灰,男裝,1200.0,3.0,2016-10-10,3600.0,691.2,388.8,3816.0,郭欣怡,Female,37,新北市,金融業和房地產,2016.0,10.0,10.0,4.0,30
ID01274,AC1700584,F009,大化妝包-深藍,配件,2100.0,2.0,2016-10-10,4200.0,1041.6,218.39999999999998,4452.0,陳小鈺,Female,33,新北市,金融業和房地產,2016.0,10.0,10.0,4.0,30
ID01275,AC1702199,F012,托特包-白,配件,1740.0,2.0,2016-10-10,3480.0,863.04,180.95999999999998,3688.8,楊怡君,Female,51,桃園市,住宿和餐飲業,2016.0,10.0,10.0,4.0,50
ID01276,AC1700251,F014,大化妝包-黑,配件,1740.0,2.0,2016-10-10,3480.0,863.04,180.95999999999998,3688.8,陳琇祥,Male,38,臺北市,金融業和房地產,2016.0,10.0,10.0,4.0,30
ID01277,AC1702557,F024,運動潮流直筒棉褲男童-灰,童裝,2030.0,1.0,2016-10-10,2030.0,357.28,251.72,2151.8,趙昌伶,Female,48,桃園市,其他,2016.0,10.0,10.0,4.0,40
ID01278,AC1703557,F025,雙向層架式書桌-咖,家俱,2900.0,1.0,2016-10-10,2900.0,435.0000000000002,435.0,3074.0,黃俊豪,Female,35,基隆市,住宿和餐飲業,2016.0,10.0,10.0,4.0,30
ID01279,AC1702368,F001,運動潮流連帽外套女裝-白,女裝,1450.0,1.0,2016-10-10,1450.0,239.2500000000001,195.75,1537.0,陳金喬,Male,48,桃園市,其他,2016.0,10.0,10.0,4.0,40
ID01280,AC1701550,F003,印圖大學T男裝-藍,男裝,750.0,1.0,2016-10-10,750.0,144.0,81.0,795.0,張珮如,Male,36,宜蘭縣,金融業和房地產,2016.0,10.0,10.0,4.0,30
ID01281,AC1701829,F016,後背包-藍,配件,890.0,1.0,2016-10-10,890.0,220.72,46.28,943.4000000000001,吳佩祥,Male,25,宜蘭縣,其他,2016.0,10.0,10.0,4.0,20
ID01282,AC1702933,F024,運動潮流直筒棉褲男童-灰,童裝,2030.0,2.0,2016-10-10,4060.0,714.56,503.44,4303.6,吳佩樺,Female,45,桃園市,其他,2016.0,10.0,10.0,4.0,40
ID01283,AC1700586,F025,雙向層架式書桌-咖,家俱,2900.0,1.0,2016-10-10,2900.0,435.0000000000002,435.0,3074.0,唐玉婷,Female,32,新北市,金融業和房地產,2016.0,10.0,10.0,4.0,30
ID01284,AC1701750,F017,大學T男裝-灰,男裝,1200.0,3.0,2016-10-10,3600.0,691.2,388.8,3816.0,陳禹芃,Female,32,新北市,金融業和房地產,2016.0,10.0,10.0,4.0,30
ID01285,AC1702358,F017,大學T男裝-灰,男裝,1200.0,3.0,2016-10-10,3600.0,691.2,388.8,3816.0,王嘉昀,Male,43,桃園市,其他,2016.0,10.0,10.0,4.0,40
ID01286,AC1701111,F009,大化妝包-深藍,配件,2100.0,2.0,2016-10-10,4200.0,1041.6,218.39999999999998,4452.0,黃慧幸,Male,32,新北市,金融業和房地產,2016.0,10.0,10.0,4.0,30
ID01287,AC1700691,F012,托特包-白,配件,1740.0,2.0,2016-10-10,3480.0,863.04,180.95999999999998,3688.8,蔣泰萱,Female,29,新北市,教育體育文化,2016.0,10.0,10.0,4.0,20
ID01288,AC1700116,F014,大化妝包-黑,配件,1740.0,2.0,2016-10-10,3480.0,863.04,180.95999999999998,3688.8,林士峰,Male,48,新北市,住宿和餐飲業,2016.0,10.0,10.0,4.0,40
ID01289,AC1700276,F024,運動潮流直筒棉褲男童-灰,童裝,2030.0,1.0,2016-10-10,2030.0,357.28,251.72,2151.8,柳瑤淑,Female,27,新北市,農林漁牧業,2016.0,10.0,10.0,4.0,20
ID01290,AC1703080,F025,雙向層架式書桌-咖,家俱,2900.0,1.0,2016-10-10,2900.0,435.0000000000002,435.0,3074.0,李翔合,Male,47,桃園市,教育體育文化,2016.0,10.0,10.0,4.0,40
ID01291,AC1700635,F024,運動潮流直筒棉褲男童-灰,童裝,2030.0,2.0,2016-10-10,4060.0,714.56,503.44,4303.6,林奇舜,Female,26,新北市,金融業和房地產,2016.0,10.0,10.0,4.0,20
ID01292,AC1702103,F012,托特包-白,配件,1740.0,1.0,2016-10-15,1740.0,431.52,90.47999999999999,1844.4,陳翰沛,Male,33,宜蘭縣,住宿和餐飲業,2016.0,10.0,15.0,4.0,30
ID01293,AC1700576,F025,雙向層架式書桌-咖,家俱,2900.0,1.0,2016-10-10,2900.0,435.0000000000002,435.0,3074.0,邱雅芳,Female,36,新北市,金融業和房地產,2016.0,10.0,10.0,4.0,30
ID01294,AC1701311,F009,大化妝包-深藍,配件,2100.0,1.0,2016-10-15,2100.0,520.8,109.19999999999999,2226.0,鄭協儒,Female,31,新北市,金融業和房地產,2016.0,10.0,15.0,4.0,30
ID01295,AC1702046,F012,托特包-白,配件,1740.0,1.0,2016-10-15,1740.0,431.52,90.47999999999999,1844.4,賴維哲,Male,46,宜蘭縣,其他,2016.0,10.0,15.0,4.0,40
ID01296,AC1703584,F017,大學T男裝-灰,男裝,1200.0,3.0,2016-10-10,3600.0,691.2,388.8,3816.0,錢鈺禮,Female,43,基隆市,金融業和房地產,2016.0,10.0,10.0,4.0,40
ID01297,AC1700952,F017,大學T男裝-灰,男裝,1200.0,3.0,2016-10-10,3600.0,691.2,388.8,3816.0,李嘉偉,Male,40,新北市,住宿和餐飲業,2016.0,10.0,10.0,4.0,40
ID01298,AC1700006,F024,運動潮流直筒棉褲男童-灰,童裝,2030.0,1.0,2016-10-10,2030.0,357.28,251.72,2151.8,蔡登意,Male,40,臺北市,金融業和房地產,2016.0,10.0,10.0,4.0,40
ID01299,AC1701637,F025,雙向層架式書桌-咖,家俱,2900.0,1.0,2016-10-10,2900.0,435.0000000000002,435.0,3074.0,王竣桂,Male,27,宜蘭縣,金融業和房地產,2016.0,10.0,10.0,4.0,20
ID01300,AC1701444,F024,運動潮流直筒棉褲男童-灰,童裝,2030.0,2.0,2016-10-10,4060.0,714.56,503.44,4303.6,李奇珮,Female,31,新北市,金融業和房地產,2016.0,10.0,10.0,4.0,30
ID01301,AC1703662,F012,托特包-白,配件,1740.0,1.0,2016-10-15,1740.0,431.52,90.47999999999999,1844.4,楊文亦,Female,39,基隆市,其他,2016.0,10.0,15.0,4.0,30
ID01302,AC1703560,F025,雙向層架式書桌-咖,家俱,2900.0,1.0,2016-10-10,2900.0,435.0000000000002,435.0,3074.0,吳欣怡,Female,41,基隆市,金融業和房地產,2016.0,10.0,10.0,4.0,40
ID01303,AC1701715,F009,大化妝包-深藍,配件,2100.0,1.0,2016-10-15,2100.0,520.8,109.19999999999999,2226.0,張雅君,Female,29,新北市,金融業和房地產,2016.0,10.0,15.0,4.0,20
ID01304,AC1702547,F012,托特包-白,配件,1740.0,1.0,2016-10-15,1740.0,431.52,90.47999999999999,1844.4,劉俊春,Male,48,桃園市,住宿和餐飲業,2016.0,10.0,15.0,4.0,40
ID01305,AC1703476,F017,大學T男裝-灰,男裝,1200.0,3.0,2016-10-10,3600.0,691.2,388.8,3816.0,林冠伶,Female,35,基隆市,金融業和房地產,2016.0,10.0,10.0,4.0,30
ID01306,AC1703691,F017,大學T男裝-灰,男裝,1200.0,3.0,2016-10-10,3600.0,691.2,388.8,3816.0,吳雅琪,Female,50,基隆市,其他,2016.0,10.0,10.0,4.0,50
ID01307,AC1702066,F024,運動潮流直筒棉褲男童-灰,童裝,2030.0,1.0,2016-10-10,2030.0,357.28,251.72,2151.8,郭世豪,Male,27,宜蘭縣,金融業和房地產,2016.0,10.0,10.0,4.0,20
ID01308,AC1702847,F025,雙向層架式書桌-咖,家俱,2900.0,1.0,2016-10-10,2900.0,435.0000000000002,435.0,3074.0,徐鴻哲,Male,50,桃園市,住宿和餐飲業,2016.0,10.0,10.0,4.0,50
ID01309,AC1703867,F024,運動潮流直筒棉褲男童-灰,童裝,2030.0,2.0,2016-10-10,4060.0,714.56,503.44,4303.6,周俊憲,Male,39,臺北市,金融業和房地產,2016.0,10.0,10.0,4.0,30
ID01310,AC1702524,F012,托特包-白,配件,1740.0,1.0,2016-10-15,1740.0,431.52,90.47999999999999,1844.4,蔡人萱,Female,53,桃園市,其他,2016.0,10.0,15.0,4.0,50
ID01311,AC1702706,F025,雙向層架式書桌-咖,家俱,2900.0,1.0,2016-10-10,2900.0,435.0000000000002,435.0,3074.0,柳儀軍,Male,45,桃園市,其他,2016.0,10.0,10.0,4.0,40
ID01312,AC1700671,F009,大化妝包-深藍,配件,2100.0,1.0,2016-10-15,2100.0,520.8,109.19999999999999,2226.0,方則筠,Male,25,新北市,金融業和房地產,2016.0,10.0,15.0,4.0,20
ID01313,AC1702445,F012,托特包-白,配件,1740.0,1.0,2016-10-15,1740.0,431.52,90.47999999999999,1844.4,藍昆城,Male,58,桃園市,其他,2016.0,10.0,15.0,4.0,50
ID01314,AC1703333,F017,大學T男裝-灰,男裝,1200.0,3.0,2016-10-10,3600.0,691.2,388.8,3816.0,盧俊虹,Female,31,基隆市,金融業和房地產,2016.0,10.0,10.0,4.0,30
ID01315,AC1703235,F017,大學T男裝-灰,男裝,1200.0,3.0,2016-10-10,3600.0,691.2,388.8,3816.0,楊喬霖,Male,61,桃園市,住宿和餐飲業,2016.0,10.0,10.0,4.0,60
ID01316,AC1703658,F024,運動潮流直筒棉褲男童-灰,童裝,2030.0,1.0,2016-10-15,2030.0,357.28,251.72,2151.8,陳怡彬,Male,40,基隆市,金融業和房地產,2016.0,10.0,15.0,4.0,40
ID01317,AC1701479,F015,法蘭絨格紋襯衫-紅,女裝,1740.0,1.0,2016-10-15,1740.0,287.1,234.9,1844.4,歐陽家偉,Male,46,宜蘭縣,金融業和房地產,2016.0,10.0,15.0,4.0,40
ID01318,AC1701655,F015,法蘭絨格紋襯衫-紅,女裝,1740.0,1.0,2016-10-15,1740.0,287.1,234.9,1844.4,蘇思翰,Male,32,宜蘭縣,金融業和房地產,2016.0,10.0,15.0,4.0,30
ID01319,AC1701059,F012,托特包-白,配件,1740.0,1.0,2016-10-15,1740.0,431.52,90.47999999999999,1844.4,李志成,Male,25,新北市,金融業和房地產,2016.0,10.0,15.0,4.0,20
ID01320,AC1703585,F010,中夾-紅,皮件,2610.0,1.0,2016-10-15,2610.0,595.0800000000003,187.92,2766.6000000000004,施元良,Female,31,基隆市,金融業和房地產,2016.0,10.0,15.0,4.0,30
ID01321,AC1701776,F009,大化妝包-深藍,配件,2100.0,1.0,2016-10-15,2100.0,520.8,109.19999999999999,2226.0,楊嬌韻,Female,40,新北市,其他,2016.0,10.0,15.0,4.0,40
ID01322,AC1701076,F012,托特包-白,配件,1740.0,1.0,2016-10-15,1740.0,431.52,90.47999999999999,1844.4,李宜蓁,Male,33,新北市,其他,2016.0,10.0,15.0,4.0,30
ID01323,AC1701093,F005,運動潮流連帽外套男裝-灰,男裝,1450.0,2.0,2016-10-15,2900.0,556.8000000000002,313.2,3074.0,蔡嘉奇,Female,29,新北市,金融業和房地產,2016.0,10.0,15.0,4.0,20
ID01324,AC1700644,F025,雙向層架式書桌-咖,家俱,2900.0,2.0,2016-10-15,5800.0,870.0000000000005,870.0,6148.0,榮勳合,Male,36,新北市,金融業和房地產,2016.0,10.0,15.0,4.0,30
ID01325,AC1701012,F024,運動潮流直筒棉褲男童-灰,童裝,2030.0,1.0,2016-10-15,2030.0,357.28,251.72,2151.8,蔡禎青,Female,39,新北市,金融業和房地產,2016.0,10.0,15.0,4.0,30
ID01326,AC1703918,F015,法蘭絨格紋襯衫-紅,女裝,1740.0,1.0,2016-10-15,1740.0,287.1,234.9,1844.4,林國虹,Female,51,臺北市,金融業和房地產,2016.0,10.0,15.0,4.0,50
ID01327,AC1700417,F015,法蘭絨格紋襯衫-紅,女裝,1740.0,1.0,2016-10-15,1740.0,287.1,234.9,1844.4,陳麗恬,Female,38,新北市,金融業和房地產,2016.0,10.0,15.0,4.0,30
ID01328,AC1700996,F012,托特包-白,配件,1740.0,1.0,2016-10-15,1740.0,431.52,90.47999999999999,1844.4,陳金綠,Male,40,新北市,住宿和餐飲業,2016.0,10.0,15.0,4.0,40
ID01329,AC1703069,F010,中夾-紅,皮件,2610.0,1.0,2016-10-15,2610.0,595.0800000000003,187.92,2766.6000000000004,陳沛清,Male,59,桃園市,住宿和餐飲業,2016.0,10.0,15.0,4.0,50
ID01330,AC1700564,F009,大化妝包-深藍,配件,2100.0,1.0,2016-10-15,2100.0,520.8,109.19999999999999,2226.0,張淑忠,Female,35,新北市,金融業和房地產,2016.0,10.0,15.0,4.0,30
ID01331,AC1702662,F012,托特包-白,配件,1740.0,1.0,2016-10-15,1740.0,431.52,90.47999999999999,1844.4,郭宜珊,Female,62,桃園市,其他,2016.0,10.0,15.0,4.0,60
ID01332,AC1700936,F005,運動潮流連帽外套男裝-灰,男裝,1450.0,2.0,2016-10-15,2900.0,556.8000000000002,313.2,3074.0,林禎芬,Female,30,新北市,金融業和房地產,2016.0,10.0,15.0,4.0,30
ID01333,AC1701232,F025,雙向層架式書桌-咖,家俱,2900.0,2.0,2016-10-15,5800.0,870.0000000000005,870.0,6148.0,謝玉華,Male,28,新北市,金融業和房地產,2016.0,10.0,15.0,4.0,20
ID01334,AC1703024,F024,運動潮流直筒棉褲男童-灰,童裝,2030.0,1.0,2016-10-15,2030.0,357.28,251.72,2151.8,吳添恒,Male,32,桃園市,住宿和餐飲業,2016.0,10.0,15.0,4.0,30
ID01335,AC1703823,F015,法蘭絨格紋襯衫-紅,女裝,1740.0,1.0,2016-10-15,1740.0,287.1,234.9,1844.4,金芃芷,Female,54,臺北市,住宿和餐飲業,2016.0,10.0,15.0,4.0,50
ID01336,AC1703582,F015,法蘭絨格紋襯衫-紅,女裝,1740.0,1.0,2016-10-15,1740.0,287.1,234.9,1844.4,胡思涵,Female,37,基隆市,其他,2016.0,10.0,15.0,4.0,30
ID01337,AC1701306,F028,大學T男童-藍,童裝,1750.0,1.0,2016-11-30,1750.0,308.0,217.0,1855.0,陳惠娟,Female,33,宜蘭縣,住宿和餐飲業,2016.0,11.0,30.0,4.0,30
ID01338,AC1703802,F028,大學T男童-藍,童裝,1750.0,1.0,2016-11-30,1750.0,308.0,217.0,1855.0,宮佳穎,Female,45,臺北市,金融業和房地產,2016.0,11.0,30.0,4.0,40
ID01339,AC1703084,F010,中夾-紅,皮件,2610.0,1.0,2016-10-15,2610.0,595.0800000000003,187.92,2766.6000000000004,楊淑屏,Male,32,桃園市,住宿和餐飲業,2016.0,10.0,15.0,4.0,30
ID01340,AC1700981,F011,經典高領多彩T恤男裝-白,男裝,1200.0,1.0,2016-11-30,1200.0,230.4,129.6,1272.0,周博蘋,Female,31,新北市,金融業和房地產,2016.0,11.0,30.0,4.0,30
ID01341,AC1701715,F011,經典高領多彩T恤男裝-白,男裝,1200.0,1.0,2016-11-30,1200.0,230.4,129.6,1272.0,張雅君,Female,29,新北市,金融業和房地產,2016.0,11.0,30.0,4.0,20
ID01342,AC1701704,F011,經典高領多彩T恤男裝-白,男裝,1200.0,1.0,2016-11-30,1200.0,230.4,129.6,1272.0,侯建凡,Male,37,宜蘭縣,金融業和房地產,2016.0,11.0,30.0,4.0,30
ID01343,AC1702263,F011,經典高領多彩T恤男裝-白,男裝,1200.0,1.0,2016-11-30,1200.0,230.4,129.6,1272.0,張馨玲,Male,46,桃園市,住宿和餐飲業,2016.0,11.0,30.0,4.0,40
ID01344,AC1701297,F005,運動潮流連帽外套男裝-灰,男裝,1450.0,2.0,2016-10-15,2900.0,556.8000000000002,313.2,3074.0,盧佩蓉,Female,34,新北市,金融業和房地產,2016.0,10.0,15.0,4.0,30
ID01345,AC1703604,F025,雙向層架式書桌-咖,家俱,2900.0,2.0,2016-10-15,5800.0,870.0000000000005,870.0,6148.0,楊惠淑,Female,37,基隆市,住宿和餐飲業,2016.0,10.0,15.0,4.0,30
ID01346,AC1703919,F024,運動潮流直筒棉褲男童-灰,童裝,2030.0,1.0,2016-10-15,2030.0,357.28,251.72,2151.8,林俊穎,Female,44,臺北市,其他,2016.0,10.0,15.0,4.0,40
ID01347,AC1703791,F015,法蘭絨格紋襯衫-紅,女裝,1740.0,1.0,2016-10-15,1740.0,287.1,234.9,1844.4,林建泰,Female,49,基隆市,住宿和餐飲業,2016.0,10.0,15.0,4.0,40
ID01348,AC1702403,F016,後背包-藍,配件,890.0,5.0,2016-11-30,4450.0,1103.6,231.39999999999998,4717.0,杜冠禮,Female,38,桃園市,其他,2016.0,11.0,30.0,4.0,30
ID01349,AC1702789,F016,後背包-藍,配件,890.0,5.0,2016-11-30,4450.0,1103.6,231.39999999999998,4717.0,陳俊玲,Female,50,桃園市,其他,2016.0,11.0,30.0,4.0,50
ID01350,AC1700865,F016,後背包-藍,配件,890.0,5.0,2016-11-30,4450.0,1103.6,231.39999999999998,4717.0,林宏航,Female,33,新北市,金融業和房地產,2016.0,11.0,30.0,4.0,30
ID01351,AC1700748,F015,法蘭絨格紋襯衫-紅,女裝,1740.0,1.0,2016-10-15,1740.0,287.1,234.9,1844.4,劉靜雯,Female,29,新北市,金融業和房地產,2016.0,10.0,15.0,4.0,20
ID01352,AC1703941,F028,大學T男童-藍,童裝,1750.0,1.0,2016-11-30,1750.0,308.0,217.0,1855.0,蔡祖和,Male,36,臺北市,住宿和餐飲業,2016.0,11.0,30.0,4.0,30
ID01353,AC1702517,F028,大學T男童-藍,童裝,1750.0,1.0,2016-11-30,1750.0,308.0,217.0,1855.0,周綠羽,Female,28,桃園市,其他,2016.0,11.0,30.0,4.0,20
ID01354,AC1702515,F010,中夾-紅,皮件,2610.0,1.0,2016-10-15,2610.0,595.0800000000003,187.92,2766.6000000000004,曾冠宇,Male,52,桃園市,住宿和餐飲業,2016.0,10.0,15.0,4.0,50
ID01355,AC1701089,F011,經典高領多彩T恤男裝-白,男裝,1200.0,1.0,2016-11-30,1200.0,230.4,129.6,1272.0,吳文華,Female,30,新北市,金融業和房地產,2016.0,11.0,30.0,4.0,30
ID01356,AC1702865,F011,經典高領多彩T恤男裝-白,男裝,1200.0,1.0,2016-11-30,1200.0,230.4,129.6,1272.0,陳建雪,Female,52,桃園市,住宿和餐飲業,2016.0,11.0,30.0,4.0,50
ID01357,AC1701925,F011,經典高領多彩T恤男裝-白,男裝,1200.0,1.0,2016-11-30,1200.0,230.4,129.6,1272.0,林淑惠,Female,39,宜蘭縣,金融業和房地產,2016.0,11.0,30.0,4.0,30
ID01358,AC1700959,F011,經典高領多彩T恤男裝-白,男裝,1200.0,1.0,2016-11-30,1200.0,230.4,129.6,1272.0,郭美惠,Male,33,新北市,其他,2016.0,11.0,30.0,4.0,30
ID01359,AC1703167,F005,運動潮流連帽外套男裝-灰,男裝,1450.0,2.0,2016-10-15,2900.0,556.8000000000002,313.2,3074.0,許大俐,Female,53,桃園市,其他,2016.0,10.0,15.0,4.0,50
ID01360,AC1700067,F025,雙向層架式書桌-咖,家俱,2900.0,2.0,2016-10-15,5800.0,870.0000000000005,870.0,6148.0,連家瑋,Male,65,基隆市,金融業和房地產,2016.0,10.0,15.0,4.0,60
ID01361,AC1703247,F024,運動潮流直筒棉褲男童-灰,童裝,2030.0,1.0,2016-10-15,2030.0,357.28,251.72,2151.8,陳惠芝,Female,37,桃園市,教育體育文化,2016.0,10.0,15.0,4.0,30
ID01362,AC1703593,F015,法蘭絨格紋襯衫-紅,女裝,1740.0,1.0,2016-10-15,1740.0,287.1,234.9,1844.4,曾怡萱,Female,33,基隆市,其他,2016.0,10.0,15.0,4.0,30
ID01363,AC1701291,F016,後背包-藍,配件,890.0,5.0,2016-11-30,4450.0,1103.6,231.39999999999998,4717.0,吳詩婷,Female,37,宜蘭縣,其他,2016.0,11.0,30.0,4.0,30
ID01364,AC1701475,F016,後背包-藍,配件,890.0,5.0,2016-11-30,4450.0,1103.6,231.39999999999998,4717.0,姚紹瑞,Female,29,新北市,金融業和房地產,2016.0,11.0,30.0,4.0,20
ID01365,AC1703034,F016,後背包-藍,配件,890.0,5.0,2016-11-30,4450.0,1103.6,231.39999999999998,4717.0,陳世姍,Female,49,桃園市,其他,2016.0,11.0,30.0,4.0,40
ID01366,AC1701487,F015,法蘭絨格紋襯衫-紅,女裝,1740.0,1.0,2016-10-15,1740.0,287.1,234.9,1844.4,張淑芳,Female,35,宜蘭縣,金融業和房地產,2016.0,10.0,15.0,4.0,30
ID01367,AC1700638,F028,大學T男童-藍,童裝,1750.0,1.0,2016-11-30,1750.0,308.0,217.0,1855.0,闕長嬌,Female,34,新北市,金融業和房地產,2016.0,11.0,30.0,4.0,30
ID01368,AC1700664,F028,大學T男童-藍,童裝,1750.0,1.0,2016-11-30,1750.0,308.0,217.0,1855.0,鄭宜珊,Male,35,新北市,金融業和房地產,2016.0,11.0,30.0,4.0,30
ID01369,AC1701054,F010,中夾-紅,皮件,2610.0,1.0,2016-10-15,2610.0,595.0800000000003,187.92,2766.6000000000004,貢惟雅,Male,32,新北市,其他,2016.0,10.0,15.0,4.0,30
ID01370,AC1702368,F011,經典高領多彩T恤男裝-白,男裝,1200.0,1.0,2016-11-30,1200.0,230.4,129.6,1272.0,陳金喬,Male,48,桃園市,其他,2016.0,11.0,30.0,4.0,40
ID01371,AC1703954,F011,經典高領多彩T恤男裝-白,男裝,1200.0,1.0,2016-11-30,1200.0,230.4,129.6,1272.0,邱漢玲,Female,42,臺北市,其他,2016.0,11.0,30.0,4.0,40
ID01372,AC1702111,F011,經典高領多彩T恤男裝-白,男裝,1200.0,1.0,2016-11-30,1200.0,230.4,129.6,1272.0,謝明香,Female,36,宜蘭縣,其他,2016.0,11.0,30.0,4.0,30
ID01373,AC1703779,F011,經典高領多彩T恤男裝-白,男裝,1200.0,1.0,2016-11-30,1200.0,230.4,129.6,1272.0,黃郁婷,Female,49,基隆市,金融業和房地產,2016.0,11.0,30.0,4.0,40
ID01374,AC1702808,F005,運動潮流連帽外套男裝-灰,男裝,1450.0,2.0,2016-10-15,2900.0,556.8000000000002,313.2,3074.0,王美玲,Male,58,桃園市,其他,2016.0,10.0,15.0,4.0,50
ID01375,AC1703174,F025,雙向層架式書桌-咖,家俱,2900.0,2.0,2016-10-15,5800.0,870.0000000000005,870.0,6148.0,宋承穎,Male,47,桃園市,住宿和餐飲業,2016.0,10.0,15.0,4.0,40
ID01376,AC1703406,F005,運動潮流連帽外套男裝-灰,男裝,1450.0,1.0,2016-11-30,1450.0,278.4000000000001,156.6,1537.0,張天憲,Male,41,基隆市,金融業和房地產,2016.0,11.0,30.0,4.0,40
ID01377,AC1702904,F005,運動潮流連帽外套男裝-灰,男裝,1450.0,1.0,2016-11-30,1450.0,278.4000000000001,156.6,1537.0,陳政峰,Female,50,桃園市,其他,2016.0,11.0,30.0,4.0,50
ID01378,AC1701494,F016,後背包-藍,配件,890.0,5.0,2016-11-30,4450.0,1103.6,231.39999999999998,4717.0,林欣筠,Male,31,宜蘭縣,金融業和房地產,2016.0,11.0,30.0,4.0,30
ID01379,AC1702549,F016,後背包-藍,配件,890.0,5.0,2016-11-30,4450.0,1103.6,231.39999999999998,4717.0,曹裕珠,Female,32,桃園市,其他,2016.0,11.0,30.0,4.0,30
ID01380,AC1703035,F016,後背包-藍,配件,890.0,5.0,2016-11-30,4450.0,1103.6,231.39999999999998,4717.0,張宗毅,Male,58,桃園市,住宿和餐飲業,2016.0,11.0,30.0,4.0,50
ID01381,AC1703793,F025,雙向層架式書桌-咖,家俱,2900.0,1.0,2016-11-30,2900.0,435.0000000000002,435.0,3074.0,陳怡靜,Female,44,基隆市,其他,2016.0,11.0,30.0,4.0,40
ID01382,AC1703060,F028,大學T男童-藍,童裝,1750.0,1.0,2016-11-30,1750.0,308.0,217.0,1855.0,張詩婷,Female,54,桃園市,住宿和餐飲業,2016.0,11.0,30.0,4.0,50
ID01383,AC1700503,F028,大學T男童-藍,童裝,1750.0,1.0,2016-11-30,1750.0,308.0,217.0,1855.0,施虹迪,Male,36,新北市,住宿和餐飲業,2016.0,11.0,30.0,4.0,30
ID01384,AC1700222,F025,雙向層架式書桌-咖,家俱,2900.0,1.0,2016-11-30,2900.0,435.0000000000002,435.0,3074.0,陳怡潔,Female,33,臺北市,金融業和房地產,2016.0,11.0,30.0,4.0,30
ID01385,AC1701712,F011,經典高領多彩T恤男裝-白,男裝,1200.0,1.0,2016-11-30,1200.0,230.4,129.6,1272.0,張綠妤,Female,37,新北市,金融業和房地產,2016.0,11.0,30.0,4.0,30
ID01386,AC1701877,F011,經典高領多彩T恤男裝-白,男裝,1200.0,1.0,2016-11-30,1200.0,230.4,129.6,1272.0,邱世傑,Female,40,新北市,金融業和房地產,2016.0,11.0,30.0,4.0,40
ID01387,AC1703907,F011,經典高領多彩T恤男裝-白,男裝,1200.0,1.0,2016-11-30,1200.0,230.4,129.6,1272.0,郭翊燦,Female,36,臺北市,其他,2016.0,11.0,30.0,4.0,30
ID01388,AC1702388,F011,經典高領多彩T恤男裝-白,男裝,1200.0,1.0,2016-11-30,1200.0,230.4,129.6,1272.0,朱玲鑫,Male,52,桃園市,住宿和餐飲業,2016.0,11.0,30.0,4.0,50
ID01389,AC1700556,F025,雙向層架式書桌-咖,家俱,2900.0,1.0,2016-11-30,2900.0,435.0000000000002,435.0,3074.0,葉博文,Male,35,新北市,金融業和房地產,2016.0,11.0,30.0,4.0,30
ID01390,AC1701832,F024,運動潮流直筒棉褲男童-灰,童裝,2030.0,5.0,2016-11-30,10150.0,1786.4,1258.6,10759.0,王筱州,Female,33,新北市,金融業和房地產,2016.0,11.0,30.0,4.0,30
ID01391,AC1703264,F005,運動潮流連帽外套男裝-灰,男裝,1450.0,1.0,2016-11-30,1450.0,278.4000000000001,156.6,1537.0,鐘華利,Male,53,桃園市,住宿和餐飲業,2016.0,11.0,30.0,4.0,50
ID01392,AC1700328,F005,運動潮流連帽外套男裝-灰,男裝,1450.0,1.0,2016-11-30,1450.0,278.4000000000001,156.6,1537.0,林艾孝,Female,41,新北市,金融業和房地產,2016.0,11.0,30.0,4.0,40
ID01393,AC1703158,F016,後背包-藍,配件,890.0,5.0,2016-11-30,4450.0,1103.6,231.39999999999998,4717.0,王聖凱,Male,44,桃園市,住宿和餐飲業,2016.0,11.0,30.0,4.0,40
ID01394,AC1700133,F016,後背包-藍,配件,890.0,5.0,2016-11-30,4450.0,1103.6,231.39999999999998,4717.0,林阿緯,Male,44,基隆市,金融業和房地產,2016.0,11.0,30.0,4.0,40
ID01395,AC1702174,F016,後背包-藍,配件,890.0,5.0,2016-11-30,4450.0,1103.6,231.39999999999998,4717.0,宗燦綸,Female,50,桃園市,其他,2016.0,11.0,30.0,4.0,50
ID01396,AC1703008,F025,雙向層架式書桌-咖,家俱,2900.0,1.0,2016-11-30,2900.0,435.0000000000002,435.0,3074.0,鄭雅婷,Male,53,桃園市,住宿和餐飲業,2016.0,11.0,30.0,4.0,50
ID01397,AC1701139,F028,大學T男童-藍,童裝,1750.0,1.0,2016-11-30,1750.0,308.0,217.0,1855.0,劉逸誠,Female,37,新北市,金融業和房地產,2016.0,11.0,30.0,4.0,30
ID01398,AC1702461,F028,大學T男童-藍,童裝,1750.0,1.0,2016-11-30,1750.0,308.0,217.0,1855.0,張孝方,Male,51,桃園市,金融業和房地產,2016.0,11.0,30.0,4.0,50
ID01399,AC1700442,F025,雙向層架式書桌-咖,家俱,2900.0,1.0,2016-11-30,2900.0,435.0000000000002,435.0,3074.0,楊欣怡,Female,34,新北市,金融業和房地產,2016.0,11.0,30.0,4.0,30
ID01400,AC1702520,F011,經典高領多彩T恤男裝-白,男裝,1200.0,1.0,2016-11-30,1200.0,230.4,129.6,1272.0,李予山,Male,44,桃園市,金融業和房地產,2016.0,11.0,30.0,4.0,40
ID01401,AC1702088,F011,經典高領多彩T恤男裝-白,男裝,1200.0,1.0,2016-11-30,1200.0,230.4,129.6,1272.0,王文恬,Male,31,宜蘭縣,教育體育文化,2016.0,11.0,30.0,4.0,30
ID01402,AC1701044,F011,經典高領多彩T恤男裝-白,男裝,1200.0,1.0,2016-11-30,1200.0,230.4,129.6,1272.0,郭美惠,Female,31,新北市,金融業和房地產,2016.0,11.0,30.0,4.0,30
ID01403,AC1701869,F011,經典高領多彩T恤男裝-白,男裝,1200.0,1.0,2016-11-30,1200.0,230.4,129.6,1272.0,胡怡孜,Male,34,宜蘭縣,其他,2016.0,11.0,30.0,4.0,30
ID01404,AC1700116,F025,雙向層架式書桌-咖,家俱,2900.0,1.0,2016-11-30,2900.0,435.0000000000002,435.0,3074.0,林士峰,Male,48,新北市,住宿和餐飲業,2016.0,11.0,30.0,4.0,40
ID01405,AC1701120,F024,運動潮流直筒棉褲男童-灰,童裝,2030.0,5.0,2016-11-30,10150.0,1786.4,1258.6,10759.0,施文凱,Female,45,新北市,住宿和餐飲業,2016.0,11.0,30.0,4.0,40
ID01406,AC1700832,F005,運動潮流連帽外套男裝-灰,男裝,1450.0,1.0,2016-11-30,1450.0,278.4000000000001,156.6,1537.0,謝世昌,Female,28,新北市,金融業和房地產,2016.0,11.0,30.0,4.0,20
ID01407,AC1702098,F005,運動潮流連帽外套男裝-灰,男裝,1450.0,1.0,2016-11-30,1450.0,278.4000000000001,156.6,1537.0,蔡明凱,Male,37,宜蘭縣,金融業和房地產,2016.0,11.0,30.0,4.0,30
ID01408,AC1703457,F016,後背包-藍,配件,890.0,5.0,2016-11-30,4450.0,1103.6,231.39999999999998,4717.0,周郁軍,Male,42,基隆市,其他,2016.0,11.0,30.0,4.0,40
ID01409,AC1701837,F016,後背包-藍,配件,890.0,5.0,2016-11-30,4450.0,1103.6,231.39999999999998,4717.0,王昕惠,Male,25,宜蘭縣,金融業和房地產,2016.0,11.0,30.0,4.0,20
ID01410,AC1700391,F016,後背包-藍,配件,890.0,5.0,2016-11-30,4450.0,1103.6,231.39999999999998,4717.0,李佩洋,Male,50,新北市,金融業和房地產,2016.0,11.0,30.0,4.0,50
ID01411,AC1700627,F001,運動潮流連帽外套女裝-白,女裝,1450.0,1.0,2016-12-05,1450.0,239.2500000000001,195.75,1537.0,葉淑芬,Female,31,新北市,其他,2016.0,12.0,5.0,4.0,30
ID01412,AC1701216,F025,雙向層架式書桌-咖,家俱,2900.0,1.0,2016-11-30,2900.0,435.0000000000002,435.0,3074.0,陳俊凱,Male,30,新北市,其他,2016.0,11.0,30.0,4.0,30
ID01413,AC1700330,F001,運動潮流連帽外套女裝-白,女裝,1450.0,1.0,2016-12-05,1450.0,239.2500000000001,195.75,1537.0,馮雅慧,Female,48,新北市,住宿和餐飲業,2016.0,12.0,5.0,4.0,40
ID01414,AC1703748,F025,雙向層架式書桌-咖,家俱,2900.0,1.0,2016-11-30,2900.0,435.0000000000002,435.0,3074.0,郭心怡,Female,37,基隆市,金融業和房地產,2016.0,11.0,30.0,4.0,30
ID01415,AC1700797,F014,大化妝包-黑,配件,1740.0,1.0,2016-12-05,1740.0,431.52,90.47999999999999,1844.4,蔡堯修,Female,25,新北市,金融業和房地產,2016.0,12.0,5.0,4.0,20
ID01416,AC1702784,F016,後背包-藍,配件,890.0,1.0,2016-12-05,890.0,220.72,46.28,943.4000000000001,黃向新,Male,58,桃園市,其他,2016.0,12.0,5.0,4.0,50
ID01417,AC1701697,F020,萬用包-黑,皮件,2900.0,1.0,2016-12-05,2900.0,661.2000000000003,208.79999999999998,3074.0,李堯依,Male,38,宜蘭縣,金融業和房地產,2016.0,12.0,5.0,4.0,30
ID01418,AC1700100,F020,萬用包-黑,皮件,2900.0,1.0,2016-12-05,2900.0,661.2000000000003,208.79999999999998,3074.0,何兆辰,Male,47,新北市,金融業和房地產,2016.0,12.0,5.0,4.0,40
ID01419,AC1702325,F025,雙向層架式書桌-咖,家俱,2900.0,1.0,2016-11-30,2900.0,435.0000000000002,435.0,3074.0,黃廷珮,Female,52,桃園市,住宿和餐飲業,2016.0,11.0,30.0,4.0,50
ID01420,AC1703584,F014,大化妝包-黑,配件,1740.0,2.0,2016-12-05,3480.0,863.04,180.95999999999998,3688.8,錢鈺禮,Female,43,基隆市,金融業和房地產,2016.0,12.0,5.0,4.0,40
ID01421,AC1703320,F014,大化妝包-黑,配件,1740.0,2.0,2016-12-05,3480.0,863.04,180.95999999999998,3688.8,黃成舜,Male,24,基隆市,金融業和房地產,2016.0,12.0,5.0,4.0,20
ID01422,AC1700435,F012,托特包-白,配件,1740.0,2.0,2016-12-05,3480.0,863.04,180.95999999999998,3688.8,陳倫福,Female,32,新北市,其他,2016.0,12.0,5.0,4.0,30
ID01423,AC1703556,F009,大化妝包-深藍,配件,2100.0,2.0,2016-12-05,4200.0,1041.6,218.39999999999998,4452.0,張智偉,Female,34,基隆市,金融業和房地產,2016.0,12.0,5.0,4.0,30
ID01424,AC1702615,F011,經典高領多彩T恤男裝-白,男裝,1200.0,2.0,2016-12-05,2400.0,460.8,259.2,2544.0,蔡嘉白,Female,57,桃園市,金融業和房地產,2016.0,12.0,5.0,4.0,50
ID01425,AC1700664,F024,運動潮流直筒棉褲男童-灰,童裝,2030.0,5.0,2016-11-30,10150.0,1786.4,1258.6,10759.0,鄭宜珊,Male,35,新北市,金融業和房地產,2016.0,11.0,30.0,4.0,30
ID01426,AC1701386,F007,運動潮流連帽外套男裝-灰,男裝,1450.0,3.0,2016-12-05,4350.0,835.2,469.8,4611.0,唐舜光,Male,34,宜蘭縣,金融業和房地產,2016.0,12.0,5.0,4.0,30
ID01427,AC1701534,F007,運動潮流連帽外套男裝-灰,男裝,1450.0,3.0,2016-12-05,4350.0,835.2,469.8,4611.0,蔡玟傑,Female,36,新北市,金融業和房地產,2016.0,12.0,5.0,4.0,30
ID01428,AC1703045,F022,短夾-紅,皮件,2900.0,3.0,2016-12-05,8700.0,1983.6,626.4,9222.0,朱志宇,Female,39,桃園市,其他,2016.0,12.0,5.0,4.0,30
ID01429,AC1700048,F022,短夾-紅,皮件,2900.0,3.0,2016-12-05,8700.0,1983.6,626.4,9222.0,闕慧婷,Female,54,基隆市,金融業和房地產,2016.0,12.0,5.0,4.0,50
ID01430,AC1701736,F001,運動潮流連帽外套女裝-白,女裝,1450.0,1.0,2016-12-05,1450.0,239.2500000000001,195.75,1537.0,張家偉,Male,41,宜蘭縣,其他,2016.0,12.0,5.0,4.0,40
ID01431,AC1702424,F005,運動潮流連帽外套男裝-灰,男裝,1450.0,1.0,2016-11-30,1450.0,278.4000000000001,156.6,1537.0,陳亞義,Male,50,桃園市,其他,2016.0,11.0,30.0,4.0,50
ID01432,AC1702986,F001,運動潮流連帽外套女裝-白,女裝,1450.0,1.0,2016-12-05,1450.0,239.2500000000001,195.75,1537.0,魏吉汝,Male,61,桃園市,住宿和餐飲業,2016.0,12.0,5.0,4.0,60
ID01433,AC1703943,F005,運動潮流連帽外套男裝-灰,男裝,1450.0,1.0,2016-11-30,1450.0,278.4000000000001,156.6,1537.0,張靜怡,Female,59,臺北市,其他,2016.0,11.0,30.0,4.0,50
ID01434,AC1703342,F014,大化妝包-黑,配件,1740.0,1.0,2016-12-05,1740.0,431.52,90.47999999999999,1844.4,馬怡臻,Female,24,基隆市,金融業和房地產,2016.0,12.0,5.0,4.0,20
ID01435,AC1703030,F016,後背包-藍,配件,890.0,1.0,2016-12-05,890.0,220.72,46.28,943.4000000000001,趙韋惠,Female,52,桃園市,其他,2016.0,12.0,5.0,4.0,50
ID01436,AC1700265,F020,萬用包-黑,皮件,2900.0,1.0,2016-12-05,2900.0,661.2000000000003,208.79999999999998,3074.0,洪淑惠,Female,35,新北市,農林漁牧業,2016.0,12.0,5.0,4.0,30
ID01437,AC1702701,F020,萬用包-黑,皮件,2900.0,1.0,2016-12-05,2900.0,661.2000000000003,208.79999999999998,3074.0,賴佳儒,Female,48,桃園市,其他,2016.0,12.0,5.0,4.0,40
ID01438,AC1702833,F025,雙向層架式書桌-咖,家俱,2900.0,1.0,2016-11-30,2900.0,435.0000000000002,435.0,3074.0,張民泰,Male,55,桃園市,住宿和餐飲業,2016.0,11.0,30.0,4.0,50
ID01439,AC1702751,F014,大化妝包-黑,配件,1740.0,2.0,2016-12-05,3480.0,863.04,180.95999999999998,3688.8,黃思嬌,Male,54,桃園市,金融業和房地產,2016.0,12.0,5.0,4.0,50
ID01440,AC1700570,F014,大化妝包-黑,配件,1740.0,2.0,2016-12-05,3480.0,863.04,180.95999999999998,3688.8,強石恆,Female,32,新北市,金融業和房地產,2016.0,12.0,5.0,4.0,30
ID01441,AC1701938,F012,托特包-白,配件,1740.0,2.0,2016-12-05,3480.0,863.04,180.95999999999998,3688.8,周翊妍,Female,31,新北市,金融業和房地產,2016.0,12.0,5.0,4.0,30
ID01442,AC1702680,F009,大化妝包-深藍,配件,2100.0,2.0,2016-12-05,4200.0,1041.6,218.39999999999998,4452.0,蔡佩仁,Male,50,桃園市,其他,2016.0,12.0,5.0,4.0,50
ID01443,AC1702676,F011,經典高領多彩T恤男裝-白,男裝,1200.0,2.0,2016-12-05,2400.0,460.8,259.2,2544.0,廖意松,Female,62,桃園市,其他,2016.0,12.0,5.0,4.0,60
ID01444,AC1700133,F025,雙向層架式書桌-咖,家俱,2900.0,1.0,2016-11-30,2900.0,435.0000000000002,435.0,3074.0,林阿緯,Male,44,基隆市,金融業和房地產,2016.0,11.0,30.0,4.0,40
ID01445,AC1701698,F007,運動潮流連帽外套男裝-灰,男裝,1450.0,3.0,2016-12-05,4350.0,835.2,469.8,4611.0,楊奎慈,Male,45,宜蘭縣,金融業和房地產,2016.0,12.0,5.0,4.0,40
ID01446,AC1701451,F007,運動潮流連帽外套男裝-灰,男裝,1450.0,3.0,2016-12-05,4350.0,835.2,469.8,4611.0,吳政蓁,Female,23,新北市,金融業和房地產,2016.0,12.0,5.0,4.0,20
ID01447,AC1701848,F022,短夾-紅,皮件,2900.0,3.0,2016-12-05,8700.0,1983.6,626.4,9222.0,林筱雄,Female,39,新北市,金融業和房地產,2016.0,12.0,5.0,4.0,30
ID01448,AC1701618,F022,短夾-紅,皮件,2900.0,3.0,2016-12-05,8700.0,1983.6,626.4,9222.0,林容東,Male,43,宜蘭縣,金融業和房地產,2016.0,12.0,5.0,4.0,40
ID01449,AC1701488,F001,運動潮流連帽外套女裝-白,女裝,1450.0,1.0,2016-12-05,1450.0,239.2500000000001,195.75,1537.0,王淑芬,Female,36,宜蘭縣,金融業和房地產,2016.0,12.0,5.0,4.0,30
ID01450,AC1700619,F025,雙向層架式書桌-咖,家俱,2900.0,1.0,2016-11-30,2900.0,435.0000000000002,435.0,3074.0,連婷添,Female,34,新北市,其他,2016.0,11.0,30.0,4.0,30
ID01451,AC1703782,F001,運動潮流連帽外套女裝-白,女裝,1450.0,1.0,2016-12-05,1450.0,239.2500000000001,195.75,1537.0,連弘宸,Male,49,基隆市,金融業和房地產,2016.0,12.0,5.0,4.0,40
ID01452,AC1701118,F024,運動潮流直筒棉褲男童-灰,童裝,2030.0,5.0,2016-11-30,10150.0,1786.4,1258.6,10759.0,陳燕堯,Male,28,新北市,其他,2016.0,11.0,30.0,4.0,20
ID01453,AC1700394,F014,大化妝包-黑,配件,1740.0,1.0,2016-12-05,1740.0,431.52,90.47999999999999,1844.4,林嘉宏,Male,51,新北市,金融業和房地產,2016.0,12.0,5.0,4.0,50
ID01454,AC1702850,F016,後背包-藍,配件,890.0,1.0,2016-12-05,890.0,220.72,46.28,943.4000000000001,陳美玲,Female,53,桃園市,其他,2016.0,12.0,5.0,4.0,50
ID01455,AC1703436,F020,萬用包-黑,皮件,2900.0,1.0,2016-12-05,2900.0,661.2000000000003,208.79999999999998,3074.0,張雅雲,Female,42,基隆市,其他,2016.0,12.0,5.0,4.0,40
ID01456,AC1700885,F020,萬用包-黑,皮件,2900.0,1.0,2016-12-05,2900.0,661.2000000000003,208.79999999999998,3074.0,倪佳玲,Male,37,新北市,其他,2016.0,12.0,5.0,4.0,30
ID01457,AC1702511,F005,運動潮流連帽外套男裝-灰,男裝,1450.0,1.0,2016-11-30,1450.0,278.4000000000001,156.6,1537.0,葉政儒,Male,45,桃園市,住宿和餐飲業,2016.0,11.0,30.0,4.0,40
ID01458,AC1701199,F014,大化妝包-黑,配件,1740.0,2.0,2016-12-05,3480.0,863.04,180.95999999999998,3688.8,高筱婷,Male,49,新北市,其他,2016.0,12.0,5.0,4.0,40
ID01459,AC1700322,F014,大化妝包-黑,配件,1740.0,2.0,2016-12-05,3480.0,863.04,180.95999999999998,3688.8,林柏瑋,Female,49,新北市,其他,2016.0,12.0,5.0,4.0,40
ID01460,AC1701329,F012,托特包-白,配件,1740.0,2.0,2016-12-05,3480.0,863.04,180.95999999999998,3688.8,昝雅婷,Female,40,新北市,金融業和房地產,2016.0,12.0,5.0,4.0,40
ID01461,AC1700983,F009,大化妝包-深藍,配件,2100.0,2.0,2016-12-05,4200.0,1041.6,218.39999999999998,4452.0,林雅玲,Female,44,新北市,金融業和房地產,2016.0,12.0,5.0,4.0,40
ID01462,AC1701693,F011,經典高領多彩T恤男裝-白,男裝,1200.0,2.0,2016-12-05,2400.0,460.8,259.2,2544.0,吳俊龍,Male,35,宜蘭縣,金融業和房地產,2016.0,12.0,5.0,4.0,30
ID01463,AC1700361,F005,運動潮流連帽外套男裝-灰,男裝,1450.0,1.0,2016-11-30,1450.0,278.4000000000001,156.6,1537.0,林宗育,Female,56,新北市,金融業和房地產,2016.0,11.0,30.0,4.0,50
ID01464,AC1703211,F007,運動潮流連帽外套男裝-灰,男裝,1450.0,3.0,2016-12-05,4350.0,835.2,469.8,4611.0,張怡蓁,Female,49,桃園市,教育體育文化,2016.0,12.0,5.0,4.0,40
ID01465,AC1700488,F007,運動潮流連帽外套男裝-灰,男裝,1450.0,3.0,2016-12-05,4350.0,835.2,469.8,4611.0,林軍麟,Male,29,新北市,金融業和房地產,2016.0,12.0,5.0,4.0,20
ID01466,AC1701724,F022,短夾-紅,皮件,2900.0,3.0,2016-12-05,8700.0,1983.6,626.4,9222.0,馮克男,Male,41,宜蘭縣,金融業和房地產,2016.0,12.0,5.0,4.0,40
ID01467,AC1703359,F022,短夾-紅,皮件,2900.0,3.0,2016-12-05,8700.0,1983.6,626.4,9222.0,陸俊傑,Female,24,基隆市,金融業和房地產,2016.0,12.0,5.0,4.0,20
ID01468,AC1701306,F001,運動潮流連帽外套女裝-白,女裝,1450.0,1.0,2016-12-05,1450.0,239.2500000000001,195.75,1537.0,陳惠娟,Female,33,宜蘭縣,住宿和餐飲業,2016.0,12.0,5.0,4.0,30
ID01469,AC1700493,F025,雙向層架式書桌-咖,家俱,2900.0,1.0,2016-11-30,2900.0,435.0000000000002,435.0,3074.0,蔡宜靜,Female,47,新北市,住宿和餐飲業,2016.0,11.0,30.0,4.0,40
ID01470,AC1702134,F001,運動潮流連帽外套女裝-白,女裝,1450.0,1.0,2016-12-05,1450.0,239.2500000000001,195.75,1537.0,鐘文彬,Male,46,宜蘭縣,金融業和房地產,2016.0,12.0,5.0,4.0,40
ID01471,AC1700476,F025,雙向層架式書桌-咖,家俱,2900.0,1.0,2016-11-30,2900.0,435.0000000000002,435.0,3074.0,張鈞瑋,Male,32,新北市,農林漁牧業,2016.0,11.0,30.0,4.0,30
ID01472,AC1701989,F014,大化妝包-黑,配件,1740.0,1.0,2016-12-05,1740.0,431.52,90.47999999999999,1844.4,王玉雄,Female,42,新北市,金融業和房地產,2016.0,12.0,5.0,4.0,40
ID01473,AC1702724,F016,後背包-藍,配件,890.0,1.0,2016-12-05,890.0,220.72,46.28,943.4000000000001,高凱婷,Female,56,桃園市,住宿和餐飲業,2016.0,12.0,5.0,4.0,50
ID01474,AC1701385,F020,萬用包-黑,皮件,2900.0,1.0,2016-12-05,2900.0,661.2000000000003,208.79999999999998,3074.0,陳盈珊,Female,27,新北市,金融業和房地產,2016.0,12.0,5.0,4.0,20
ID01475,AC1702209,F020,萬用包-黑,皮件,2900.0,1.0,2016-12-05,2900.0,661.2000000000003,208.79999999999998,3074.0,林嘉雨,Female,59,桃園市,其他,2016.0,12.0,5.0,4.0,50
ID01476,AC1703660,F025,雙向層架式書桌-咖,家俱,2900.0,1.0,2016-11-30,2900.0,435.0000000000002,435.0,3074.0,黃凱文,Female,36,基隆市,其他,2016.0,11.0,30.0,4.0,30
ID01477,AC1701365,F014,大化妝包-黑,配件,1740.0,2.0,2016-12-05,3480.0,863.04,180.95999999999998,3688.8,何嘉玲,Female,39,新北市,金融業和房地產,2016.0,12.0,5.0,4.0,30
ID01478,AC1702581,F014,大化妝包-黑,配件,1740.0,2.0,2016-12-05,3480.0,863.04,180.95999999999998,3688.8,涂夙蘋,Female,57,桃園市,住宿和餐飲業,2016.0,12.0,5.0,4.0,50
ID01479,AC1703359,F012,托特包-白,配件,1740.0,2.0,2016-12-05,3480.0,863.04,180.95999999999998,3688.8,陸俊傑,Female,24,基隆市,金融業和房地產,2016.0,12.0,5.0,4.0,20
ID01480,AC1703269,F009,大化妝包-深藍,配件,2100.0,2.0,2016-12-05,4200.0,1041.6,218.39999999999998,4452.0,黃亮妃,Female,42,桃園市,住宿和餐飲業,2016.0,12.0,5.0,4.0,40
ID01481,AC1701933,F011,經典高領多彩T恤男裝-白,男裝,1200.0,2.0,2016-12-05,2400.0,460.8,259.2,2544.0,楊淑卿,Female,28,宜蘭縣,住宿和餐飲業,2016.0,12.0,5.0,4.0,20
ID01482,AC1703276,F024,運動潮流直筒棉褲男童-灰,童裝,2030.0,5.0,2016-11-30,10150.0,1786.4,1258.6,10759.0,陳思男,Female,44,桃園市,其他,2016.0,11.0,30.0,4.0,40
ID01483,AC1701017,F007,運動潮流連帽外套男裝-灰,男裝,1450.0,3.0,2016-12-05,4350.0,835.2,469.8,4611.0,陳筱季,Male,34,新北市,金融業和房地產,2016.0,12.0,5.0,4.0,30
ID01484,AC1700720,F007,運動潮流連帽外套男裝-灰,男裝,1450.0,3.0,2016-12-05,4350.0,835.2,469.8,4611.0,阮孟勳,Female,30,新北市,金融業和房地產,2016.0,12.0,5.0,4.0,30
ID01485,AC1700092,F022,短夾-紅,皮件,2900.0,3.0,2016-12-05,8700.0,1983.6,626.4,9222.0,吳綠儀,Male,48,基隆市,金融業和房地產,2016.0,12.0,5.0,4.0,40
ID01486,AC1701635,F022,短夾-紅,皮件,2900.0,3.0,2016-12-05,8700.0,1983.6,626.4,9222.0,李姿瑩,Female,24,新北市,金融業和房地產,2016.0,12.0,5.0,4.0,20
ID01487,AC1700717,F001,運動潮流連帽外套女裝-白,女裝,1450.0,1.0,2016-12-05,1450.0,239.2500000000001,195.75,1537.0,張志寧,Female,41,新北市,金融業和房地產,2016.0,12.0,5.0,4.0,40
ID01488,AC1702479,F002,運動潮流直筒棉褲男童-白,童裝,930.0,1.0,2016-12-05,930.0,163.68,115.32,985.8000000000001,王秉玫,Female,38,桃園市,其他,2016.0,12.0,5.0,4.0,30
ID01489,AC1701648,F001,運動潮流連帽外套女裝-白,女裝,1450.0,1.0,2016-12-05,1450.0,239.2500000000001,195.75,1537.0,許喬桂,Female,39,宜蘭縣,金融業和房地產,2016.0,12.0,5.0,4.0,30
ID01490,AC1701554,F041,三層樓梯椅-黑,家俱,820.0,1.0,2016-12-05,820.0,123.0,123.0,869.2,黃百茹,Female,29,宜蘭縣,金融業和房地產,2016.0,12.0,5.0,4.0,20
ID01491,AC1702526,F014,大化妝包-黑,配件,1740.0,1.0,2016-12-05,1740.0,431.52,90.47999999999999,1844.4,朱美君,Female,44,桃園市,住宿和餐飲業,2016.0,12.0,5.0,4.0,40
ID01492,AC1702026,F016,後背包-藍,配件,890.0,1.0,2016-12-05,890.0,220.72,46.28,943.4000000000001,蔡初水,Male,32,宜蘭縣,住宿和餐飲業,2016.0,12.0,5.0,4.0,30
ID01493,AC1700821,F020,萬用包-黑,皮件,2900.0,1.0,2016-12-05,2900.0,661.2000000000003,208.79999999999998,3074.0,涂坤洋,Male,36,新北市,金融業和房地產,2016.0,12.0,5.0,4.0,30
ID01494,AC1702955,F020,萬用包-黑,皮件,2900.0,1.0,2016-12-05,2900.0,661.2000000000003,208.79999999999998,3074.0,黃家偉,Female,45,桃園市,其他,2016.0,12.0,5.0,4.0,40
ID01495,AC1702236,F025,雙向層架式書桌-咖,家俱,2900.0,1.0,2016-12-05,2900.0,435.0000000000002,435.0,3074.0,林雅芬,Female,42,桃園市,其他,2016.0,12.0,5.0,4.0,40
ID01496,AC1700872,F014,大化妝包-黑,配件,1740.0,2.0,2016-12-05,3480.0,863.04,180.95999999999998,3688.8,楊家豪,Male,34,新北市,住宿和餐飲業,2016.0,12.0,5.0,4.0,30
ID01497,AC1701934,F014,大化妝包-黑,配件,1740.0,2.0,2016-12-05,3480.0,863.04,180.95999999999998,3688.8,陳俊宏,Male,26,宜蘭縣,金融業和房地產,2016.0,12.0,5.0,4.0,20
ID01498,AC1703369,F012,托特包-白,配件,1740.0,2.0,2016-12-05,3480.0,863.04,180.95999999999998,3688.8,平怡菁,Female,26,基隆市,住宿和餐飲業,2016.0,12.0,5.0,4.0,20
ID01499,AC1700240,F009,大化妝包-深藍,配件,2100.0,2.0,2016-12-05,4200.0,1041.6,218.39999999999998,4452.0,林瑞伸,Female,34,臺北市,金融業和房地產,2016.0,12.0,5.0,4.0,30
ID01500,AC1700732,F011,經典高領多彩T恤男裝-白,男裝,1200.0,2.0,2016-12-05,2400.0,460.8,259.2,2544.0,賴恭隆,Male,32,新北市,金融業和房地產,2016.0,12.0,5.0,4.0,30
ID01501,AC1701950,F015,法蘭絨格紋襯衫-紅,女裝,1740.0,2.0,2016-12-05,3480.0,574.2,469.8,3688.8,陳維哲,Male,26,宜蘭縣,其他,2016.0,12.0,5.0,4.0,20
ID01502,AC1703206,F007,運動潮流連帽外套男裝-灰,男裝,1450.0,3.0,2016-12-05,4350.0,835.2,469.8,4611.0,謝志穎,Female,55,桃園市,住宿和餐飲業,2016.0,12.0,5.0,4.0,50
ID01503,AC1701599,F007,運動潮流連帽外套男裝-灰,男裝,1450.0,3.0,2016-12-05,4350.0,835.2,469.8,4611.0,劉進合,Male,38,宜蘭縣,金融業和房地產,2016.0,12.0,5.0,4.0,30
ID01504,AC1703809,F022,短夾-紅,皮件,2900.0,3.0,2016-12-05,8700.0,1983.6,626.4,9222.0,舒皇琇,Female,46,臺北市,其他,2016.0,12.0,5.0,4.0,40
ID01505,AC1700388,F022,短夾-紅,皮件,2900.0,3.0,2016-12-05,8700.0,1983.6,626.4,9222.0,王麗華,Female,51,新北市,住宿和餐飲業,2016.0,12.0,5.0,4.0,50
ID01506,AC1702978,F012,托特包-白,配件,1740.0,1.0,2017-01-04,1740.0,431.52,90.47999999999999,1844.4,焦瑜海,Male,39,桃園市,金融業和房地產,2017.0,1.0,4.0,1.0,30
ID01507,AC1700742,F008,法蘭絨格紋襯衫-黑,女裝,1800.0,1.0,2017-01-04,1800.0,297.0,243.00000000000003,1908.0,駱穎威,Female,37,新北市,金融業和房地產,2017.0,1.0,4.0,1.0,30
ID01508,AC1703709,F036,經典美式純POLO-藍,女裝,980.0,1.0,2017-01-04,980.0,161.7,132.3,1038.8,黎欣宜,Female,37,基隆市,金融業和房地產,2017.0,1.0,4.0,1.0,30
ID01509,AC1700818,F009,大化妝包-深藍,配件,2100.0,1.0,2017-01-04,2100.0,520.8,109.19999999999999,2226.0,李宜伶,Male,42,新北市,金融業和房地產,2017.0,1.0,4.0,1.0,40
ID01510,AC1701412,F002,運動潮流直筒棉褲男童-白,童裝,930.0,1.0,2016-12-05,930.0,163.68,115.32,985.8000000000001,袁俊榮,Female,40,新北市,金融業和房地產,2016.0,12.0,5.0,4.0,40
ID01511,AC1703377,F012,托特包-白,配件,1740.0,1.0,2017-01-04,1740.0,431.52,90.47999999999999,1844.4,潘雅晴,Female,34,基隆市,住宿和餐飲業,2017.0,1.0,4.0,1.0,30
ID01512,AC1701821,F014,大化妝包-黑,配件,1740.0,1.0,2017-01-04,1740.0,431.52,90.47999999999999,1844.4,陳俊龍,Male,44,宜蘭縣,金融業和房地產,2017.0,1.0,4.0,1.0,40
ID01513,AC1703393,F009,大化妝包-深藍,配件,2100.0,2.0,2017-01-04,4200.0,1041.6,218.39999999999998,4452.0,許哲東,Female,45,基隆市,金融業和房地產,2017.0,1.0,4.0,1.0,40
ID01514,AC1700879,F041,三層樓梯椅-黑,家俱,820.0,1.0,2016-12-05,820.0,123.0,123.0,869.2,張淑芬,Female,25,新北市,住宿和餐飲業,2016.0,12.0,5.0,4.0,20
ID01515,AC1703065,F009,大化妝包-深藍,配件,2100.0,2.0,2017-01-04,4200.0,1041.6,218.39999999999998,4452.0,巫淑惠,Female,53,桃園市,其他,2017.0,1.0,4.0,1.0,50
ID01516,AC1702535,F009,大化妝包-深藍,配件,2100.0,2.0,2017-01-04,4200.0,1041.6,218.39999999999998,4452.0,伏育瑋,Male,45,桃園市,住宿和餐飲業,2017.0,1.0,4.0,1.0,40
ID01517,AC1703181,F004,大化妝包-桃粉,配件,1600.0,3.0,2017-01-04,4800.0,1190.4,249.6,5088.0,施怡婷,Male,37,桃園市,住宿和餐飲業,2017.0,1.0,4.0,1.0,30
ID01518,AC1702032,F025,雙向層架式書桌-咖,家俱,2900.0,1.0,2016-12-05,2900.0,435.0000000000002,435.0,3074.0,陳婉奇,Male,32,宜蘭縣,其他,2016.0,12.0,5.0,4.0,30
ID01519,AC1703759,F015,法蘭絨格紋襯衫-紅,女裝,1740.0,2.0,2016-12-05,3480.0,574.2,469.8,3688.8,唐意婷,Female,42,基隆市,金融業和房地產,2016.0,12.0,5.0,4.0,40
ID01520,AC1700957,F002,運動潮流直筒棉褲男童-白,童裝,930.0,1.0,2016-12-05,930.0,163.68,115.32,985.8000000000001,劉先芷,Male,36,新北市,金融業和房地產,2016.0,12.0,5.0,4.0,30
ID01521,AC1703880,F012,托特包-白,配件,1740.0,1.0,2017-01-04,1740.0,431.52,90.47999999999999,1844.4,李琬婷,Female,44,臺北市,其他,2017.0,1.0,4.0,1.0,40
ID01522,AC1702245,F008,法蘭絨格紋襯衫-黑,女裝,1800.0,1.0,2017-01-04,1800.0,297.0,243.00000000000003,1908.0,楊延博,Male,48,桃園市,其他,2017.0,1.0,4.0,1.0,40
ID01523,AC1701685,F036,經典美式純POLO-藍,女裝,980.0,1.0,2017-01-04,980.0,161.7,132.3,1038.8,張雅群,Male,29,宜蘭縣,其他,2017.0,1.0,4.0,1.0,20
ID01524,AC1702865,F009,大化妝包-深藍,配件,2100.0,1.0,2017-01-04,2100.0,520.8,109.19999999999999,2226.0,陳建雪,Female,52,桃園市,住宿和餐飲業,2017.0,1.0,4.0,1.0,50
ID01525,AC1703449,F041,三層樓梯椅-黑,家俱,820.0,1.0,2016-12-05,820.0,123.0,123.0,869.2,張偉誠,Female,44,基隆市,金融業和房地產,2016.0,12.0,5.0,4.0,40
ID01526,AC1701642,F012,托特包-白,配件,1740.0,1.0,2017-01-04,1740.0,431.52,90.47999999999999,1844.4,邱家豪,Male,25,宜蘭縣,金融業和房地產,2017.0,1.0,4.0,1.0,20
ID01527,AC1701132,F014,大化妝包-黑,配件,1740.0,1.0,2017-01-04,1740.0,431.52,90.47999999999999,1844.4,魏伊威,Female,29,新北市,金融業和房地產,2017.0,1.0,4.0,1.0,20
ID01528,AC1701457,F009,大化妝包-深藍,配件,2100.0,2.0,2017-01-04,4200.0,1041.6,218.39999999999998,4452.0,李玟柏,Male,37,宜蘭縣,其他,2017.0,1.0,4.0,1.0,30
ID01529,AC1700663,F025,雙向層架式書桌-咖,家俱,2900.0,1.0,2016-12-05,2900.0,435.0000000000002,435.0,3074.0,楊慶仲,Female,51,新北市,金融業和房地產,2016.0,12.0,5.0,4.0,50
ID01530,AC1701612,F009,大化妝包-深藍,配件,2100.0,2.0,2017-01-04,4200.0,1041.6,218.39999999999998,4452.0,陳家榮,Male,44,宜蘭縣,金融業和房地產,2017.0,1.0,4.0,1.0,40
ID01531,AC1700263,F009,大化妝包-深藍,配件,2100.0,2.0,2017-01-04,4200.0,1041.6,218.39999999999998,4452.0,劉美以,Female,45,新北市,其他,2017.0,1.0,4.0,1.0,40
ID01532,AC1702842,F004,大化妝包-桃粉,配件,1600.0,3.0,2017-01-04,4800.0,1190.4,249.6,5088.0,陳亭綺,Male,26,桃園市,住宿和餐飲業,2017.0,1.0,4.0,1.0,20
ID01533,AC1702305,F015,法蘭絨格紋襯衫-紅,女裝,1740.0,2.0,2016-12-05,3480.0,574.2,469.8,3688.8,林浩志,Male,43,桃園市,住宿和餐飲業,2016.0,12.0,5.0,4.0,40
ID01534,AC1703736,F002,運動潮流直筒棉褲男童-白,童裝,930.0,1.0,2016-12-05,930.0,163.68,115.32,985.8000000000001,李潔俐,Female,44,基隆市,金融業和房地產,2016.0,12.0,5.0,4.0,40
ID01535,AC1701795,F041,三層樓梯椅-黑,家俱,820.0,1.0,2016-12-05,820.0,123.0,123.0,869.2,卓劭延,Female,29,新北市,其他,2016.0,12.0,5.0,4.0,20
ID01536,AC1702909,F012,托特包-白,配件,1740.0,1.0,2017-01-04,1740.0,431.52,90.47999999999999,1844.4,陳彥桂,Male,45,桃園市,住宿和餐飲業,2017.0,1.0,4.0,1.0,40
ID01537,AC1701352,F008,法蘭絨格紋襯衫-黑,女裝,1800.0,1.0,2017-01-04,1800.0,297.0,243.00000000000003,1908.0,黃彥琦,Female,45,新北市,金融業和房地產,2017.0,1.0,4.0,1.0,40
ID01538,AC1703649,F036,經典美式純POLO-藍,女裝,980.0,1.0,2017-01-04,980.0,161.7,132.3,1038.8,陳孟軒,Male,35,基隆市,住宿和餐飲業,2017.0,1.0,4.0,1.0,30
ID01539,AC1702683,F009,大化妝包-深藍,配件,2100.0,1.0,2017-01-04,2100.0,520.8,109.19999999999999,2226.0,黃文裕,Female,50,桃園市,農林漁牧業,2017.0,1.0,4.0,1.0,50
ID01540,AC1703185,F025,雙向層架式書桌-咖,家俱,2900.0,1.0,2016-12-05,2900.0,435.0000000000002,435.0,3074.0,林天胤,Male,52,桃園市,住宿和餐飲業,2016.0,12.0,5.0,4.0,50
ID01541,AC1701904,F012,托特包-白,配件,1740.0,1.0,2017-01-04,1740.0,431.52,90.47999999999999,1844.4,陳鳳婷,Female,22,新北市,住宿和餐飲業,2017.0,1.0,4.0,1.0,20
ID01542,AC1703400,F014,大化妝包-黑,配件,1740.0,1.0,2017-01-04,1740.0,431.52,90.47999999999999,1844.4,郭玉梅,Female,32,基隆市,其他,2017.0,1.0,4.0,1.0,30
ID01543,AC1701049,F009,大化妝包-深藍,配件,2100.0,2.0,2017-01-04,4200.0,1041.6,218.39999999999998,4452.0,楊淑惠,Female,34,新北市,金融業和房地產,2017.0,1.0,4.0,1.0,30
ID01544,AC1703414,F015,法蘭絨格紋襯衫-紅,女裝,1740.0,2.0,2016-12-05,3480.0,574.2,469.8,3688.8,馮堯弘,Female,25,基隆市,住宿和餐飲業,2016.0,12.0,5.0,4.0,20
ID01545,AC1702501,F009,大化妝包-深藍,配件,2100.0,2.0,2017-01-04,4200.0,1041.6,218.39999999999998,4452.0,鄭菁卉,Male,52,桃園市,住宿和餐飲業,2017.0,1.0,4.0,1.0,50
ID01546,AC1700831,F009,大化妝包-深藍,配件,2100.0,2.0,2017-01-04,4200.0,1041.6,218.39999999999998,4452.0,陳淑芬,Female,28,新北市,金融業和房地產,2017.0,1.0,4.0,1.0,20
ID01547,AC1701384,F004,大化妝包-桃粉,配件,1600.0,3.0,2017-01-04,4800.0,1190.4,249.6,5088.0,屈語琪,Female,46,新北市,住宿和餐飲業,2017.0,1.0,4.0,1.0,40
ID01548,AC1703835,F002,運動潮流直筒棉褲男童-白,童裝,930.0,1.0,2016-12-05,930.0,163.68,115.32,985.8000000000001,杜文豪,Female,52,臺北市,其他,2016.0,12.0,5.0,4.0,50
ID01549,AC1700773,F041,三層樓梯椅-黑,家俱,820.0,1.0,2016-12-05,820.0,123.0,123.0,869.2,毛伶斌,Male,31,新北市,金融業和房地產,2016.0,12.0,5.0,4.0,30
ID01550,AC1700444,F025,雙向層架式書桌-咖,家俱,2900.0,1.0,2016-12-05,2900.0,435.0000000000002,435.0,3074.0,蔡信宏,Male,37,新北市,金融業和房地產,2016.0,12.0,5.0,4.0,30
ID01551,AC1702441,F012,托特包-白,配件,1740.0,1.0,2017-01-04,1740.0,431.52,90.47999999999999,1844.4,葉淑娟,Female,60,桃園市,其他,2017.0,1.0,4.0,1.0,60
ID01552,AC1703810,F008,法蘭絨格紋襯衫-黑,女裝,1800.0,1.0,2017-01-04,1800.0,297.0,243.00000000000003,1908.0,林麗娟,Female,43,臺北市,其他,2017.0,1.0,4.0,1.0,40
ID01553,AC1703249,F036,經典美式純POLO-藍,女裝,980.0,1.0,2017-01-04,980.0,161.7,132.3,1038.8,許怡樺,Male,44,桃園市,住宿和餐飲業,2017.0,1.0,4.0,1.0,40
ID01554,AC1701915,F009,大化妝包-深藍,配件,2100.0,1.0,2017-01-04,2100.0,520.8,109.19999999999999,2226.0,林昇木,Male,34,宜蘭縣,住宿和餐飲業,2017.0,1.0,4.0,1.0,30
ID01555,AC1700752,F015,法蘭絨格紋襯衫-紅,女裝,1740.0,2.0,2016-12-05,3480.0,574.2,469.8,3688.8,駱淑梅,Female,36,新北市,金融業和房地產,2016.0,12.0,5.0,4.0,30
ID01556,AC1700608,F012,托特包-白,配件,1740.0,1.0,2017-01-04,1740.0,431.52,90.47999999999999,1844.4,尹宥意,Female,28,新北市,住宿和餐飲業,2017.0,1.0,4.0,1.0,20
ID01557,AC1701354,F014,大化妝包-黑,配件,1740.0,1.0,2017-01-04,1740.0,431.52,90.47999999999999,1844.4,陳哲嘉,Male,33,宜蘭縣,金融業和房地產,2017.0,1.0,4.0,1.0,30
ID01558,AC1700885,F009,大化妝包-深藍,配件,2100.0,2.0,2017-01-04,4200.0,1041.6,218.39999999999998,4452.0,倪佳玲,Male,37,新北市,其他,2017.0,1.0,4.0,1.0,30
ID01559,AC1702196,F024,運動潮流直筒棉褲男童-灰,童裝,2030.0,1.0,2017-01-04,2030.0,357.28,251.72,2151.8,楊國偉,Male,57,桃園市,住宿和餐飲業,2017.0,1.0,4.0,1.0,50
ID01560,AC1700684,F009,大化妝包-深藍,配件,2100.0,2.0,2017-01-04,4200.0,1041.6,218.39999999999998,4452.0,潘立偉,Female,35,新北市,金融業和房地產,2017.0,1.0,4.0,1.0,30
ID01561,AC1702248,F009,大化妝包-深藍,配件,2100.0,2.0,2017-01-04,4200.0,1041.6,218.39999999999998,4452.0,夏昌信,Male,45,桃園市,住宿和餐飲業,2017.0,1.0,4.0,1.0,40
ID01562,AC1701059,F004,大化妝包-桃粉,配件,1600.0,3.0,2017-01-04,4800.0,1190.4,249.6,5088.0,李志成,Male,25,新北市,金融業和房地產,2017.0,1.0,4.0,1.0,20
ID01563,AC1702001,F024,運動潮流直筒棉褲男童-灰,童裝,2030.0,2.0,2017-01-04,4060.0,714.56,503.44,4303.6,劉寶宏,Male,38,宜蘭縣,其他,2017.0,1.0,4.0,1.0,30
ID01564,AC1703162,F005,運動潮流連帽外套男裝-灰,男裝,1450.0,5.0,2017-01-04,7250.0,1392.0,783.0,7685.0,王長典,Male,52,桃園市,其他,2017.0,1.0,4.0,1.0,50
ID01565,AC1702315,F005,運動潮流連帽外套男裝-灰,男裝,1450.0,5.0,2017-01-04,7250.0,1392.0,783.0,7685.0,謝少育,Male,49,桃園市,金融業和房地產,2017.0,1.0,4.0,1.0,40
ID01566,AC1702236,F012,托特包-白,配件,1740.0,1.0,2017-01-04,1740.0,431.52,90.47999999999999,1844.4,林雅芬,Female,42,桃園市,其他,2017.0,1.0,4.0,1.0,40
ID01567,AC1703761,F008,法蘭絨格紋襯衫-黑,女裝,1800.0,1.0,2017-01-04,1800.0,297.0,243.00000000000003,1908.0,杜淑梅,Female,29,基隆市,金融業和房地產,2017.0,1.0,4.0,1.0,20
ID01568,AC1701901,F036,經典美式純POLO-藍,女裝,980.0,1.0,2017-01-04,980.0,161.7,132.3,1038.8,劉于倫,Male,31,宜蘭縣,其他,2017.0,1.0,4.0,1.0,30
ID01569,AC1702804,F009,大化妝包-深藍,配件,2100.0,1.0,2017-01-04,2100.0,520.8,109.19999999999999,2226.0,黃佳琪,Male,64,桃園市,住宿和餐飲業,2017.0,1.0,4.0,1.0,60
ID01570,AC1701997,F005,運動潮流連帽外套男裝-灰,男裝,1450.0,5.0,2017-01-04,7250.0,1392.0,783.0,7685.0,劉國華,Male,36,宜蘭縣,金融業和房地產,2017.0,1.0,4.0,1.0,30
ID01571,AC1701083,F012,托特包-白,配件,1740.0,1.0,2017-01-04,1740.0,431.52,90.47999999999999,1844.4,李亭君,Male,36,新北市,金融業和房地產,2017.0,1.0,4.0,1.0,30
ID01572,AC1700258,F014,大化妝包-黑,配件,1740.0,1.0,2017-01-04,1740.0,431.52,90.47999999999999,1844.4,吳家豪,Male,49,臺北市,其他,2017.0,1.0,4.0,1.0,40
ID01573,AC1701821,F009,大化妝包-深藍,配件,2100.0,2.0,2017-01-04,4200.0,1041.6,218.39999999999998,4452.0,陳俊龍,Male,44,宜蘭縣,金融業和房地產,2017.0,1.0,4.0,1.0,40
ID01574,AC1703524,F024,運動潮流直筒棉褲男童-灰,童裝,2030.0,1.0,2017-01-04,2030.0,357.28,251.72,2151.8,張雅新,Female,35,基隆市,金融業和房地產,2017.0,1.0,4.0,1.0,30
ID01575,AC1700464,F009,大化妝包-深藍,配件,2100.0,2.0,2017-01-04,4200.0,1041.6,218.39999999999998,4452.0,黃樂琇,Female,35,新北市,金融業和房地產,2017.0,1.0,4.0,1.0,30
ID01576,AC1700182,F009,大化妝包-深藍,配件,2100.0,2.0,2017-01-04,4200.0,1041.6,218.39999999999998,4452.0,梁志平,Male,58,臺北市,農林漁牧業,2017.0,1.0,4.0,1.0,50
ID01577,AC1701420,F004,大化妝包-桃粉,配件,1600.0,3.0,2017-01-04,4800.0,1190.4,249.6,5088.0,涂宜芳,Female,30,新北市,金融業和房地產,2017.0,1.0,4.0,1.0,30
ID01578,AC1700469,F024,運動潮流直筒棉褲男童-灰,童裝,2030.0,2.0,2017-01-04,4060.0,714.56,503.44,4303.6,郭家慧,Male,33,新北市,金融業和房地產,2017.0,1.0,4.0,1.0,30
ID01579,AC1702393,F005,運動潮流連帽外套男裝-灰,男裝,1450.0,5.0,2017-01-04,7250.0,1392.0,783.0,7685.0,陳美珍,Female,64,桃園市,住宿和餐飲業,2017.0,1.0,4.0,1.0,60
ID01580,AC1701927,F005,運動潮流連帽外套男裝-灰,男裝,1450.0,5.0,2017-01-04,7250.0,1392.0,783.0,7685.0,郭彥伶,Female,27,宜蘭縣,住宿和餐飲業,2017.0,1.0,4.0,1.0,20
ID01581,AC1702272,F008,法蘭絨格紋襯衫-黑,女裝,1800.0,3.0,2017-01-20,5400.0,891.0000000000005,729.0,5724.0,宋筱涵,Male,54,桃園市,金融業和房地產,2017.0,1.0,20.0,1.0,50
ID01582,AC1703356,F008,法蘭絨格紋襯衫-黑,女裝,1800.0,3.0,2017-01-20,5400.0,891.0000000000005,729.0,5724.0,陳瑩清,Male,39,基隆市,住宿和餐飲業,2017.0,1.0,20.0,1.0,30
ID01583,AC1703233,F004,大化妝包-桃粉,配件,1600.0,3.0,2017-01-20,4800.0,1190.4,249.6,5088.0,李致彬,Female,43,桃園市,其他,2017.0,1.0,20.0,1.0,40
ID01584,AC1703225,F008,法蘭絨格紋襯衫-黑,女裝,1800.0,3.0,2017-01-20,5400.0,891.0000000000005,729.0,5724.0,王俊豪,Male,58,桃園市,住宿和餐飲業,2017.0,1.0,20.0,1.0,50
ID01585,AC1703053,F008,法蘭絨格紋襯衫-黑,女裝,1800.0,3.0,2017-01-20,5400.0,891.0000000000005,729.0,5724.0,蔡依宜,Female,43,桃園市,其他,2017.0,1.0,20.0,1.0,40
ID01586,AC1700104,F004,大化妝包-桃粉,配件,1600.0,3.0,2017-01-20,4800.0,1190.4,249.6,5088.0,黃宛凌,Female,57,新北市,金融業和房地產,2017.0,1.0,20.0,1.0,50
ID01587,AC1703553,F008,法蘭絨格紋襯衫-黑,女裝,1800.0,3.0,2017-01-20,5400.0,891.0000000000005,729.0,5724.0,黃佳琳,Female,26,基隆市,其他,2017.0,1.0,20.0,1.0,20
ID01588,AC1703927,F008,法蘭絨格紋襯衫-黑,女裝,1800.0,3.0,2017-01-20,5400.0,891.0000000000005,729.0,5724.0,馮奕辰,Female,50,臺北市,金融業和房地產,2017.0,1.0,20.0,1.0,50
ID01589,AC1702461,F004,大化妝包-桃粉,配件,1600.0,3.0,2017-01-20,4800.0,1190.4,249.6,5088.0,張孝方,Male,51,桃園市,金融業和房地產,2017.0,1.0,20.0,1.0,50
ID01590,AC1700942,F008,法蘭絨格紋襯衫-黑,女裝,1800.0,3.0,2017-01-20,5400.0,891.0000000000005,729.0,5724.0,林韻婷,Male,31,新北市,金融業和房地產,2017.0,1.0,20.0,1.0,30
ID01591,AC1701949,F008,法蘭絨格紋襯衫-黑,女裝,1800.0,3.0,2017-01-20,5400.0,891.0000000000005,729.0,5724.0,葉萬弘,Male,34,宜蘭縣,金融業和房地產,2017.0,1.0,20.0,1.0,30
ID01592,AC1701199,F004,大化妝包-桃粉,配件,1600.0,3.0,2017-01-20,4800.0,1190.4,249.6,5088.0,高筱婷,Male,49,新北市,其他,2017.0,1.0,20.0,1.0,40
ID01593,AC1700469,F008,法蘭絨格紋襯衫-黑,女裝,1800.0,3.0,2017-01-20,5400.0,891.0000000000005,729.0,5724.0,郭家慧,Male,33,新北市,金融業和房地產,2017.0,1.0,20.0,1.0,30
ID01594,AC1700977,F008,法蘭絨格紋襯衫-黑,女裝,1800.0,3.0,2017-01-20,5400.0,891.0000000000005,729.0,5724.0,吳惠敏,Male,22,新北市,住宿和餐飲業,2017.0,1.0,20.0,1.0,20
ID01595,AC1701023,F004,大化妝包-桃粉,配件,1600.0,3.0,2017-01-20,4800.0,1190.4,249.6,5088.0,張俊嘉,Male,26,新北市,金融業和房地產,2017.0,1.0,20.0,1.0,20
ID01596,AC1700835,F001,運動潮流連帽外套女裝-白,女裝,1450.0,1.0,2017-02-02,1450.0,239.2500000000001,195.75,1537.0,陳柏宇,Female,34,新北市,金融業和房地產,2017.0,2.0,2.0,1.0,30
ID01597,AC1700789,F005,運動潮流連帽外套男裝-灰,男裝,1450.0,5.0,2017-01-04,7250.0,1392.0,783.0,7685.0,陳建宸,Male,30,新北市,金融業和房地產,2017.0,1.0,4.0,1.0,30
ID01598,AC1702881,F008,法蘭絨格紋襯衫-黑,女裝,1800.0,1.0,2017-02-02,1800.0,297.0,243.00000000000003,1908.0,林家慶,Male,58,桃園市,住宿和餐飲業,2017.0,2.0,2.0,1.0,50
ID01599,AC1700469,F008,法蘭絨格紋襯衫-黑,女裝,1800.0,1.0,2017-02-02,1800.0,297.0,243.00000000000003,1908.0,郭家慧,Male,33,新北市,金融業和房地產,2017.0,2.0,2.0,1.0,30
ID01600,AC1701752,F008,法蘭絨格紋襯衫-黑,女裝,1800.0,1.0,2017-02-02,1800.0,297.0,243.00000000000003,1908.0,陳永貞,Female,38,宜蘭縣,其他,2017.0,2.0,2.0,1.0,30
ID01601,AC1701069,F024,運動潮流直筒棉褲男童-灰,童裝,2030.0,1.0,2017-01-04,2030.0,357.28,251.72,2151.8,夏芳屏,Male,28,新北市,金融業和房地產,2017.0,1.0,4.0,1.0,20
ID01602,AC1702612,F024,運動潮流直筒棉褲男童-灰,童裝,2030.0,2.0,2017-01-04,4060.0,714.56,503.44,4303.6,陳世倫,Male,51,桃園市,其他,2017.0,1.0,4.0,1.0,50
ID01603,AC1702166,F005,運動潮流連帽外套男裝-灰,男裝,1450.0,5.0,2017-01-04,7250.0,1392.0,783.0,7685.0,陳思峰,Male,55,桃園市,住宿和餐飲業,2017.0,1.0,4.0,1.0,50
ID01604,AC1702161,F005,運動潮流連帽外套男裝-灰,男裝,1450.0,5.0,2017-01-04,7250.0,1392.0,783.0,7685.0,許富真,Male,46,桃園市,其他,2017.0,1.0,4.0,1.0,40
ID01605,AC1703365,F009,大化妝包-深藍,配件,2100.0,2.0,2017-02-02,4200.0,1041.6,218.39999999999998,4452.0,楊惠英,Female,50,基隆市,金融業和房地產,2017.0,2.0,2.0,1.0,50
ID01606,AC1700417,F008,法蘭絨格紋襯衫-黑,女裝,1800.0,3.0,2017-02-02,5400.0,891.0000000000005,729.0,5724.0,陳麗恬,Female,38,新北市,金融業和房地產,2017.0,2.0,2.0,1.0,30
ID01607,AC1701872,F005,運動潮流連帽外套男裝-灰,男裝,1450.0,5.0,2017-01-04,7250.0,1392.0,783.0,7685.0,陳智傑,Male,29,宜蘭縣,金融業和房地產,2017.0,1.0,4.0,1.0,20
ID01608,AC1701324,F012,托特包-白,配件,1740.0,5.0,2017-02-02,8700.0,2157.6,452.4,9222.0,沈逸群,Male,32,宜蘭縣,農林漁牧業,2017.0,2.0,2.0,1.0,30
ID01609,AC1700624,F001,運動潮流連帽外套女裝-白,女裝,1450.0,1.0,2017-02-02,1450.0,239.2500000000001,195.75,1537.0,張琳虹,Female,41,新北市,金融業和房地產,2017.0,2.0,2.0,1.0,40
ID01610,AC1702044,F024,運動潮流直筒棉褲男童-灰,童裝,2030.0,1.0,2017-01-04,2030.0,357.28,251.72,2151.8,陳順恩,Male,37,宜蘭縣,金融業和房地產,2017.0,1.0,4.0,1.0,30
ID01611,AC1701787,F016,後背包-藍,配件,890.0,1.0,2017-02-02,890.0,220.72,46.28,943.4000000000001,林若合,Male,34,宜蘭縣,住宿和餐飲業,2017.0,2.0,2.0,1.0,30
ID01612,AC1700426,F008,法蘭絨格紋襯衫-黑,女裝,1800.0,1.0,2017-02-02,1800.0,297.0,243.00000000000003,1908.0,馮陽穎,Male,31,新北市,金融業和房地產,2017.0,2.0,2.0,1.0,30
ID01613,AC1702588,F016,後背包-藍,配件,890.0,1.0,2017-02-02,890.0,220.72,46.28,943.4000000000001,劉行歡,Male,55,桃園市,住宿和餐飲業,2017.0,2.0,2.0,1.0,50
ID01614,AC1702922,F024,運動潮流直筒棉褲男童-灰,童裝,2030.0,2.0,2017-01-04,4060.0,714.56,503.44,4303.6,林素喜,Female,53,桃園市,住宿和餐飲業,2017.0,1.0,4.0,1.0,50
ID01615,AC1702853,F005,運動潮流連帽外套男裝-灰,男裝,1450.0,5.0,2017-01-04,7250.0,1392.0,783.0,7685.0,吳孟平,Male,50,桃園市,住宿和餐飲業,2017.0,1.0,4.0,1.0,50
ID01616,AC1701200,F005,運動潮流連帽外套男裝-灰,男裝,1450.0,5.0,2017-01-04,7250.0,1392.0,783.0,7685.0,姚心怡,Male,31,新北市,金融業和房地產,2017.0,1.0,4.0,1.0,30
ID01617,AC1700863,F005,運動潮流連帽外套男裝-灰,男裝,1450.0,5.0,2017-01-04,7250.0,1392.0,783.0,7685.0,黃佩璇,Female,32,新北市,金融業和房地產,2017.0,1.0,4.0,1.0,30
ID01618,AC1700494,F009,大化妝包-深藍,配件,2100.0,2.0,2017-02-02,4200.0,1041.6,218.39999999999998,4452.0,王家任,Male,39,新北市,金融業和房地產,2017.0,2.0,2.0,1.0,30
ID01619,AC1702656,F008,法蘭絨格紋襯衫-黑,女裝,1800.0,3.0,2017-02-02,5400.0,891.0000000000005,729.0,5724.0,王雅慧,Female,53,桃園市,農林漁牧業,2017.0,2.0,2.0,1.0,50
ID01620,AC1703562,F024,運動潮流直筒棉褲男童-灰,童裝,2030.0,1.0,2017-01-04,2030.0,357.28,251.72,2151.8,姚瑜琳,Female,43,基隆市,金融業和房地產,2017.0,1.0,4.0,1.0,40
ID01621,AC1701468,F006,運動潮流直筒棉褲男童-黑,童裝,750.0,5.0,2017-02-02,3750.0,660.0,465.0,3975.0,李維偉,Male,37,宜蘭縣,金融業和房地產,2017.0,2.0,2.0,1.0,30
ID01622,AC1701138,F001,運動潮流連帽外套女裝-白,女裝,1450.0,1.0,2017-02-02,1450.0,239.2500000000001,195.75,1537.0,仇友昕,Female,39,新北市,金融業和房地產,2017.0,2.0,2.0,1.0,30
ID01623,AC1703032,F024,運動潮流直筒棉褲男童-灰,童裝,2030.0,2.0,2017-01-04,4060.0,714.56,503.44,4303.6,陳靜霞,Female,55,桃園市,其他,2017.0,1.0,4.0,1.0,50
ID01624,AC1702893,F016,後背包-藍,配件,890.0,1.0,2017-02-02,890.0,220.72,46.28,943.4000000000001,謝其蓮,Female,47,桃園市,其他,2017.0,2.0,2.0,1.0,40
ID01625,AC1702365,F008,法蘭絨格紋襯衫-黑,女裝,1800.0,1.0,2017-02-02,1800.0,297.0,243.00000000000003,1908.0,林家豪,Male,22,桃園市,住宿和餐飲業,2017.0,2.0,2.0,1.0,20
ID01626,AC1702686,F016,後背包-藍,配件,890.0,1.0,2017-02-02,890.0,220.72,46.28,943.4000000000001,方寶瑩,Female,49,桃園市,其他,2017.0,2.0,2.0,1.0,40
ID01627,AC1701897,F005,運動潮流連帽外套男裝-灰,男裝,1450.0,5.0,2017-01-04,7250.0,1392.0,783.0,7685.0,欒雅婷,Female,40,新北市,其他,2017.0,1.0,4.0,1.0,40
ID01628,AC1700294,F005,運動潮流連帽外套男裝-灰,男裝,1450.0,5.0,2017-01-04,7250.0,1392.0,783.0,7685.0,王志宏,Male,56,新北市,金融業和房地產,2017.0,1.0,4.0,1.0,50
ID01629,AC1700671,F005,運動潮流連帽外套男裝-灰,男裝,1450.0,5.0,2017-01-04,7250.0,1392.0,783.0,7685.0,方則筠,Male,25,新北市,金融業和房地產,2017.0,1.0,4.0,1.0,20
ID01630,AC1703448,F041,三層樓梯椅-黑,家俱,820.0,1.0,2017-02-02,820.0,123.0,123.0,869.2,劉淑娥,Female,35,基隆市,金融業和房地產,2017.0,2.0,2.0,1.0,30
ID01631,AC1701682,F009,大化妝包-深藍,配件,2100.0,2.0,2017-02-02,4200.0,1041.6,218.39999999999998,4452.0,吳朝臻,Female,35,新北市,金融業和房地產,2017.0,2.0,2.0,1.0,30
ID01632,AC1701679,F008,法蘭絨格紋襯衫-黑,女裝,1800.0,3.0,2017-02-02,5400.0,891.0000000000005,729.0,5724.0,黃怡欣,Female,27,宜蘭縣,金融業和房地產,2017.0,2.0,2.0,1.0,20
ID01633,AC1702799,F025,雙向層架式書桌-咖,家俱,2900.0,1.0,2017-02-02,2900.0,435.0000000000002,435.0,3074.0,陳晏忠,Male,52,桃園市,其他,2017.0,2.0,2.0,1.0,50
ID01634,AC1701244,F008,法蘭絨格紋襯衫-黑,女裝,1800.0,5.0,2017-02-02,9000.0,1485.0,1215.0,9540.0,孫駿岑,Male,33,新北市,金融業和房地產,2017.0,2.0,2.0,1.0,30
ID01635,AC1701615,F001,運動潮流連帽外套女裝-白,女裝,1450.0,1.0,2017-02-02,1450.0,239.2500000000001,195.75,1537.0,馮羽龍,Male,25,宜蘭縣,其他,2017.0,2.0,2.0,1.0,20
ID01636,AC1700262,F017,大學T男裝-灰,男裝,1200.0,2.0,2017-02-02,2400.0,460.8,259.2,2544.0,王雅婷,Female,41,新北市,金融業和房地產,2017.0,2.0,2.0,1.0,40
ID01637,AC1700123,F016,後背包-藍,配件,890.0,1.0,2017-02-02,890.0,220.72,46.28,943.4000000000001,畢婷柏,Female,61,新北市,農林漁牧業,2017.0,2.0,2.0,1.0,60
ID01638,AC1701197,F008,法蘭絨格紋襯衫-黑,女裝,1800.0,1.0,2017-02-02,1800.0,297.0,243.00000000000003,1908.0,孫杰穎,Female,30,新北市,金融業和房地產,2017.0,2.0,2.0,1.0,30
ID01639,AC1701148,F016,後背包-藍,配件,890.0,1.0,2017-02-02,890.0,220.72,46.28,943.4000000000001,許淑華,Female,20,新北市,其他,2017.0,2.0,2.0,1.0,20
ID01640,AC1702278,F025,雙向層架式書桌-咖,家俱,2900.0,1.0,2017-02-02,2900.0,435.0000000000002,435.0,3074.0,林靜怡,Male,51,桃園市,住宿和餐飲業,2017.0,2.0,2.0,1.0,50
ID01641,AC1703682,F024,運動潮流直筒棉褲男童-灰,童裝,2030.0,2.0,2017-02-02,4060.0,714.56,503.44,4303.6,劉芸凡,Female,34,基隆市,金融業和房地產,2017.0,2.0,2.0,1.0,30
ID01642,AC1700121,F017,大學T男裝-灰,男裝,1200.0,4.0,2017-02-02,4800.0,921.6,518.4,5088.0,周佳琪,Female,48,新北市,農林漁牧業,2017.0,2.0,2.0,1.0,40
ID01643,AC1702720,F041,三層樓梯椅-黑,家俱,820.0,1.0,2017-02-02,820.0,123.0,123.0,869.2,陳韋福,Male,58,桃園市,住宿和餐飲業,2017.0,2.0,2.0,1.0,50
ID01644,AC1701009,F009,大化妝包-深藍,配件,2100.0,2.0,2017-02-02,4200.0,1041.6,218.39999999999998,4452.0,柏愛雯,Male,35,新北市,金融業和房地產,2017.0,2.0,2.0,1.0,30
ID01645,AC1702159,F008,法蘭絨格紋襯衫-黑,女裝,1800.0,3.0,2017-02-02,5400.0,891.0000000000005,729.0,5724.0,蔡培斌,Male,28,宜蘭縣,住宿和餐飲業,2017.0,2.0,2.0,1.0,20
ID01646,AC1701685,F025,雙向層架式書桌-咖,家俱,2900.0,1.0,2017-02-02,2900.0,435.0000000000002,435.0,3074.0,張雅群,Male,29,宜蘭縣,其他,2017.0,2.0,2.0,1.0,20
ID01647,AC1701784,F008,法蘭絨格紋襯衫-黑,女裝,1800.0,5.0,2017-02-02,9000.0,1485.0,1215.0,9540.0,吳亦陽,Male,24,宜蘭縣,農林漁牧業,2017.0,2.0,2.0,1.0,20
ID01648,AC1701851,F001,運動潮流連帽外套女裝-白,女裝,1450.0,1.0,2017-02-02,1450.0,239.2500000000001,195.75,1537.0,陳淑芬,Female,45,新北市,金融業和房地產,2017.0,2.0,2.0,1.0,40
ID01649,AC1703617,F017,大學T男裝-灰,男裝,1200.0,2.0,2017-02-02,2400.0,460.8,259.2,2544.0,黃怡君,Female,42,基隆市,金融業和房地產,2017.0,2.0,2.0,1.0,40
ID01650,AC1703790,F016,後背包-藍,配件,890.0,1.0,2017-02-02,890.0,220.72,46.28,943.4000000000001,倪士倩,Female,53,基隆市,金融業和房地產,2017.0,2.0,2.0,1.0,50
ID01651,AC1701948,F008,法蘭絨格紋襯衫-黑,女裝,1800.0,1.0,2017-02-02,1800.0,297.0,243.00000000000003,1908.0,喬珮珊,Female,35,宜蘭縣,住宿和餐飲業,2017.0,2.0,2.0,1.0,30
ID01652,AC1703425,F016,後背包-藍,配件,890.0,1.0,2017-02-02,890.0,220.72,46.28,943.4000000000001,楊冠琴,Male,28,基隆市,金融業和房地產,2017.0,2.0,2.0,1.0,20
ID01653,AC1701645,F025,雙向層架式書桌-咖,家俱,2900.0,1.0,2017-02-02,2900.0,435.0000000000002,435.0,3074.0,黃佩璇,Male,35,宜蘭縣,其他,2017.0,2.0,2.0,1.0,30
ID01654,AC1700370,F024,運動潮流直筒棉褲男童-灰,童裝,2030.0,2.0,2017-02-02,4060.0,714.56,503.44,4303.6,錢逸彬,Male,47,新北市,金融業和房地產,2017.0,2.0,2.0,1.0,40
ID01655,AC1702800,F017,大學T男裝-灰,男裝,1200.0,4.0,2017-02-02,4800.0,921.6,518.4,5088.0,劉萬妍,Male,45,桃園市,住宿和餐飲業,2017.0,2.0,2.0,1.0,40
ID01656,AC1700503,F041,三層樓梯椅-黑,家俱,820.0,1.0,2017-02-02,820.0,123.0,123.0,869.2,施虹迪,Male,36,新北市,住宿和餐飲業,2017.0,2.0,2.0,1.0,30
ID01657,AC1700224,F009,大化妝包-深藍,配件,2100.0,2.0,2017-02-02,4200.0,1041.6,218.39999999999998,4452.0,成珮雯,Female,45,臺北市,住宿和餐飲業,2017.0,2.0,2.0,1.0,40
ID01658,AC1703189,F006,運動潮流直筒棉褲男童-黑,童裝,750.0,3.0,2017-02-02,2250.0,396.0,279.0,2385.0,謝秀英,Female,53,桃園市,其他,2017.0,2.0,2.0,1.0,50
ID01659,AC1701718,F025,雙向層架式書桌-咖,家俱,2900.0,1.0,2017-02-02,2900.0,435.0000000000002,435.0,3074.0,楊依尹,Male,26,宜蘭縣,金融業和房地產,2017.0,2.0,2.0,1.0,20
ID01660,AC1703852,F008,法蘭絨格紋襯衫-黑,女裝,1800.0,5.0,2017-02-02,9000.0,1485.0,1215.0,9540.0,鐘禹婷,Female,48,臺北市,金融業和房地產,2017.0,2.0,2.0,1.0,40
ID01661,AC1703279,F017,大學T男裝-灰,男裝,1200.0,2.0,2017-02-02,2400.0,460.8,259.2,2544.0,蕭雅雯,Male,64,桃園市,其他,2017.0,2.0,2.0,1.0,60
ID01662,AC1701335,F025,雙向層架式書桌-咖,家俱,2900.0,1.0,2017-02-02,2900.0,435.0000000000002,435.0,3074.0,陳智超,Male,30,宜蘭縣,住宿和餐飲業,2017.0,2.0,2.0,1.0,30
ID01663,AC1703932,F008,法蘭絨格紋襯衫-黑,女裝,1800.0,1.0,2017-02-15,1800.0,297.0,243.00000000000003,1908.0,蘇義沛,Male,36,臺北市,金融業和房地產,2017.0,2.0,15.0,1.0,30
ID01664,AC1702358,F024,運動潮流直筒棉褲男童-灰,童裝,2030.0,2.0,2017-02-02,4060.0,714.56,503.44,4303.6,王嘉昀,Male,43,桃園市,其他,2017.0,2.0,2.0,1.0,40
ID01665,AC1703530,F008,法蘭絨格紋襯衫-黑,女裝,1800.0,1.0,2017-02-15,1800.0,297.0,243.00000000000003,1908.0,高維為,Male,44,基隆市,金融業和房地產,2017.0,2.0,15.0,1.0,40
ID01666,AC1700093,F008,法蘭絨格紋襯衫-黑,女裝,1800.0,1.0,2017-02-15,1800.0,297.0,243.00000000000003,1908.0,楊宏偉,Male,44,新北市,金融業和房地產,2017.0,2.0,15.0,1.0,40
ID01667,AC1702365,F009,大化妝包-深藍,配件,2100.0,1.0,2017-02-15,2100.0,520.8,109.19999999999999,2226.0,林家豪,Male,22,桃園市,住宿和餐飲業,2017.0,2.0,15.0,1.0,20
ID01668,AC1702775,F008,法蘭絨格紋襯衫-黑,女裝,1800.0,1.0,2017-02-15,1800.0,297.0,243.00000000000003,1908.0,楊沛念,Female,52,桃園市,住宿和餐飲業,2017.0,2.0,15.0,1.0,50
ID01669,AC1701602,F012,托特包-白,配件,1740.0,1.0,2017-02-15,1740.0,431.52,90.47999999999999,1844.4,楊綺海,Female,34,宜蘭縣,金融業和房地產,2017.0,2.0,15.0,1.0,30
ID01670,AC1701444,F009,大化妝包-深藍,配件,2100.0,1.0,2017-02-15,2100.0,520.8,109.19999999999999,2226.0,李奇珮,Female,31,新北市,金融業和房地產,2017.0,2.0,15.0,1.0,30
ID01671,AC1701177,F008,法蘭絨格紋襯衫-黑,女裝,1800.0,1.0,2017-02-15,1800.0,297.0,243.00000000000003,1908.0,葉薇文,Female,46,新北市,金融業和房地產,2017.0,2.0,15.0,1.0,40
ID01672,AC1703957,F017,大學T男裝-灰,男裝,1200.0,4.0,2017-02-02,4800.0,921.6,518.4,5088.0,張函霞,Female,48,臺北市,其他,2017.0,2.0,2.0,1.0,40
ID01673,AC1703743,F041,三層樓梯椅-黑,家俱,820.0,1.0,2017-02-02,820.0,123.0,123.0,869.2,陳家華,Male,34,基隆市,其他,2017.0,2.0,2.0,1.0,30
ID01674,AC1702755,F025,雙向層架式書桌-咖,家俱,2900.0,1.0,2017-02-02,2900.0,435.0000000000002,435.0,3074.0,李其榮,Male,37,桃園市,住宿和餐飲業,2017.0,2.0,2.0,1.0,30
ID01675,AC1701104,F017,大學T男裝-灰,男裝,1200.0,2.0,2017-02-02,2400.0,460.8,259.2,2544.0,蔡松源,Female,27,新北市,金融業和房地產,2017.0,2.0,2.0,1.0,20
ID01676,AC1700190,F025,雙向層架式書桌-咖,家俱,2900.0,1.0,2017-02-02,2900.0,435.0000000000002,435.0,3074.0,劉冠靖,Female,49,臺北市,其他,2017.0,2.0,2.0,1.0,40
ID01677,AC1703194,F024,運動潮流直筒棉褲男童-灰,童裝,2030.0,2.0,2017-02-02,4060.0,714.56,503.44,4303.6,陳月洋,Male,48,桃園市,住宿和餐飲業,2017.0,2.0,2.0,1.0,40
ID01678,AC1703080,F017,大學T男裝-灰,男裝,1200.0,4.0,2017-02-02,4800.0,921.6,518.4,5088.0,李翔合,Male,47,桃園市,教育體育文化,2017.0,2.0,2.0,1.0,40
ID01679,AC1700251,F041,三層樓梯椅-黑,家俱,820.0,1.0,2017-02-02,820.0,123.0,123.0,869.2,陳琇祥,Male,38,臺北市,金融業和房地產,2017.0,2.0,2.0,1.0,30
ID01680,AC1700880,F025,雙向層架式書桌-咖,家俱,2900.0,1.0,2017-02-02,2900.0,435.0000000000002,435.0,3074.0,賴怡瑄,Male,34,新北市,住宿和餐飲業,2017.0,2.0,2.0,1.0,30
ID01681,AC1702505,F017,大學T男裝-灰,男裝,1200.0,2.0,2017-02-02,2400.0,460.8,259.2,2544.0,朱佳欣,Male,49,桃園市,住宿和餐飲業,2017.0,2.0,2.0,1.0,40
ID01682,AC1702878,F025,雙向層架式書桌-咖,家俱,2900.0,1.0,2017-02-02,2900.0,435.0000000000002,435.0,3074.0,陳宜裕,Male,52,桃園市,其他,2017.0,2.0,2.0,1.0,50
ID01683,AC1702725,F024,運動潮流直筒棉褲男童-灰,童裝,2030.0,2.0,2017-02-02,4060.0,714.56,503.44,4303.6,劉杰偉,Male,64,桃園市,其他,2017.0,2.0,2.0,1.0,60
ID01684,AC1701169,F017,大學T男裝-灰,男裝,1200.0,4.0,2017-02-02,4800.0,921.6,518.4,5088.0,繆淑芬,Female,36,新北市,金融業和房地產,2017.0,2.0,2.0,1.0,30
ID01685,AC1701721,F015,法蘭絨格紋襯衫-紅,女裝,1740.0,1.0,2017-02-15,1740.0,287.1,234.9,1844.4,蔡凱元,Male,43,宜蘭縣,金融業和房地產,2017.0,2.0,15.0,1.0,40
ID01686,AC1702263,F016,後背包-藍,配件,890.0,2.0,2017-02-15,1780.0,441.44,92.56,1886.8000000000002,張馨玲,Male,46,桃園市,住宿和餐飲業,2017.0,2.0,15.0,1.0,40
ID01687,AC1701232,F015,法蘭絨格紋襯衫-紅,女裝,1740.0,1.0,2017-02-15,1740.0,287.1,234.9,1844.4,謝玉華,Male,28,新北市,金融業和房地產,2017.0,2.0,15.0,1.0,20
ID01688,AC1700734,F015,法蘭絨格紋襯衫-紅,女裝,1740.0,1.0,2017-02-15,1740.0,287.1,234.9,1844.4,賴杰方,Male,38,新北市,金融業和房地產,2017.0,2.0,15.0,1.0,30
ID01689,AC1700429,F024,運動潮流直筒棉褲男童-灰,童裝,2030.0,1.0,2017-02-15,2030.0,357.28,251.72,2151.8,林建瑋,Male,23,新北市,金融業和房地產,2017.0,2.0,15.0,1.0,20
ID01690,AC1702484,F010,中夾-紅,皮件,2610.0,1.0,2017-02-15,2610.0,595.0800000000003,187.92,2766.6000000000004,曹美君,Male,60,桃園市,住宿和餐飲業,2017.0,2.0,15.0,1.0,60
ID01691,AC1703590,F006,運動潮流直筒棉褲男童-黑,童裝,750.0,1.0,2017-02-15,750.0,132.0,93.0,795.0,符昇意,Female,29,基隆市,住宿和餐飲業,2017.0,2.0,15.0,1.0,20
ID01692,AC1702225,F024,運動潮流直筒棉褲男童-灰,童裝,2030.0,1.0,2017-02-15,2030.0,357.28,251.72,2151.8,何思翰,Male,58,桃園市,住宿和餐飲業,2017.0,2.0,15.0,1.0,50
ID01693,AC1701309,F008,法蘭絨格紋襯衫-黑,女裝,1800.0,1.0,2017-02-15,1800.0,297.0,243.00000000000003,1908.0,謝素合,Female,25,新北市,金融業和房地產,2017.0,2.0,15.0,1.0,20
ID01694,AC1702431,F006,運動潮流直筒棉褲男童-黑,童裝,750.0,1.0,2017-02-15,750.0,132.0,93.0,795.0,鄭姿柏,Male,58,桃園市,其他,2017.0,2.0,15.0,1.0,50
ID01695,AC1700512,F009,大化妝包-深藍,配件,2100.0,1.0,2017-02-15,2100.0,520.8,109.19999999999999,2226.0,王智揚,Male,31,新北市,金融業和房地產,2017.0,2.0,15.0,1.0,30
ID01696,AC1701670,F008,法蘭絨格紋襯衫-黑,女裝,1800.0,1.0,2017-02-15,1800.0,297.0,243.00000000000003,1908.0,鄭惠敏,Female,41,新北市,金融業和房地產,2017.0,2.0,15.0,1.0,40
ID01697,AC1703568,F008,法蘭絨格紋襯衫-黑,女裝,1800.0,1.0,2017-02-15,1800.0,297.0,243.00000000000003,1908.0,楊艾毓,Male,41,基隆市,金融業和房地產,2017.0,2.0,15.0,1.0,40
ID01698,AC1703246,F009,大化妝包-深藍,配件,2100.0,1.0,2017-02-15,2100.0,520.8,109.19999999999999,2226.0,陳嘉春,Female,56,桃園市,教育體育文化,2017.0,2.0,15.0,1.0,50
ID01699,AC1700699,F008,法蘭絨格紋襯衫-黑,女裝,1800.0,1.0,2017-02-15,1800.0,297.0,243.00000000000003,1908.0,張玉迪,Female,30,新北市,其他,2017.0,2.0,15.0,1.0,30
ID01700,AC1701586,F010,中夾-紅,皮件,2610.0,1.0,2017-02-15,2610.0,595.0800000000003,187.92,2766.6000000000004,郭政翰,Male,36,宜蘭縣,金融業和房地產,2017.0,2.0,15.0,1.0,30
ID01701,AC1701260,F010,中夾-紅,皮件,2610.0,1.0,2017-02-15,2610.0,595.0800000000003,187.92,2766.6000000000004,郭奇淑,Male,34,新北市,金融業和房地產,2017.0,2.0,15.0,1.0,30
ID01702,AC1700092,F002,運動潮流直筒棉褲男童-白,童裝,930.0,2.0,2017-02-15,1860.0,327.36,230.64,1971.6000000000001,吳綠儀,Male,48,基隆市,金融業和房地產,2017.0,2.0,15.0,1.0,40
ID01703,AC1703090,F002,運動潮流直筒棉褲男童-白,童裝,930.0,2.0,2017-02-15,1860.0,327.36,230.64,1971.6000000000001,黃琇富,Male,61,桃園市,住宿和餐飲業,2017.0,2.0,15.0,1.0,60
ID01704,AC1702369,F024,運動潮流直筒棉褲男童-灰,童裝,2030.0,2.0,2017-02-15,4060.0,714.56,503.44,4303.6,王美珮,Female,44,桃園市,住宿和餐飲業,2017.0,2.0,15.0,1.0,40
ID01705,AC1702785,F005,運動潮流連帽外套男裝-灰,男裝,1450.0,2.0,2017-02-15,2900.0,556.8000000000002,313.2,3074.0,游柏翔,Female,51,桃園市,其他,2017.0,2.0,15.0,1.0,50
ID01706,AC1701726,F005,運動潮流連帽外套男裝-灰,男裝,1450.0,2.0,2017-02-15,2900.0,556.8000000000002,313.2,3074.0,柳麗芬,Female,38,宜蘭縣,金融業和房地產,2017.0,2.0,15.0,1.0,30
ID01707,AC1703460,F024,運動潮流直筒棉褲男童-灰,童裝,2030.0,2.0,2017-02-15,4060.0,714.56,503.44,4303.6,黃潔喬,Female,39,基隆市,教育體育文化,2017.0,2.0,15.0,1.0,30
ID01708,AC1702176,F002,運動潮流直筒棉褲男童-白,童裝,930.0,2.0,2017-02-15,1860.0,327.36,230.64,1971.6000000000001,林慧玲,Male,47,桃園市,住宿和餐飲業,2017.0,2.0,15.0,1.0,40
ID01709,AC1702413,F005,運動潮流連帽外套男裝-灰,男裝,1450.0,2.0,2017-02-15,2900.0,556.8000000000002,313.2,3074.0,吳靖雯,Female,52,桃園市,住宿和餐飲業,2017.0,2.0,15.0,1.0,50
ID01710,AC1700402,F005,運動潮流連帽外套男裝-灰,男裝,1450.0,2.0,2017-02-15,2900.0,556.8000000000002,313.2,3074.0,黃郁亮,Female,29,新北市,金融業和房地產,2017.0,2.0,15.0,1.0,20
ID01711,AC1701983,F025,雙向層架式書桌-咖,家俱,2900.0,2.0,2017-02-15,5800.0,870.0000000000005,870.0,6148.0,黃佩琪,Female,36,新北市,金融業和房地產,2017.0,2.0,15.0,1.0,30
ID01712,AC1701738,F025,雙向層架式書桌-咖,家俱,2900.0,2.0,2017-02-15,5800.0,870.0000000000005,870.0,6148.0,侯羿啟,Male,27,宜蘭縣,金融業和房地產,2017.0,2.0,15.0,1.0,20
ID01713,AC1702257,F015,法蘭絨格紋襯衫-紅,女裝,1740.0,1.0,2017-02-15,1740.0,287.1,234.9,1844.4,林詩雄,Female,48,桃園市,住宿和餐飲業,2017.0,2.0,15.0,1.0,40
ID01714,AC1703924,F016,後背包-藍,配件,890.0,2.0,2017-02-15,1780.0,441.44,92.56,1886.8000000000002,陳于庭,Female,47,臺北市,金融業和房地產,2017.0,2.0,15.0,1.0,40
ID01715,AC1702392,F015,法蘭絨格紋襯衫-紅,女裝,1740.0,1.0,2017-02-15,1740.0,287.1,234.9,1844.4,李慧萍,Female,42,桃園市,其他,2017.0,2.0,15.0,1.0,40
ID01716,AC1701698,F015,法蘭絨格紋襯衫-紅,女裝,1740.0,1.0,2017-02-15,1740.0,287.1,234.9,1844.4,楊奎慈,Male,45,宜蘭縣,金融業和房地產,2017.0,2.0,15.0,1.0,40
ID01717,AC1702093,F024,運動潮流直筒棉褲男童-灰,童裝,2030.0,1.0,2017-02-15,2030.0,357.28,251.72,2151.8,陳怡芳,Female,20,新北市,其他,2017.0,2.0,15.0,1.0,20
ID01718,AC1701155,F010,中夾-紅,皮件,2610.0,1.0,2017-02-15,2610.0,595.0800000000003,187.92,2766.6000000000004,張守宇,Male,37,新北市,金融業和房地產,2017.0,2.0,15.0,1.0,30
ID01719,AC1700396,F012,托特包-白,配件,1740.0,1.0,2017-02-15,1740.0,431.52,90.47999999999999,1844.4,林義堯,Male,50,新北市,金融業和房地產,2017.0,2.0,15.0,1.0,50
ID01720,AC1700033,F024,運動潮流直筒棉褲男童-灰,童裝,2030.0,1.0,2017-02-15,2030.0,357.28,251.72,2151.8,吳慧玲,Female,59,基隆市,金融業和房地產,2017.0,2.0,15.0,1.0,50
ID01721,AC1702300,F008,法蘭絨格紋襯衫-黑,女裝,1800.0,1.0,2017-02-15,1800.0,297.0,243.00000000000003,1908.0,林彥琪,Male,44,桃園市,住宿和餐飲業,2017.0,2.0,15.0,1.0,40
ID01722,AC1700205,F008,法蘭絨格紋襯衫-黑,女裝,1800.0,1.0,2017-02-15,1800.0,297.0,243.00000000000003,1908.0,張雅文,Female,32,臺北市,農林漁牧業,2017.0,2.0,15.0,1.0,30
ID01723,AC1701941,F009,大化妝包-深藍,配件,2100.0,1.0,2017-02-15,2100.0,520.8,109.19999999999999,2226.0,伍嘉文,Male,48,宜蘭縣,金融業和房地產,2017.0,2.0,15.0,1.0,40
ID01724,AC1700799,F008,法蘭絨格紋襯衫-黑,女裝,1800.0,1.0,2017-02-15,1800.0,297.0,243.00000000000003,1908.0,倪人法,Female,37,新北市,金融業和房地產,2017.0,2.0,15.0,1.0,30
ID01725,AC1700527,F012,托特包-白,配件,1740.0,1.0,2017-02-15,1740.0,431.52,90.47999999999999,1844.4,陳雲慧,Male,37,新北市,金融業和房地產,2017.0,2.0,15.0,1.0,30
ID01726,AC1701806,F009,大化妝包-深藍,配件,2100.0,1.0,2017-02-15,2100.0,520.8,109.19999999999999,2226.0,蘇建中,Female,23,新北市,其他,2017.0,2.0,15.0,1.0,20
ID01727,AC1700611,F008,法蘭絨格紋襯衫-黑,女裝,1800.0,1.0,2017-02-15,1800.0,297.0,243.00000000000003,1908.0,蔡哲火,Female,28,新北市,其他,2017.0,2.0,15.0,1.0,20
ID01728,AC1700744,F010,中夾-紅,皮件,2610.0,1.0,2017-02-15,2610.0,595.0800000000003,187.92,2766.6000000000004,蔡俊宏,Male,30,新北市,金融業和房地產,2017.0,2.0,15.0,1.0,30
ID01729,AC1700238,F010,中夾-紅,皮件,2610.0,1.0,2017-02-15,2610.0,595.0800000000003,187.92,2766.6000000000004,李文旺,Female,42,臺北市,金融業和房地產,2017.0,2.0,15.0,1.0,40
ID01730,AC1703483,F002,運動潮流直筒棉褲男童-白,童裝,930.0,2.0,2017-02-15,1860.0,327.36,230.64,1971.6000000000001,黃瑋婷,Female,46,基隆市,金融業和房地產,2017.0,2.0,15.0,1.0,40
ID01731,AC1700838,F002,運動潮流直筒棉褲男童-白,童裝,930.0,2.0,2017-02-15,1860.0,327.36,230.64,1971.6000000000001,陳怡旺,Male,40,新北市,金融業和房地產,2017.0,2.0,15.0,1.0,40
ID01732,AC1701207,F024,運動潮流直筒棉褲男童-灰,童裝,2030.0,2.0,2017-02-15,4060.0,714.56,503.44,4303.6,蕭嘉宏,Male,34,新北市,住宿和餐飲業,2017.0,2.0,15.0,1.0,30
ID01733,AC1701990,F005,運動潮流連帽外套男裝-灰,男裝,1450.0,2.0,2017-02-15,2900.0,556.8000000000002,313.2,3074.0,林怡奇,Female,34,新北市,金融業和房地產,2017.0,2.0,15.0,1.0,30
ID01734,AC1700263,F005,運動潮流連帽外套男裝-灰,男裝,1450.0,2.0,2017-02-15,2900.0,556.8000000000002,313.2,3074.0,劉美以,Female,45,新北市,其他,2017.0,2.0,15.0,1.0,40
ID01735,AC1702449,F024,運動潮流直筒棉褲男童-灰,童裝,2030.0,2.0,2017-02-15,4060.0,714.56,503.44,4303.6,黃家泰,Male,49,桃園市,住宿和餐飲業,2017.0,2.0,15.0,1.0,40
ID01736,AC1700584,F002,運動潮流直筒棉褲男童-白,童裝,930.0,2.0,2017-02-15,1860.0,327.36,230.64,1971.6000000000001,陳小鈺,Female,33,新北市,金融業和房地產,2017.0,2.0,15.0,1.0,30
ID01737,AC1703305,F005,運動潮流連帽外套男裝-灰,男裝,1450.0,2.0,2017-02-15,2900.0,556.8000000000002,313.2,3074.0,陳彥傑,Female,27,基隆市,其他,2017.0,2.0,15.0,1.0,20
ID01738,AC1701811,F005,運動潮流連帽外套男裝-灰,男裝,1450.0,2.0,2017-02-15,2900.0,556.8000000000002,313.2,3074.0,袁慧玲,Female,54,新北市,金融業和房地產,2017.0,2.0,15.0,1.0,50
ID01739,AC1700628,F025,雙向層架式書桌-咖,家俱,2900.0,2.0,2017-02-15,5800.0,870.0000000000005,870.0,6148.0,劉子新,Male,59,新北市,其他,2017.0,2.0,15.0,1.0,50
ID01740,AC1702718,F025,雙向層架式書桌-咖,家俱,2900.0,2.0,2017-02-15,5800.0,870.0000000000005,870.0,6148.0,梁信宏,Male,60,桃園市,住宿和餐飲業,2017.0,2.0,15.0,1.0,60
ID01741,AC1700483,F015,法蘭絨格紋襯衫-紅,女裝,1740.0,1.0,2017-02-15,1740.0,287.1,234.9,1844.4,楊小喬,Male,33,新北市,金融業和房地產,2017.0,2.0,15.0,1.0,30
ID01742,AC1702733,F016,後背包-藍,配件,890.0,2.0,2017-02-15,1780.0,441.44,92.56,1886.8000000000002,鄭俊賢,Female,48,桃園市,其他,2017.0,2.0,15.0,1.0,40
ID01743,AC1703328,F015,法蘭絨格紋襯衫-紅,女裝,1740.0,1.0,2017-02-15,1740.0,287.1,234.9,1844.4,洪志翔,Female,45,基隆市,其他,2017.0,2.0,15.0,1.0,40
ID01744,AC1700469,F015,法蘭絨格紋襯衫-紅,女裝,1740.0,1.0,2017-02-15,1740.0,287.1,234.9,1844.4,郭家慧,Male,33,新北市,金融業和房地產,2017.0,2.0,15.0,1.0,30
ID01745,AC1700469,F024,運動潮流直筒棉褲男童-灰,童裝,2030.0,1.0,2017-02-15,2030.0,357.28,251.72,2151.8,郭家慧,Male,33,新北市,金融業和房地產,2017.0,2.0,15.0,1.0,30
ID01746,AC1702739,F010,中夾-紅,皮件,2610.0,1.0,2017-02-15,2610.0,595.0800000000003,187.92,2766.6000000000004,吳淳蓮,Female,47,桃園市,其他,2017.0,2.0,15.0,1.0,40
ID01747,AC1703341,F012,托特包-白,配件,1740.0,1.0,2017-02-15,1740.0,431.52,90.47999999999999,1844.4,吳珮茂,Female,30,基隆市,其他,2017.0,2.0,15.0,1.0,30
ID01748,AC1700656,F024,運動潮流直筒棉褲男童-灰,童裝,2030.0,1.0,2017-02-15,2030.0,357.28,251.72,2151.8,黃瑜鑫,Female,35,新北市,金融業和房地產,2017.0,2.0,15.0,1.0,30
ID01749,AC1702588,F008,法蘭絨格紋襯衫-黑,女裝,1800.0,1.0,2017-02-15,1800.0,297.0,243.00000000000003,1908.0,劉行歡,Male,55,桃園市,住宿和餐飲業,2017.0,2.0,15.0,1.0,50
ID01750,AC1703469,F008,法蘭絨格紋襯衫-黑,女裝,1800.0,1.0,2017-02-15,1800.0,297.0,243.00000000000003,1908.0,李承東,Female,38,基隆市,金融業和房地產,2017.0,2.0,15.0,1.0,30
ID01751,AC1703010,F009,大化妝包-深藍,配件,2100.0,1.0,2017-02-15,2100.0,520.8,109.19999999999999,2226.0,葉怡蓮,Female,61,桃園市,住宿和餐飲業,2017.0,2.0,15.0,1.0,60
ID01752,AC1700165,F008,法蘭絨格紋襯衫-黑,女裝,1800.0,1.0,2017-02-15,1800.0,297.0,243.00000000000003,1908.0,陳伯鴻,Male,60,新北市,金融業和房地產,2017.0,2.0,15.0,1.0,60
ID01753,AC1701347,F008,法蘭絨格紋襯衫-黑,女裝,1800.0,1.0,2017-02-15,1800.0,297.0,243.00000000000003,1908.0,饒毓士,Male,28,宜蘭縣,金融業和房地產,2017.0,2.0,15.0,1.0,20
ID01754,AC1701280,F009,大化妝包-深藍,配件,2100.0,1.0,2017-02-15,2100.0,520.8,109.19999999999999,2226.0,羅筱涵,Male,37,新北市,金融業和房地產,2017.0,2.0,15.0,1.0,30
ID01755,AC1701739,F006,運動潮流直筒棉褲男童-黑,童裝,750.0,1.0,2017-02-15,750.0,132.0,93.0,795.0,許秉勳,Male,39,宜蘭縣,金融業和房地產,2017.0,2.0,15.0,1.0,30
ID01756,AC1700445,F010,中夾-紅,皮件,2610.0,1.0,2017-02-15,2610.0,595.0800000000003,187.92,2766.6000000000004,陳智偉,Male,31,新北市,金融業和房地產,2017.0,2.0,15.0,1.0,30
ID01757,AC1701878,F010,中夾-紅,皮件,2610.0,1.0,2017-02-15,2610.0,595.0800000000003,187.92,2766.6000000000004,張馨文,Male,48,宜蘭縣,其他,2017.0,2.0,15.0,1.0,40
ID01758,AC1702849,F002,運動潮流直筒棉褲男童-白,童裝,930.0,2.0,2017-02-15,1860.0,327.36,230.64,1971.6000000000001,吳國維,Female,49,桃園市,金融業和房地產,2017.0,2.0,15.0,1.0,40
ID01759,AC1702957,F002,運動潮流直筒棉褲男童-白,童裝,930.0,2.0,2017-02-15,1860.0,327.36,230.64,1971.6000000000001,張宜臻,Male,47,桃園市,住宿和餐飲業,2017.0,2.0,15.0,1.0,40
ID01760,AC1700469,F024,運動潮流直筒棉褲男童-灰,童裝,2030.0,2.0,2017-02-15,4060.0,714.56,503.44,4303.6,郭家慧,Male,33,新北市,金融業和房地產,2017.0,2.0,15.0,1.0,30
ID01761,AC1701481,F005,運動潮流連帽外套男裝-灰,男裝,1450.0,2.0,2017-02-15,2900.0,556.8000000000002,313.2,3074.0,張永憲,Male,38,宜蘭縣,金融業和房地產,2017.0,2.0,15.0,1.0,30
ID01762,AC1703472,F005,運動潮流連帽外套男裝-灰,男裝,1450.0,2.0,2017-02-15,2900.0,556.8000000000002,313.2,3074.0,楊家齊,Female,42,基隆市,其他,2017.0,2.0,15.0,1.0,40
ID01763,AC1700797,F024,運動潮流直筒棉褲男童-灰,童裝,2030.0,2.0,2017-02-15,4060.0,714.56,503.44,4303.6,蔡堯修,Female,25,新北市,金融業和房地產,2017.0,2.0,15.0,1.0,20
ID01764,AC1701640,F002,運動潮流直筒棉褲男童-白,童裝,930.0,2.0,2017-02-15,1860.0,327.36,230.64,1971.6000000000001,張雅芳,Female,33,宜蘭縣,其他,2017.0,2.0,15.0,1.0,30
ID01765,AC1700254,F005,運動潮流連帽外套男裝-灰,男裝,1450.0,2.0,2017-02-15,2900.0,556.8000000000002,313.2,3074.0,鄭育瑋,Male,36,臺北市,農林漁牧業,2017.0,2.0,15.0,1.0,30
ID01766,AC1703968,F005,運動潮流連帽外套男裝-灰,男裝,1450.0,2.0,2017-02-15,2900.0,556.8000000000002,313.2,3074.0,蘇長紋,Female,39,臺北市,金融業和房地產,2017.0,2.0,15.0,1.0,30
ID01767,AC1701442,F025,雙向層架式書桌-咖,家俱,2900.0,2.0,2017-02-15,5800.0,870.0000000000005,870.0,6148.0,陸秉德,Female,41,新北市,金融業和房地產,2017.0,2.0,15.0,1.0,40
ID01768,AC1702098,F025,雙向層架式書桌-咖,家俱,2900.0,2.0,2017-02-15,5800.0,870.0000000000005,870.0,6148.0,蔡明凱,Male,37,宜蘭縣,金融業和房地產,2017.0,2.0,15.0,1.0,30
ID01769,AC1703929,F015,法蘭絨格紋襯衫-紅,女裝,1740.0,1.0,2017-02-15,1740.0,287.1,234.9,1844.4,吳蕙郁,Female,60,臺北市,其他,2017.0,2.0,15.0,1.0,60
ID01770,AC1702096,F016,後背包-藍,配件,890.0,2.0,2017-02-15,1780.0,441.44,92.56,1886.8000000000002,胡家瑩,Male,31,宜蘭縣,金融業和房地產,2017.0,2.0,15.0,1.0,30
ID01771,AC1702310,F015,法蘭絨格紋襯衫-紅,女裝,1740.0,1.0,2017-02-15,1740.0,287.1,234.9,1844.4,陳志美,Female,58,桃園市,其他,2017.0,2.0,15.0,1.0,50
ID01772,AC1700815,F015,法蘭絨格紋襯衫-紅,女裝,1740.0,1.0,2017-02-15,1740.0,287.1,234.9,1844.4,許伊禮,Female,29,新北市,金融業和房地產,2017.0,2.0,15.0,1.0,20
ID01773,AC1702043,F024,運動潮流直筒棉褲男童-灰,童裝,2030.0,1.0,2017-02-15,2030.0,357.28,251.72,2151.8,黃麗佩,Female,36,新北市,金融業和房地產,2017.0,2.0,15.0,1.0,30
ID01774,AC1700932,F010,中夾-紅,皮件,2610.0,1.0,2017-02-15,2610.0,595.0800000000003,187.92,2766.6000000000004,張鈺婷,Female,36,新北市,其他,2017.0,2.0,15.0,1.0,30
ID01775,AC1701487,F006,運動潮流直筒棉褲男童-黑,童裝,750.0,1.0,2017-02-15,750.0,132.0,93.0,795.0,張淑芳,Female,35,宜蘭縣,金融業和房地產,2017.0,2.0,15.0,1.0,30
ID01776,AC1700541,F024,運動潮流直筒棉褲男童-灰,童裝,2030.0,1.0,2017-02-15,2030.0,357.28,251.72,2151.8,林裕仁,Female,35,新北市,教育體育文化,2017.0,2.0,15.0,1.0,30
ID01777,AC1700182,F012,托特包-白,配件,1740.0,1.0,2017-02-15,1740.0,431.52,90.47999999999999,1844.4,梁志平,Male,58,臺北市,農林漁牧業,2017.0,2.0,15.0,1.0,50
ID01778,AC1700392,F012,托特包-白,配件,1740.0,1.0,2017-02-15,1740.0,431.52,90.47999999999999,1844.4,吳炳倩,Female,46,新北市,金融業和房地產,2017.0,2.0,15.0,1.0,40
ID01779,AC1702636,F009,大化妝包-深藍,配件,2100.0,1.0,2017-02-15,2100.0,520.8,109.19999999999999,2226.0,張淑惠,Female,50,桃園市,金融業和房地產,2017.0,2.0,15.0,1.0,50
ID01780,AC1702692,F008,法蘭絨格紋襯衫-黑,女裝,1800.0,1.0,2017-02-15,1800.0,297.0,243.00000000000003,1908.0,陳建宇,Female,42,桃園市,其他,2017.0,2.0,15.0,1.0,40
ID01781,AC1702156,F006,運動潮流直筒棉褲男童-黑,童裝,750.0,1.0,2017-02-15,750.0,132.0,93.0,795.0,李怡潔,Female,45,宜蘭縣,金融業和房地產,2017.0,2.0,15.0,1.0,40
ID01782,AC1703565,F009,大化妝包-深藍,配件,2100.0,1.0,2017-02-15,2100.0,520.8,109.19999999999999,2226.0,徐翠妹,Female,24,基隆市,金融業和房地產,2017.0,2.0,15.0,1.0,20
ID01783,AC1700703,F008,法蘭絨格紋襯衫-黑,女裝,1800.0,1.0,2017-02-15,1800.0,297.0,243.00000000000003,1908.0,何淑娟,Male,30,新北市,教育體育文化,2017.0,2.0,15.0,1.0,30
ID01784,AC1700434,F010,中夾-紅,皮件,2610.0,1.0,2017-02-15,2610.0,595.0800000000003,187.92,2766.6000000000004,陳延發,Male,26,新北市,住宿和餐飲業,2017.0,2.0,15.0,1.0,20
ID01785,AC1702438,F010,中夾-紅,皮件,2610.0,1.0,2017-02-15,2610.0,595.0800000000003,187.92,2766.6000000000004,鄭旻宏,Male,56,桃園市,住宿和餐飲業,2017.0,2.0,15.0,1.0,50
ID01786,AC1700302,F002,運動潮流直筒棉褲男童-白,童裝,930.0,2.0,2017-02-15,1860.0,327.36,230.64,1971.6000000000001,劉岳德,Male,57,新北市,金融業和房地產,2017.0,2.0,15.0,1.0,50
ID01787,AC1703794,F002,運動潮流直筒棉褲男童-白,童裝,930.0,2.0,2017-02-15,1860.0,327.36,230.64,1971.6000000000001,李明堯,Female,44,基隆市,住宿和餐飲業,2017.0,2.0,15.0,1.0,40
ID01788,AC1702721,F024,運動潮流直筒棉褲男童-灰,童裝,2030.0,2.0,2017-02-15,4060.0,714.56,503.44,4303.6,王萬玲,Female,40,桃園市,金融業和房地產,2017.0,2.0,15.0,1.0,40
ID01789,AC1702785,F005,運動潮流連帽外套男裝-灰,男裝,1450.0,2.0,2017-02-15,2900.0,556.8000000000002,313.2,3074.0,游柏翔,Female,51,桃園市,其他,2017.0,2.0,15.0,1.0,50
ID01790,AC1700923,F005,運動潮流連帽外套男裝-灰,男裝,1450.0,2.0,2017-02-15,2900.0,556.8000000000002,313.2,3074.0,李雅玲,Male,35,新北市,其他,2017.0,2.0,15.0,1.0,30
ID01791,AC1703207,F024,運動潮流直筒棉褲男童-灰,童裝,2030.0,2.0,2017-02-15,4060.0,714.56,503.44,4303.6,陳郁洋,Male,25,桃園市,住宿和餐飲業,2017.0,2.0,15.0,1.0,20
ID01792,AC1702081,F002,運動潮流直筒棉褲男童-白,童裝,930.0,2.0,2017-02-15,1860.0,327.36,230.64,1971.6000000000001,蔡宜一,Female,36,新北市,金融業和房地產,2017.0,2.0,15.0,1.0,30
ID01793,AC1702513,F005,運動潮流連帽外套男裝-灰,男裝,1450.0,2.0,2017-02-15,2900.0,556.8000000000002,313.2,3074.0,丁美君,Female,55,桃園市,其他,2017.0,2.0,15.0,1.0,50
ID01794,AC1702200,F005,運動潮流連帽外套男裝-灰,男裝,1450.0,2.0,2017-02-15,2900.0,556.8000000000002,313.2,3074.0,王盛丹,Female,51,桃園市,其他,2017.0,2.0,15.0,1.0,50
ID01795,AC1701841,F025,雙向層架式書桌-咖,家俱,2900.0,2.0,2017-02-15,5800.0,870.0000000000005,870.0,6148.0,鄭淑婷,Female,31,宜蘭縣,金融業和房地產,2017.0,2.0,15.0,1.0,30
ID01796,AC1702250,F025,雙向層架式書桌-咖,家俱,2900.0,2.0,2017-02-15,5800.0,870.0000000000005,870.0,6148.0,莊心怡,Male,37,桃園市,住宿和餐飲業,2017.0,2.0,15.0,1.0,30
ID01797,AC1701409,F015,法蘭絨格紋襯衫-紅,女裝,1740.0,1.0,2017-02-15,1740.0,287.1,234.9,1844.4,祝雅茹,Female,36,新北市,其他,2017.0,2.0,15.0,1.0,30
ID01798,AC1702857,F016,後背包-藍,配件,890.0,2.0,2017-02-15,1780.0,441.44,92.56,1886.8000000000002,潘艾航,Male,32,桃園市,住宿和餐飲業,2017.0,2.0,15.0,1.0,30
ID01799,AC1700972,F015,法蘭絨格紋襯衫-紅,女裝,1740.0,1.0,2017-02-15,1740.0,287.1,234.9,1844.4,陳祥豪,Female,36,新北市,金融業和房地產,2017.0,2.0,15.0,1.0,30
ID01800,AC1700060,F015,法蘭絨格紋襯衫-紅,女裝,1740.0,1.0,2017-02-15,1740.0,287.1,234.9,1844.4,周玉芳,Female,51,基隆市,金融業和房地產,2017.0,2.0,15.0,1.0,50
ID01801,AC1703126,F024,運動潮流直筒棉褲男童-灰,童裝,2030.0,1.0,2017-02-15,2030.0,357.28,251.72,2151.8,彭昱如,Female,41,桃園市,金融業和房地產,2017.0,2.0,15.0,1.0,40
ID01802,AC1701167,F010,中夾-紅,皮件,2610.0,1.0,2017-02-15,2610.0,595.0800000000003,187.92,2766.6000000000004,梁睿漢,Male,51,新北市,住宿和餐飲業,2017.0,2.0,15.0,1.0,50
ID01803,AC1702290,F024,運動潮流直筒棉褲男童-灰,童裝,2030.0,1.0,2017-02-15,2030.0,357.28,251.72,2151.8,吳子翔,Male,47,桃園市,住宿和餐飲業,2017.0,2.0,15.0,1.0,40
ID01804,AC1703533,F010,中夾-紅,皮件,2610.0,1.0,2017-02-15,2610.0,595.0800000000003,187.92,2766.6000000000004,林佑揚,Female,48,基隆市,金融業和房地產,2017.0,2.0,15.0,1.0,40
ID01805,AC1700004,F010,中夾-紅,皮件,2610.0,1.0,2017-02-15,2610.0,595.0800000000003,187.92,2766.6000000000004,姚鈺迪,Female,34,臺北市,住宿和餐飲業,2017.0,2.0,15.0,1.0,30
ID01806,AC1701939,F002,運動潮流直筒棉褲男童-白,童裝,930.0,2.0,2017-02-15,1860.0,327.36,230.64,1971.6000000000001,杜千鑫,Male,43,宜蘭縣,金融業和房地產,2017.0,2.0,15.0,1.0,40
ID01807,AC1701219,F002,運動潮流直筒棉褲男童-白,童裝,930.0,2.0,2017-02-15,1860.0,327.36,230.64,1971.6000000000001,蔡元羽,Male,43,新北市,金融業和房地產,2017.0,2.0,15.0,1.0,40
ID01808,AC1700021,F011,經典高領多彩T恤男裝-白,男裝,1200.0,1.0,2017-03-30,1200.0,230.4,129.6,1272.0,洪以倩,Female,42,臺北市,住宿和餐飲業,2017.0,3.0,30.0,1.0,40
ID01809,AC1700534,F011,經典高領多彩T恤男裝-白,男裝,1200.0,1.0,2017-03-30,1200.0,230.4,129.6,1272.0,王元龍,Male,36,新北市,其他,2017.0,3.0,30.0,1.0,30
ID01810,AC1700027,F011,經典高領多彩T恤男裝-白,男裝,1200.0,1.0,2017-03-30,1200.0,230.4,129.6,1272.0,黃淑芳,Female,46,臺北市,住宿和餐飲業,2017.0,3.0,30.0,1.0,40
ID01811,AC1700815,F036,經典美式純POLO-藍,女裝,980.0,1.0,2017-03-30,980.0,161.7,132.3,1038.8,許伊禮,Female,29,新北市,金融業和房地產,2017.0,3.0,30.0,1.0,20
ID01812,AC1702050,F011,經典高領多彩T恤男裝-白,男裝,1200.0,1.0,2017-03-30,1200.0,230.4,129.6,1272.0,蕭欣潔,Female,34,新北市,金融業和房地產,2017.0,3.0,30.0,1.0,30
ID01813,AC1703738,F011,經典高領多彩T恤男裝-白,男裝,1200.0,1.0,2017-03-30,1200.0,230.4,129.6,1272.0,陳凱天,Female,28,基隆市,金融業和房地產,2017.0,3.0,30.0,1.0,20
ID01814,AC1703092,F011,經典高領多彩T恤男裝-白,男裝,1200.0,1.0,2017-03-30,1200.0,230.4,129.6,1272.0,許惠琪,Female,61,桃園市,住宿和餐飲業,2017.0,3.0,30.0,1.0,60
ID01815,AC1702798,F011,經典高領多彩T恤男裝-白,男裝,1200.0,1.0,2017-03-30,1200.0,230.4,129.6,1272.0,林穎寶,Male,41,桃園市,住宿和餐飲業,2017.0,3.0,30.0,1.0,40
ID01816,AC1703993,F011,經典高領多彩T恤男裝-白,男裝,1200.0,1.0,2017-03-30,1200.0,230.4,129.6,1272.0,張怡君,Female,47,臺北市,教育體育文化,2017.0,3.0,30.0,1.0,40
ID01817,AC1703326,F024,運動潮流直筒棉褲男童-灰,童裝,2030.0,2.0,2017-02-15,4060.0,714.56,503.44,4303.6,羅鈺來,Female,39,基隆市,金融業和房地產,2017.0,2.0,15.0,1.0,30
ID01818,AC1703339,F005,運動潮流連帽外套男裝-灰,男裝,1450.0,2.0,2017-02-15,2900.0,556.8000000000002,313.2,3074.0,劉彥娟,Female,40,基隆市,其他,2017.0,2.0,15.0,1.0,40
ID01819,AC1700208,F005,運動潮流連帽外套男裝-灰,男裝,1450.0,2.0,2017-02-15,2900.0,556.8000000000002,313.2,3074.0,黃曜宇,Female,40,臺北市,金融業和房地產,2017.0,2.0,15.0,1.0,40
ID01820,AC1701670,F024,運動潮流直筒棉褲男童-灰,童裝,2030.0,2.0,2017-02-15,4060.0,714.56,503.44,4303.6,鄭惠敏,Female,41,新北市,金融業和房地產,2017.0,2.0,15.0,1.0,40
ID01821,AC1703650,F002,運動潮流直筒棉褲男童-白,童裝,930.0,2.0,2017-02-15,1860.0,327.36,230.64,1971.6000000000001,趙美娟,Female,33,基隆市,金融業和房地產,2017.0,2.0,15.0,1.0,30
ID01822,AC1703709,F005,運動潮流連帽外套男裝-灰,男裝,1450.0,2.0,2017-02-15,2900.0,556.8000000000002,313.2,3074.0,黎欣宜,Female,37,基隆市,金融業和房地產,2017.0,2.0,15.0,1.0,30
ID01823,AC1703483,F005,運動潮流連帽外套男裝-灰,男裝,1450.0,2.0,2017-02-15,2900.0,556.8000000000002,313.2,3074.0,黃瑋婷,Female,46,基隆市,金融業和房地產,2017.0,2.0,15.0,1.0,40
ID01824,AC1703291,F025,雙向層架式書桌-咖,家俱,2900.0,2.0,2017-02-15,5800.0,870.0000000000005,870.0,6148.0,阮羽駿,Male,45,基隆市,其他,2017.0,2.0,15.0,1.0,40
ID01825,AC1701862,F016,後背包-藍,配件,890.0,5.0,2017-03-30,4450.0,1103.6,231.39999999999998,4717.0,林偉智,Female,44,新北市,其他,2017.0,3.0,30.0,1.0,40
ID01826,AC1702900,F036,經典美式純POLO-藍,女裝,980.0,5.0,2017-03-30,4900.0,808.5,661.5,5194.0,潘柏翔,Female,47,桃園市,其他,2017.0,3.0,30.0,1.0,40
ID01827,AC1700472,F016,後背包-藍,配件,890.0,5.0,2017-03-30,4450.0,1103.6,231.39999999999998,4717.0,陳慶茵,Male,38,新北市,金融業和房地產,2017.0,3.0,30.0,1.0,30
ID01828,AC1702836,F016,後背包-藍,配件,890.0,5.0,2017-03-30,4450.0,1103.6,231.39999999999998,4717.0,楊友恆,Male,52,桃園市,住宿和餐飲業,2017.0,3.0,30.0,1.0,50
ID01829,AC1702949,F016,後背包-藍,配件,890.0,5.0,2017-03-30,4450.0,1103.6,231.39999999999998,4717.0,劉育屏,Male,57,桃園市,住宿和餐飲業,2017.0,3.0,30.0,1.0,50
ID01830,AC1703820,F016,後背包-藍,配件,890.0,5.0,2017-03-30,4450.0,1103.6,231.39999999999998,4717.0,劉予光,Female,36,臺北市,住宿和餐飲業,2017.0,3.0,30.0,1.0,30
ID01831,AC1702759,F016,後背包-藍,配件,890.0,5.0,2017-03-30,4450.0,1103.6,231.39999999999998,4717.0,劉明宏,Female,53,桃園市,其他,2017.0,3.0,30.0,1.0,50
ID01832,AC1701013,F016,後背包-藍,配件,890.0,5.0,2017-03-30,4450.0,1103.6,231.39999999999998,4717.0,陳思潔,Male,41,新北市,金融業和房地產,2017.0,3.0,30.0,1.0,40
ID01833,AC1702487,F025,雙向層架式書桌-咖,家俱,2900.0,2.0,2017-02-15,5800.0,870.0000000000005,870.0,6148.0,郭俊男,Male,41,桃園市,住宿和餐飲業,2017.0,2.0,15.0,1.0,40
ID01834,AC1703755,F005,運動潮流連帽外套男裝-灰,男裝,1450.0,1.0,2017-03-30,1450.0,278.4000000000001,156.6,1537.0,許台民,Male,38,基隆市,住宿和餐飲業,2017.0,3.0,30.0,1.0,30
ID01835,AC1702312,F005,運動潮流連帽外套男裝-灰,男裝,1450.0,1.0,2017-03-30,1450.0,278.4000000000001,156.6,1537.0,楊佩穎,Female,49,桃園市,住宿和餐飲業,2017.0,3.0,30.0,1.0,40
ID01836,AC1703414,F005,運動潮流連帽外套男裝-灰,男裝,1450.0,1.0,2017-03-30,1450.0,278.4000000000001,156.6,1537.0,馮堯弘,Female,25,基隆市,住宿和餐飲業,2017.0,3.0,30.0,1.0,20
ID01837,AC1701106,F005,運動潮流連帽外套男裝-灰,男裝,1450.0,1.0,2017-03-30,1450.0,278.4000000000001,156.6,1537.0,奚苡傑,Male,33,新北市,金融業和房地產,2017.0,3.0,30.0,1.0,30
ID01838,AC1700187,F005,運動潮流連帽外套男裝-灰,男裝,1450.0,1.0,2017-03-30,1450.0,278.4000000000001,156.6,1537.0,曹協行,Male,49,臺北市,農林漁牧業,2017.0,3.0,30.0,1.0,40
ID01839,AC1700172,F005,運動潮流連帽外套男裝-灰,男裝,1450.0,1.0,2017-03-30,1450.0,278.4000000000001,156.6,1537.0,李淑婷,Female,50,新北市,金融業和房地產,2017.0,3.0,30.0,1.0,50
ID01840,AC1703186,F011,經典高領多彩T恤男裝-白,男裝,1200.0,1.0,2017-03-30,1200.0,230.4,129.6,1272.0,溫茹念,Male,50,桃園市,住宿和餐飲業,2017.0,3.0,30.0,1.0,50
ID01841,AC1701906,F011,經典高領多彩T恤男裝-白,男裝,1200.0,1.0,2017-03-30,1200.0,230.4,129.6,1272.0,唐育維,Male,26,宜蘭縣,住宿和餐飲業,2017.0,3.0,30.0,1.0,20
ID01842,AC1701785,F011,經典高領多彩T恤男裝-白,男裝,1200.0,1.0,2017-03-30,1200.0,230.4,129.6,1272.0,李文竹,Male,40,宜蘭縣,農林漁牧業,2017.0,3.0,30.0,1.0,40
ID01843,AC1700142,F036,經典美式純POLO-藍,女裝,980.0,1.0,2017-03-30,980.0,161.7,132.3,1038.8,張志銘,Male,56,新北市,金融業和房地產,2017.0,3.0,30.0,1.0,50
ID01844,AC1702591,F011,經典高領多彩T恤男裝-白,男裝,1200.0,1.0,2017-03-30,1200.0,230.4,129.6,1272.0,劉彥臻,Male,58,桃園市,其他,2017.0,3.0,30.0,1.0,50
ID01845,AC1703471,F011,經典高領多彩T恤男裝-白,男裝,1200.0,1.0,2017-03-30,1200.0,230.4,129.6,1272.0,林惠珍,Female,40,基隆市,其他,2017.0,3.0,30.0,1.0,40
ID01846,AC1701494,F011,經典高領多彩T恤男裝-白,男裝,1200.0,1.0,2017-03-30,1200.0,230.4,129.6,1272.0,林欣筠,Male,31,宜蘭縣,金融業和房地產,2017.0,3.0,30.0,1.0,30
ID01847,AC1701421,F011,經典高領多彩T恤男裝-白,男裝,1200.0,1.0,2017-03-30,1200.0,230.4,129.6,1272.0,陳國梅,Male,38,宜蘭縣,金融業和房地產,2017.0,3.0,30.0,1.0,30
ID01848,AC1701299,F011,經典高領多彩T恤男裝-白,男裝,1200.0,1.0,2017-03-30,1200.0,230.4,129.6,1272.0,許宛玲,Female,34,宜蘭縣,金融業和房地產,2017.0,3.0,30.0,1.0,30
ID01849,AC1700240,F005,運動潮流連帽外套男裝-灰,男裝,1450.0,1.0,2017-03-30,1450.0,278.4000000000001,156.6,1537.0,林瑞伸,Female,34,臺北市,金融業和房地產,2017.0,3.0,30.0,1.0,30
ID01850,AC1700565,F025,雙向層架式書桌-咖,家俱,2900.0,1.0,2017-03-30,2900.0,435.0000000000002,435.0,3074.0,李正偉,Male,34,新北市,其他,2017.0,3.0,30.0,1.0,30
ID01851,AC1702122,F025,雙向層架式書桌-咖,家俱,2900.0,1.0,2017-03-30,2900.0,435.0000000000002,435.0,3074.0,朱韋伶,Male,48,宜蘭縣,住宿和餐飲業,2017.0,3.0,30.0,1.0,40
ID01852,AC1701794,F025,雙向層架式書桌-咖,家俱,2900.0,1.0,2017-03-30,2900.0,435.0000000000002,435.0,3074.0,李仲枝,Male,35,宜蘭縣,住宿和餐飲業,2017.0,3.0,30.0,1.0,30
ID01853,AC1701078,F025,雙向層架式書桌-咖,家俱,2900.0,1.0,2017-03-30,2900.0,435.0000000000002,435.0,3074.0,張耀德,Female,33,新北市,住宿和餐飲業,2017.0,3.0,30.0,1.0,30
ID01854,AC1701064,F025,雙向層架式書桌-咖,家俱,2900.0,1.0,2017-03-30,2900.0,435.0000000000002,435.0,3074.0,張瑞泰,Male,32,新北市,金融業和房地產,2017.0,3.0,30.0,1.0,30
ID01855,AC1703261,F025,雙向層架式書桌-咖,家俱,2900.0,1.0,2017-03-30,2900.0,435.0000000000002,435.0,3074.0,鄧夢綺,Female,59,桃園市,教育體育文化,2017.0,3.0,30.0,1.0,50
ID01856,AC1701877,F025,雙向層架式書桌-咖,家俱,2900.0,1.0,2017-03-30,2900.0,435.0000000000002,435.0,3074.0,邱世傑,Female,40,新北市,金融業和房地產,2017.0,3.0,30.0,1.0,40
ID01857,AC1700281,F016,後背包-藍,配件,890.0,5.0,2017-03-30,4450.0,1103.6,231.39999999999998,4717.0,賴惠婷,Female,56,新北市,住宿和餐飲業,2017.0,3.0,30.0,1.0,50
ID01858,AC1700246,F036,經典美式純POLO-藍,女裝,980.0,5.0,2017-03-30,4900.0,808.5,661.5,5194.0,徐偉陽,Female,42,臺北市,住宿和餐飲業,2017.0,3.0,30.0,1.0,40
ID01859,AC1703086,F016,後背包-藍,配件,890.0,5.0,2017-03-30,4450.0,1103.6,231.39999999999998,4717.0,鄭嘉惠,Female,50,桃園市,金融業和房地產,2017.0,3.0,30.0,1.0,50
ID01860,AC1700926,F016,後背包-藍,配件,890.0,5.0,2017-03-30,4450.0,1103.6,231.39999999999998,4717.0,王麗綸,Female,29,新北市,金融業和房地產,2017.0,3.0,30.0,1.0,20
ID01861,AC1702337,F016,後背包-藍,配件,890.0,5.0,2017-03-30,4450.0,1103.6,231.39999999999998,4717.0,陳淑易,Female,61,桃園市,其他,2017.0,3.0,30.0,1.0,60
ID01862,AC1700871,F016,後背包-藍,配件,890.0,5.0,2017-03-30,4450.0,1103.6,231.39999999999998,4717.0,何思妤,Female,41,新北市,金融業和房地產,2017.0,3.0,30.0,1.0,40
ID01863,AC1702089,F016,後背包-藍,配件,890.0,5.0,2017-03-30,4450.0,1103.6,231.39999999999998,4717.0,方聖玉,Female,36,新北市,教育體育文化,2017.0,3.0,30.0,1.0,30
ID01864,AC1700019,F016,後背包-藍,配件,890.0,5.0,2017-03-30,4450.0,1103.6,231.39999999999998,4717.0,吳菁隆,Female,48,基隆市,農林漁牧業,2017.0,3.0,30.0,1.0,40
ID01865,AC1703525,F025,雙向層架式書桌-咖,家俱,2900.0,1.0,2017-03-30,2900.0,435.0000000000002,435.0,3074.0,李秀民,Female,33,基隆市,金融業和房地產,2017.0,3.0,30.0,1.0,30
ID01866,AC1703852,F005,運動潮流連帽外套男裝-灰,男裝,1450.0,1.0,2017-03-30,1450.0,278.4000000000001,156.6,1537.0,鐘禹婷,Female,48,臺北市,金融業和房地產,2017.0,3.0,30.0,1.0,40
ID01867,AC1701734,F005,運動潮流連帽外套男裝-灰,男裝,1450.0,1.0,2017-03-30,1450.0,278.4000000000001,156.6,1537.0,林敬琬,Female,37,新北市,住宿和餐飲業,2017.0,3.0,30.0,1.0,30
ID01868,AC1703961,F005,運動潮流連帽外套男裝-灰,男裝,1450.0,1.0,2017-03-30,1450.0,278.4000000000001,156.6,1537.0,李昕云,Female,46,臺北市,其他,2017.0,3.0,30.0,1.0,40
ID01869,AC1702300,F005,運動潮流連帽外套男裝-灰,男裝,1450.0,1.0,2017-03-30,1450.0,278.4000000000001,156.6,1537.0,林彥琪,Male,44,桃園市,住宿和餐飲業,2017.0,3.0,30.0,1.0,40
ID01870,AC1702090,F005,運動潮流連帽外套男裝-灰,男裝,1450.0,1.0,2017-03-30,1450.0,278.4000000000001,156.6,1537.0,林盈甄,Male,40,宜蘭縣,金融業和房地產,2017.0,3.0,30.0,1.0,40
ID01871,AC1700996,F005,運動潮流連帽外套男裝-灰,男裝,1450.0,1.0,2017-03-30,1450.0,278.4000000000001,156.6,1537.0,陳金綠,Male,40,新北市,住宿和餐飲業,2017.0,3.0,30.0,1.0,40
ID01872,AC1700621,F011,經典高領多彩T恤男裝-白,男裝,1200.0,1.0,2017-03-30,1200.0,230.4,129.6,1272.0,林家凡,Male,34,新北市,金融業和房地產,2017.0,3.0,30.0,1.0,30
ID01873,AC1703123,F011,經典高領多彩T恤男裝-白,男裝,1200.0,1.0,2017-03-30,1200.0,230.4,129.6,1272.0,馮麗芬,Female,35,桃園市,住宿和餐飲業,2017.0,3.0,30.0,1.0,30
ID01874,AC1701215,F011,經典高領多彩T恤男裝-白,男裝,1200.0,1.0,2017-03-30,1200.0,230.4,129.6,1272.0,謝志峰,Male,29,新北市,金融業和房地產,2017.0,3.0,30.0,1.0,20
ID01875,AC1701013,F036,經典美式純POLO-藍,女裝,980.0,1.0,2017-03-30,980.0,161.7,132.3,1038.8,陳思潔,Male,41,新北市,金融業和房地產,2017.0,3.0,30.0,1.0,40
ID01876,AC1701362,F011,經典高領多彩T恤男裝-白,男裝,1200.0,1.0,2017-03-30,1200.0,230.4,129.6,1272.0,謝芃佩,Female,38,宜蘭縣,其他,2017.0,3.0,30.0,1.0,30
ID01877,AC1700631,F011,經典高領多彩T恤男裝-白,男裝,1200.0,1.0,2017-03-30,1200.0,230.4,129.6,1272.0,洪偉孜,Female,40,新北市,住宿和餐飲業,2017.0,3.0,30.0,1.0,40
ID01878,AC1700616,F011,經典高領多彩T恤男裝-白,男裝,1200.0,1.0,2017-03-30,1200.0,230.4,129.6,1272.0,李家瑩,Female,33,新北市,金融業和房地產,2017.0,3.0,30.0,1.0,30
ID01879,AC1701290,F011,經典高領多彩T恤男裝-白,男裝,1200.0,1.0,2017-03-30,1200.0,230.4,129.6,1272.0,楊玉萍,Female,37,宜蘭縣,住宿和餐飲業,2017.0,3.0,30.0,1.0,30
ID01880,AC1700398,F011,經典高領多彩T恤男裝-白,男裝,1200.0,1.0,2017-03-30,1200.0,230.4,129.6,1272.0,錢宜婷,Female,44,新北市,金融業和房地產,2017.0,3.0,30.0,1.0,40
ID01881,AC1700495,F005,運動潮流連帽外套男裝-灰,男裝,1450.0,1.0,2017-03-30,1450.0,278.4000000000001,156.6,1537.0,邱孟璇,Female,37,新北市,住宿和餐飲業,2017.0,3.0,30.0,1.0,30
ID01882,AC1701788,F025,雙向層架式書桌-咖,家俱,2900.0,1.0,2017-03-30,2900.0,435.0000000000002,435.0,3074.0,戴曉蓁,Female,36,新北市,金融業和房地產,2017.0,3.0,30.0,1.0,30
ID01883,AC1700083,F025,雙向層架式書桌-咖,家俱,2900.0,1.0,2017-03-30,2900.0,435.0000000000002,435.0,3074.0,陳筱涵,Female,55,基隆市,農林漁牧業,2017.0,3.0,30.0,1.0,50
ID01884,AC1702477,F025,雙向層架式書桌-咖,家俱,2900.0,1.0,2017-03-30,2900.0,435.0000000000002,435.0,3074.0,張雅合,Male,46,桃園市,住宿和餐飲業,2017.0,3.0,30.0,1.0,40
ID01885,AC1700746,F025,雙向層架式書桌-咖,家俱,2900.0,1.0,2017-03-30,2900.0,435.0000000000002,435.0,3074.0,胡建佑,Male,39,新北市,住宿和餐飲業,2017.0,3.0,30.0,1.0,30
ID01886,AC1703969,F025,雙向層架式書桌-咖,家俱,2900.0,1.0,2017-03-30,2900.0,435.0000000000002,435.0,3074.0,鄧怡文,Female,36,臺北市,其他,2017.0,3.0,30.0,1.0,30
ID01887,AC1703280,F025,雙向層架式書桌-咖,家俱,2900.0,1.0,2017-03-30,2900.0,435.0000000000002,435.0,3074.0,陳佳慧,Female,52,桃園市,住宿和餐飲業,2017.0,3.0,30.0,1.0,50
ID01888,AC1703063,F025,雙向層架式書桌-咖,家俱,2900.0,1.0,2017-03-30,2900.0,435.0000000000002,435.0,3074.0,林佳芳,Male,35,桃園市,其他,2017.0,3.0,30.0,1.0,30
ID01889,AC1701477,F016,後背包-藍,配件,890.0,5.0,2017-03-30,4450.0,1103.6,231.39999999999998,4717.0,林奕君,Male,27,宜蘭縣,住宿和餐飲業,2017.0,3.0,30.0,1.0,20
ID01890,AC1700247,F036,經典美式純POLO-藍,女裝,980.0,5.0,2017-03-30,4900.0,808.5,661.5,5194.0,羅信毓,Female,36,臺北市,金融業和房地產,2017.0,3.0,30.0,1.0,30
ID01891,AC1700442,F016,後背包-藍,配件,890.0,5.0,2017-03-30,4450.0,1103.6,231.39999999999998,4717.0,楊欣怡,Female,34,新北市,金融業和房地產,2017.0,3.0,30.0,1.0,30
ID01892,AC1701469,F016,後背包-藍,配件,890.0,5.0,2017-03-30,4450.0,1103.6,231.39999999999998,4717.0,趙金杰,Female,28,新北市,金融業和房地產,2017.0,3.0,30.0,1.0,20
ID01893,AC1700314,F016,後背包-藍,配件,890.0,5.0,2017-03-30,4450.0,1103.6,231.39999999999998,4717.0,黃世偉,Male,42,新北市,金融業和房地產,2017.0,3.0,30.0,1.0,40
ID01894,AC1703540,F016,後背包-藍,配件,890.0,5.0,2017-03-30,4450.0,1103.6,231.39999999999998,4717.0,陳瑩育,Male,39,基隆市,金融業和房地產,2017.0,3.0,30.0,1.0,30
ID01895,AC1703923,F016,後背包-藍,配件,890.0,5.0,2017-03-30,4450.0,1103.6,231.39999999999998,4717.0,吳冰鴻,Female,52,臺北市,金融業和房地產,2017.0,3.0,30.0,1.0,50
ID01896,AC1701274,F016,後背包-藍,配件,890.0,5.0,2017-03-30,4450.0,1103.6,231.39999999999998,4717.0,林惠美,Female,27,新北市,住宿和餐飲業,2017.0,3.0,30.0,1.0,20
ID01897,AC1700068,F025,雙向層架式書桌-咖,家俱,2900.0,1.0,2017-03-30,2900.0,435.0000000000002,435.0,3074.0,陳希坤,Male,54,基隆市,教育體育文化,2017.0,3.0,30.0,1.0,50
ID01898,AC1700842,F005,運動潮流連帽外套男裝-灰,男裝,1450.0,1.0,2017-03-30,1450.0,278.4000000000001,156.6,1537.0,袁雅玲,Male,24,新北市,教育體育文化,2017.0,3.0,30.0,1.0,20
ID01899,AC1702055,F005,運動潮流連帽外套男裝-灰,男裝,1450.0,1.0,2017-03-30,1450.0,278.4000000000001,156.6,1537.0,黃柏翔,Male,28,宜蘭縣,其他,2017.0,3.0,30.0,1.0,20
ID01900,AC1701261,F005,運動潮流連帽外套男裝-灰,男裝,1450.0,1.0,2017-03-30,1450.0,278.4000000000001,156.6,1537.0,胡文君,Female,36,新北市,金融業和房地產,2017.0,3.0,30.0,1.0,30
ID01901,AC1701057,F005,運動潮流連帽外套男裝-灰,男裝,1450.0,1.0,2017-03-30,1450.0,278.4000000000001,156.6,1537.0,劉彥芷,Male,44,新北市,金融業和房地產,2017.0,3.0,30.0,1.0,40
ID01902,AC1702351,F005,運動潮流連帽外套男裝-灰,男裝,1450.0,1.0,2017-03-30,1450.0,278.4000000000001,156.6,1537.0,錢嘉沛,Female,53,桃園市,其他,2017.0,3.0,30.0,1.0,50
ID01903,AC1702402,F005,運動潮流連帽外套男裝-灰,男裝,1450.0,1.0,2017-03-30,1450.0,278.4000000000001,156.6,1537.0,陳佳香,Male,54,桃園市,住宿和餐飲業,2017.0,3.0,30.0,1.0,50
ID01904,AC1703056,F011,經典高領多彩T恤男裝-白,男裝,1200.0,1.0,2017-03-30,1200.0,230.4,129.6,1272.0,李宗屏,Male,47,桃園市,住宿和餐飲業,2017.0,3.0,30.0,1.0,40
ID01905,AC1701723,F011,經典高領多彩T恤男裝-白,男裝,1200.0,1.0,2017-03-30,1200.0,230.4,129.6,1272.0,劉和強,Male,34,宜蘭縣,金融業和房地產,2017.0,3.0,30.0,1.0,30
ID01906,AC1702343,F011,經典高領多彩T恤男裝-白,男裝,1200.0,1.0,2017-03-30,1200.0,230.4,129.6,1272.0,王靜駿,Male,60,桃園市,住宿和餐飲業,2017.0,3.0,30.0,1.0,60
ID01907,AC1702594,F036,經典美式純POLO-藍,女裝,980.0,1.0,2017-03-30,980.0,161.7,132.3,1038.8,楊百弘,Male,58,桃園市,其他,2017.0,3.0,30.0,1.0,50
ID01908,AC1703095,F011,經典高領多彩T恤男裝-白,男裝,1200.0,1.0,2017-03-30,1200.0,230.4,129.6,1272.0,沈初奇,Male,51,桃園市,其他,2017.0,3.0,30.0,1.0,50
ID01909,AC1701610,F011,經典高領多彩T恤男裝-白,男裝,1200.0,1.0,2017-03-30,1200.0,230.4,129.6,1272.0,黃冠珮,Female,33,新北市,金融業和房地產,2017.0,3.0,30.0,1.0,30
ID01910,AC1700852,F011,經典高領多彩T恤男裝-白,男裝,1200.0,1.0,2017-03-30,1200.0,230.4,129.6,1272.0,陳家維,Female,56,新北市,金融業和房地產,2017.0,3.0,30.0,1.0,50
ID01911,AC1701898,F011,經典高領多彩T恤男裝-白,男裝,1200.0,1.0,2017-03-30,1200.0,230.4,129.6,1272.0,毛綺昀,Female,36,新北市,金融業和房地產,2017.0,3.0,30.0,1.0,30
ID01912,AC1701750,F011,經典高領多彩T恤男裝-白,男裝,1200.0,1.0,2017-03-30,1200.0,230.4,129.6,1272.0,陳禹芃,Female,32,新北市,金融業和房地產,2017.0,3.0,30.0,1.0,30
ID01913,AC1703795,F005,運動潮流連帽外套男裝-灰,男裝,1450.0,1.0,2017-03-30,1450.0,278.4000000000001,156.6,1537.0,陳寶映,Male,55,基隆市,金融業和房地產,2017.0,3.0,30.0,1.0,50
ID01914,AC1701560,F025,雙向層架式書桌-咖,家俱,2900.0,1.0,2017-03-30,2900.0,435.0000000000002,435.0,3074.0,劉育人,Female,41,新北市,其他,2017.0,3.0,30.0,1.0,40
ID01915,AC1701423,F025,雙向層架式書桌-咖,家俱,2900.0,1.0,2017-03-30,2900.0,435.0000000000002,435.0,3074.0,馮大忠,Male,28,宜蘭縣,金融業和房地產,2017.0,3.0,30.0,1.0,20
ID01916,AC1700789,F025,雙向層架式書桌-咖,家俱,2900.0,1.0,2017-03-30,2900.0,435.0000000000002,435.0,3074.0,陳建宸,Male,30,新北市,金融業和房地產,2017.0,3.0,30.0,1.0,30
ID01917,AC1700818,F025,雙向層架式書桌-咖,家俱,2900.0,1.0,2017-03-30,2900.0,435.0000000000002,435.0,3074.0,李宜伶,Male,42,新北市,金融業和房地產,2017.0,3.0,30.0,1.0,40
ID01918,AC1700843,F025,雙向層架式書桌-咖,家俱,2900.0,1.0,2017-03-30,2900.0,435.0000000000002,435.0,3074.0,倪雯芬,Male,35,新北市,教育體育文化,2017.0,3.0,30.0,1.0,30
ID01919,AC1700854,F025,雙向層架式書桌-咖,家俱,2900.0,1.0,2017-03-30,2900.0,435.0000000000002,435.0,3074.0,楊劭光,Male,39,新北市,金融業和房地產,2017.0,3.0,30.0,1.0,30
ID01920,AC1700657,F025,雙向層架式書桌-咖,家俱,2900.0,1.0,2017-03-30,2900.0,435.0000000000002,435.0,3074.0,林怡雯,Female,32,新北市,金融業和房地產,2017.0,3.0,30.0,1.0,30
ID01921,AC1701072,F016,後背包-藍,配件,890.0,5.0,2017-03-30,4450.0,1103.6,231.39999999999998,4717.0,翁彥良,Female,36,新北市,金融業和房地產,2017.0,3.0,30.0,1.0,30
ID01922,AC1701128,F036,經典美式純POLO-藍,女裝,980.0,5.0,2017-03-30,4900.0,808.5,661.5,5194.0,黃智柏,Male,40,新北市,其他,2017.0,3.0,30.0,1.0,40
ID01923,AC1703045,F016,後背包-藍,配件,890.0,5.0,2017-03-30,4450.0,1103.6,231.39999999999998,4717.0,朱志宇,Female,39,桃園市,其他,2017.0,3.0,30.0,1.0,30
ID01924,AC1700145,F016,後背包-藍,配件,890.0,5.0,2017-03-30,4450.0,1103.6,231.39999999999998,4717.0,姚怡君,Female,54,新北市,金融業和房地產,2017.0,3.0,30.0,1.0,50
ID01925,AC1703803,F016,後背包-藍,配件,890.0,5.0,2017-03-30,4450.0,1103.6,231.39999999999998,4717.0,吳美侑,Female,44,臺北市,金融業和房地產,2017.0,3.0,30.0,1.0,40
ID01926,AC1703324,F016,後背包-藍,配件,890.0,5.0,2017-03-30,4450.0,1103.6,231.39999999999998,4717.0,林秀凡,Male,26,基隆市,住宿和餐飲業,2017.0,3.0,30.0,1.0,20
ID01927,AC1703393,F016,後背包-藍,配件,890.0,5.0,2017-03-30,4450.0,1103.6,231.39999999999998,4717.0,許哲東,Female,45,基隆市,金融業和房地產,2017.0,3.0,30.0,1.0,40
ID01928,AC1703322,F016,後背包-藍,配件,890.0,5.0,2017-03-30,4450.0,1103.6,231.39999999999998,4717.0,方佳信,Male,37,基隆市,其他,2017.0,3.0,30.0,1.0,30
ID01929,AC1701185,F025,雙向層架式書桌-咖,家俱,2900.0,1.0,2017-03-30,2900.0,435.0000000000002,435.0,3074.0,李宣諭,Male,40,新北市,住宿和餐飲業,2017.0,3.0,30.0,1.0,40
ID01930,AC1702498,F005,運動潮流連帽外套男裝-灰,男裝,1450.0,1.0,2017-03-30,1450.0,278.4000000000001,156.6,1537.0,余盈君,Male,48,桃園市,住宿和餐飲業,2017.0,3.0,30.0,1.0,40
ID01931,AC1701271,F005,運動潮流連帽外套男裝-灰,男裝,1450.0,1.0,2017-03-30,1450.0,278.4000000000001,156.6,1537.0,李佳民,Male,26,新北市,金融業和房地產,2017.0,3.0,30.0,1.0,20
ID01932,AC1701580,F005,運動潮流連帽外套男裝-灰,男裝,1450.0,1.0,2017-03-30,1450.0,278.4000000000001,156.6,1537.0,張瑞能,Female,30,新北市,金融業和房地產,2017.0,3.0,30.0,1.0,30
ID01933,AC1702007,F005,運動潮流連帽外套男裝-灰,男裝,1450.0,1.0,2017-03-30,1450.0,278.4000000000001,156.6,1537.0,陳明康,Male,36,宜蘭縣,金融業和房地產,2017.0,3.0,30.0,1.0,30
ID01934,AC1701354,F005,運動潮流連帽外套男裝-灰,男裝,1450.0,1.0,2017-03-30,1450.0,278.4000000000001,156.6,1537.0,陳哲嘉,Male,33,宜蘭縣,金融業和房地產,2017.0,3.0,30.0,1.0,30
ID01935,AC1700679,F005,運動潮流連帽外套男裝-灰,男裝,1450.0,1.0,2017-03-30,1450.0,278.4000000000001,156.6,1537.0,劉妙群,Male,35,新北市,金融業和房地產,2017.0,3.0,30.0,1.0,30
ID01936,AC1702522,F011,經典高領多彩T恤男裝-白,男裝,1200.0,1.0,2017-03-30,1200.0,230.4,129.6,1272.0,潘昱琬,Female,45,桃園市,其他,2017.0,3.0,30.0,1.0,40
ID01937,AC1703124,F011,經典高領多彩T恤男裝-白,男裝,1200.0,1.0,2017-03-30,1200.0,230.4,129.6,1272.0,陳彥舜,Male,50,桃園市,其他,2017.0,3.0,30.0,1.0,50
ID01938,AC1700996,F011,經典高領多彩T恤男裝-白,男裝,1200.0,1.0,2017-03-30,1200.0,230.4,129.6,1272.0,陳金綠,Male,40,新北市,住宿和餐飲業,2017.0,3.0,30.0,1.0,40
ID01939,AC1703924,F036,經典美式純POLO-藍,女裝,980.0,1.0,2017-03-30,980.0,161.7,132.3,1038.8,陳于庭,Female,47,臺北市,金融業和房地產,2017.0,3.0,30.0,1.0,40
ID01940,AC1701638,F011,經典高領多彩T恤男裝-白,男裝,1200.0,1.0,2017-03-30,1200.0,230.4,129.6,1272.0,黃宛臻,Female,38,新北市,金融業和房地產,2017.0,3.0,30.0,1.0,30
ID01941,AC1701005,F011,經典高領多彩T恤男裝-白,男裝,1200.0,1.0,2017-03-30,1200.0,230.4,129.6,1272.0,蔡俊翔,Male,37,新北市,金融業和房地產,2017.0,3.0,30.0,1.0,30
ID01942,AC1702310,F011,經典高領多彩T恤男裝-白,男裝,1200.0,1.0,2017-03-30,1200.0,230.4,129.6,1272.0,陳志美,Female,58,桃園市,其他,2017.0,3.0,30.0,1.0,50
ID01943,AC1701738,F011,經典高領多彩T恤男裝-白,男裝,1200.0,1.0,2017-03-30,1200.0,230.4,129.6,1272.0,侯羿啟,Male,27,宜蘭縣,金融業和房地產,2017.0,3.0,30.0,1.0,20
ID01944,AC1701824,F011,經典高領多彩T恤男裝-白,男裝,1200.0,1.0,2017-03-30,1200.0,230.4,129.6,1272.0,洪嘉亦,Female,35,新北市,金融業和房地產,2017.0,3.0,30.0,1.0,30
ID01945,AC1700353,F005,運動潮流連帽外套男裝-灰,男裝,1450.0,1.0,2017-03-30,1450.0,278.4000000000001,156.6,1537.0,吳珮如,Female,44,新北市,金融業和房地產,2017.0,3.0,30.0,1.0,40
ID01946,AC1701854,F025,雙向層架式書桌-咖,家俱,2900.0,1.0,2017-03-30,2900.0,435.0000000000002,435.0,3074.0,何俊佑,Female,33,新北市,金融業和房地產,2017.0,3.0,30.0,1.0,30
ID01947,AC1703229,F025,雙向層架式書桌-咖,家俱,2900.0,1.0,2017-03-30,2900.0,435.0000000000002,435.0,3074.0,李雅竹,Male,54,桃園市,住宿和餐飲業,2017.0,3.0,30.0,1.0,50
ID01948,AC1702868,F025,雙向層架式書桌-咖,家俱,2900.0,1.0,2017-03-30,2900.0,435.0000000000002,435.0,3074.0,洪偉順,Male,60,桃園市,住宿和餐飲業,2017.0,3.0,30.0,1.0,60
ID01949,AC1703538,F025,雙向層架式書桌-咖,家俱,2900.0,1.0,2017-03-30,2900.0,435.0000000000002,435.0,3074.0,葉孟穎,Male,35,基隆市,金融業和房地產,2017.0,3.0,30.0,1.0,30
ID01950,AC1701614,F025,雙向層架式書桌-咖,家俱,2900.0,1.0,2017-03-30,2900.0,435.0000000000002,435.0,3074.0,劉亭龍,Male,31,宜蘭縣,金融業和房地產,2017.0,3.0,30.0,1.0,30
ID01951,AC1701554,F025,雙向層架式書桌-咖,家俱,2900.0,1.0,2017-03-30,2900.0,435.0000000000002,435.0,3074.0,黃百茹,Female,29,宜蘭縣,金融業和房地產,2017.0,3.0,30.0,1.0,20
ID01952,AC1700696,F025,雙向層架式書桌-咖,家俱,2900.0,1.0,2017-03-30,2900.0,435.0000000000002,435.0,3074.0,黃玉純,Male,33,新北市,教育體育文化,2017.0,3.0,30.0,1.0,30
ID01953,AC1701759,F016,後背包-藍,配件,890.0,5.0,2017-03-30,4450.0,1103.6,231.39999999999998,4717.0,曹怡萱,Female,43,新北市,金融業和房地產,2017.0,3.0,30.0,1.0,40
ID01954,AC1702673,F036,經典美式純POLO-藍,女裝,980.0,5.0,2017-03-30,4900.0,808.5,661.5,5194.0,賴育維,Male,55,桃園市,住宿和餐飲業,2017.0,3.0,30.0,1.0,50
ID01955,AC1700919,F016,後背包-藍,配件,890.0,5.0,2017-03-30,4450.0,1103.6,231.39999999999998,4717.0,林惠卿,Female,41,新北市,住宿和餐飲業,2017.0,3.0,30.0,1.0,40
ID01956,AC1701697,F016,後背包-藍,配件,890.0,5.0,2017-03-30,4450.0,1103.6,231.39999999999998,4717.0,李堯依,Male,38,宜蘭縣,金融業和房地產,2017.0,3.0,30.0,1.0,30
ID01957,AC1702614,F016,後背包-藍,配件,890.0,5.0,2017-03-30,4450.0,1103.6,231.39999999999998,4717.0,林淑琦,Female,63,桃園市,其他,2017.0,3.0,30.0,1.0,60
ID01958,AC1702091,F016,後背包-藍,配件,890.0,5.0,2017-03-30,4450.0,1103.6,231.39999999999998,4717.0,喬春忠,Male,37,宜蘭縣,金融業和房地產,2017.0,3.0,30.0,1.0,30
ID01959,AC1700382,F016,後背包-藍,配件,890.0,5.0,2017-03-30,4450.0,1103.6,231.39999999999998,4717.0,楊雅玉,Female,54,新北市,金融業和房地產,2017.0,3.0,30.0,1.0,50
ID01960,AC1700268,F016,後背包-藍,配件,890.0,5.0,2017-03-30,4450.0,1103.6,231.39999999999998,4717.0,許柏龍,Male,39,新北市,金融業和房地產,2017.0,3.0,30.0,1.0,30
ID01961,AC1703218,F025,雙向層架式書桌-咖,家俱,2900.0,1.0,2017-03-30,2900.0,435.0000000000002,435.0,3074.0,錢憶樂,Female,54,桃園市,其他,2017.0,3.0,30.0,1.0,50
ID01962,AC1701376,F005,運動潮流連帽外套男裝-灰,男裝,1450.0,1.0,2017-03-30,1450.0,278.4000000000001,156.6,1537.0,蔡承妹,Female,38,新北市,住宿和餐飲業,2017.0,3.0,30.0,1.0,30
ID01963,AC1700425,F003,印圖大學T男裝-藍,男裝,750.0,1.0,2017-04-05,750.0,144.0,81.0,795.0,蔡淑娟,Female,22,新北市,金融業和房地產,2017.0,4.0,5.0,2.0,20
ID01964,AC1702316,F003,印圖大學T男裝-藍,男裝,750.0,1.0,2017-04-05,750.0,144.0,81.0,795.0,宮幼以,Male,53,桃園市,其他,2017.0,4.0,5.0,2.0,50
ID01965,AC1701023,F013,潮感印條連帽外套-男裝,男裝,1740.0,1.0,2017-04-05,1740.0,334.08000000000004,187.92,1844.4,張俊嘉,Male,26,新北市,金融業和房地產,2017.0,4.0,5.0,2.0,20
ID01966,AC1703659,F003,印圖大學T男裝-藍,男裝,750.0,1.0,2017-04-05,750.0,144.0,81.0,795.0,李亮紫,Male,41,基隆市,其他,2017.0,4.0,5.0,2.0,40
ID01967,AC1703422,F013,潮感印條連帽外套-男裝,男裝,1740.0,1.0,2017-04-05,1740.0,334.08000000000004,187.92,1844.4,蘇培倫,Female,38,基隆市,住宿和餐飲業,2017.0,4.0,5.0,2.0,30
ID01968,AC1700921,F005,運動潮流連帽外套男裝-灰,男裝,1450.0,1.0,2017-03-30,1450.0,278.4000000000001,156.6,1537.0,張惠芷,Female,38,新北市,金融業和房地產,2017.0,3.0,30.0,1.0,30
ID01969,AC1703623,F001,運動潮流連帽外套女裝-白,女裝,1450.0,1.0,2017-04-05,1450.0,239.2500000000001,195.75,1537.0,李淑海,Female,44,基隆市,金融業和房地產,2017.0,4.0,5.0,2.0,40
ID01970,AC1701039,F001,運動潮流連帽外套女裝-白,女裝,1450.0,1.0,2017-04-05,1450.0,239.2500000000001,195.75,1537.0,楊志偉,Male,29,新北市,金融業和房地產,2017.0,4.0,5.0,2.0,20
ID01971,AC1701372,F005,運動潮流連帽外套男裝-灰,男裝,1450.0,1.0,2017-03-30,1450.0,278.4000000000001,156.6,1537.0,黃俊萱,Female,42,新北市,其他,2017.0,3.0,30.0,1.0,40
ID01972,AC1703158,F016,後背包-藍,配件,890.0,1.0,2017-04-05,890.0,220.72,46.28,943.4000000000001,王聖凱,Male,44,桃園市,住宿和餐飲業,2017.0,4.0,5.0,2.0,40
ID01973,AC1701991,F016,後背包-藍,配件,890.0,1.0,2017-04-05,890.0,220.72,46.28,943.4000000000001,楊兆珍,Female,28,新北市,住宿和餐飲業,2017.0,4.0,5.0,2.0,20
ID01974,AC1700102,F036,經典美式純POLO-藍,女裝,980.0,1.0,2017-04-05,980.0,161.7,132.3,1038.8,謝大迪,Male,45,新北市,金融業和房地產,2017.0,4.0,5.0,2.0,40
ID01975,AC1701985,F016,後背包-藍,配件,890.0,1.0,2017-04-05,890.0,220.72,46.28,943.4000000000001,陳弘劭,Male,31,宜蘭縣,金融業和房地產,2017.0,4.0,5.0,2.0,30
ID01976,AC1702280,F016,後背包-藍,配件,890.0,1.0,2017-04-05,890.0,220.72,46.28,943.4000000000001,楊秀珍,Male,42,桃園市,住宿和餐飲業,2017.0,4.0,5.0,2.0,40
ID01977,AC1702054,F016,後背包-藍,配件,890.0,1.0,2017-04-05,890.0,220.72,46.28,943.4000000000001,劉士弘,Male,34,宜蘭縣,金融業和房地產,2017.0,4.0,5.0,2.0,30
ID01978,AC1703154,F005,運動潮流連帽外套男裝-灰,男裝,1450.0,1.0,2017-03-30,1450.0,278.4000000000001,156.6,1537.0,王仕勇,Female,56,桃園市,住宿和餐飲業,2017.0,3.0,30.0,1.0,50
ID01979,AC1703247,F005,運動潮流連帽外套男裝-灰,男裝,1450.0,1.0,2017-03-30,1450.0,278.4000000000001,156.6,1537.0,陳惠芝,Female,37,桃園市,教育體育文化,2017.0,3.0,30.0,1.0,30
ID01980,AC1701119,F020,萬用包-黑,皮件,2900.0,1.0,2017-04-05,2900.0,661.2000000000003,208.79999999999998,3074.0,羅佳蓉,Male,45,新北市,住宿和餐飲業,2017.0,4.0,5.0,2.0,40
ID01981,AC1702473,F005,運動潮流連帽外套男裝-灰,男裝,1450.0,1.0,2017-03-30,1450.0,278.4000000000001,156.6,1537.0,林政儒,Male,58,桃園市,住宿和餐飲業,2017.0,3.0,30.0,1.0,50
ID01982,AC1703245,F005,運動潮流連帽外套男裝-灰,男裝,1450.0,1.0,2017-03-30,1450.0,278.4000000000001,156.6,1537.0,陳詩君,Male,45,桃園市,住宿和餐飲業,2017.0,3.0,30.0,1.0,40
ID01983,AC1701924,F025,雙向層架式書桌-咖,家俱,2900.0,1.0,2017-03-30,2900.0,435.0000000000002,435.0,3074.0,賴禎柏,Male,26,宜蘭縣,金融業和房地產,2017.0,3.0,30.0,1.0,20
ID01984,AC1700248,F025,雙向層架式書桌-咖,家俱,2900.0,1.0,2017-03-30,2900.0,435.0000000000002,435.0,3074.0,李秉妹,Female,22,臺北市,金融業和房地產,2017.0,3.0,30.0,1.0,20
ID01985,AC1703681,F025,雙向層架式書桌-咖,家俱,2900.0,1.0,2017-03-30,2900.0,435.0000000000002,435.0,3074.0,謝文吉,Male,45,基隆市,住宿和餐飲業,2017.0,3.0,30.0,1.0,40
ID01986,AC1701116,F014,大化妝包-黑,配件,1740.0,2.0,2017-04-05,3480.0,863.04,180.95999999999998,3688.8,吳淑娟,Female,28,新北市,金融業和房地產,2017.0,4.0,5.0,2.0,20
ID01987,AC1702695,F014,大化妝包-黑,配件,1740.0,2.0,2017-04-05,3480.0,863.04,180.95999999999998,3688.8,李佩松,Male,53,桃園市,農林漁牧業,2017.0,4.0,5.0,2.0,50
ID01988,AC1703419,F012,托特包-白,配件,1740.0,2.0,2017-04-05,3480.0,863.04,180.95999999999998,3688.8,黃偉任,Female,40,基隆市,金融業和房地產,2017.0,4.0,5.0,2.0,40
ID01989,AC1702954,F009,大化妝包-深藍,配件,2100.0,2.0,2017-04-05,4200.0,1041.6,218.39999999999998,4452.0,蔡仕寧,Female,59,桃園市,其他,2017.0,4.0,5.0,2.0,50
ID01990,AC1700069,F036,經典美式純POLO-藍,女裝,980.0,2.0,2017-04-05,1960.0,323.4,264.6,2077.6,邱筱潔,Female,42,基隆市,金融業和房地產,2017.0,4.0,5.0,2.0,40
ID01991,AC1703041,F025,雙向層架式書桌-咖,家俱,2900.0,1.0,2017-03-30,2900.0,435.0000000000002,435.0,3074.0,謝敏季,Female,43,桃園市,其他,2017.0,3.0,30.0,1.0,40
ID01992,AC1703288,F014,大化妝包-黑,配件,1740.0,2.0,2017-04-05,3480.0,863.04,180.95999999999998,3688.8,李宜山,Female,41,基隆市,金融業和房地產,2017.0,4.0,5.0,2.0,40
ID01993,AC1702611,F014,大化妝包-黑,配件,1740.0,2.0,2017-04-05,3480.0,863.04,180.95999999999998,3688.8,黃家鳳,Male,55,桃園市,住宿和餐飲業,2017.0,4.0,5.0,2.0,50
ID01994,AC1702644,F025,雙向層架式書桌-咖,家俱,2900.0,1.0,2017-03-30,2900.0,435.0000000000002,435.0,3074.0,伊宥柏,Male,53,桃園市,住宿和餐飲業,2017.0,3.0,30.0,1.0,50
ID01995,AC1702878,F025,雙向層架式書桌-咖,家俱,2900.0,1.0,2017-03-30,2900.0,435.0000000000002,435.0,3074.0,陳宜裕,Male,52,桃園市,其他,2017.0,3.0,30.0,1.0,50
ID01996,AC1700575,F025,雙向層架式書桌-咖,家俱,2900.0,1.0,2017-03-30,2900.0,435.0000000000002,435.0,3074.0,陳淑君,Female,32,新北市,金融業和房地產,2017.0,3.0,30.0,1.0,30
ID01997,AC1703209,F007,運動潮流連帽外套男裝-灰,男裝,1450.0,3.0,2017-04-05,4350.0,835.2,469.8,4611.0,葉晴天,Male,43,桃園市,住宿和餐飲業,2017.0,4.0,5.0,2.0,40
ID01998,AC1700753,F007,運動潮流連帽外套男裝-灰,男裝,1450.0,3.0,2017-04-05,4350.0,835.2,469.8,4611.0,徐順宜,Male,31,新北市,金融業和房地產,2017.0,4.0,5.0,2.0,30
ID01999,AC1701130,F007,運動潮流連帽外套男裝-灰,男裝,1450.0,3.0,2017-04-05,4350.0,835.2,469.8,4611.0,林佳山,Male,40,新北市,金融業和房地產,2017.0,4.0,5.0,2.0,40
ID02000,AC1701854,F007,運動潮流連帽外套男裝-灰,男裝,1450.0,3.0,2017-04-05,4350.0,835.2,469.8,4611.0,何俊佑,Female,33,新北市,金融業和房地產,2017.0,4.0,5.0,2.0,30
ID02001,AC1700869,F022,短夾-紅,皮件,2900.0,3.0,2017-04-05,8700.0,1983.6,626.4,9222.0,陳美修,Female,43,新北市,其他,2017.0,4.0,5.0,2.0,40
ID02002,AC1700810,F022,短夾-紅,皮件,2900.0,3.0,2017-04-05,8700.0,1983.6,626.4,9222.0,陳行文,Male,33,新北市,金融業和房地產,2017.0,4.0,5.0,2.0,30
ID02003,AC1703792,F025,雙向層架式書桌-咖,家俱,2900.0,1.0,2017-03-30,2900.0,435.0000000000002,435.0,3074.0,申怡慧,Female,45,基隆市,住宿和餐飲業,2017.0,3.0,30.0,1.0,40
ID02004,AC1702508,F022,短夾-紅,皮件,2900.0,3.0,2017-04-05,8700.0,1983.6,626.4,9222.0,陳智秋,Female,59,桃園市,其他,2017.0,4.0,5.0,2.0,50
ID02005,AC1703379,F024,運動潮流直筒棉褲男童-灰,童裝,2030.0,1.0,2017-04-05,2030.0,357.28,251.72,2151.8,陳京彬,Female,33,基隆市,金融業和房地產,2017.0,4.0,5.0,2.0,30
ID02006,AC1700306,F002,運動潮流直筒棉褲男童-白,童裝,930.0,1.0,2017-04-05,930.0,163.68,115.32,985.8000000000001,蔡昭宸,Male,44,新北市,金融業和房地產,2017.0,4.0,5.0,2.0,40
ID02007,AC1703953,F003,印圖大學T男裝-藍,男裝,750.0,1.0,2017-04-05,750.0,144.0,81.0,795.0,宋蕙書,Female,39,臺北市,其他,2017.0,4.0,5.0,2.0,30
ID02008,AC1703754,F003,印圖大學T男裝-藍,男裝,750.0,1.0,2017-04-05,750.0,144.0,81.0,795.0,侯佳慧,Female,48,基隆市,金融業和房地產,2017.0,4.0,5.0,2.0,40
ID02009,AC1703867,F013,潮感印條連帽外套-男裝,男裝,1740.0,1.0,2017-04-05,1740.0,334.08000000000004,187.92,1844.4,周俊憲,Male,39,臺北市,金融業和房地產,2017.0,4.0,5.0,2.0,30
ID02010,AC1701626,F003,印圖大學T男裝-藍,男裝,750.0,1.0,2017-04-05,750.0,144.0,81.0,795.0,崔惠佩,Female,35,宜蘭縣,住宿和餐飲業,2017.0,4.0,5.0,2.0,30
ID02011,AC1703479,F013,潮感印條連帽外套-男裝,男裝,1740.0,1.0,2017-04-05,1740.0,334.08000000000004,187.92,1844.4,溫柏茂,Male,43,基隆市,金融業和房地產,2017.0,4.0,5.0,2.0,40
ID02012,AC1700488,F002,運動潮流直筒棉褲男童-白,童裝,930.0,1.0,2017-04-05,930.0,163.68,115.32,985.8000000000001,林軍麟,Male,29,新北市,金融業和房地產,2017.0,4.0,5.0,2.0,20
ID02013,AC1703245,F001,運動潮流連帽外套女裝-白,女裝,1450.0,1.0,2017-04-05,1450.0,239.2500000000001,195.75,1537.0,陳詩君,Male,45,桃園市,住宿和餐飲業,2017.0,4.0,5.0,2.0,40
ID02014,AC1702208,F001,運動潮流連帽外套女裝-白,女裝,1450.0,1.0,2017-04-05,1450.0,239.2500000000001,195.75,1537.0,王明宜,Male,47,桃園市,住宿和餐飲業,2017.0,4.0,5.0,2.0,40
ID02015,AC1702768,F002,運動潮流直筒棉褲男童-白,童裝,930.0,1.0,2017-04-05,930.0,163.68,115.32,985.8000000000001,李宜添,Male,49,桃園市,住宿和餐飲業,2017.0,4.0,5.0,2.0,40
ID02016,AC1702550,F016,後背包-藍,配件,890.0,1.0,2017-04-05,890.0,220.72,46.28,943.4000000000001,夏慧海,Male,52,桃園市,住宿和餐飲業,2017.0,4.0,5.0,2.0,50
ID02017,AC1702835,F016,後背包-藍,配件,890.0,1.0,2017-04-05,890.0,220.72,46.28,943.4000000000001,闕倍妍,Male,53,桃園市,住宿和餐飲業,2017.0,4.0,5.0,2.0,50
ID02018,AC1700173,F036,經典美式純POLO-藍,女裝,980.0,1.0,2017-04-05,980.0,161.7,132.3,1038.8,黃靖恩,Male,47,新北市,金融業和房地產,2017.0,4.0,5.0,2.0,40
ID02019,AC1703053,F016,後背包-藍,配件,890.0,1.0,2017-04-05,890.0,220.72,46.28,943.4000000000001,蔡依宜,Female,43,桃園市,其他,2017.0,4.0,5.0,2.0,40
ID02020,AC1701540,F016,後背包-藍,配件,890.0,1.0,2017-04-05,890.0,220.72,46.28,943.4000000000001,周翰康,Male,50,宜蘭縣,金融業和房地產,2017.0,4.0,5.0,2.0,50
ID02021,AC1701677,F016,後背包-藍,配件,890.0,1.0,2017-04-05,890.0,220.72,46.28,943.4000000000001,謝伶羽,Female,44,新北市,金融業和房地產,2017.0,4.0,5.0,2.0,40
ID02022,AC1703435,F010,中夾-紅,皮件,2610.0,1.0,2017-04-05,2610.0,595.0800000000003,187.92,2766.6000000000004,徐俞陽,Female,37,基隆市,金融業和房地產,2017.0,4.0,5.0,2.0,30
ID02023,AC1700934,F024,運動潮流直筒棉褲男童-灰,童裝,2030.0,1.0,2017-04-05,2030.0,357.28,251.72,2151.8,陳和漢,Female,37,新北市,金融業和房地產,2017.0,4.0,5.0,2.0,30
ID02024,AC1701558,F020,萬用包-黑,皮件,2900.0,1.0,2017-04-05,2900.0,661.2000000000003,208.79999999999998,3074.0,陳紋延,Female,37,新北市,金融業和房地產,2017.0,4.0,5.0,2.0,30
ID02025,AC1700057,F025,雙向層架式書桌-咖,家俱,2900.0,1.0,2017-04-05,2900.0,435.0000000000002,435.0,3074.0,方雅琪,Female,45,基隆市,金融業和房地產,2017.0,4.0,5.0,2.0,40
ID02026,AC1700880,F017,大學T男裝-灰,男裝,1200.0,2.0,2017-04-05,2400.0,460.8,259.2,2544.0,賴怡瑄,Male,34,新北市,住宿和餐飲業,2017.0,4.0,5.0,2.0,30
ID02027,AC1703860,F024,運動潮流直筒棉褲男童-灰,童裝,2030.0,1.0,2017-04-05,2030.0,357.28,251.72,2151.8,林靜行,Male,44,臺北市,住宿和餐飲業,2017.0,4.0,5.0,2.0,40
ID02028,AC1703018,F025,雙向層架式書桌-咖,家俱,2900.0,1.0,2017-04-05,2900.0,435.0000000000002,435.0,3074.0,蔡佳穎,Male,60,桃園市,其他,2017.0,4.0,5.0,2.0,60
ID02029,AC1702986,F025,雙向層架式書桌-咖,家俱,2900.0,1.0,2017-04-05,2900.0,435.0000000000002,435.0,3074.0,魏吉汝,Male,61,桃園市,住宿和餐飲業,2017.0,4.0,5.0,2.0,60
ID02030,AC1701273,F014,大化妝包-黑,配件,1740.0,2.0,2017-04-05,3480.0,863.04,180.95999999999998,3688.8,廉淑華,Male,37,新北市,金融業和房地產,2017.0,4.0,5.0,2.0,30
ID02031,AC1700685,F014,大化妝包-黑,配件,1740.0,2.0,2017-04-05,3480.0,863.04,180.95999999999998,3688.8,邱建彰,Male,44,新北市,金融業和房地產,2017.0,4.0,5.0,2.0,40
ID02032,AC1701180,F012,托特包-白,配件,1740.0,2.0,2017-04-05,3480.0,863.04,180.95999999999998,3688.8,謝宜珍,Male,37,新北市,其他,2017.0,4.0,5.0,2.0,30
ID02033,AC1701959,F009,大化妝包-深藍,配件,2100.0,2.0,2017-04-05,4200.0,1041.6,218.39999999999998,4452.0,謝家銘,Male,36,宜蘭縣,金融業和房地產,2017.0,4.0,5.0,2.0,30
ID02034,AC1700469,F036,經典美式純POLO-藍,女裝,980.0,2.0,2017-04-05,1960.0,323.4,264.6,2077.6,郭家慧,Male,33,新北市,金融業和房地產,2017.0,4.0,5.0,2.0,30
ID02035,AC1702127,F015,法蘭絨格紋襯衫-紅,女裝,1740.0,2.0,2017-04-05,3480.0,574.2,469.8,3688.8,侯欣怡,Female,42,宜蘭縣,金融業和房地產,2017.0,4.0,5.0,2.0,40
ID02036,AC1702304,F014,大化妝包-黑,配件,1740.0,2.0,2017-04-05,3480.0,863.04,180.95999999999998,3688.8,鄭宜婷,Male,46,桃園市,住宿和餐飲業,2017.0,4.0,5.0,2.0,40
ID02037,AC1701691,F014,大化妝包-黑,配件,1740.0,2.0,2017-04-05,3480.0,863.04,180.95999999999998,3688.8,劉興桂,Female,35,新北市,金融業和房地產,2017.0,4.0,5.0,2.0,30
ID02038,AC1700630,F024,運動潮流直筒棉褲男童-灰,童裝,2030.0,2.0,2017-04-05,4060.0,714.56,503.44,4303.6,涂智堯,Female,29,新北市,金融業和房地產,2017.0,4.0,5.0,2.0,20
ID02039,AC1703360,F015,法蘭絨格紋襯衫-紅,女裝,1740.0,2.0,2017-04-05,3480.0,574.2,469.8,3688.8,王忠韋,Male,31,基隆市,金融業和房地產,2017.0,4.0,5.0,2.0,30
ID02040,AC1702389,F015,法蘭絨格紋襯衫-紅,女裝,1740.0,2.0,2017-04-05,3480.0,574.2,469.8,3688.8,錢宗儒,Male,53,桃園市,住宿和餐飲業,2017.0,4.0,5.0,2.0,50
ID02041,AC1701489,F007,運動潮流連帽外套男裝-灰,男裝,1450.0,3.0,2017-04-05,4350.0,835.2,469.8,4611.0,程俊維,Male,30,宜蘭縣,金融業和房地產,2017.0,4.0,5.0,2.0,30
ID02042,AC1700512,F007,運動潮流連帽外套男裝-灰,男裝,1450.0,3.0,2017-04-05,4350.0,835.2,469.8,4611.0,王智揚,Male,31,新北市,金融業和房地產,2017.0,4.0,5.0,2.0,30
ID02043,AC1703418,F007,運動潮流連帽外套男裝-灰,男裝,1450.0,3.0,2017-04-05,4350.0,835.2,469.8,4611.0,劉文淳,Male,36,基隆市,住宿和餐飲業,2017.0,4.0,5.0,2.0,30
ID02044,AC1703911,F007,運動潮流連帽外套男裝-灰,男裝,1450.0,3.0,2017-04-05,4350.0,835.2,469.8,4611.0,趙康麟,Male,50,臺北市,金融業和房地產,2017.0,4.0,5.0,2.0,50
ID02045,AC1702532,F022,短夾-紅,皮件,2900.0,3.0,2017-04-05,8700.0,1983.6,626.4,9222.0,林宗愛,Male,40,桃園市,其他,2017.0,4.0,5.0,2.0,40
ID02046,AC1702648,F022,短夾-紅,皮件,2900.0,3.0,2017-04-05,8700.0,1983.6,626.4,9222.0,胡凡谷,Male,57,桃園市,住宿和餐飲業,2017.0,4.0,5.0,2.0,50
ID02047,AC1702845,F024,運動潮流直筒棉褲男童-灰,童裝,2030.0,3.0,2017-04-05,6090.0,1071.8400000000001,755.16,6455.400000000001,陳惠婷,Male,47,桃園市,其他,2017.0,4.0,5.0,2.0,40
ID02048,AC1701654,F022,短夾-紅,皮件,2900.0,3.0,2017-04-05,8700.0,1983.6,626.4,9222.0,黃俊廷,Male,37,宜蘭縣,金融業和房地產,2017.0,4.0,5.0,2.0,30
ID02049,AC1700883,F024,運動潮流直筒棉褲男童-灰,童裝,2030.0,1.0,2017-04-05,2030.0,357.28,251.72,2151.8,林尹和,Male,36,新北市,住宿和餐飲業,2017.0,4.0,5.0,2.0,30
ID02050,AC1702423,F002,運動潮流直筒棉褲男童-白,童裝,930.0,1.0,2017-04-05,930.0,163.68,115.32,985.8000000000001,林淑娟,Female,53,桃園市,金融業和房地產,2017.0,4.0,5.0,2.0,50
ID02051,AC1701372,F003,印圖大學T男裝-藍,男裝,750.0,1.0,2017-04-05,750.0,144.0,81.0,795.0,黃俊萱,Female,42,新北市,其他,2017.0,4.0,5.0,2.0,40
ID02052,AC1701118,F003,印圖大學T男裝-藍,男裝,750.0,1.0,2017-04-05,750.0,144.0,81.0,795.0,陳燕堯,Male,28,新北市,其他,2017.0,4.0,5.0,2.0,20
ID02053,AC1702892,F013,潮感印條連帽外套-男裝,男裝,1740.0,1.0,2017-04-05,1740.0,334.08000000000004,187.92,1844.4,柯雅琪,Male,50,桃園市,住宿和餐飲業,2017.0,4.0,5.0,2.0,50
ID02054,AC1703257,F003,印圖大學T男裝-藍,男裝,750.0,1.0,2017-04-05,750.0,144.0,81.0,795.0,許雅盈,Female,49,桃園市,教育體育文化,2017.0,4.0,5.0,2.0,40
ID02055,AC1703354,F013,潮感印條連帽外套-男裝,男裝,1740.0,1.0,2017-04-05,1740.0,334.08000000000004,187.92,1844.4,朱淑媛,Female,36,基隆市,金融業和房地產,2017.0,4.0,5.0,2.0,30
ID02056,AC1700804,F002,運動潮流直筒棉褲男童-白,童裝,930.0,1.0,2017-04-05,930.0,163.68,115.32,985.8000000000001,鄭佳穎,Female,40,新北市,金融業和房地產,2017.0,4.0,5.0,2.0,40
ID02057,AC1701530,F001,運動潮流連帽外套女裝-白,女裝,1450.0,1.0,2017-04-05,1450.0,239.2500000000001,195.75,1537.0,賴聖傑,Male,31,宜蘭縣,金融業和房地產,2017.0,4.0,5.0,2.0,30
ID02058,AC1700015,F001,運動潮流連帽外套女裝-白,女裝,1450.0,1.0,2017-04-05,1450.0,239.2500000000001,195.75,1537.0,吳右茂,Male,40,基隆市,金融業和房地產,2017.0,4.0,5.0,2.0,40
ID02059,AC1700469,F002,運動潮流直筒棉褲男童-白,童裝,930.0,1.0,2017-04-05,930.0,163.68,115.32,985.8000000000001,郭家慧,Male,33,新北市,金融業和房地產,2017.0,4.0,5.0,2.0,30
ID02060,AC1701026,F016,後背包-藍,配件,890.0,1.0,2017-04-05,890.0,220.72,46.28,943.4000000000001,張琇祥,Female,30,新北市,金融業和房地產,2017.0,4.0,5.0,2.0,30
ID02061,AC1700412,F016,後背包-藍,配件,890.0,1.0,2017-04-05,890.0,220.72,46.28,943.4000000000001,鄧華毓,Female,47,新北市,住宿和餐飲業,2017.0,4.0,5.0,2.0,40
ID02062,AC1702148,F036,經典美式純POLO-藍,女裝,980.0,1.0,2017-04-05,980.0,161.7,132.3,1038.8,魏振宇,Male,41,宜蘭縣,金融業和房地產,2017.0,4.0,5.0,2.0,40
ID02063,AC1701658,F016,後背包-藍,配件,890.0,1.0,2017-04-05,890.0,220.72,46.28,943.4000000000001,溫安原,Male,38,宜蘭縣,金融業和房地產,2017.0,4.0,5.0,2.0,30
ID02064,AC1702774,F016,後背包-藍,配件,890.0,1.0,2017-04-05,890.0,220.72,46.28,943.4000000000001,林志泉,Male,56,桃園市,住宿和餐飲業,2017.0,4.0,5.0,2.0,50
ID02065,AC1701903,F016,後背包-藍,配件,890.0,1.0,2017-04-05,890.0,220.72,46.28,943.4000000000001,倪月依,Female,32,新北市,金融業和房地產,2017.0,4.0,5.0,2.0,30
ID02066,AC1702529,F010,中夾-紅,皮件,2610.0,1.0,2017-04-05,2610.0,595.0800000000003,187.92,2766.6000000000004,毛可喜,Female,56,桃園市,其他,2017.0,4.0,5.0,2.0,50
ID02067,AC1701091,F024,運動潮流直筒棉褲男童-灰,童裝,2030.0,1.0,2017-04-05,2030.0,357.28,251.72,2151.8,羅宗穎,Female,30,新北市,住宿和餐飲業,2017.0,4.0,5.0,2.0,30
ID02068,AC1700152,F020,萬用包-黑,皮件,2900.0,1.0,2017-04-05,2900.0,661.2000000000003,208.79999999999998,3074.0,白培凡,Male,44,新北市,金融業和房地產,2017.0,4.0,5.0,2.0,40
ID02069,AC1700253,F025,雙向層架式書桌-咖,家俱,2900.0,1.0,2017-04-05,2900.0,435.0000000000002,435.0,3074.0,張華亨,Female,35,臺北市,金融業和房地產,2017.0,4.0,5.0,2.0,30
ID02070,AC1702693,F017,大學T男裝-灰,男裝,1200.0,2.0,2017-04-05,2400.0,460.8,259.2,2544.0,林筱軒,Male,37,桃園市,住宿和餐飲業,2017.0,4.0,5.0,2.0,30
ID02071,AC1700424,F024,運動潮流直筒棉褲男童-灰,童裝,2030.0,1.0,2017-04-05,2030.0,357.28,251.72,2151.8,林聖姍,Female,34,新北市,金融業和房地產,2017.0,4.0,5.0,2.0,30
ID02072,AC1700946,F025,雙向層架式書桌-咖,家俱,2900.0,1.0,2017-04-05,2900.0,435.0000000000002,435.0,3074.0,陳國岳,Male,40,新北市,金融業和房地產,2017.0,4.0,5.0,2.0,40
ID02073,AC1700756,F025,雙向層架式書桌-咖,家俱,2900.0,1.0,2017-04-05,2900.0,435.0000000000002,435.0,3074.0,陳虹軒,Male,33,新北市,金融業和房地產,2017.0,4.0,5.0,2.0,30
ID02074,AC1702723,F014,大化妝包-黑,配件,1740.0,2.0,2017-04-05,3480.0,863.04,180.95999999999998,3688.8,吳方蓉,Female,33,桃園市,其他,2017.0,4.0,5.0,2.0,30
ID02075,AC1702670,F014,大化妝包-黑,配件,1740.0,2.0,2017-04-05,3480.0,863.04,180.95999999999998,3688.8,張山慧,Female,48,桃園市,金融業和房地產,2017.0,4.0,5.0,2.0,40
ID02076,AC1703940,F012,托特包-白,配件,1740.0,2.0,2017-04-05,3480.0,863.04,180.95999999999998,3688.8,林美麗,Female,51,臺北市,住宿和餐飲業,2017.0,4.0,5.0,2.0,50
ID02077,AC1700859,F009,大化妝包-深藍,配件,2100.0,2.0,2017-04-05,4200.0,1041.6,218.39999999999998,4452.0,陳育維,Male,44,新北市,金融業和房地產,2017.0,4.0,5.0,2.0,40
ID02078,AC1701751,F036,經典美式純POLO-藍,女裝,980.0,2.0,2017-04-05,1960.0,323.4,264.6,2077.6,夏昌虹,Female,37,宜蘭縣,金融業和房地產,2017.0,4.0,5.0,2.0,30
ID02079,AC1703626,F015,法蘭絨格紋襯衫-紅,女裝,1740.0,2.0,2017-04-05,3480.0,574.2,469.8,3688.8,張欣怡,Male,35,基隆市,其他,2017.0,4.0,5.0,2.0,30
ID02080,AC1703160,F014,大化妝包-黑,配件,1740.0,2.0,2017-04-05,3480.0,863.04,180.95999999999998,3688.8,黃佳欣,Male,48,桃園市,金融業和房地產,2017.0,4.0,5.0,2.0,40
ID02081,AC1700639,F014,大化妝包-黑,配件,1740.0,2.0,2017-04-05,3480.0,863.04,180.95999999999998,3688.8,楊安琪,Female,38,新北市,金融業和房地產,2017.0,4.0,5.0,2.0,30
ID02082,AC1702143,F024,運動潮流直筒棉褲男童-灰,童裝,2030.0,2.0,2017-04-05,4060.0,714.56,503.44,4303.6,陳志裕,Male,38,宜蘭縣,金融業和房地產,2017.0,4.0,5.0,2.0,30
ID02083,AC1703158,F015,法蘭絨格紋襯衫-紅,女裝,1740.0,2.0,2017-04-05,3480.0,574.2,469.8,3688.8,王聖凱,Male,44,桃園市,住宿和餐飲業,2017.0,4.0,5.0,2.0,40
ID02084,AC1700482,F015,法蘭絨格紋襯衫-紅,女裝,1740.0,2.0,2017-04-05,3480.0,574.2,469.8,3688.8,李逸鑫,Male,43,新北市,住宿和餐飲業,2017.0,4.0,5.0,2.0,40
ID02085,AC1703546,F007,運動潮流連帽外套男裝-灰,男裝,1450.0,3.0,2017-04-05,4350.0,835.2,469.8,4611.0,危毅盛,Male,33,基隆市,其他,2017.0,4.0,5.0,2.0,30
ID02086,AC1701899,F007,運動潮流連帽外套男裝-灰,男裝,1450.0,3.0,2017-04-05,4350.0,835.2,469.8,4611.0,林曉亦,Male,20,宜蘭縣,其他,2017.0,4.0,5.0,2.0,20
ID02087,AC1700522,F007,運動潮流連帽外套男裝-灰,男裝,1450.0,3.0,2017-04-05,4350.0,835.2,469.8,4611.0,程盈瑋,Female,36,新北市,金融業和房地產,2017.0,4.0,5.0,2.0,30
ID02088,AC1700352,F007,運動潮流連帽外套男裝-灰,男裝,1450.0,3.0,2017-04-05,4350.0,835.2,469.8,4611.0,黃志軍,Male,47,新北市,金融業和房地產,2017.0,4.0,5.0,2.0,40
ID02089,AC1700021,F022,短夾-紅,皮件,2900.0,3.0,2017-04-05,8700.0,1983.6,626.4,9222.0,洪以倩,Female,42,臺北市,住宿和餐飲業,2017.0,4.0,5.0,2.0,40
ID02090,AC1701566,F022,短夾-紅,皮件,2900.0,3.0,2017-04-05,8700.0,1983.6,626.4,9222.0,曹鈺婷,Female,23,新北市,其他,2017.0,4.0,5.0,2.0,20
ID02091,AC1703346,F024,運動潮流直筒棉褲男童-灰,童裝,2030.0,3.0,2017-04-05,6090.0,1071.8400000000001,755.16,6455.400000000001,蔡榮弘,Female,34,基隆市,住宿和餐飲業,2017.0,4.0,5.0,2.0,30
ID02092,AC1700927,F022,短夾-紅,皮件,2900.0,3.0,2017-04-05,8700.0,1983.6,626.4,9222.0,李雅惠,Female,38,新北市,其他,2017.0,4.0,5.0,2.0,30
ID02093,AC1701034,F024,運動潮流直筒棉褲男童-灰,童裝,2030.0,1.0,2017-04-05,2030.0,357.28,251.72,2151.8,陳怡如,Female,25,新北市,金融業和房地產,2017.0,4.0,5.0,2.0,20
ID02094,AC1701524,F002,運動潮流直筒棉褲男童-白,童裝,930.0,1.0,2017-04-05,930.0,163.68,115.32,985.8000000000001,林志東,Male,25,宜蘭縣,其他,2017.0,4.0,5.0,2.0,20
ID02095,AC1702811,F003,印圖大學T男裝-藍,男裝,750.0,1.0,2017-04-05,750.0,144.0,81.0,795.0,蔡琪政,Male,50,桃園市,住宿和餐飲業,2017.0,4.0,5.0,2.0,50
ID02096,AC1703306,F003,印圖大學T男裝-藍,男裝,750.0,1.0,2017-04-05,750.0,144.0,81.0,795.0,李聖辰,Male,28,基隆市,住宿和餐飲業,2017.0,4.0,5.0,2.0,20
ID02097,AC1703935,F013,潮感印條連帽外套-男裝,男裝,1740.0,1.0,2017-04-05,1740.0,334.08000000000004,187.92,1844.4,伊柏鈞,Male,54,臺北市,金融業和房地產,2017.0,4.0,5.0,2.0,50
ID02098,AC1702416,F003,印圖大學T男裝-藍,男裝,750.0,1.0,2017-04-05,750.0,144.0,81.0,795.0,李雅婷,Female,48,桃園市,住宿和餐飲業,2017.0,4.0,5.0,2.0,40
ID02099,AC1700353,F013,潮感印條連帽外套-男裝,男裝,1740.0,1.0,2017-04-05,1740.0,334.08000000000004,187.92,1844.4,吳珮如,Female,44,新北市,金融業和房地產,2017.0,4.0,5.0,2.0,40
ID02100,AC1701205,F002,運動潮流直筒棉褲男童-白,童裝,930.0,1.0,2017-04-05,930.0,163.68,115.32,985.8000000000001,蔡佳穎,Male,33,新北市,金融業和房地產,2017.0,4.0,5.0,2.0,30
ID02101,AC1700504,F001,運動潮流連帽外套女裝-白,女裝,1450.0,1.0,2017-04-05,1450.0,239.2500000000001,195.75,1537.0,林婷婷,Female,40,新北市,金融業和房地產,2017.0,4.0,5.0,2.0,40
ID02102,AC1700110,F001,運動潮流連帽外套女裝-白,女裝,1450.0,1.0,2017-04-05,1450.0,239.2500000000001,195.75,1537.0,夏宛真,Female,57,新北市,住宿和餐飲業,2017.0,4.0,5.0,2.0,50
ID02103,AC1702575,F002,運動潮流直筒棉褲男童-白,童裝,930.0,1.0,2017-04-05,930.0,163.68,115.32,985.8000000000001,姜芳瑜,Male,58,桃園市,其他,2017.0,4.0,5.0,2.0,50
ID02104,AC1702192,F016,後背包-藍,配件,890.0,1.0,2017-04-05,890.0,220.72,46.28,943.4000000000001,陳誠全,Male,48,桃園市,住宿和餐飲業,2017.0,4.0,5.0,2.0,40
ID02105,AC1701125,F016,後背包-藍,配件,890.0,1.0,2017-04-05,890.0,220.72,46.28,943.4000000000001,許孟哲,Female,31,新北市,其他,2017.0,4.0,5.0,2.0,30
ID02106,AC1701731,F036,經典美式純POLO-藍,女裝,980.0,1.0,2017-04-05,980.0,161.7,132.3,1038.8,杜培帆,Male,36,宜蘭縣,金融業和房地產,2017.0,4.0,5.0,2.0,30
ID02107,AC1700162,F016,後背包-藍,配件,890.0,1.0,2017-04-05,890.0,220.72,46.28,943.4000000000001,吳宜婷,Female,52,新北市,金融業和房地產,2017.0,4.0,5.0,2.0,50
ID02108,AC1701829,F016,後背包-藍,配件,890.0,1.0,2017-04-05,890.0,220.72,46.28,943.4000000000001,吳佩祥,Male,25,宜蘭縣,其他,2017.0,4.0,5.0,2.0,20
ID02109,AC1700093,F016,後背包-藍,配件,890.0,1.0,2017-04-05,890.0,220.72,46.28,943.4000000000001,楊宏偉,Male,44,新北市,金融業和房地產,2017.0,4.0,5.0,2.0,40
ID02110,AC1701328,F010,中夾-紅,皮件,2610.0,1.0,2017-04-05,2610.0,595.0800000000003,187.92,2766.6000000000004,鄭怡璇,Female,37,新北市,金融業和房地產,2017.0,4.0,5.0,2.0,30
ID02111,AC1700860,F024,運動潮流直筒棉褲男童-灰,童裝,2030.0,1.0,2017-04-05,2030.0,357.28,251.72,2151.8,李星良,Male,36,新北市,其他,2017.0,4.0,5.0,2.0,30
ID02112,AC1700862,F020,萬用包-黑,皮件,2900.0,1.0,2017-04-05,2900.0,661.2000000000003,208.79999999999998,3074.0,吳昌邦,Male,31,新北市,金融業和房地產,2017.0,4.0,5.0,2.0,30
ID02113,AC1703708,F025,雙向層架式書桌-咖,家俱,2900.0,1.0,2017-04-05,2900.0,435.0000000000002,435.0,3074.0,胡冠儒,Male,47,基隆市,住宿和餐飲業,2017.0,4.0,5.0,2.0,40
ID02114,AC1701857,F017,大學T男裝-灰,男裝,1200.0,2.0,2017-04-05,2400.0,460.8,259.2,2544.0,林淑娟,Female,42,新北市,金融業和房地產,2017.0,4.0,5.0,2.0,40
ID02115,AC1702508,F024,運動潮流直筒棉褲男童-灰,童裝,2030.0,1.0,2017-04-05,2030.0,357.28,251.72,2151.8,陳智秋,Female,59,桃園市,其他,2017.0,4.0,5.0,2.0,50
ID02116,AC1703746,F025,雙向層架式書桌-咖,家俱,2900.0,1.0,2017-04-05,2900.0,435.0000000000002,435.0,3074.0,李馨堯,Female,31,基隆市,金融業和房地產,2017.0,4.0,5.0,2.0,30
ID02117,AC1700078,F025,雙向層架式書桌-咖,家俱,2900.0,1.0,2017-04-05,2900.0,435.0000000000002,435.0,3074.0,蔡雅誠,Male,49,基隆市,住宿和餐飲業,2017.0,4.0,5.0,2.0,40
ID02118,AC1702681,F014,大化妝包-黑,配件,1740.0,2.0,2017-04-05,3480.0,863.04,180.95999999999998,3688.8,趙俞強,Male,60,桃園市,住宿和餐飲業,2017.0,4.0,5.0,2.0,60
ID02119,AC1702254,F014,大化妝包-黑,配件,1740.0,2.0,2017-04-05,3480.0,863.04,180.95999999999998,3688.8,方玉年,Male,60,桃園市,金融業和房地產,2017.0,4.0,5.0,2.0,60
ID02120,AC1701426,F012,托特包-白,配件,1740.0,2.0,2017-04-05,3480.0,863.04,180.95999999999998,3688.8,王紫威,Female,33,新北市,金融業和房地產,2017.0,4.0,5.0,2.0,30
ID02121,AC1701913,F009,大化妝包-深藍,配件,2100.0,2.0,2017-04-05,4200.0,1041.6,218.39999999999998,4452.0,黎俊吉,Male,28,宜蘭縣,金融業和房地產,2017.0,4.0,5.0,2.0,20
ID02122,AC1702863,F036,經典美式純POLO-藍,女裝,980.0,2.0,2017-04-05,1960.0,323.4,264.6,2077.6,陳欣善,Female,60,桃園市,其他,2017.0,4.0,5.0,2.0,60
ID02123,AC1701789,F015,法蘭絨格紋襯衫-紅,女裝,1740.0,2.0,2017-04-05,3480.0,574.2,469.8,3688.8,陳昭帆,Female,22,新北市,住宿和餐飲業,2017.0,4.0,5.0,2.0,20
ID02124,AC1702975,F014,大化妝包-黑,配件,1740.0,2.0,2017-04-05,3480.0,863.04,180.95999999999998,3688.8,劉向蘭,Male,54,桃園市,住宿和餐飲業,2017.0,4.0,5.0,2.0,50
ID02125,AC1702365,F014,大化妝包-黑,配件,1740.0,2.0,2017-04-05,3480.0,863.04,180.95999999999998,3688.8,林家豪,Male,22,桃園市,住宿和餐飲業,2017.0,4.0,5.0,2.0,20
ID02126,AC1701751,F024,運動潮流直筒棉褲男童-灰,童裝,2030.0,2.0,2017-04-05,4060.0,714.56,503.44,4303.6,夏昌虹,Female,37,宜蘭縣,金融業和房地產,2017.0,4.0,5.0,2.0,30
ID02127,AC1700975,F015,法蘭絨格紋襯衫-紅,女裝,1740.0,2.0,2017-04-05,3480.0,574.2,469.8,3688.8,林子湖,Female,24,新北市,其他,2017.0,4.0,5.0,2.0,20
ID02128,AC1703175,F015,法蘭絨格紋襯衫-紅,女裝,1740.0,2.0,2017-04-05,3480.0,574.2,469.8,3688.8,劉心怡,Female,54,桃園市,其他,2017.0,4.0,5.0,2.0,50
ID02129,AC1703343,F007,運動潮流連帽外套男裝-灰,男裝,1450.0,3.0,2017-04-05,4350.0,835.2,469.8,4611.0,張政峰,Female,36,基隆市,金融業和房地產,2017.0,4.0,5.0,2.0,30
ID02130,AC1700641,F007,運動潮流連帽外套男裝-灰,男裝,1450.0,3.0,2017-04-05,4350.0,835.2,469.8,4611.0,王昆霖,Male,40,新北市,住宿和餐飲業,2017.0,4.0,5.0,2.0,40
ID02131,AC1702091,F007,運動潮流連帽外套男裝-灰,男裝,1450.0,3.0,2017-04-05,4350.0,835.2,469.8,4611.0,喬春忠,Male,37,宜蘭縣,金融業和房地產,2017.0,4.0,5.0,2.0,30
ID02132,AC1701788,F007,運動潮流連帽外套男裝-灰,男裝,1450.0,3.0,2017-04-05,4350.0,835.2,469.8,4611.0,戴曉蓁,Female,36,新北市,金融業和房地產,2017.0,4.0,5.0,2.0,30
ID02133,AC1701484,F022,短夾-紅,皮件,2900.0,3.0,2017-04-05,8700.0,1983.6,626.4,9222.0,張惠敏,Female,39,新北市,其他,2017.0,4.0,5.0,2.0,30
ID02134,AC1701625,F022,短夾-紅,皮件,2900.0,3.0,2017-04-05,8700.0,1983.6,626.4,9222.0,李哲嘉,Male,37,宜蘭縣,其他,2017.0,4.0,5.0,2.0,30
ID02135,AC1702686,F024,運動潮流直筒棉褲男童-灰,童裝,2030.0,3.0,2017-04-05,6090.0,1071.8400000000001,755.16,6455.400000000001,方寶瑩,Female,49,桃園市,其他,2017.0,4.0,5.0,2.0,40
ID02136,AC1702713,F022,短夾-紅,皮件,2900.0,3.0,2017-04-05,8700.0,1983.6,626.4,9222.0,陳承穎,Male,51,桃園市,住宿和餐飲業,2017.0,4.0,5.0,2.0,50
ID02137,AC1700771,F024,運動潮流直筒棉褲男童-灰,童裝,2030.0,1.0,2017-04-05,2030.0,357.28,251.72,2151.8,張宜明,Female,30,新北市,住宿和餐飲業,2017.0,4.0,5.0,2.0,30
ID02138,AC1702592,F002,運動潮流直筒棉褲男童-白,童裝,930.0,1.0,2017-04-05,930.0,163.68,115.32,985.8000000000001,王明貞,Male,48,桃園市,住宿和餐飲業,2017.0,4.0,5.0,2.0,40
ID02139,AC1703877,F003,印圖大學T男裝-藍,男裝,750.0,1.0,2017-04-05,750.0,144.0,81.0,795.0,傅瓊麟,Male,56,臺北市,金融業和房地產,2017.0,4.0,5.0,2.0,50
ID02140,AC1701229,F003,印圖大學T男裝-藍,男裝,750.0,1.0,2017-04-05,750.0,144.0,81.0,795.0,謝學青,Female,33,新北市,金融業和房地產,2017.0,4.0,5.0,2.0,30
ID02141,AC1702159,F013,潮感印條連帽外套-男裝,男裝,1740.0,1.0,2017-04-05,1740.0,334.08000000000004,187.92,1844.4,蔡培斌,Male,28,宜蘭縣,住宿和餐飲業,2017.0,4.0,5.0,2.0,20
ID02142,AC1700112,F003,印圖大學T男裝-藍,男裝,750.0,1.0,2017-04-05,750.0,144.0,81.0,795.0,楊依婷,Female,46,新北市,金融業和房地產,2017.0,4.0,5.0,2.0,40
ID02143,AC1700338,F013,潮感印條連帽外套-男裝,男裝,1740.0,1.0,2017-04-05,1740.0,334.08000000000004,187.92,1844.4,宋為書,Female,51,新北市,金融業和房地產,2017.0,4.0,5.0,2.0,50
ID02144,AC1701450,F002,運動潮流直筒棉褲男童-白,童裝,930.0,1.0,2017-04-05,930.0,163.68,115.32,985.8000000000001,謝俊宏,Male,30,宜蘭縣,金融業和房地產,2017.0,4.0,5.0,2.0,30
ID02145,AC1702504,F001,運動潮流連帽外套女裝-白,女裝,1450.0,1.0,2017-04-05,1450.0,239.2500000000001,195.75,1537.0,杜俊德,Male,47,桃園市,其他,2017.0,4.0,5.0,2.0,40
ID02146,AC1702280,F001,運動潮流連帽外套女裝-白,女裝,1450.0,1.0,2017-04-05,1450.0,239.2500000000001,195.75,1537.0,楊秀珍,Male,42,桃園市,住宿和餐飲業,2017.0,4.0,5.0,2.0,40
ID02147,AC1702187,F002,運動潮流直筒棉褲男童-白,童裝,930.0,1.0,2017-04-05,930.0,163.68,115.32,985.8000000000001,黃韻如,Female,55,桃園市,金融業和房地產,2017.0,4.0,5.0,2.0,50
ID02148,AC1702571,F016,後背包-藍,配件,890.0,1.0,2017-04-05,890.0,220.72,46.28,943.4000000000001,王姿岳,Male,44,桃園市,住宿和餐飲業,2017.0,4.0,5.0,2.0,40
ID02149,AC1703902,F016,後背包-藍,配件,890.0,1.0,2017-04-05,890.0,220.72,46.28,943.4000000000001,馬以年,Female,33,臺北市,住宿和餐飲業,2017.0,4.0,5.0,2.0,30
ID02150,AC1701942,F036,經典美式純POLO-藍,女裝,980.0,1.0,2017-04-05,980.0,161.7,132.3,1038.8,吳雅忠,Female,49,新北市,金融業和房地產,2017.0,4.0,5.0,2.0,40
ID02151,AC1703954,F016,後背包-藍,配件,890.0,1.0,2017-04-05,890.0,220.72,46.28,943.4000000000001,邱漢玲,Female,42,臺北市,其他,2017.0,4.0,5.0,2.0,40
ID02152,AC1700488,F016,後背包-藍,配件,890.0,1.0,2017-04-05,890.0,220.72,46.28,943.4000000000001,林軍麟,Male,29,新北市,金融業和房地產,2017.0,4.0,5.0,2.0,20
ID02153,AC1702261,F016,後背包-藍,配件,890.0,1.0,2017-04-05,890.0,220.72,46.28,943.4000000000001,陳志義,Male,52,桃園市,金融業和房地產,2017.0,4.0,5.0,2.0,50
ID02154,AC1700981,F010,中夾-紅,皮件,2610.0,1.0,2017-04-05,2610.0,595.0800000000003,187.92,2766.6000000000004,周博蘋,Female,31,新北市,金融業和房地產,2017.0,4.0,5.0,2.0,30
ID02155,AC1702440,F024,運動潮流直筒棉褲男童-灰,童裝,2030.0,1.0,2017-04-05,2030.0,357.28,251.72,2151.8,陳婉瑜,Female,43,桃園市,住宿和餐飲業,2017.0,4.0,5.0,2.0,40
ID02156,AC1701766,F020,萬用包-黑,皮件,2900.0,1.0,2017-04-05,2900.0,661.2000000000003,208.79999999999998,3074.0,陳郁富,Female,30,新北市,其他,2017.0,4.0,5.0,2.0,30
ID02157,AC1701165,F025,雙向層架式書桌-咖,家俱,2900.0,1.0,2017-04-05,2900.0,435.0000000000002,435.0,3074.0,張淑芬,Female,28,新北市,金融業和房地產,2017.0,4.0,5.0,2.0,20
ID02158,AC1702522,F017,大學T男裝-灰,男裝,1200.0,2.0,2017-04-05,2400.0,460.8,259.2,2544.0,潘昱琬,Female,45,桃園市,其他,2017.0,4.0,5.0,2.0,40
ID02159,AC1700846,F024,運動潮流直筒棉褲男童-灰,童裝,2030.0,1.0,2017-04-05,2030.0,357.28,251.72,2151.8,劉怡潔,Male,38,新北市,金融業和房地產,2017.0,4.0,5.0,2.0,30
ID02160,AC1701241,F025,雙向層架式書桌-咖,家俱,2900.0,1.0,2017-04-05,2900.0,435.0000000000002,435.0,3074.0,張惠文,Male,32,新北市,金融業和房地產,2017.0,4.0,5.0,2.0,30
ID02161,AC1702922,F025,雙向層架式書桌-咖,家俱,2900.0,1.0,2017-04-05,2900.0,435.0000000000002,435.0,3074.0,林素喜,Female,53,桃園市,住宿和餐飲業,2017.0,4.0,5.0,2.0,50
ID02162,AC1701302,F014,大化妝包-黑,配件,1740.0,2.0,2017-04-05,3480.0,863.04,180.95999999999998,3688.8,李勳侑,Male,38,宜蘭縣,金融業和房地產,2017.0,4.0,5.0,2.0,30
ID02163,AC1701978,F014,大化妝包-黑,配件,1740.0,2.0,2017-04-05,3480.0,863.04,180.95999999999998,3688.8,何俊毅,Female,25,新北市,其他,2017.0,4.0,5.0,2.0,20
ID02164,AC1704005,F012,托特包-白,配件,1740.0,2.0,2017-04-05,3480.0,863.04,180.95999999999998,3688.8,林育容,Female,52,臺北市,教育體育文化,2017.0,4.0,5.0,2.0,50
ID02165,AC1701433,F009,大化妝包-深藍,配件,2100.0,2.0,2017-04-05,4200.0,1041.6,218.39999999999998,4452.0,施健娥,Female,35,新北市,金融業和房地產,2017.0,4.0,5.0,2.0,30
ID02166,AC1700195,F036,經典美式純POLO-藍,女裝,980.0,2.0,2017-04-05,1960.0,323.4,264.6,2077.6,賴合恩,Male,57,臺北市,金融業和房地產,2017.0,4.0,5.0,2.0,50
ID02167,AC1703204,F015,法蘭絨格紋襯衫-紅,女裝,1740.0,2.0,2017-04-05,3480.0,574.2,469.8,3688.8,傅雅鈴,Female,56,桃園市,住宿和餐飲業,2017.0,4.0,5.0,2.0,50
ID02168,AC1700648,F014,大化妝包-黑,配件,1740.0,2.0,2017-04-05,3480.0,863.04,180.95999999999998,3688.8,李育劭,Male,41,新北市,金融業和房地產,2017.0,4.0,5.0,2.0,40
ID02169,AC1701383,F014,大化妝包-黑,配件,1740.0,2.0,2017-04-05,3480.0,863.04,180.95999999999998,3688.8,黃志豪,Male,35,宜蘭縣,金融業和房地產,2017.0,4.0,5.0,2.0,30
ID02170,AC1700587,F024,運動潮流直筒棉褲男童-灰,童裝,2030.0,2.0,2017-04-05,4060.0,714.56,503.44,4303.6,辛白秀,Male,28,新北市,金融業和房地產,2017.0,4.0,5.0,2.0,20
ID02171,AC1703240,F015,法蘭絨格紋襯衫-紅,女裝,1740.0,2.0,2017-04-05,3480.0,574.2,469.8,3688.8,鄭子漢,Female,44,桃園市,教育體育文化,2017.0,4.0,5.0,2.0,40
ID02172,AC1700618,F015,法蘭絨格紋襯衫-紅,女裝,1740.0,2.0,2017-04-05,3480.0,574.2,469.8,3688.8,林家弘,Male,39,新北市,住宿和餐飲業,2017.0,4.0,5.0,2.0,30
ID02173,AC1700136,F007,運動潮流連帽外套男裝-灰,男裝,1450.0,3.0,2017-04-05,4350.0,835.2,469.8,4611.0,宗志銘,Male,49,基隆市,農林漁牧業,2017.0,4.0,5.0,2.0,40
ID02174,AC1700579,F007,運動潮流連帽外套男裝-灰,男裝,1450.0,3.0,2017-04-05,4350.0,835.2,469.8,4611.0,黃旭偉,Male,34,新北市,住宿和餐飲業,2017.0,4.0,5.0,2.0,30
ID02175,AC1700821,F007,運動潮流連帽外套男裝-灰,男裝,1450.0,3.0,2017-04-05,4350.0,835.2,469.8,4611.0,涂坤洋,Male,36,新北市,金融業和房地產,2017.0,4.0,5.0,2.0,30
ID02176,AC1700917,F007,運動潮流連帽外套男裝-灰,男裝,1450.0,3.0,2017-04-05,4350.0,835.2,469.8,4611.0,賴思紋,Male,27,新北市,住宿和餐飲業,2017.0,4.0,5.0,2.0,20
ID02177,AC1703492,F022,短夾-紅,皮件,2900.0,3.0,2017-04-05,8700.0,1983.6,626.4,9222.0,張維月,Female,44,基隆市,住宿和餐飲業,2017.0,4.0,5.0,2.0,40
ID02178,AC1700988,F022,短夾-紅,皮件,2900.0,3.0,2017-04-05,8700.0,1983.6,626.4,9222.0,陳盈忠,Male,37,新北市,其他,2017.0,4.0,5.0,2.0,30
ID02179,AC1703122,F024,運動潮流直筒棉褲男童-灰,童裝,2030.0,3.0,2017-04-05,6090.0,1071.8400000000001,755.16,6455.400000000001,鄭巧貞,Male,37,桃園市,其他,2017.0,4.0,5.0,2.0,30
ID02180,AC1701656,F022,短夾-紅,皮件,2900.0,3.0,2017-04-05,8700.0,1983.6,626.4,9222.0,勞岳翰,Male,38,宜蘭縣,金融業和房地產,2017.0,4.0,5.0,2.0,30
ID02181,AC1702453,F033,高機能伸縮衣架-黑,家俱,600.0,1.0,2017-05-08,600.0,90.0,90.0,636.0,方婷邦,Male,48,桃園市,住宿和餐飲業,2017.0,5.0,8.0,2.0,40
ID02182,AC1702291,F003,印圖大學T男裝-藍,男裝,750.0,1.0,2017-05-08,750.0,144.0,81.0,795.0,吳宗琳,Female,50,桃園市,其他,2017.0,5.0,8.0,2.0,50
ID02183,AC1703957,F013,潮感印條連帽外套-男裝,男裝,1740.0,1.0,2017-05-08,1740.0,334.08000000000004,187.92,1844.4,張函霞,Female,48,臺北市,其他,2017.0,5.0,8.0,2.0,40
ID02184,AC1702326,F001,運動潮流連帽外套女裝-白,女裝,1450.0,1.0,2017-05-08,1450.0,239.2500000000001,195.75,1537.0,張雅君,Male,53,桃園市,住宿和餐飲業,2017.0,5.0,8.0,2.0,50
ID02185,AC1703222,F001,運動潮流連帽外套女裝-白,女裝,1450.0,1.0,2017-05-08,1450.0,239.2500000000001,195.75,1537.0,林佩君,Female,53,桃園市,教育體育文化,2017.0,5.0,8.0,2.0,50
ID02186,AC1700288,F001,運動潮流連帽外套女裝-白,女裝,1450.0,1.0,2017-05-08,1450.0,239.2500000000001,195.75,1537.0,張順嬌,Female,50,新北市,住宿和餐飲業,2017.0,5.0,8.0,2.0,50
ID02187,AC1703940,F024,運動潮流直筒棉褲男童-灰,童裝,2030.0,1.0,2017-04-05,2030.0,357.28,251.72,2151.8,林美麗,Female,51,臺北市,住宿和餐飲業,2017.0,4.0,5.0,2.0,50
ID02188,AC1703072,F004,大化妝包-桃粉,配件,1600.0,1.0,2017-05-08,1600.0,396.8,83.2,1696.0,林士容,Male,43,桃園市,住宿和餐飲業,2017.0,5.0,8.0,2.0,40
ID02189,AC1703923,F038,經典美式純POLO-黑,女裝,980.0,1.0,2017-05-08,980.0,161.7,132.3,1038.8,吳冰鴻,Female,52,臺北市,金融業和房地產,2017.0,5.0,8.0,2.0,50
ID02190,AC1700065,F038,經典美式純POLO-黑,女裝,980.0,1.0,2017-05-08,980.0,161.7,132.3,1038.8,蔣舜昀,Male,52,基隆市,金融業和房地產,2017.0,5.0,8.0,2.0,50
ID02191,AC1701983,F008,法蘭絨格紋襯衫-黑,女裝,1800.0,1.0,2017-05-08,1800.0,297.0,243.00000000000003,1908.0,黃佩琪,Female,36,新北市,金融業和房地產,2017.0,5.0,8.0,2.0,30
ID02192,AC1702259,F004,大化妝包-桃粉,配件,1600.0,1.0,2017-05-08,1600.0,396.8,83.2,1696.0,季雅文,Male,43,桃園市,其他,2017.0,5.0,8.0,2.0,40
ID02193,AC1702829,F008,法蘭絨格紋襯衫-黑,女裝,1800.0,1.0,2017-05-08,1800.0,297.0,243.00000000000003,1908.0,高邦佩,Female,44,桃園市,其他,2017.0,5.0,8.0,2.0,40
ID02194,AC1702829,F008,法蘭絨格紋襯衫-黑,女裝,1800.0,1.0,2017-05-08,1800.0,297.0,243.00000000000003,1908.0,高邦佩,Female,44,桃園市,其他,2017.0,5.0,8.0,2.0,40
ID02195,AC1703948,F004,大化妝包-桃粉,配件,1600.0,1.0,2017-05-08,1600.0,396.8,83.2,1696.0,施富龍,Male,60,臺北市,其他,2017.0,5.0,8.0,2.0,60
ID02196,AC1702771,F004,大化妝包-桃粉,配件,1600.0,1.0,2017-05-08,1600.0,396.8,83.2,1696.0,黃建緯,Female,47,桃園市,金融業和房地產,2017.0,5.0,8.0,2.0,40
ID02197,AC1702877,F002,運動潮流直筒棉褲男童-白,童裝,930.0,1.0,2017-04-05,930.0,163.68,115.32,985.8000000000001,王俊維,Male,43,桃園市,其他,2017.0,4.0,5.0,2.0,40
ID02198,AC1703382,F002,運動潮流直筒棉褲男童-白,童裝,930.0,1.0,2017-04-05,930.0,163.68,115.32,985.8000000000001,蔡文傑,Female,34,基隆市,金融業和房地產,2017.0,4.0,5.0,2.0,30
ID02199,AC1701231,F002,運動潮流直筒棉褲男童-白,童裝,930.0,1.0,2017-04-05,930.0,163.68,115.32,985.8000000000001,蔡苡琴,Male,28,新北市,金融業和房地產,2017.0,4.0,5.0,2.0,20
ID02200,AC1703635,F010,中夾-紅,皮件,2610.0,1.0,2017-04-05,2610.0,595.0800000000003,187.92,2766.6000000000004,宋凱忠,Female,31,基隆市,其他,2017.0,4.0,5.0,2.0,30
ID02201,AC1700028,F024,運動潮流直筒棉褲男童-灰,童裝,2030.0,1.0,2017-04-05,2030.0,357.28,251.72,2151.8,顏漢學,Male,52,臺北市,其他,2017.0,4.0,5.0,2.0,50
ID02202,AC1700547,F025,雙向層架式書桌-咖,家俱,2900.0,1.0,2017-04-05,2900.0,435.0000000000002,435.0,3074.0,謝雅婷,Female,33,新北市,金融業和房地產,2017.0,4.0,5.0,2.0,30
ID02203,AC1703720,F017,大學T男裝-灰,男裝,1200.0,2.0,2017-04-05,2400.0,460.8,259.2,2544.0,陳信玟,Male,34,基隆市,金融業和房地產,2017.0,4.0,5.0,2.0,30
ID02204,AC1701166,F024,運動潮流直筒棉褲男童-灰,童裝,2030.0,1.0,2017-04-05,2030.0,357.28,251.72,2151.8,林明書,Female,36,新北市,住宿和餐飲業,2017.0,4.0,5.0,2.0,30
ID02205,AC1701555,F009,大化妝包-深藍,配件,2100.0,2.0,2017-05-08,4200.0,1041.6,218.39999999999998,4452.0,黃淑芸,Female,28,宜蘭縣,金融業和房地產,2017.0,5.0,8.0,2.0,20
ID02206,AC1703377,F009,大化妝包-深藍,配件,2100.0,2.0,2017-05-08,4200.0,1041.6,218.39999999999998,4452.0,潘雅晴,Female,34,基隆市,住宿和餐飲業,2017.0,5.0,8.0,2.0,30
ID02207,AC1700626,F009,大化妝包-深藍,配件,2100.0,2.0,2017-05-08,4200.0,1041.6,218.39999999999998,4452.0,毛志偉,Male,40,新北市,其他,2017.0,5.0,8.0,2.0,40
ID02208,AC1700377,F009,大化妝包-深藍,配件,2100.0,2.0,2017-05-08,4200.0,1041.6,218.39999999999998,4452.0,張良仲,Female,66,新北市,金融業和房地產,2017.0,5.0,8.0,2.0,60
ID02209,AC1701437,F009,大化妝包-深藍,配件,2100.0,2.0,2017-05-08,4200.0,1041.6,218.39999999999998,4452.0,吳志廷,Male,20,宜蘭縣,其他,2017.0,5.0,8.0,2.0,20
ID02210,AC1700689,F009,大化妝包-深藍,配件,2100.0,2.0,2017-05-08,4200.0,1041.6,218.39999999999998,4452.0,楊彥璋,Male,31,新北市,金融業和房地產,2017.0,5.0,8.0,2.0,30
ID02211,AC1701293,F009,大化妝包-深藍,配件,2100.0,2.0,2017-05-08,4200.0,1041.6,218.39999999999998,4452.0,詹俊男,Male,31,宜蘭縣,金融業和房地產,2017.0,5.0,8.0,2.0,30
ID02212,AC1700333,F009,大化妝包-深藍,配件,2100.0,2.0,2017-05-08,4200.0,1041.6,218.39999999999998,4452.0,林宜琦,Female,60,新北市,金融業和房地產,2017.0,5.0,8.0,2.0,60
ID02213,AC1703936,F033,高機能伸縮衣架-黑,家俱,600.0,1.0,2017-05-08,600.0,90.0,90.0,636.0,李怡君,Male,63,臺北市,金融業和房地產,2017.0,5.0,8.0,2.0,60
ID02214,AC1701000,F003,印圖大學T男裝-藍,男裝,750.0,1.0,2017-05-08,750.0,144.0,81.0,795.0,嵇宛玟,Female,41,新北市,住宿和餐飲業,2017.0,5.0,8.0,2.0,40
ID02215,AC1700382,F013,潮感印條連帽外套-男裝,男裝,1740.0,1.0,2017-05-08,1740.0,334.08000000000004,187.92,1844.4,楊雅玉,Female,54,新北市,金融業和房地產,2017.0,5.0,8.0,2.0,50
ID02216,AC1700320,F001,運動潮流連帽外套女裝-白,女裝,1450.0,1.0,2017-05-08,1450.0,239.2500000000001,195.75,1537.0,陸琪宇,Male,50,新北市,金融業和房地產,2017.0,5.0,8.0,2.0,50
ID02217,AC1703997,F001,運動潮流連帽外套女裝-白,女裝,1450.0,1.0,2017-05-08,1450.0,239.2500000000001,195.75,1537.0,簡于真,Female,54,臺北市,教育體育文化,2017.0,5.0,8.0,2.0,50
ID02218,AC1701260,F001,運動潮流連帽外套女裝-白,女裝,1450.0,1.0,2017-05-08,1450.0,239.2500000000001,195.75,1537.0,郭奇淑,Male,34,新北市,金融業和房地產,2017.0,5.0,8.0,2.0,30
ID02219,AC1703354,F025,雙向層架式書桌-咖,家俱,2900.0,1.0,2017-04-05,2900.0,435.0000000000002,435.0,3074.0,朱淑媛,Female,36,基隆市,金融業和房地產,2017.0,4.0,5.0,2.0,30
ID02220,AC1703129,F004,大化妝包-桃粉,配件,1600.0,1.0,2017-05-08,1600.0,396.8,83.2,1696.0,黃乃寧,Female,51,桃園市,其他,2017.0,5.0,8.0,2.0,50
ID02221,AC1701404,F038,經典美式純POLO-黑,女裝,980.0,1.0,2017-05-08,980.0,161.7,132.3,1038.8,陳枝蘭,Female,38,宜蘭縣,住宿和餐飲業,2017.0,5.0,8.0,2.0,30
ID02222,AC1702501,F038,經典美式純POLO-黑,女裝,980.0,1.0,2017-05-08,980.0,161.7,132.3,1038.8,鄭菁卉,Male,52,桃園市,住宿和餐飲業,2017.0,5.0,8.0,2.0,50
ID02223,AC1702211,F008,法蘭絨格紋襯衫-黑,女裝,1800.0,1.0,2017-05-08,1800.0,297.0,243.00000000000003,1908.0,林宏隆,Female,48,桃園市,其他,2017.0,5.0,8.0,2.0,40
ID02224,AC1703406,F004,大化妝包-桃粉,配件,1600.0,1.0,2017-05-08,1600.0,396.8,83.2,1696.0,張天憲,Male,41,基隆市,金融業和房地產,2017.0,5.0,8.0,2.0,40
ID02225,AC1701386,F008,法蘭絨格紋襯衫-黑,女裝,1800.0,1.0,2017-05-08,1800.0,297.0,243.00000000000003,1908.0,唐舜光,Male,34,宜蘭縣,金融業和房地產,2017.0,5.0,8.0,2.0,30
ID02226,AC1701850,F008,法蘭絨格紋襯衫-黑,女裝,1800.0,1.0,2017-05-08,1800.0,297.0,243.00000000000003,1908.0,張薇旭,Female,24,新北市,金融業和房地產,2017.0,5.0,8.0,2.0,20
ID02227,AC1701585,F004,大化妝包-桃粉,配件,1600.0,1.0,2017-05-08,1600.0,396.8,83.2,1696.0,李昆利,Female,32,新北市,金融業和房地產,2017.0,5.0,8.0,2.0,30
ID02228,AC1701590,F004,大化妝包-桃粉,配件,1600.0,1.0,2017-05-08,1600.0,396.8,83.2,1696.0,周淑君,Female,30,宜蘭縣,金融業和房地產,2017.0,5.0,8.0,2.0,30
ID02229,AC1701792,F025,雙向層架式書桌-咖,家俱,2900.0,1.0,2017-04-05,2900.0,435.0000000000002,435.0,3074.0,盧孟涵,Female,45,新北市,其他,2017.0,4.0,5.0,2.0,40
ID02230,AC1702455,F015,法蘭絨格紋襯衫-紅,女裝,1740.0,2.0,2017-04-05,3480.0,574.2,469.8,3688.8,施庭南,Female,51,桃園市,住宿和餐飲業,2017.0,4.0,5.0,2.0,50
ID02231,AC1702413,F024,運動潮流直筒棉褲男童-灰,童裝,2030.0,2.0,2017-04-05,4060.0,714.56,503.44,4303.6,吳靖雯,Female,52,桃園市,住宿和餐飲業,2017.0,4.0,5.0,2.0,50
ID02232,AC1700814,F015,法蘭絨格紋襯衫-紅,女裝,1740.0,2.0,2017-04-05,3480.0,574.2,469.8,3688.8,李婉瑜,Female,40,新北市,教育體育文化,2017.0,4.0,5.0,2.0,40
ID02233,AC1702916,F015,法蘭絨格紋襯衫-紅,女裝,1740.0,2.0,2017-04-05,3480.0,574.2,469.8,3688.8,柳智翔,Male,64,桃園市,住宿和餐飲業,2017.0,4.0,5.0,2.0,60
ID02234,AC1701377,F024,運動潮流直筒棉褲男童-灰,童裝,2030.0,3.0,2017-04-05,6090.0,1071.8400000000001,755.16,6455.400000000001,吳庭函,Male,35,宜蘭縣,金融業和房地產,2017.0,4.0,5.0,2.0,30
ID02235,AC1703977,F041,三層樓梯椅-黑,家俱,820.0,1.0,2017-05-08,820.0,123.0,123.0,869.2,楊家瑋,Male,43,臺北市,住宿和餐飲業,2017.0,5.0,8.0,2.0,40
ID02236,AC1703052,F010,中夾-紅,皮件,2610.0,1.0,2017-05-08,2610.0,595.0800000000003,187.92,2766.6000000000004,黃維倫,Male,50,桃園市,其他,2017.0,5.0,8.0,2.0,50
ID02237,AC1700749,F009,大化妝包-深藍,配件,2100.0,2.0,2017-05-08,4200.0,1041.6,218.39999999999998,4452.0,袁漢軒,Male,28,新北市,住宿和餐飲業,2017.0,5.0,8.0,2.0,20
ID02238,AC1703481,F009,大化妝包-深藍,配件,2100.0,2.0,2017-05-08,4200.0,1041.6,218.39999999999998,4452.0,蔡佩穎,Female,35,基隆市,金融業和房地產,2017.0,5.0,8.0,2.0,30
ID02239,AC1703625,F009,大化妝包-深藍,配件,2100.0,2.0,2017-05-08,4200.0,1041.6,218.39999999999998,4452.0,趙廷利,Female,38,基隆市,金融業和房地產,2017.0,5.0,8.0,2.0,30
ID02240,AC1702134,F009,大化妝包-深藍,配件,2100.0,2.0,2017-05-08,4200.0,1041.6,218.39999999999998,4452.0,鐘文彬,Male,46,宜蘭縣,金融業和房地產,2017.0,5.0,8.0,2.0,40
ID02241,AC1702678,F009,大化妝包-深藍,配件,2100.0,2.0,2017-05-08,4200.0,1041.6,218.39999999999998,4452.0,楊佳妃,Male,41,桃園市,住宿和餐飲業,2017.0,5.0,8.0,2.0,40
ID02242,AC1703418,F009,大化妝包-深藍,配件,2100.0,2.0,2017-05-08,4200.0,1041.6,218.39999999999998,4452.0,劉文淳,Male,36,基隆市,住宿和餐飲業,2017.0,5.0,8.0,2.0,30
ID02243,AC1701353,F009,大化妝包-深藍,配件,2100.0,2.0,2017-05-08,4200.0,1041.6,218.39999999999998,4452.0,趙予旺,Male,38,宜蘭縣,住宿和餐飲業,2017.0,5.0,8.0,2.0,30
ID02244,AC1700097,F009,大化妝包-深藍,配件,2100.0,2.0,2017-05-08,4200.0,1041.6,218.39999999999998,4452.0,陳紫丞,Male,61,新北市,金融業和房地產,2017.0,5.0,8.0,2.0,60
ID02245,AC1703870,F033,高機能伸縮衣架-黑,家俱,600.0,1.0,2017-05-08,600.0,90.0,90.0,636.0,林枝奇,Female,46,臺北市,其他,2017.0,5.0,8.0,2.0,40
ID02246,AC1702337,F003,印圖大學T男裝-藍,男裝,750.0,1.0,2017-05-08,750.0,144.0,81.0,795.0,陳淑易,Female,61,桃園市,其他,2017.0,5.0,8.0,2.0,60
ID02247,AC1703233,F013,潮感印條連帽外套-男裝,男裝,1740.0,1.0,2017-05-08,1740.0,334.08000000000004,187.92,1844.4,李致彬,Female,43,桃園市,其他,2017.0,5.0,8.0,2.0,40
ID02248,AC1701840,F001,運動潮流連帽外套女裝-白,女裝,1450.0,1.0,2017-05-08,1450.0,239.2500000000001,195.75,1537.0,許雅婷,Female,34,新北市,金融業和房地產,2017.0,5.0,8.0,2.0,30
ID02249,AC1701592,F001,運動潮流連帽外套女裝-白,女裝,1450.0,1.0,2017-05-08,1450.0,239.2500000000001,195.75,1537.0,吳淳禾,Female,27,新北市,金融業和房地產,2017.0,5.0,8.0,2.0,20
ID02250,AC1702098,F001,運動潮流連帽外套女裝-白,女裝,1450.0,1.0,2017-05-08,1450.0,239.2500000000001,195.75,1537.0,蔡明凱,Male,37,宜蘭縣,金融業和房地產,2017.0,5.0,8.0,2.0,30
ID02251,AC1700524,F010,中夾-紅,皮件,2610.0,1.0,2017-05-08,2610.0,595.0800000000003,187.92,2766.6000000000004,陳冠堯,Male,51,新北市,金融業和房地產,2017.0,5.0,8.0,2.0,50
ID02252,AC1702182,F004,大化妝包-桃粉,配件,1600.0,1.0,2017-05-08,1600.0,396.8,83.2,1696.0,曾艾胤,Male,44,桃園市,住宿和餐飲業,2017.0,5.0,8.0,2.0,40
ID02253,AC1701012,F038,經典美式純POLO-黑,女裝,980.0,1.0,2017-05-08,980.0,161.7,132.3,1038.8,蔡禎青,Female,39,新北市,金融業和房地產,2017.0,5.0,8.0,2.0,30
ID02254,AC1701469,F038,經典美式純POLO-黑,女裝,980.0,1.0,2017-05-08,980.0,161.7,132.3,1038.8,趙金杰,Female,28,新北市,金融業和房地產,2017.0,5.0,8.0,2.0,20
ID02255,AC1701486,F008,法蘭絨格紋襯衫-黑,女裝,1800.0,1.0,2017-05-08,1800.0,297.0,243.00000000000003,1908.0,賴正易,Male,39,宜蘭縣,金融業和房地產,2017.0,5.0,8.0,2.0,30
ID02256,AC1700775,F004,大化妝包-桃粉,配件,1600.0,1.0,2017-05-08,1600.0,396.8,83.2,1696.0,陳昭心,Male,23,新北市,金融業和房地產,2017.0,5.0,8.0,2.0,20
ID02257,AC1702613,F008,法蘭絨格紋襯衫-黑,女裝,1800.0,1.0,2017-05-08,1800.0,297.0,243.00000000000003,1908.0,諸子軒,Male,51,桃園市,其他,2017.0,5.0,8.0,2.0,50
ID02258,AC1701835,F008,法蘭絨格紋襯衫-黑,女裝,1800.0,1.0,2017-05-08,1800.0,297.0,243.00000000000003,1908.0,張真亨,Female,24,新北市,其他,2017.0,5.0,8.0,2.0,20
ID02259,AC1700571,F004,大化妝包-桃粉,配件,1600.0,1.0,2017-05-08,1600.0,396.8,83.2,1696.0,吳秉虹,Male,40,新北市,住宿和餐飲業,2017.0,5.0,8.0,2.0,40
ID02260,AC1703232,F004,大化妝包-桃粉,配件,1600.0,1.0,2017-05-08,1600.0,396.8,83.2,1696.0,王郁婷,Female,50,桃園市,住宿和餐飲業,2017.0,5.0,8.0,2.0,50
ID02261,AC1702296,F024,運動潮流直筒棉褲男童-灰,童裝,2030.0,1.0,2017-05-08,2030.0,357.28,251.72,2151.8,陳巧美,Female,52,桃園市,其他,2017.0,5.0,8.0,2.0,50
ID02262,AC1701905,F010,中夾-紅,皮件,2610.0,1.0,2017-05-08,2610.0,595.0800000000003,187.92,2766.6000000000004,陳淑娟,Female,40,新北市,金融業和房地產,2017.0,5.0,8.0,2.0,40
ID02263,AC1702407,F010,中夾-紅,皮件,2610.0,1.0,2017-05-08,2610.0,595.0800000000003,187.92,2766.6000000000004,蔡佩蓉,Female,52,桃園市,住宿和餐飲業,2017.0,5.0,8.0,2.0,50
ID02264,AC1701984,F010,中夾-紅,皮件,2610.0,1.0,2017-05-08,2610.0,595.0800000000003,187.92,2766.6000000000004,郭偉婷,Female,36,宜蘭縣,住宿和餐飲業,2017.0,5.0,8.0,2.0,30
ID02265,AC1702350,F010,中夾-紅,皮件,2610.0,1.0,2017-05-08,2610.0,595.0800000000003,187.92,2766.6000000000004,連美倫,Female,48,桃園市,其他,2017.0,5.0,8.0,2.0,40
ID02266,AC1700721,F010,中夾-紅,皮件,2610.0,1.0,2017-05-08,2610.0,595.0800000000003,187.92,2766.6000000000004,陳瑤希,Male,44,新北市,金融業和房地產,2017.0,5.0,8.0,2.0,40
ID02267,AC1701128,F041,三層樓梯椅-黑,家俱,820.0,1.0,2017-05-08,820.0,123.0,123.0,869.2,黃智柏,Male,40,新北市,其他,2017.0,5.0,8.0,2.0,40
ID02268,AC1700555,F010,中夾-紅,皮件,2610.0,1.0,2017-05-08,2610.0,595.0800000000003,187.92,2766.6000000000004,楊雯桓,Female,43,新北市,金融業和房地產,2017.0,5.0,8.0,2.0,40
ID02269,AC1700691,F009,大化妝包-深藍,配件,2100.0,2.0,2017-05-08,4200.0,1041.6,218.39999999999998,4452.0,蔣泰萱,Female,29,新北市,教育體育文化,2017.0,5.0,8.0,2.0,20
ID02270,AC1703895,F009,大化妝包-深藍,配件,2100.0,2.0,2017-05-08,4200.0,1041.6,218.39999999999998,4452.0,許宥任,Male,27,臺北市,金融業和房地產,2017.0,5.0,8.0,2.0,20
ID02271,AC1701738,F009,大化妝包-深藍,配件,2100.0,2.0,2017-05-08,4200.0,1041.6,218.39999999999998,4452.0,侯羿啟,Male,27,宜蘭縣,金融業和房地產,2017.0,5.0,8.0,2.0,20
ID02272,AC1701611,F009,大化妝包-深藍,配件,2100.0,2.0,2017-05-08,4200.0,1041.6,218.39999999999998,4452.0,張景凌,Female,43,新北市,其他,2017.0,5.0,8.0,2.0,40
ID02273,AC1700784,F009,大化妝包-深藍,配件,2100.0,2.0,2017-05-08,4200.0,1041.6,218.39999999999998,4452.0,張志迪,Male,33,新北市,其他,2017.0,5.0,8.0,2.0,30
ID02274,AC1703487,F009,大化妝包-深藍,配件,2100.0,2.0,2017-05-08,4200.0,1041.6,218.39999999999998,4452.0,樂志偉,Female,34,基隆市,金融業和房地產,2017.0,5.0,8.0,2.0,30
ID02275,AC1701289,F009,大化妝包-深藍,配件,2100.0,2.0,2017-05-08,4200.0,1041.6,218.39999999999998,4452.0,高聖峰,Male,30,宜蘭縣,住宿和餐飲業,2017.0,5.0,8.0,2.0,30
ID02276,AC1703292,F009,大化妝包-深藍,配件,2100.0,2.0,2017-05-08,4200.0,1041.6,218.39999999999998,4452.0,陳天梅,Female,23,基隆市,住宿和餐飲業,2017.0,5.0,8.0,2.0,20
ID02277,AC1701637,F033,高機能伸縮衣架-黑,家俱,600.0,1.0,2017-05-08,600.0,90.0,90.0,636.0,王竣桂,Male,27,宜蘭縣,金融業和房地產,2017.0,5.0,8.0,2.0,20
ID02278,AC1703228,F003,印圖大學T男裝-藍,男裝,750.0,1.0,2017-05-08,750.0,144.0,81.0,795.0,涂靜芳,Female,46,桃園市,住宿和餐飲業,2017.0,5.0,8.0,2.0,40
ID02279,AC1700446,F013,潮感印條連帽外套-男裝,男裝,1740.0,1.0,2017-05-08,1740.0,334.08000000000004,187.92,1844.4,林茂紹,Male,47,新北市,金融業和房地產,2017.0,5.0,8.0,2.0,40
ID02280,AC1702410,F001,運動潮流連帽外套女裝-白,女裝,1450.0,1.0,2017-05-08,1450.0,239.2500000000001,195.75,1537.0,趙京星,Male,48,桃園市,其他,2017.0,5.0,8.0,2.0,40
ID02281,AC1701753,F001,運動潮流連帽外套女裝-白,女裝,1450.0,1.0,2017-05-08,1450.0,239.2500000000001,195.75,1537.0,陳立坤,Male,46,宜蘭縣,金融業和房地產,2017.0,5.0,8.0,2.0,40
ID02282,AC1701816,F001,運動潮流連帽外套女裝-白,女裝,1450.0,1.0,2017-05-08,1450.0,239.2500000000001,195.75,1537.0,林志怡,Male,42,宜蘭縣,住宿和餐飲業,2017.0,5.0,8.0,2.0,40
ID02283,AC1700718,F010,中夾-紅,皮件,2610.0,1.0,2017-05-08,2610.0,595.0800000000003,187.92,2766.6000000000004,張琇琳,Female,29,新北市,其他,2017.0,5.0,8.0,2.0,20
ID02284,AC1702233,F004,大化妝包-桃粉,配件,1600.0,1.0,2017-05-08,1600.0,396.8,83.2,1696.0,蔡宜誠,Male,44,桃園市,其他,2017.0,5.0,8.0,2.0,40
ID02285,AC1703210,F038,經典美式純POLO-黑,女裝,980.0,1.0,2017-05-08,980.0,161.7,132.3,1038.8,侯維倫,Male,51,桃園市,住宿和餐飲業,2017.0,5.0,8.0,2.0,50
ID02286,AC1703391,F038,經典美式純POLO-黑,女裝,980.0,1.0,2017-05-08,980.0,161.7,132.3,1038.8,蔡建德,Male,40,基隆市,住宿和餐飲業,2017.0,5.0,8.0,2.0,40
ID02287,AC1703415,F008,法蘭絨格紋襯衫-黑,女裝,1800.0,1.0,2017-05-08,1800.0,297.0,243.00000000000003,1908.0,方婷安,Female,26,基隆市,金融業和房地產,2017.0,5.0,8.0,2.0,20
ID02288,AC1700933,F004,大化妝包-桃粉,配件,1600.0,1.0,2017-05-08,1600.0,396.8,83.2,1696.0,楊玟欣,Male,27,新北市,金融業和房地產,2017.0,5.0,8.0,2.0,20
ID02289,AC1701820,F008,法蘭絨格紋襯衫-黑,女裝,1800.0,1.0,2017-05-08,1800.0,297.0,243.00000000000003,1908.0,張浩盛,Male,33,宜蘭縣,其他,2017.0,5.0,8.0,2.0,30
ID02290,AC1700132,F008,法蘭絨格紋襯衫-黑,女裝,1800.0,1.0,2017-05-08,1800.0,297.0,243.00000000000003,1908.0,袁鈞漢,Male,53,基隆市,住宿和餐飲業,2017.0,5.0,8.0,2.0,50
ID02291,AC1703137,F004,大化妝包-桃粉,配件,1600.0,1.0,2017-05-08,1600.0,396.8,83.2,1696.0,黃千智,Female,46,桃園市,其他,2017.0,5.0,8.0,2.0,40
ID02292,AC1703621,F004,大化妝包-桃粉,配件,1600.0,1.0,2017-05-08,1600.0,396.8,83.2,1696.0,王志明,Female,36,基隆市,金融業和房地產,2017.0,5.0,8.0,2.0,30
ID02293,AC1701044,F024,運動潮流直筒棉褲男童-灰,童裝,2030.0,1.0,2017-05-08,2030.0,357.28,251.72,2151.8,郭美惠,Female,31,新北市,金融業和房地產,2017.0,5.0,8.0,2.0,30
ID02294,AC1700644,F010,中夾-紅,皮件,2610.0,1.0,2017-05-08,2610.0,595.0800000000003,187.92,2766.6000000000004,榮勳合,Male,36,新北市,金融業和房地產,2017.0,5.0,8.0,2.0,30
ID02295,AC1701004,F010,中夾-紅,皮件,2610.0,1.0,2017-05-08,2610.0,595.0800000000003,187.92,2766.6000000000004,楊志原,Male,48,新北市,金融業和房地產,2017.0,5.0,8.0,2.0,40
ID02296,AC1700676,F010,中夾-紅,皮件,2610.0,1.0,2017-05-08,2610.0,595.0800000000003,187.92,2766.6000000000004,陳家偉,Male,37,新北市,金融業和房地產,2017.0,5.0,8.0,2.0,30
ID02297,AC1703845,F010,中夾-紅,皮件,2610.0,1.0,2017-05-08,2610.0,595.0800000000003,187.92,2766.6000000000004,詹雅谷,Male,22,臺北市,金融業和房地產,2017.0,5.0,8.0,2.0,20
ID02298,AC1702195,F010,中夾-紅,皮件,2610.0,1.0,2017-05-08,2610.0,595.0800000000003,187.92,2766.6000000000004,張昭斌,Male,52,桃園市,其他,2017.0,5.0,8.0,2.0,50
ID02299,AC1700444,F041,三層樓梯椅-黑,家俱,820.0,1.0,2017-05-08,820.0,123.0,123.0,869.2,蔡信宏,Male,37,新北市,金融業和房地產,2017.0,5.0,8.0,2.0,30
ID02300,AC1702087,F010,中夾-紅,皮件,2610.0,1.0,2017-05-08,2610.0,595.0800000000003,187.92,2766.6000000000004,臧侑玫,Female,38,新北市,金融業和房地產,2017.0,5.0,8.0,2.0,30
ID02301,AC1702758,F009,大化妝包-深藍,配件,2100.0,2.0,2017-05-08,4200.0,1041.6,218.39999999999998,4452.0,孫廷紋,Female,60,桃園市,其他,2017.0,5.0,8.0,2.0,60
ID02302,AC1700113,F009,大化妝包-深藍,配件,2100.0,2.0,2017-05-08,4200.0,1041.6,218.39999999999998,4452.0,林文映,Male,46,新北市,金融業和房地產,2017.0,5.0,8.0,2.0,40
ID02303,AC1701994,F009,大化妝包-深藍,配件,2100.0,2.0,2017-05-08,4200.0,1041.6,218.39999999999998,4452.0,陳曉佩,Male,33,宜蘭縣,金融業和房地產,2017.0,5.0,8.0,2.0,30
ID02304,AC1703159,F009,大化妝包-深藍,配件,2100.0,2.0,2017-05-08,4200.0,1041.6,218.39999999999998,4452.0,陳素貞,Female,54,桃園市,其他,2017.0,5.0,8.0,2.0,50
ID02305,AC1701691,F009,大化妝包-深藍,配件,2100.0,2.0,2017-05-08,4200.0,1041.6,218.39999999999998,4452.0,劉興桂,Female,35,新北市,金融業和房地產,2017.0,5.0,8.0,2.0,30
ID02306,AC1701979,F009,大化妝包-深藍,配件,2100.0,2.0,2017-05-08,4200.0,1041.6,218.39999999999998,4452.0,楊雅萱,Female,39,新北市,金融業和房地產,2017.0,5.0,8.0,2.0,30
ID02307,AC1700044,F009,大化妝包-深藍,配件,2100.0,2.0,2017-05-08,4200.0,1041.6,218.39999999999998,4452.0,陳山瑜,Male,35,基隆市,其他,2017.0,5.0,8.0,2.0,30
ID02308,AC1701231,F009,大化妝包-深藍,配件,2100.0,2.0,2017-05-08,4200.0,1041.6,218.39999999999998,4452.0,蔡苡琴,Male,28,新北市,金融業和房地產,2017.0,5.0,8.0,2.0,20
ID02309,AC1700467,F033,高機能伸縮衣架-黑,家俱,600.0,1.0,2017-05-08,600.0,90.0,90.0,636.0,林巧凌,Female,28,新北市,住宿和餐飲業,2017.0,5.0,8.0,2.0,20
ID02310,AC1700467,F003,印圖大學T男裝-藍,男裝,750.0,1.0,2017-05-08,750.0,144.0,81.0,795.0,林巧凌,Female,28,新北市,住宿和餐飲業,2017.0,5.0,8.0,2.0,20
ID02311,AC1700467,F013,潮感印條連帽外套-男裝,男裝,1740.0,1.0,2017-05-08,1740.0,334.08000000000004,187.92,1844.4,林巧凌,Female,28,新北市,住宿和餐飲業,2017.0,5.0,8.0,2.0,20
ID02312,AC1702736,F001,運動潮流連帽外套女裝-白,女裝,1450.0,1.0,2017-05-08,1450.0,239.2500000000001,195.75,1537.0,周淑芬,Female,48,桃園市,住宿和餐飲業,2017.0,5.0,8.0,2.0,40
ID02313,AC1703126,F001,運動潮流連帽外套女裝-白,女裝,1450.0,1.0,2017-05-08,1450.0,239.2500000000001,195.75,1537.0,彭昱如,Female,41,桃園市,金融業和房地產,2017.0,5.0,8.0,2.0,40
ID02314,AC1700043,F001,運動潮流連帽外套女裝-白,女裝,1450.0,1.0,2017-05-08,1450.0,239.2500000000001,195.75,1537.0,夏士哲,Male,51,基隆市,金融業和房地產,2017.0,5.0,8.0,2.0,50
ID02315,AC1702707,F010,中夾-紅,皮件,2610.0,1.0,2017-05-08,2610.0,595.0800000000003,187.92,2766.6000000000004,劉嘉嬌,Female,45,桃園市,住宿和餐飲業,2017.0,5.0,8.0,2.0,40
ID02316,AC1701315,F004,大化妝包-桃粉,配件,1600.0,1.0,2017-05-08,1600.0,396.8,83.2,1696.0,林逸俊,Female,25,新北市,金融業和房地產,2017.0,5.0,8.0,2.0,20
ID02317,AC1700758,F038,經典美式純POLO-黑,女裝,980.0,1.0,2017-05-08,980.0,161.7,132.3,1038.8,陳晉盛,Male,27,新北市,金融業和房地產,2017.0,5.0,8.0,2.0,20
ID02318,AC1702973,F038,經典美式純POLO-黑,女裝,980.0,1.0,2017-05-08,980.0,161.7,132.3,1038.8,張家佑,Female,52,桃園市,其他,2017.0,5.0,8.0,2.0,50
ID02319,AC1700934,F008,法蘭絨格紋襯衫-黑,女裝,1800.0,1.0,2017-05-08,1800.0,297.0,243.00000000000003,1908.0,陳和漢,Female,37,新北市,金融業和房地產,2017.0,5.0,8.0,2.0,30
ID02320,AC1700922,F004,大化妝包-桃粉,配件,1600.0,1.0,2017-05-08,1600.0,396.8,83.2,1696.0,何佳亨,Male,33,新北市,其他,2017.0,5.0,8.0,2.0,30
ID02321,AC1701871,F008,法蘭絨格紋襯衫-黑,女裝,1800.0,1.0,2017-05-08,1800.0,297.0,243.00000000000003,1908.0,林翠然,Female,48,新北市,金融業和房地產,2017.0,5.0,8.0,2.0,40
ID02322,AC1703859,F008,法蘭絨格紋襯衫-黑,女裝,1800.0,1.0,2017-05-08,1800.0,297.0,243.00000000000003,1908.0,王俊宏,Female,46,臺北市,其他,2017.0,5.0,8.0,2.0,40
ID02323,AC1702117,F004,大化妝包-桃粉,配件,1600.0,1.0,2017-05-08,1600.0,396.8,83.2,1696.0,王怡君,Female,50,新北市,金融業和房地產,2017.0,5.0,8.0,2.0,50
ID02324,AC1701434,F004,大化妝包-桃粉,配件,1600.0,1.0,2017-05-08,1600.0,396.8,83.2,1696.0,黃文彥,Male,27,宜蘭縣,金融業和房地產,2017.0,5.0,8.0,2.0,20
ID02325,AC1703466,F024,運動潮流直筒棉褲男童-灰,童裝,2030.0,1.0,2017-05-08,2030.0,357.28,251.72,2151.8,王志鴻,Female,32,基隆市,金融業和房地產,2017.0,5.0,8.0,2.0,30
ID02326,AC1700950,F010,中夾-紅,皮件,2610.0,1.0,2017-05-08,2610.0,595.0800000000003,187.92,2766.6000000000004,曹俞中,Female,28,新北市,金融業和房地產,2017.0,5.0,8.0,2.0,20
ID02327,AC1701981,F010,中夾-紅,皮件,2610.0,1.0,2017-05-08,2610.0,595.0800000000003,187.92,2766.6000000000004,鄭凱鈞,Male,35,宜蘭縣,教育體育文化,2017.0,5.0,8.0,2.0,30
ID02328,AC1703694,F010,中夾-紅,皮件,2610.0,1.0,2017-05-08,2610.0,595.0800000000003,187.92,2766.6000000000004,駱智強,Male,32,基隆市,住宿和餐飲業,2017.0,5.0,8.0,2.0,30
ID02329,AC1702997,F010,中夾-紅,皮件,2610.0,1.0,2017-05-08,2610.0,595.0800000000003,187.92,2766.6000000000004,張琪琦,Female,49,桃園市,其他,2017.0,5.0,8.0,2.0,40
ID02330,AC1700328,F010,中夾-紅,皮件,2610.0,1.0,2017-05-08,2610.0,595.0800000000003,187.92,2766.6000000000004,林艾孝,Female,41,新北市,金融業和房地產,2017.0,5.0,8.0,2.0,40
ID02331,AC1700496,F041,三層樓梯椅-黑,家俱,820.0,1.0,2017-05-08,820.0,123.0,123.0,869.2,陳昱茵,Male,38,新北市,金融業和房地產,2017.0,5.0,8.0,2.0,30
ID02332,AC1703125,F010,中夾-紅,皮件,2610.0,1.0,2017-05-08,2610.0,595.0800000000003,187.92,2766.6000000000004,詹慧婷,Female,57,桃園市,住宿和餐飲業,2017.0,5.0,8.0,2.0,50
ID02333,AC1702728,F009,大化妝包-深藍,配件,2100.0,2.0,2017-05-08,4200.0,1041.6,218.39999999999998,4452.0,陳思豐,Male,47,桃園市,住宿和餐飲業,2017.0,5.0,8.0,2.0,40
ID02334,AC1702885,F009,大化妝包-深藍,配件,2100.0,2.0,2017-05-08,4200.0,1041.6,218.39999999999998,4452.0,王秀芬,Female,54,桃園市,金融業和房地產,2017.0,5.0,8.0,2.0,50
ID02335,AC1703865,F009,大化妝包-深藍,配件,2100.0,2.0,2017-05-08,4200.0,1041.6,218.39999999999998,4452.0,林詩淳,Female,41,臺北市,金融業和房地產,2017.0,5.0,8.0,2.0,40
ID02336,AC1702796,F009,大化妝包-深藍,配件,2100.0,2.0,2017-05-08,4200.0,1041.6,218.39999999999998,4452.0,陳奕城,Male,53,桃園市,其他,2017.0,5.0,8.0,2.0,50
ID02337,AC1703021,F009,大化妝包-深藍,配件,2100.0,2.0,2017-05-08,4200.0,1041.6,218.39999999999998,4452.0,鄭佳慧,Female,49,桃園市,住宿和餐飲業,2017.0,5.0,8.0,2.0,40
ID02338,AC1703222,F009,大化妝包-深藍,配件,2100.0,2.0,2017-05-08,4200.0,1041.6,218.39999999999998,4452.0,林佩君,Female,53,桃園市,教育體育文化,2017.0,5.0,8.0,2.0,50
ID02339,AC1703412,F009,大化妝包-深藍,配件,2100.0,2.0,2017-05-08,4200.0,1041.6,218.39999999999998,4452.0,黃軒豪,Male,45,基隆市,住宿和餐飲業,2017.0,5.0,8.0,2.0,40
ID02340,AC1701598,F009,大化妝包-深藍,配件,2100.0,2.0,2017-05-08,4200.0,1041.6,218.39999999999998,4452.0,林怡婷,Female,35,新北市,金融業和房地產,2017.0,5.0,8.0,2.0,30
ID02341,AC1701713,F003,印圖大學T男裝-藍,男裝,750.0,1.0,2017-06-06,750.0,144.0,81.0,795.0,陸彥博,Male,39,宜蘭縣,住宿和餐飲業,2017.0,6.0,6.0,2.0,30
ID02342,AC1702389,F013,潮感印條連帽外套-男裝,男裝,1740.0,1.0,2017-06-06,1740.0,334.08000000000004,187.92,1844.4,錢宗儒,Male,53,桃園市,住宿和餐飲業,2017.0,6.0,6.0,2.0,50
ID02343,AC1701972,F016,後背包-藍,配件,890.0,1.0,2017-06-06,890.0,220.72,46.28,943.4000000000001,黃文欣,Female,33,新北市,金融業和房地產,2017.0,6.0,6.0,2.0,30
ID02344,AC1700547,F010,中夾-紅,皮件,2610.0,1.0,2017-05-08,2610.0,595.0800000000003,187.92,2766.6000000000004,謝雅婷,Female,33,新北市,金融業和房地產,2017.0,5.0,8.0,2.0,30
ID02345,AC1701374,F024,運動潮流直筒棉褲男童-灰,童裝,2030.0,1.0,2017-05-08,2030.0,357.28,251.72,2151.8,黃珮君,Female,25,宜蘭縣,其他,2017.0,5.0,8.0,2.0,20
ID02346,AC1701138,F009,大化妝包-深藍,配件,2100.0,2.0,2017-06-06,4200.0,1041.6,218.39999999999998,4452.0,仇友昕,Female,39,新北市,金融業和房地產,2017.0,6.0,6.0,2.0,30
ID02347,AC1703312,F009,大化妝包-深藍,配件,2100.0,2.0,2017-06-06,4200.0,1041.6,218.39999999999998,4452.0,陳宜欣,Female,44,基隆市,其他,2017.0,6.0,6.0,2.0,40
ID02348,AC1702665,F009,大化妝包-深藍,配件,2100.0,2.0,2017-06-06,4200.0,1041.6,218.39999999999998,4452.0,黃牧鈺,Female,52,桃園市,其他,2017.0,6.0,6.0,2.0,50
ID02349,AC1701879,F003,印圖大學T男裝-藍,男裝,750.0,1.0,2017-06-06,750.0,144.0,81.0,795.0,趙建志,Female,40,新北市,金融業和房地產,2017.0,6.0,6.0,2.0,40
ID02350,AC1700305,F013,潮感印條連帽外套-男裝,男裝,1740.0,1.0,2017-06-06,1740.0,334.08000000000004,187.92,1844.4,胡嘉凌,Female,50,新北市,金融業和房地產,2017.0,6.0,6.0,2.0,50
ID02351,AC1703952,F016,後背包-藍,配件,890.0,1.0,2017-06-06,890.0,220.72,46.28,943.4000000000001,黃怡君,Female,57,臺北市,其他,2017.0,6.0,6.0,2.0,50
ID02352,AC1703275,F010,中夾-紅,皮件,2610.0,1.0,2017-05-08,2610.0,595.0800000000003,187.92,2766.6000000000004,黎紋珮,Female,53,桃園市,住宿和餐飲業,2017.0,5.0,8.0,2.0,50
ID02353,AC1700999,F010,中夾-紅,皮件,2610.0,1.0,2017-05-08,2610.0,595.0800000000003,187.92,2766.6000000000004,陳志元,Male,29,新北市,金融業和房地產,2017.0,5.0,8.0,2.0,20
ID02354,AC1702445,F009,大化妝包-深藍,配件,2100.0,2.0,2017-06-06,4200.0,1041.6,218.39999999999998,4452.0,藍昆城,Male,58,桃園市,其他,2017.0,6.0,6.0,2.0,50
ID02355,AC1702344,F009,大化妝包-深藍,配件,2100.0,2.0,2017-06-06,4200.0,1041.6,218.39999999999998,4452.0,王穎恆,Male,23,桃園市,住宿和餐飲業,2017.0,6.0,6.0,2.0,20
ID02356,AC1700703,F009,大化妝包-深藍,配件,2100.0,2.0,2017-06-06,4200.0,1041.6,218.39999999999998,4452.0,何淑娟,Male,30,新北市,教育體育文化,2017.0,6.0,6.0,2.0,30
ID02357,AC1701137,F003,印圖大學T男裝-藍,男裝,750.0,1.0,2017-06-06,750.0,144.0,81.0,795.0,孫冠宇,Male,48,新北市,金融業和房地產,2017.0,6.0,6.0,2.0,40
ID02358,AC1703716,F013,潮感印條連帽外套-男裝,男裝,1740.0,1.0,2017-06-06,1740.0,334.08000000000004,187.92,1844.4,葉梅銘,Female,28,基隆市,金融業和房地產,2017.0,6.0,6.0,2.0,20
ID02359,AC1700484,F016,後背包-藍,配件,890.0,1.0,2017-06-06,890.0,220.72,46.28,943.4000000000001,林合真,Female,29,新北市,其他,2017.0,6.0,6.0,2.0,20
ID02360,AC1703608,F010,中夾-紅,皮件,2610.0,1.0,2017-05-08,2610.0,595.0800000000003,187.92,2766.6000000000004,林明和,Male,33,基隆市,住宿和餐飲業,2017.0,5.0,8.0,2.0,30
ID02361,AC1700006,F010,中夾-紅,皮件,2610.0,1.0,2017-05-08,2610.0,595.0800000000003,187.92,2766.6000000000004,蔡登意,Male,40,臺北市,金融業和房地產,2017.0,5.0,8.0,2.0,40
ID02362,AC1701295,F009,大化妝包-深藍,配件,2100.0,2.0,2017-06-06,4200.0,1041.6,218.39999999999998,4452.0,林怡君,Female,31,新北市,金融業和房地產,2017.0,6.0,6.0,2.0,30
ID02363,AC1702229,F009,大化妝包-深藍,配件,2100.0,2.0,2017-06-06,4200.0,1041.6,218.39999999999998,4452.0,邱雅玲,Male,45,桃園市,住宿和餐飲業,2017.0,6.0,6.0,2.0,40
ID02364,AC1700630,F009,大化妝包-深藍,配件,2100.0,2.0,2017-06-06,4200.0,1041.6,218.39999999999998,4452.0,涂智堯,Female,29,新北市,金融業和房地產,2017.0,6.0,6.0,2.0,20
ID02365,AC1702311,F003,印圖大學T男裝-藍,男裝,750.0,1.0,2017-06-06,750.0,144.0,81.0,795.0,簡軒豪,Male,52,桃園市,住宿和餐飲業,2017.0,6.0,6.0,2.0,50
ID02366,AC1703718,F013,潮感印條連帽外套-男裝,男裝,1740.0,1.0,2017-06-06,1740.0,334.08000000000004,187.92,1844.4,張育盛,Female,39,基隆市,其他,2017.0,6.0,6.0,2.0,30
ID02367,AC1703383,F016,後背包-藍,配件,890.0,1.0,2017-06-06,890.0,220.72,46.28,943.4000000000001,黃允峰,Female,40,基隆市,金融業和房地產,2017.0,6.0,6.0,2.0,40
ID02368,AC1703718,F010,中夾-紅,皮件,2610.0,1.0,2017-05-08,2610.0,595.0800000000003,187.92,2766.6000000000004,張育盛,Female,39,基隆市,其他,2017.0,5.0,8.0,2.0,30
ID02369,AC1702243,F041,三層樓梯椅-黑,家俱,820.0,1.0,2017-05-08,820.0,123.0,123.0,869.2,曹憲恆,Male,61,桃園市,農林漁牧業,2017.0,5.0,8.0,2.0,60
ID02370,AC1702256,F009,大化妝包-深藍,配件,2100.0,2.0,2017-06-06,4200.0,1041.6,218.39999999999998,4452.0,王宜欣,Male,41,桃園市,住宿和餐飲業,2017.0,6.0,6.0,2.0,40
ID02371,AC1701477,F009,大化妝包-深藍,配件,2100.0,2.0,2017-06-06,4200.0,1041.6,218.39999999999998,4452.0,林奕君,Male,27,宜蘭縣,住宿和餐飲業,2017.0,6.0,6.0,2.0,20
ID02372,AC1700580,F009,大化妝包-深藍,配件,2100.0,2.0,2017-06-06,4200.0,1041.6,218.39999999999998,4452.0,連婉菁,Female,36,新北市,金融業和房地產,2017.0,6.0,6.0,2.0,30
ID02373,AC1701123,F003,印圖大學T男裝-藍,男裝,750.0,1.0,2017-06-06,750.0,144.0,81.0,795.0,魏雅惠,Male,48,新北市,金融業和房地產,2017.0,6.0,6.0,2.0,40
ID02374,AC1703528,F013,潮感印條連帽外套-男裝,男裝,1740.0,1.0,2017-06-06,1740.0,334.08000000000004,187.92,1844.4,林建宏,Female,34,基隆市,住宿和餐飲業,2017.0,6.0,6.0,2.0,30
ID02375,AC1700443,F016,後背包-藍,配件,890.0,1.0,2017-06-06,890.0,220.72,46.28,943.4000000000001,張佐為,Male,38,新北市,金融業和房地產,2017.0,6.0,6.0,2.0,30
ID02376,AC1700110,F010,中夾-紅,皮件,2610.0,1.0,2017-05-08,2610.0,595.0800000000003,187.92,2766.6000000000004,夏宛真,Female,57,新北市,住宿和餐飲業,2017.0,5.0,8.0,2.0,50
ID02377,AC1704002,F010,中夾-紅,皮件,2610.0,1.0,2017-05-08,2610.0,595.0800000000003,187.92,2766.6000000000004,劉俊宏,Female,34,臺北市,住宿和餐飲業,2017.0,5.0,8.0,2.0,30
ID02378,AC1702716,F009,大化妝包-深藍,配件,2100.0,2.0,2017-06-06,4200.0,1041.6,218.39999999999998,4452.0,廖肇榮,Female,52,桃園市,住宿和餐飲業,2017.0,6.0,6.0,2.0,50
ID02379,AC1701612,F009,大化妝包-深藍,配件,2100.0,2.0,2017-06-06,4200.0,1041.6,218.39999999999998,4452.0,陳家榮,Male,44,宜蘭縣,金融業和房地產,2017.0,6.0,6.0,2.0,40
ID02380,AC1701238,F009,大化妝包-深藍,配件,2100.0,2.0,2017-06-06,4200.0,1041.6,218.39999999999998,4452.0,溫婉書,Male,40,新北市,金融業和房地產,2017.0,6.0,6.0,2.0,40
ID02381,AC1701694,F024,運動潮流直筒棉褲男童-灰,童裝,2030.0,1.0,2017-05-08,2030.0,357.28,251.72,2151.8,陳雅玲,Female,24,宜蘭縣,其他,2017.0,5.0,8.0,2.0,20
ID02382,AC1700880,F009,大化妝包-深藍,配件,2100.0,1.0,2017-06-15,2100.0,520.8,109.19999999999999,2226.0,賴怡瑄,Male,34,新北市,住宿和餐飲業,2017.0,6.0,15.0,2.0,30
ID02383,AC1700730,F012,托特包-白,配件,1740.0,1.0,2017-06-15,1740.0,431.52,90.47999999999999,1844.4,何長倫,Male,32,新北市,金融業和房地產,2017.0,6.0,15.0,2.0,30
ID02384,AC1703893,F010,中夾-紅,皮件,2610.0,1.0,2017-05-08,2610.0,595.0800000000003,187.92,2766.6000000000004,黃思涵,Male,41,臺北市,其他,2017.0,5.0,8.0,2.0,40
ID02385,AC1700487,F009,大化妝包-深藍,配件,2100.0,1.0,2017-06-15,2100.0,520.8,109.19999999999999,2226.0,謝忠淳,Male,36,新北市,其他,2017.0,6.0,15.0,2.0,30
ID02386,AC1702510,F010,中夾-紅,皮件,2610.0,1.0,2017-05-08,2610.0,595.0800000000003,187.92,2766.6000000000004,黃郁英,Female,44,桃園市,其他,2017.0,5.0,8.0,2.0,40
ID02387,AC1702054,F009,大化妝包-深藍,配件,2100.0,1.0,2017-06-15,2100.0,520.8,109.19999999999999,2226.0,劉士弘,Male,34,宜蘭縣,金融業和房地產,2017.0,6.0,15.0,2.0,30
ID02388,AC1701441,F012,托特包-白,配件,1740.0,1.0,2017-06-15,1740.0,431.52,90.47999999999999,1844.4,盧雅晴,Female,32,新北市,金融業和房地產,2017.0,6.0,15.0,2.0,30
ID02389,AC1703958,F010,中夾-紅,皮件,2610.0,1.0,2017-05-08,2610.0,595.0800000000003,187.92,2766.6000000000004,林志豪,Male,44,臺北市,其他,2017.0,5.0,8.0,2.0,40
ID02390,AC1700875,F010,中夾-紅,皮件,2610.0,1.0,2017-05-08,2610.0,595.0800000000003,187.92,2766.6000000000004,廖孝舜,Male,23,新北市,金融業和房地產,2017.0,5.0,8.0,2.0,20
ID02391,AC1703902,F010,中夾-紅,皮件,2610.0,1.0,2017-05-08,2610.0,595.0800000000003,187.92,2766.6000000000004,馬以年,Female,33,臺北市,住宿和餐飲業,2017.0,5.0,8.0,2.0,30
ID02392,AC1703930,F038,經典美式純POLO-黑,女裝,980.0,2.0,2017-06-15,1960.0,323.4,264.6,2077.6,林怡君,Female,43,臺北市,其他,2017.0,6.0,15.0,2.0,40
ID02393,AC1701195,F004,大化妝包-桃粉,配件,1600.0,2.0,2017-06-15,3200.0,793.6,166.4,3392.0,張明翰,Male,41,新北市,金融業和房地產,2017.0,6.0,15.0,2.0,40
ID02394,AC1701631,F025,雙向層架式書桌-咖,家俱,2900.0,1.0,2017-06-06,2900.0,435.0000000000002,435.0,3074.0,吳彥志,Male,34,宜蘭縣,金融業和房地產,2017.0,6.0,6.0,2.0,30
ID02395,AC1702279,F025,雙向層架式書桌-咖,家俱,2900.0,1.0,2017-06-06,2900.0,435.0000000000002,435.0,3074.0,林希怡,Male,51,桃園市,金融業和房地產,2017.0,6.0,6.0,2.0,50
ID02396,AC1701949,F025,雙向層架式書桌-咖,家俱,2900.0,1.0,2017-06-06,2900.0,435.0000000000002,435.0,3074.0,葉萬弘,Male,34,宜蘭縣,金融業和房地產,2017.0,6.0,6.0,2.0,30
ID02397,AC1703107,F025,雙向層架式書桌-咖,家俱,2900.0,1.0,2017-06-06,2900.0,435.0000000000002,435.0,3074.0,吳玉治,Male,43,桃園市,住宿和餐飲業,2017.0,6.0,6.0,2.0,40
ID02398,AC1703914,F009,大化妝包-深藍,配件,2100.0,1.0,2017-06-15,2100.0,520.8,109.19999999999999,2226.0,林麗芬,Female,39,臺北市,其他,2017.0,6.0,15.0,2.0,30
ID02399,AC1700446,F012,托特包-白,配件,1740.0,1.0,2017-06-15,1740.0,431.52,90.47999999999999,1844.4,林茂紹,Male,47,新北市,金融業和房地產,2017.0,6.0,15.0,2.0,40
ID02400,AC1703709,F025,雙向層架式書桌-咖,家俱,2900.0,1.0,2017-06-06,2900.0,435.0000000000002,435.0,3074.0,黎欣宜,Female,37,基隆市,金融業和房地產,2017.0,6.0,6.0,2.0,30
ID02401,AC1701299,F009,大化妝包-深藍,配件,2100.0,1.0,2017-06-15,2100.0,520.8,109.19999999999999,2226.0,許宛玲,Female,34,宜蘭縣,金融業和房地產,2017.0,6.0,15.0,2.0,30
ID02402,AC1701175,F025,雙向層架式書桌-咖,家俱,2900.0,1.0,2017-06-06,2900.0,435.0000000000002,435.0,3074.0,張耀凌,Female,43,新北市,金融業和房地產,2017.0,6.0,6.0,2.0,40
ID02403,AC1700995,F009,大化妝包-深藍,配件,2100.0,1.0,2017-06-15,2100.0,520.8,109.19999999999999,2226.0,李詩婷,Male,41,新北市,住宿和餐飲業,2017.0,6.0,15.0,2.0,40
ID02404,AC1700535,F012,托特包-白,配件,1740.0,1.0,2017-06-15,1740.0,431.52,90.47999999999999,1844.4,金成禮,Male,25,新北市,其他,2017.0,6.0,15.0,2.0,20
ID02405,AC1700323,F025,雙向層架式書桌-咖,家俱,2900.0,1.0,2017-06-06,2900.0,435.0000000000002,435.0,3074.0,張人豪,Male,46,新北市,金融業和房地產,2017.0,6.0,6.0,2.0,40
ID02406,AC1700892,F025,雙向層架式書桌-咖,家俱,2900.0,1.0,2017-06-06,2900.0,435.0000000000002,435.0,3074.0,高明翰,Male,29,新北市,其他,2017.0,6.0,6.0,2.0,20
ID02407,AC1702783,F025,雙向層架式書桌-咖,家俱,2900.0,1.0,2017-06-06,2900.0,435.0000000000002,435.0,3074.0,王昱月,Male,39,桃園市,住宿和餐飲業,2017.0,6.0,6.0,2.0,30
ID02408,AC1702781,F038,經典美式純POLO-黑,女裝,980.0,2.0,2017-06-15,1960.0,323.4,264.6,2077.6,陳智文,Female,50,桃園市,其他,2017.0,6.0,15.0,2.0,50
ID02409,AC1703140,F004,大化妝包-桃粉,配件,1600.0,2.0,2017-06-15,3200.0,793.6,166.4,3392.0,陳靜海,Female,35,桃園市,其他,2017.0,6.0,15.0,2.0,30
ID02410,AC1703158,F025,雙向層架式書桌-咖,家俱,2900.0,1.0,2017-06-06,2900.0,435.0000000000002,435.0,3074.0,王聖凱,Male,44,桃園市,住宿和餐飲業,2017.0,6.0,6.0,2.0,40
ID02411,AC1701061,F015,法蘭絨格紋襯衫-紅,女裝,1740.0,1.0,2017-06-15,1740.0,287.1,234.9,1844.4,林心怡,Female,39,新北市,金融業和房地產,2017.0,6.0,15.0,2.0,30
ID02412,AC1701500,F015,法蘭絨格紋襯衫-紅,女裝,1740.0,1.0,2017-06-15,1740.0,287.1,234.9,1844.4,劉典順,Female,36,新北市,金融業和房地產,2017.0,6.0,15.0,2.0,30
ID02413,AC1703400,F015,法蘭絨格紋襯衫-紅,女裝,1740.0,1.0,2017-06-15,1740.0,287.1,234.9,1844.4,郭玉梅,Female,32,基隆市,其他,2017.0,6.0,15.0,2.0,30
ID02414,AC1700954,F009,大化妝包-深藍,配件,2100.0,1.0,2017-06-15,2100.0,520.8,109.19999999999999,2226.0,林柏毅,Female,41,新北市,金融業和房地產,2017.0,6.0,15.0,2.0,40
ID02415,AC1700828,F012,托特包-白,配件,1740.0,1.0,2017-06-15,1740.0,431.52,90.47999999999999,1844.4,陳永愛,Female,28,新北市,金融業和房地產,2017.0,6.0,15.0,2.0,20
ID02416,AC1702889,F002,運動潮流直筒棉褲男童-白,童裝,930.0,2.0,2017-06-15,1860.0,327.36,230.64,1971.6000000000001,李宜泉,Male,57,桃園市,其他,2017.0,6.0,15.0,2.0,50
ID02417,AC1702605,F009,大化妝包-深藍,配件,2100.0,1.0,2017-06-15,2100.0,520.8,109.19999999999999,2226.0,劉茜紹,Female,64,桃園市,其他,2017.0,6.0,15.0,2.0,60
ID02418,AC1701506,F002,運動潮流直筒棉褲男童-白,童裝,930.0,2.0,2017-06-15,1860.0,327.36,230.64,1971.6000000000001,方宏儒,Male,37,宜蘭縣,金融業和房地產,2017.0,6.0,15.0,2.0,30
ID02419,AC1703831,F009,大化妝包-深藍,配件,2100.0,1.0,2017-06-15,2100.0,520.8,109.19999999999999,2226.0,張玉平,Female,35,臺北市,其他,2017.0,6.0,15.0,2.0,30
ID02420,AC1703328,F012,托特包-白,配件,1740.0,1.0,2017-06-15,1740.0,431.52,90.47999999999999,1844.4,洪志翔,Female,45,基隆市,其他,2017.0,6.0,15.0,2.0,40
ID02421,AC1703792,F005,運動潮流連帽外套男裝-灰,男裝,1450.0,2.0,2017-06-15,2900.0,556.8000000000002,313.2,3074.0,申怡慧,Female,45,基隆市,住宿和餐飲業,2017.0,6.0,15.0,2.0,40
ID02422,AC1703311,F025,雙向層架式書桌-咖,家俱,2900.0,2.0,2017-06-15,5800.0,870.0000000000005,870.0,6148.0,陳姵辛,Female,44,基隆市,其他,2017.0,6.0,15.0,2.0,40
ID02423,AC1703550,F025,雙向層架式書桌-咖,家俱,2900.0,2.0,2017-06-15,5800.0,870.0000000000005,870.0,6148.0,鄭靜怡,Female,47,基隆市,金融業和房地產,2017.0,6.0,15.0,2.0,40
ID02424,AC1703039,F038,經典美式純POLO-黑,女裝,980.0,2.0,2017-06-15,1960.0,323.4,264.6,2077.6,李彥玫,Male,58,桃園市,住宿和餐飲業,2017.0,6.0,15.0,2.0,50
ID02425,AC1700734,F004,大化妝包-桃粉,配件,1600.0,2.0,2017-06-15,3200.0,793.6,166.4,3392.0,賴杰方,Male,38,新北市,金融業和房地產,2017.0,6.0,15.0,2.0,30
ID02426,AC1700281,F025,雙向層架式書桌-咖,家俱,2900.0,2.0,2017-06-15,5800.0,870.0000000000005,870.0,6148.0,賴惠婷,Female,56,新北市,住宿和餐飲業,2017.0,6.0,15.0,2.0,50
ID02427,AC1701555,F015,法蘭絨格紋襯衫-紅,女裝,1740.0,1.0,2017-06-15,1740.0,287.1,234.9,1844.4,黃淑芸,Female,28,宜蘭縣,金融業和房地產,2017.0,6.0,15.0,2.0,20
ID02428,AC1703818,F015,法蘭絨格紋襯衫-紅,女裝,1740.0,1.0,2017-06-15,1740.0,287.1,234.9,1844.4,張文宜,Female,42,臺北市,金融業和房地產,2017.0,6.0,15.0,2.0,40
ID02429,AC1701488,F015,法蘭絨格紋襯衫-紅,女裝,1740.0,1.0,2017-06-15,1740.0,287.1,234.9,1844.4,王淑芬,Female,36,宜蘭縣,金融業和房地產,2017.0,6.0,15.0,2.0,30
ID02430,AC1702519,F009,大化妝包-深藍,配件,2100.0,1.0,2017-06-15,2100.0,520.8,109.19999999999999,2226.0,陳冠志,Male,61,桃園市,其他,2017.0,6.0,15.0,2.0,60
ID02431,AC1700870,F012,托特包-白,配件,1740.0,1.0,2017-06-15,1740.0,431.52,90.47999999999999,1844.4,李惠雯,Male,43,新北市,金融業和房地產,2017.0,6.0,15.0,2.0,40
ID02432,AC1700007,F002,運動潮流直筒棉褲男童-白,童裝,930.0,2.0,2017-06-15,1860.0,327.36,230.64,1971.6000000000001,吳景翔,Male,39,臺北市,農林漁牧業,2017.0,6.0,15.0,2.0,30
ID02433,AC1700867,F009,大化妝包-深藍,配件,2100.0,1.0,2017-06-15,2100.0,520.8,109.19999999999999,2226.0,李鈞馨,Male,29,新北市,教育體育文化,2017.0,6.0,15.0,2.0,20
ID02434,AC1702806,F002,運動潮流直筒棉褲男童-白,童裝,930.0,2.0,2017-06-15,1860.0,327.36,230.64,1971.6000000000001,李建昀,Male,45,桃園市,其他,2017.0,6.0,15.0,2.0,40
ID02435,AC1702895,F009,大化妝包-深藍,配件,2100.0,1.0,2017-06-15,2100.0,520.8,109.19999999999999,2226.0,陳家瑜,Female,52,桃園市,其他,2017.0,6.0,15.0,2.0,50
ID02436,AC1703084,F012,托特包-白,配件,1740.0,1.0,2017-06-15,1740.0,431.52,90.47999999999999,1844.4,楊淑屏,Male,32,桃園市,住宿和餐飲業,2017.0,6.0,15.0,2.0,30
ID02437,AC1700723,F005,運動潮流連帽外套男裝-灰,男裝,1450.0,2.0,2017-06-15,2900.0,556.8000000000002,313.2,3074.0,林秀娟,Male,41,新北市,金融業和房地產,2017.0,6.0,15.0,2.0,40
ID02438,AC1701795,F025,雙向層架式書桌-咖,家俱,2900.0,2.0,2017-06-15,5800.0,870.0000000000005,870.0,6148.0,卓劭延,Female,29,新北市,其他,2017.0,6.0,15.0,2.0,20
ID02439,AC1702368,F025,雙向層架式書桌-咖,家俱,2900.0,2.0,2017-06-15,5800.0,870.0000000000005,870.0,6148.0,陳金喬,Male,48,桃園市,其他,2017.0,6.0,15.0,2.0,40
ID02440,AC1703907,F038,經典美式純POLO-黑,女裝,980.0,2.0,2017-06-15,1960.0,323.4,264.6,2077.6,郭翊燦,Female,36,臺北市,其他,2017.0,6.0,15.0,2.0,30
ID02441,AC1702301,F004,大化妝包-桃粉,配件,1600.0,2.0,2017-06-15,3200.0,793.6,166.4,3392.0,張新毓,Male,58,桃園市,其他,2017.0,6.0,15.0,2.0,50
ID02442,AC1702269,F025,雙向層架式書桌-咖,家俱,2900.0,2.0,2017-06-15,5800.0,870.0000000000005,870.0,6148.0,姚宜臻,Male,53,桃園市,金融業和房地產,2017.0,6.0,15.0,2.0,50
ID02443,AC1702316,F015,法蘭絨格紋襯衫-紅,女裝,1740.0,1.0,2017-06-15,1740.0,287.1,234.9,1844.4,宮幼以,Male,53,桃園市,其他,2017.0,6.0,15.0,2.0,50
ID02444,AC1702890,F015,法蘭絨格紋襯衫-紅,女裝,1740.0,1.0,2017-06-15,1740.0,287.1,234.9,1844.4,賴宜欣,Male,51,桃園市,住宿和餐飲業,2017.0,6.0,15.0,2.0,50
ID02445,AC1703980,F015,法蘭絨格紋襯衫-紅,女裝,1740.0,1.0,2017-06-15,1740.0,287.1,234.9,1844.4,楊守中,Male,43,臺北市,其他,2017.0,6.0,15.0,2.0,40
ID02446,AC1701640,F009,大化妝包-深藍,配件,2100.0,1.0,2017-06-15,2100.0,520.8,109.19999999999999,2226.0,張雅芳,Female,33,宜蘭縣,其他,2017.0,6.0,15.0,2.0,30
ID02447,AC1702272,F012,托特包-白,配件,1740.0,1.0,2017-06-15,1740.0,431.52,90.47999999999999,1844.4,宋筱涵,Male,54,桃園市,金融業和房地產,2017.0,6.0,15.0,2.0,50
ID02448,AC1703942,F002,運動潮流直筒棉褲男童-白,童裝,930.0,2.0,2017-06-15,1860.0,327.36,230.64,1971.6000000000001,林靜泉,Male,57,臺北市,金融業和房地產,2017.0,6.0,15.0,2.0,50
ID02449,AC1701887,F009,大化妝包-深藍,配件,2100.0,1.0,2017-06-15,2100.0,520.8,109.19999999999999,2226.0,黃冠玫,Female,25,新北市,金融業和房地產,2017.0,6.0,15.0,2.0,20
ID02450,AC1701863,F002,運動潮流直筒棉褲男童-白,童裝,930.0,2.0,2017-06-15,1860.0,327.36,230.64,1971.6000000000001,王雅亞,Male,33,宜蘭縣,金融業和房地產,2017.0,6.0,15.0,2.0,30
ID02451,AC1701052,F009,大化妝包-深藍,配件,2100.0,1.0,2017-06-15,2100.0,520.8,109.19999999999999,2226.0,張添恒,Male,36,新北市,金融業和房地產,2017.0,6.0,15.0,2.0,30
ID02452,AC1700132,F012,托特包-白,配件,1740.0,1.0,2017-06-15,1740.0,431.52,90.47999999999999,1844.4,袁鈞漢,Male,53,基隆市,住宿和餐飲業,2017.0,6.0,15.0,2.0,50
ID02453,AC1702323,F005,運動潮流連帽外套男裝-灰,男裝,1450.0,2.0,2017-06-15,2900.0,556.8000000000002,313.2,3074.0,許智霞,Female,50,桃園市,住宿和餐飲業,2017.0,6.0,15.0,2.0,50
ID02454,AC1703272,F025,雙向層架式書桌-咖,家俱,2900.0,2.0,2017-06-15,5800.0,870.0000000000005,870.0,6148.0,李梅韋,Female,43,桃園市,其他,2017.0,6.0,15.0,2.0,40
ID02455,AC1702039,F025,雙向層架式書桌-咖,家俱,2900.0,2.0,2017-06-15,5800.0,870.0000000000005,870.0,6148.0,陳凱婷,Female,30,新北市,金融業和房地產,2017.0,6.0,15.0,2.0,30
ID02456,AC1700114,F038,經典美式純POLO-黑,女裝,980.0,2.0,2017-06-15,1960.0,323.4,264.6,2077.6,林人政,Male,40,新北市,金融業和房地產,2017.0,6.0,15.0,2.0,40
ID02457,AC1703697,F004,大化妝包-桃粉,配件,1600.0,2.0,2017-06-15,3200.0,793.6,166.4,3392.0,徐克岑,Female,44,基隆市,金融業和房地產,2017.0,6.0,15.0,2.0,40
ID02458,AC1700693,F025,雙向層架式書桌-咖,家俱,2900.0,2.0,2017-06-15,5800.0,870.0000000000005,870.0,6148.0,張慧敏,Female,35,新北市,教育體育文化,2017.0,6.0,15.0,2.0,30
ID02459,AC1703869,F015,法蘭絨格紋襯衫-紅,女裝,1740.0,1.0,2017-06-15,1740.0,287.1,234.9,1844.4,甯胤伸,Male,46,臺北市,住宿和餐飲業,2017.0,6.0,15.0,2.0,40
ID02460,AC1703169,F015,法蘭絨格紋襯衫-紅,女裝,1740.0,1.0,2017-06-15,1740.0,287.1,234.9,1844.4,韓舜其,Male,63,桃園市,住宿和餐飲業,2017.0,6.0,15.0,2.0,60
ID02461,AC1702933,F015,法蘭絨格紋襯衫-紅,女裝,1740.0,1.0,2017-06-15,1740.0,287.1,234.9,1844.4,吳佩樺,Female,45,桃園市,其他,2017.0,6.0,15.0,2.0,40
ID02462,AC1702542,F033,高機能伸縮衣架-黑,家俱,600.0,1.0,2017-07-04,600.0,90.0,90.0,636.0,許佑霖,Male,27,桃園市,住宿和餐飲業,2017.0,7.0,4.0,3.0,20
ID02463,AC1703478,F002,運動潮流直筒棉褲男童-白,童裝,930.0,2.0,2017-06-15,1860.0,327.36,230.64,1971.6000000000001,王堯來,Male,39,基隆市,金融業和房地產,2017.0,6.0,15.0,2.0,30
ID02464,AC1701958,F003,印圖大學T男裝-藍,男裝,750.0,1.0,2017-07-04,750.0,144.0,81.0,795.0,江曼馨,Female,42,新北市,金融業和房地產,2017.0,7.0,4.0,3.0,40
ID02465,AC1700657,F002,運動潮流直筒棉褲男童-白,童裝,930.0,2.0,2017-06-15,1860.0,327.36,230.64,1971.6000000000001,林怡雯,Female,32,新北市,金融業和房地產,2017.0,6.0,15.0,2.0,30
ID02466,AC1703494,F003,印圖大學T男裝-藍,男裝,750.0,1.0,2017-07-04,750.0,144.0,81.0,795.0,林定鈺,Male,27,基隆市,金融業和房地產,2017.0,7.0,4.0,3.0,20
ID02467,AC1701647,F013,潮感印條連帽外套-男裝,男裝,1740.0,1.0,2017-07-04,1740.0,334.08000000000004,187.92,1844.4,許宜靜,Female,46,新北市,住宿和餐飲業,2017.0,7.0,4.0,3.0,40
ID02468,AC1700211,F005,運動潮流連帽外套男裝-灰,男裝,1450.0,2.0,2017-06-15,2900.0,556.8000000000002,313.2,3074.0,陳麗華,Female,31,臺北市,金融業和房地產,2017.0,6.0,15.0,2.0,30
ID02469,AC1701191,F025,雙向層架式書桌-咖,家俱,2900.0,2.0,2017-06-15,5800.0,870.0000000000005,870.0,6148.0,許豪宇,Male,22,新北市,金融業和房地產,2017.0,6.0,15.0,2.0,20
ID02470,AC1701900,F025,雙向層架式書桌-咖,家俱,2900.0,2.0,2017-06-15,5800.0,870.0000000000005,870.0,6148.0,賴政哲,Male,34,宜蘭縣,金融業和房地產,2017.0,6.0,15.0,2.0,30
ID02471,AC1701198,F009,大化妝包-深藍,配件,2100.0,1.0,2017-07-04,2100.0,520.8,109.19999999999999,2226.0,劉淑惠,Female,35,新北市,金融業和房地產,2017.0,7.0,4.0,3.0,30
ID02472,AC1700373,F025,雙向層架式書桌-咖,家俱,2900.0,2.0,2017-06-15,5800.0,870.0000000000005,870.0,6148.0,游延萱,Female,46,新北市,金融業和房地產,2017.0,6.0,15.0,2.0,40
ID02473,AC1703831,F033,高機能伸縮衣架-黑,家俱,600.0,1.0,2017-07-04,600.0,90.0,90.0,636.0,張玉平,Female,35,臺北市,其他,2017.0,7.0,4.0,3.0,30
ID02474,AC1702747,F015,法蘭絨格紋襯衫-紅,女裝,1740.0,1.0,2017-06-15,1740.0,287.1,234.9,1844.4,李火雪,Male,32,桃園市,住宿和餐飲業,2017.0,6.0,15.0,2.0,30
ID02475,AC1702593,F003,印圖大學T男裝-藍,男裝,750.0,1.0,2017-07-04,750.0,144.0,81.0,795.0,蔡怡芳,Male,36,桃園市,住宿和餐飲業,2017.0,7.0,4.0,3.0,30
ID02476,AC1700510,F015,法蘭絨格紋襯衫-紅,女裝,1740.0,1.0,2017-06-15,1740.0,287.1,234.9,1844.4,林宗寧,Male,41,新北市,其他,2017.0,6.0,15.0,2.0,40
ID02477,AC1700761,F003,印圖大學T男裝-藍,男裝,750.0,1.0,2017-07-04,750.0,144.0,81.0,795.0,林于花,Male,36,新北市,金融業和房地產,2017.0,7.0,4.0,3.0,30
ID02478,AC1702365,F013,潮感印條連帽外套-男裝,男裝,1740.0,1.0,2017-07-04,1740.0,334.08000000000004,187.92,1844.4,林家豪,Male,22,桃園市,住宿和餐飲業,2017.0,7.0,4.0,3.0,20
ID02479,AC1701065,F015,法蘭絨格紋襯衫-紅,女裝,1740.0,1.0,2017-06-15,1740.0,287.1,234.9,1844.4,林孟璇,Male,34,新北市,金融業和房地產,2017.0,6.0,15.0,2.0,30
ID02480,AC1701458,F002,運動潮流直筒棉褲男童-白,童裝,930.0,2.0,2017-06-15,1860.0,327.36,230.64,1971.6000000000001,駱瓊榮,Male,34,宜蘭縣,住宿和餐飲業,2017.0,6.0,15.0,2.0,30
ID02481,AC1700001,F002,運動潮流直筒棉褲男童-白,童裝,930.0,2.0,2017-06-15,1860.0,327.36,230.64,1971.6000000000001,李國發,Male,21,新北市,金融業和房地產,2017.0,6.0,15.0,2.0,20
ID02482,AC1702110,F009,大化妝包-深藍,配件,2100.0,1.0,2017-07-04,2100.0,520.8,109.19999999999999,2226.0,朱昱倩,Female,34,新北市,金融業和房地產,2017.0,7.0,4.0,3.0,30
ID02483,AC1700362,F005,運動潮流連帽外套男裝-灰,男裝,1450.0,2.0,2017-06-15,2900.0,556.8000000000002,313.2,3074.0,劉奕容,Male,49,新北市,金融業和房地產,2017.0,6.0,15.0,2.0,40
ID02484,AC1701484,F033,高機能伸縮衣架-黑,家俱,600.0,1.0,2017-07-04,600.0,90.0,90.0,636.0,張惠敏,Female,39,新北市,其他,2017.0,7.0,4.0,3.0,30
ID02485,AC1700749,F025,雙向層架式書桌-咖,家俱,2900.0,2.0,2017-06-15,5800.0,870.0000000000005,870.0,6148.0,袁漢軒,Male,28,新北市,住宿和餐飲業,2017.0,6.0,15.0,2.0,20
ID02486,AC1700965,F003,印圖大學T男裝-藍,男裝,750.0,1.0,2017-07-04,750.0,144.0,81.0,795.0,溫雅玲,Female,39,新北市,住宿和餐飲業,2017.0,7.0,4.0,3.0,30
ID02487,AC1703349,F025,雙向層架式書桌-咖,家俱,2900.0,2.0,2017-06-15,5800.0,870.0000000000005,870.0,6148.0,郭至全,Female,33,基隆市,住宿和餐飲業,2017.0,6.0,15.0,2.0,30
ID02488,AC1702692,F003,印圖大學T男裝-藍,男裝,750.0,1.0,2017-07-04,750.0,144.0,81.0,795.0,陳建宇,Female,42,桃園市,其他,2017.0,7.0,4.0,3.0,40
ID02489,AC1700029,F013,潮感印條連帽外套-男裝,男裝,1740.0,1.0,2017-07-04,1740.0,334.08000000000004,187.92,1844.4,徐嘉辰,Male,47,臺北市,金融業和房地產,2017.0,7.0,4.0,3.0,40
ID02490,AC1703880,F025,雙向層架式書桌-咖,家俱,2900.0,2.0,2017-06-15,5800.0,870.0000000000005,870.0,6148.0,李琬婷,Female,44,臺北市,其他,2017.0,6.0,15.0,2.0,40
ID02491,AC1701038,F005,運動潮流連帽外套男裝-灰,男裝,1450.0,1.0,2017-07-04,1450.0,278.4000000000001,156.6,1537.0,林翠桓,Male,43,新北市,金融業和房地產,2017.0,7.0,4.0,3.0,40
ID02492,AC1701721,F024,運動潮流直筒棉褲男童-灰,童裝,2030.0,1.0,2017-07-04,2030.0,357.28,251.72,2151.8,蔡凱元,Male,43,宜蘭縣,金融業和房地產,2017.0,7.0,4.0,3.0,40
ID02493,AC1700530,F009,大化妝包-深藍,配件,2100.0,1.0,2017-07-04,2100.0,520.8,109.19999999999999,2226.0,林怡依,Male,32,新北市,教育體育文化,2017.0,7.0,4.0,3.0,30
ID02494,AC1702921,F041,三層樓梯椅-黑,家俱,820.0,1.0,2017-07-04,820.0,123.0,123.0,869.2,劉采卿,Female,50,桃園市,住宿和餐飲業,2017.0,7.0,4.0,3.0,50
ID02495,AC1701396,F033,高機能伸縮衣架-黑,家俱,600.0,1.0,2017-07-04,600.0,90.0,90.0,636.0,李國蘋,Female,38,新北市,金融業和房地產,2017.0,7.0,4.0,3.0,30
ID02496,AC1701825,F005,運動潮流連帽外套男裝-灰,男裝,1450.0,1.0,2017-07-04,1450.0,278.4000000000001,156.6,1537.0,黃琇銘,Male,42,宜蘭縣,金融業和房地產,2017.0,7.0,4.0,3.0,40
ID02497,AC1703992,F003,印圖大學T男裝-藍,男裝,750.0,1.0,2017-07-04,750.0,144.0,81.0,795.0,倪兆倩,Female,45,臺北市,住宿和餐飲業,2017.0,7.0,4.0,3.0,40
ID02498,AC1700539,F005,運動潮流連帽外套男裝-灰,男裝,1450.0,1.0,2017-07-04,1450.0,278.4000000000001,156.6,1537.0,陳玉揚,Female,30,新北市,其他,2017.0,7.0,4.0,3.0,30
ID02499,AC1702475,F003,印圖大學T男裝-藍,男裝,750.0,1.0,2017-07-04,750.0,144.0,81.0,795.0,游佳芬,Female,61,桃園市,其他,2017.0,7.0,4.0,3.0,60
ID02500,AC1700456,F013,潮感印條連帽外套-男裝,男裝,1740.0,1.0,2017-07-04,1740.0,334.08000000000004,187.92,1844.4,方婉婷,Female,49,新北市,金融業和房地產,2017.0,7.0,4.0,3.0,40
ID02501,AC1700756,F005,運動潮流連帽外套男裝-灰,男裝,1450.0,1.0,2017-07-04,1450.0,278.4000000000001,156.6,1537.0,陳虹軒,Male,33,新北市,金融業和房地產,2017.0,7.0,4.0,3.0,30
ID02502,AC1703145,F005,運動潮流連帽外套男裝-灰,男裝,1450.0,1.0,2017-07-04,1450.0,278.4000000000001,156.6,1537.0,曾豐依,Male,48,桃園市,其他,2017.0,7.0,4.0,3.0,40
ID02503,AC1701513,F024,運動潮流直筒棉褲男童-灰,童裝,2030.0,1.0,2017-07-04,2030.0,357.28,251.72,2151.8,曾乃揚,Male,39,宜蘭縣,金融業和房地產,2017.0,7.0,4.0,3.0,30
ID02504,AC1701404,F009,大化妝包-深藍,配件,2100.0,1.0,2017-07-04,2100.0,520.8,109.19999999999999,2226.0,陳枝蘭,Female,38,宜蘭縣,住宿和餐飲業,2017.0,7.0,4.0,3.0,30
ID02505,AC1700466,F041,三層樓梯椅-黑,家俱,820.0,1.0,2017-07-04,820.0,123.0,123.0,869.2,陳宏孜,Male,36,新北市,金融業和房地產,2017.0,7.0,4.0,3.0,30
ID02506,AC1700455,F033,高機能伸縮衣架-黑,家俱,600.0,1.0,2017-07-04,600.0,90.0,90.0,636.0,劉育菁,Female,34,新北市,金融業和房地產,2017.0,7.0,4.0,3.0,30
ID02507,AC1703761,F005,運動潮流連帽外套男裝-灰,男裝,1450.0,1.0,2017-07-04,1450.0,278.4000000000001,156.6,1537.0,杜淑梅,Female,29,基隆市,金融業和房地產,2017.0,7.0,4.0,3.0,20
ID02508,AC1702162,F003,印圖大學T男裝-藍,男裝,750.0,1.0,2017-07-04,750.0,144.0,81.0,795.0,張芃生,Female,31,桃園市,其他,2017.0,7.0,4.0,3.0,30
ID02509,AC1703358,F005,運動潮流連帽外套男裝-灰,男裝,1450.0,1.0,2017-07-04,1450.0,278.4000000000001,156.6,1537.0,林佩琪,Female,36,基隆市,住宿和餐飲業,2017.0,7.0,4.0,3.0,30
ID02510,AC1700735,F003,印圖大學T男裝-藍,男裝,750.0,1.0,2017-07-04,750.0,144.0,81.0,795.0,李郁婷,Male,31,新北市,住宿和餐飲業,2017.0,7.0,4.0,3.0,30
ID02511,AC1700203,F013,潮感印條連帽外套-男裝,男裝,1740.0,1.0,2017-07-04,1740.0,334.08000000000004,187.92,1844.4,劉于婷,Female,41,臺北市,金融業和房地產,2017.0,7.0,4.0,3.0,40
ID02512,AC1700896,F005,運動潮流連帽外套男裝-灰,男裝,1450.0,1.0,2017-07-04,1450.0,278.4000000000001,156.6,1537.0,劉湘麟,Male,38,新北市,金融業和房地產,2017.0,7.0,4.0,3.0,30
ID02513,AC1703239,F005,運動潮流連帽外套男裝-灰,男裝,1450.0,1.0,2017-07-04,1450.0,278.4000000000001,156.6,1537.0,劉雅皓,Female,60,桃園市,教育體育文化,2017.0,7.0,4.0,3.0,60
ID02514,AC1702553,F024,運動潮流直筒棉褲男童-灰,童裝,2030.0,1.0,2017-07-04,2030.0,357.28,251.72,2151.8,陳憲以,Female,50,桃園市,其他,2017.0,7.0,4.0,3.0,50
ID02515,AC1700975,F009,大化妝包-深藍,配件,2100.0,1.0,2017-07-04,2100.0,520.8,109.19999999999999,2226.0,林子湖,Female,24,新北市,其他,2017.0,7.0,4.0,3.0,20
ID02516,AC1702118,F019,法蘭絨格紋襯衫-綠,女裝,1800.0,1.0,2017-07-06,1800.0,297.0,243.00000000000003,1908.0,蔡鴻學,Male,27,宜蘭縣,金融業和房地產,2017.0,7.0,6.0,3.0,20
ID02517,AC1700719,F016,後背包-藍,配件,890.0,1.0,2017-07-06,890.0,220.72,46.28,943.4000000000001,曹雅芬,Male,29,新北市,其他,2017.0,7.0,6.0,3.0,20
ID02518,AC1703802,F019,法蘭絨格紋襯衫-綠,女裝,1800.0,1.0,2017-07-06,1800.0,297.0,243.00000000000003,1908.0,宮佳穎,Female,45,臺北市,金融業和房地產,2017.0,7.0,6.0,3.0,40
ID02519,AC1701965,F041,三層樓梯椅-黑,家俱,820.0,1.0,2017-07-04,820.0,123.0,123.0,869.2,陳瑩堅,Male,42,宜蘭縣,金融業和房地產,2017.0,7.0,4.0,3.0,40
ID02520,AC1700741,F005,運動潮流連帽外套男裝-灰,男裝,1450.0,1.0,2017-07-04,1450.0,278.4000000000001,156.6,1537.0,張瑋任,Female,30,新北市,金融業和房地產,2017.0,7.0,4.0,3.0,30
ID02521,AC1700013,F005,運動潮流連帽外套男裝-灰,男裝,1450.0,1.0,2017-07-04,1450.0,278.4000000000001,156.6,1537.0,郭信邦,Male,48,基隆市,教育體育文化,2017.0,7.0,4.0,3.0,40
ID02522,AC1700633,F005,運動潮流連帽外套男裝-灰,男裝,1450.0,1.0,2017-07-04,1450.0,278.4000000000001,156.6,1537.0,林瑋倫,Male,37,新北市,金融業和房地產,2017.0,7.0,4.0,3.0,30
ID02523,AC1703278,F019,法蘭絨格紋襯衫-綠,女裝,1800.0,1.0,2017-07-06,1800.0,297.0,243.00000000000003,1908.0,蔡得凱,Female,64,桃園市,其他,2017.0,7.0,6.0,3.0,60
ID02524,AC1702908,F016,後背包-藍,配件,890.0,1.0,2017-07-06,890.0,220.72,46.28,943.4000000000001,張淑如,Male,53,桃園市,其他,2017.0,7.0,6.0,3.0,50
ID02525,AC1701246,F019,法蘭絨格紋襯衫-綠,女裝,1800.0,1.0,2017-07-06,1800.0,297.0,243.00000000000003,1908.0,李明宏,Male,42,新北市,金融業和房地產,2017.0,7.0,6.0,3.0,40
ID02526,AC1701656,F005,運動潮流連帽外套男裝-灰,男裝,1450.0,1.0,2017-07-04,1450.0,278.4000000000001,156.6,1537.0,勞岳翰,Male,38,宜蘭縣,金融業和房地產,2017.0,7.0,4.0,3.0,30
ID02527,AC1703725,F024,運動潮流直筒棉褲男童-灰,童裝,2030.0,1.0,2017-07-04,2030.0,357.28,251.72,2151.8,郭蕙法,Female,35,基隆市,金融業和房地產,2017.0,7.0,4.0,3.0,30
ID02528,AC1701530,F041,三層樓梯椅-黑,家俱,820.0,1.0,2017-07-04,820.0,123.0,123.0,869.2,賴聖傑,Male,31,宜蘭縣,金融業和房地產,2017.0,7.0,4.0,3.0,30
ID02529,AC1703522,F005,運動潮流連帽外套男裝-灰,男裝,1450.0,1.0,2017-07-04,1450.0,278.4000000000001,156.6,1537.0,吳心怡,Female,33,基隆市,其他,2017.0,7.0,4.0,3.0,30
ID02530,AC1701041,F019,法蘭絨格紋襯衫-綠,女裝,1800.0,1.0,2017-07-06,1800.0,297.0,243.00000000000003,1908.0,謝仲蓮,Male,31,新北市,金融業和房地產,2017.0,7.0,6.0,3.0,30
ID02531,AC1701030,F016,後背包-藍,配件,890.0,1.0,2017-07-06,890.0,220.72,46.28,943.4000000000001,柯凱靖,Male,27,新北市,其他,2017.0,7.0,6.0,3.0,20
ID02532,AC1701777,F019,法蘭絨格紋襯衫-綠,女裝,1800.0,1.0,2017-07-06,1800.0,297.0,243.00000000000003,1908.0,林文盈,Male,44,宜蘭縣,其他,2017.0,7.0,6.0,3.0,40
ID02533,AC1701179,F005,運動潮流連帽外套男裝-灰,男裝,1450.0,1.0,2017-07-04,1450.0,278.4000000000001,156.6,1537.0,李宜法,Male,40,新北市,住宿和餐飲業,2017.0,7.0,4.0,3.0,40
ID02534,AC1701053,F005,運動潮流連帽外套男裝-灰,男裝,1450.0,1.0,2017-07-04,1450.0,278.4000000000001,156.6,1537.0,潘善苓,Male,36,新北市,金融業和房地產,2017.0,7.0,4.0,3.0,30
ID02535,AC1700854,F005,運動潮流連帽外套男裝-灰,男裝,1450.0,1.0,2017-07-04,1450.0,278.4000000000001,156.6,1537.0,楊劭光,Male,39,新北市,金融業和房地產,2017.0,7.0,4.0,3.0,30
ID02536,AC1701469,F024,運動潮流直筒棉褲男童-灰,童裝,2030.0,1.0,2017-07-04,2030.0,357.28,251.72,2151.8,趙金杰,Female,28,新北市,金融業和房地產,2017.0,7.0,4.0,3.0,20
ID02537,AC1700969,F019,法蘭絨格紋襯衫-綠,女裝,1800.0,1.0,2017-07-06,1800.0,297.0,243.00000000000003,1908.0,童傑雯,Female,24,新北市,金融業和房地產,2017.0,7.0,6.0,3.0,20
ID02538,AC1703476,F016,後背包-藍,配件,890.0,1.0,2017-07-06,890.0,220.72,46.28,943.4000000000001,林冠伶,Female,35,基隆市,金融業和房地產,2017.0,7.0,6.0,3.0,30
ID02539,AC1700851,F019,法蘭絨格紋襯衫-綠,女裝,1800.0,1.0,2017-07-06,1800.0,297.0,243.00000000000003,1908.0,徐筠依,Male,26,新北市,金融業和房地產,2017.0,7.0,6.0,3.0,20
ID02540,AC1703281,F041,三層樓梯椅-黑,家俱,820.0,1.0,2017-07-04,820.0,123.0,123.0,869.2,施少枝,Female,50,桃園市,其他,2017.0,7.0,4.0,3.0,50
ID02541,AC1702055,F005,運動潮流連帽外套男裝-灰,男裝,1450.0,1.0,2017-07-04,1450.0,278.4000000000001,156.6,1537.0,黃柏翔,Male,28,宜蘭縣,其他,2017.0,7.0,4.0,3.0,20
ID02542,AC1700779,F005,運動潮流連帽外套男裝-灰,男裝,1450.0,1.0,2017-07-04,1450.0,278.4000000000001,156.6,1537.0,蔡敬堅,Female,39,新北市,金融業和房地產,2017.0,7.0,4.0,3.0,30
ID02543,AC1703916,F005,運動潮流連帽外套男裝-灰,男裝,1450.0,1.0,2017-07-04,1450.0,278.4000000000001,156.6,1537.0,陳樂書,Female,41,臺北市,住宿和餐飲業,2017.0,7.0,4.0,3.0,40
ID02544,AC1700126,F019,法蘭絨格紋襯衫-綠,女裝,1800.0,1.0,2017-07-06,1800.0,297.0,243.00000000000003,1908.0,張詩婷,Female,40,新北市,其他,2017.0,7.0,6.0,3.0,40
ID02545,AC1702170,F016,後背包-藍,配件,890.0,1.0,2017-07-06,890.0,220.72,46.28,943.4000000000001,張嘉秀,Male,59,桃園市,其他,2017.0,7.0,6.0,3.0,50
ID02546,AC1700012,F019,法蘭絨格紋襯衫-綠,女裝,1800.0,1.0,2017-07-06,1800.0,297.0,243.00000000000003,1908.0,武家豪,Male,53,基隆市,農林漁牧業,2017.0,7.0,6.0,3.0,50
ID02547,AC1700904,F025,雙向層架式書桌-咖,家俱,2900.0,1.0,2017-07-06,2900.0,435.0000000000002,435.0,3074.0,江志成,Male,34,新北市,其他,2017.0,7.0,6.0,3.0,30
ID02548,AC1701375,F025,雙向層架式書桌-咖,家俱,2900.0,1.0,2017-07-06,2900.0,435.0000000000002,435.0,3074.0,陳詩婷,Male,46,宜蘭縣,金融業和房地產,2017.0,7.0,6.0,3.0,40
ID02549,AC1702787,F025,雙向層架式書桌-咖,家俱,2900.0,1.0,2017-07-06,2900.0,435.0000000000002,435.0,3074.0,劉家瑜,Male,42,桃園市,住宿和餐飲業,2017.0,7.0,6.0,3.0,40
ID02550,AC1700843,F025,雙向層架式書桌-咖,家俱,2900.0,1.0,2017-07-06,2900.0,435.0000000000002,435.0,3074.0,倪雯芬,Male,35,新北市,教育體育文化,2017.0,7.0,6.0,3.0,30
ID02551,AC1701178,F009,大化妝包-深藍,配件,2100.0,2.0,2017-07-12,4200.0,1041.6,218.39999999999998,4452.0,黃心城,Male,43,新北市,金融業和房地產,2017.0,7.0,12.0,3.0,40
ID02552,AC1702566,F003,印圖大學T男裝-藍,男裝,750.0,3.0,2017-07-12,2250.0,432.0,243.0,2385.0,林育儒,Female,59,桃園市,其他,2017.0,7.0,12.0,3.0,50
ID02553,AC1701781,F013,潮感印條連帽外套-男裝,男裝,1740.0,3.0,2017-07-12,5220.0,1002.2400000000005,563.76,5533.200000000001,黃彥仁,Female,30,新北市,金融業和房地產,2017.0,7.0,12.0,3.0,30
ID02554,AC1701325,F025,雙向層架式書桌-咖,家俱,2900.0,1.0,2017-07-06,2900.0,435.0000000000002,435.0,3074.0,劉政翰,Male,34,宜蘭縣,農林漁牧業,2017.0,7.0,6.0,3.0,30
ID02555,AC1702434,F025,雙向層架式書桌-咖,家俱,2900.0,1.0,2017-07-06,2900.0,435.0000000000002,435.0,3074.0,張昀博,Female,43,桃園市,其他,2017.0,7.0,6.0,3.0,40
ID02556,AC1700347,F019,法蘭絨格紋襯衫-綠,女裝,1800.0,3.0,2017-07-12,5400.0,891.0000000000005,729.0,5724.0,吳美君,Female,63,新北市,金融業和房地產,2017.0,7.0,12.0,3.0,60
ID02557,AC1700927,F025,雙向層架式書桌-咖,家俱,2900.0,1.0,2017-07-06,2900.0,435.0000000000002,435.0,3074.0,李雅惠,Female,38,新北市,其他,2017.0,7.0,6.0,3.0,30
ID02558,AC1703519,F012,托特包-白,配件,1740.0,5.0,2017-07-12,8700.0,2157.6,452.4,9222.0,翁淑玲,Female,38,基隆市,金融業和房地產,2017.0,7.0,12.0,3.0,30
ID02559,AC1703427,F009,大化妝包-深藍,配件,2100.0,2.0,2017-07-12,4200.0,1041.6,218.39999999999998,4452.0,蔡佩海,Male,35,基隆市,住宿和餐飲業,2017.0,7.0,12.0,3.0,30
ID02560,AC1703346,F003,印圖大學T男裝-藍,男裝,750.0,3.0,2017-07-12,2250.0,432.0,243.0,2385.0,蔡榮弘,Female,34,基隆市,住宿和餐飲業,2017.0,7.0,12.0,3.0,30
ID02561,AC1703403,F013,潮感印條連帽外套-男裝,男裝,1740.0,3.0,2017-07-12,5220.0,1002.2400000000005,563.76,5533.200000000001,吳雅斌,Female,36,基隆市,金融業和房地產,2017.0,7.0,12.0,3.0,30
ID02562,AC1701666,F025,雙向層架式書桌-咖,家俱,2900.0,1.0,2017-07-06,2900.0,435.0000000000002,435.0,3074.0,柯天珮,Female,25,新北市,其他,2017.0,7.0,6.0,3.0,20
ID02563,AC1701401,F025,雙向層架式書桌-咖,家俱,2900.0,1.0,2017-07-06,2900.0,435.0000000000002,435.0,3074.0,張亮福,Male,32,宜蘭縣,金融業和房地產,2017.0,7.0,6.0,3.0,30
ID02564,AC1700089,F019,法蘭絨格紋襯衫-綠,女裝,1800.0,3.0,2017-07-12,5400.0,891.0000000000005,729.0,5724.0,吳怡潔,Female,56,基隆市,金融業和房地產,2017.0,7.0,12.0,3.0,50
ID02565,AC1700466,F025,雙向層架式書桌-咖,家俱,2900.0,1.0,2017-07-06,2900.0,435.0000000000002,435.0,3074.0,陳宏孜,Male,36,新北市,金融業和房地產,2017.0,7.0,6.0,3.0,30
ID02566,AC1702774,F012,托特包-白,配件,1740.0,5.0,2017-07-12,8700.0,2157.6,452.4,9222.0,林志泉,Male,56,桃園市,住宿和餐飲業,2017.0,7.0,12.0,3.0,50
ID02567,AC1701991,F009,大化妝包-深藍,配件,2100.0,2.0,2017-07-12,4200.0,1041.6,218.39999999999998,4452.0,楊兆珍,Female,28,新北市,住宿和餐飲業,2017.0,7.0,12.0,3.0,20
ID02568,AC1703908,F003,印圖大學T男裝-藍,男裝,750.0,3.0,2017-07-12,2250.0,432.0,243.0,2385.0,黃雅筑,Female,34,臺北市,其他,2017.0,7.0,12.0,3.0,30
ID02569,AC1702482,F013,潮感印條連帽外套-男裝,男裝,1740.0,3.0,2017-07-12,5220.0,1002.2400000000005,563.76,5533.200000000001,陳怡君,Female,46,桃園市,其他,2017.0,7.0,12.0,3.0,40
ID02570,AC1700466,F025,雙向層架式書桌-咖,家俱,2900.0,1.0,2017-07-06,2900.0,435.0000000000002,435.0,3074.0,陳宏孜,Male,36,新北市,金融業和房地產,2017.0,7.0,6.0,3.0,30
ID02571,AC1700725,F025,雙向層架式書桌-咖,家俱,2900.0,1.0,2017-07-06,2900.0,435.0000000000002,435.0,3074.0,林玉州,Female,38,新北市,金融業和房地產,2017.0,7.0,6.0,3.0,30
ID02572,AC1700185,F019,法蘭絨格紋襯衫-綠,女裝,1800.0,3.0,2017-07-12,5400.0,891.0000000000005,729.0,5724.0,劉婉如,Female,45,臺北市,金融業和房地產,2017.0,7.0,12.0,3.0,40
ID02573,AC1700829,F025,雙向層架式書桌-咖,家俱,2900.0,1.0,2017-07-06,2900.0,435.0000000000002,435.0,3074.0,邱仲恆,Female,41,新北市,教育體育文化,2017.0,7.0,6.0,3.0,40
ID02574,AC1703573,F012,托特包-白,配件,1740.0,5.0,2017-07-12,8700.0,2157.6,452.4,9222.0,王耿諭,Female,37,基隆市,金融業和房地產,2017.0,7.0,12.0,3.0,30
ID02575,AC1702256,F009,大化妝包-深藍,配件,2100.0,2.0,2017-07-12,4200.0,1041.6,218.39999999999998,4452.0,王宜欣,Male,41,桃園市,住宿和餐飲業,2017.0,7.0,12.0,3.0,40
ID02576,AC1702827,F003,印圖大學T男裝-藍,男裝,750.0,3.0,2017-07-12,2250.0,432.0,243.0,2385.0,連湖白,Male,43,桃園市,住宿和餐飲業,2017.0,7.0,12.0,3.0,40
ID02577,AC1702111,F013,潮感印條連帽外套-男裝,男裝,1740.0,3.0,2017-07-12,5220.0,1002.2400000000005,563.76,5533.200000000001,謝明香,Female,36,宜蘭縣,其他,2017.0,7.0,12.0,3.0,30
ID02578,AC1703339,F025,雙向層架式書桌-咖,家俱,2900.0,1.0,2017-07-06,2900.0,435.0000000000002,435.0,3074.0,劉彥娟,Female,40,基隆市,其他,2017.0,7.0,6.0,3.0,40
ID02579,AC1702616,F025,雙向層架式書桌-咖,家俱,2900.0,1.0,2017-07-06,2900.0,435.0000000000002,435.0,3074.0,劉玉瑜,Male,64,桃園市,住宿和餐飲業,2017.0,7.0,6.0,3.0,60
ID02580,AC1700593,F019,法蘭絨格紋襯衫-綠,女裝,1800.0,3.0,2017-07-12,5400.0,891.0000000000005,729.0,5724.0,蔡智仁,Female,28,新北市,其他,2017.0,7.0,12.0,3.0,20
ID02581,AC1701300,F025,雙向層架式書桌-咖,家俱,2900.0,1.0,2017-07-06,2900.0,435.0000000000002,435.0,3074.0,黃培倫,Female,36,新北市,金融業和房地產,2017.0,7.0,6.0,3.0,30
ID02582,AC1702215,F012,托特包-白,配件,1740.0,5.0,2017-07-12,8700.0,2157.6,452.4,9222.0,錢俐玲,Female,45,桃園市,住宿和餐飲業,2017.0,7.0,12.0,3.0,40
ID02583,AC1703868,F009,大化妝包-深藍,配件,2100.0,2.0,2017-07-12,4200.0,1041.6,218.39999999999998,4452.0,馬彥儒,Female,37,臺北市,金融業和房地產,2017.0,7.0,12.0,3.0,30
ID02584,AC1703999,F003,印圖大學T男裝-藍,男裝,750.0,3.0,2017-07-12,2250.0,432.0,243.0,2385.0,井怡芬,Female,42,臺北市,金融業和房地產,2017.0,7.0,12.0,3.0,40
ID02585,AC1702783,F013,潮感印條連帽外套-男裝,男裝,1740.0,3.0,2017-07-12,5220.0,1002.2400000000005,563.76,5533.200000000001,王昱月,Male,39,桃園市,住宿和餐飲業,2017.0,7.0,12.0,3.0,30
ID02586,AC1702296,F025,雙向層架式書桌-咖,家俱,2900.0,1.0,2017-07-06,2900.0,435.0000000000002,435.0,3074.0,陳巧美,Female,52,桃園市,其他,2017.0,7.0,6.0,3.0,50
ID02587,AC1703282,F025,雙向層架式書桌-咖,家俱,2900.0,1.0,2017-07-06,2900.0,435.0000000000002,435.0,3074.0,陳麗君,Female,51,桃園市,住宿和餐飲業,2017.0,7.0,6.0,3.0,50
ID02588,AC1701270,F019,法蘭絨格紋襯衫-綠,女裝,1800.0,3.0,2017-07-12,5400.0,891.0000000000005,729.0,5724.0,李依珮,Male,47,新北市,金融業和房地產,2017.0,7.0,12.0,3.0,40
ID02589,AC1703082,F025,雙向層架式書桌-咖,家俱,2900.0,1.0,2017-07-06,2900.0,435.0000000000002,435.0,3074.0,熊馥平,Male,49,桃園市,住宿和餐飲業,2017.0,7.0,6.0,3.0,40
ID02590,AC1703565,F012,托特包-白,配件,1740.0,5.0,2017-07-12,8700.0,2157.6,452.4,9222.0,徐翠妹,Female,24,基隆市,金融業和房地產,2017.0,7.0,12.0,3.0,20
ID02591,AC1702345,F025,雙向層架式書桌-咖,家俱,2900.0,1.0,2017-07-06,2900.0,435.0000000000002,435.0,3074.0,林宜旭,Male,44,桃園市,其他,2017.0,7.0,6.0,3.0,40
ID02592,AC1700405,F009,大化妝包-深藍,配件,2100.0,1.0,2017-07-15,2100.0,520.8,109.19999999999999,2226.0,陳貞儀,Female,36,新北市,住宿和餐飲業,2017.0,7.0,15.0,3.0,30
ID02593,AC1701764,F024,運動潮流直筒棉褲男童-灰,童裝,2030.0,3.0,2017-07-12,6090.0,1021.496,805.504,6455.400000000001,阮惠珠,Female,32,宜蘭縣,其他,2017.0,7.0,12.0,3.0,30
ID02594,AC1701110,F017,大學T男裝-灰,男裝,1200.0,2.0,2017-07-12,2400.0,460.8,259.2,2544.0,林雅玲,Male,50,新北市,金融業和房地產,2017.0,7.0,12.0,3.0,50
ID02595,AC1701419,F002,運動潮流直筒棉褲男童-白,童裝,930.0,3.0,2017-07-12,2790.0,491.04000000000025,345.96,2957.4,汪方春,Female,38,新北市,其他,2017.0,7.0,12.0,3.0,30
ID02596,AC1701047,F024,運動潮流直筒棉褲男童-灰,童裝,2030.0,3.0,2017-07-12,6090.0,1021.496,805.504,6455.400000000001,劉凱倫,Male,48,新北市,住宿和餐飲業,2017.0,7.0,12.0,3.0,40
ID02597,AC1703822,F017,大學T男裝-灰,男裝,1200.0,2.0,2017-07-12,2400.0,460.8,259.2,2544.0,錢淑真,Female,45,臺北市,金融業和房地產,2017.0,7.0,12.0,3.0,40
ID02598,AC1702087,F002,運動潮流直筒棉褲男童-白,童裝,930.0,3.0,2017-07-12,2790.0,491.04000000000025,345.96,2957.4,臧侑玫,Female,38,新北市,金融業和房地產,2017.0,7.0,12.0,3.0,30
ID02599,AC1702755,F024,運動潮流直筒棉褲男童-灰,童裝,2030.0,3.0,2017-07-12,6090.0,1021.496,805.504,6455.400000000001,李其榮,Male,37,桃園市,住宿和餐飲業,2017.0,7.0,12.0,3.0,30
ID02600,AC1700769,F017,大學T男裝-灰,男裝,1200.0,2.0,2017-07-12,2400.0,460.8,259.2,2544.0,喻善仰,Male,27,新北市,金融業和房地產,2017.0,7.0,12.0,3.0,20
ID02601,AC1700862,F002,運動潮流直筒棉褲男童-白,童裝,930.0,3.0,2017-07-12,2790.0,491.04000000000025,345.96,2957.4,吳昌邦,Male,31,新北市,金融業和房地產,2017.0,7.0,12.0,3.0,30
ID02602,AC1700069,F009,大化妝包-深藍,配件,2100.0,1.0,2017-07-15,2100.0,520.8,109.19999999999999,2226.0,邱筱潔,Female,42,基隆市,金融業和房地產,2017.0,7.0,15.0,3.0,40
ID02603,AC1701893,F024,運動潮流直筒棉褲男童-灰,童裝,2030.0,3.0,2017-07-12,6090.0,1021.496,805.504,6455.400000000001,劉嘉瑄,Female,35,新北市,金融業和房地產,2017.0,7.0,12.0,3.0,30
ID02604,AC1702535,F017,大學T男裝-灰,男裝,1200.0,2.0,2017-07-12,2400.0,460.8,259.2,2544.0,伏育瑋,Male,45,桃園市,住宿和餐飲業,2017.0,7.0,12.0,3.0,40
ID02605,AC1702241,F002,運動潮流直筒棉褲男童-白,童裝,930.0,3.0,2017-07-12,2790.0,491.04000000000025,345.96,2957.4,謝延江,Male,38,桃園市,住宿和餐飲業,2017.0,7.0,12.0,3.0,30
ID02606,AC1701270,F024,運動潮流直筒棉褲男童-灰,童裝,2030.0,3.0,2017-07-12,6090.0,1021.496,805.504,6455.400000000001,李依珮,Male,47,新北市,金融業和房地產,2017.0,7.0,12.0,3.0,40
ID02607,AC1702515,F017,大學T男裝-灰,男裝,1200.0,2.0,2017-07-12,2400.0,460.8,259.2,2544.0,曾冠宇,Male,52,桃園市,住宿和餐飲業,2017.0,7.0,12.0,3.0,50
ID02608,AC1700948,F002,運動潮流直筒棉褲男童-白,童裝,930.0,3.0,2017-07-12,2790.0,491.04000000000025,345.96,2957.4,葉萱淳,Male,35,新北市,金融業和房地產,2017.0,7.0,12.0,3.0,30
ID02609,AC1702230,F015,法蘭絨格紋襯衫-紅,女裝,1740.0,1.0,2017-07-15,1740.0,287.1,234.9,1844.4,陳宇軒,Male,52,桃園市,金融業和房地產,2017.0,7.0,15.0,3.0,50
ID02610,AC1702025,F024,運動潮流直筒棉褲男童-灰,童裝,2030.0,1.0,2017-07-15,2030.0,357.28,251.72,2151.8,張姿君,Female,35,宜蘭縣,金融業和房地產,2017.0,7.0,15.0,3.0,30
ID02611,AC1700764,F010,中夾-紅,皮件,2610.0,1.0,2017-07-15,2610.0,595.0800000000003,187.92,2766.6000000000004,陳建德,Female,32,新北市,金融業和房地產,2017.0,7.0,15.0,3.0,30
ID02612,AC1702907,F009,大化妝包-深藍,配件,2100.0,1.0,2017-07-15,2100.0,520.8,109.19999999999999,2226.0,黃政妏,Male,47,桃園市,其他,2017.0,7.0,15.0,3.0,40
ID02613,AC1700567,F024,運動潮流直筒棉褲男童-灰,童裝,2030.0,1.0,2017-07-15,2030.0,357.28,251.72,2151.8,張延綺,Male,32,新北市,教育體育文化,2017.0,7.0,15.0,3.0,30
ID02614,AC1702199,F002,運動潮流直筒棉褲男童-白,童裝,930.0,1.0,2017-07-15,930.0,163.68,115.32,985.8000000000001,楊怡君,Female,51,桃園市,住宿和餐飲業,2017.0,7.0,15.0,3.0,50
ID02615,AC1703211,F005,運動潮流連帽外套男裝-灰,男裝,1450.0,1.0,2017-07-15,1450.0,278.4000000000001,156.6,1537.0,張怡蓁,Female,49,桃園市,教育體育文化,2017.0,7.0,15.0,3.0,40
ID02616,AC1700090,F005,運動潮流連帽外套男裝-灰,男裝,1450.0,1.0,2017-07-15,1450.0,278.4000000000001,156.6,1537.0,林志俐,Male,48,基隆市,金融業和房地產,2017.0,7.0,15.0,3.0,40
ID02617,AC1701939,F002,運動潮流直筒棉褲男童-白,童裝,930.0,2.0,2017-07-15,1860.0,327.36,230.64,1971.6000000000001,杜千鑫,Male,43,宜蘭縣,金融業和房地產,2017.0,7.0,15.0,3.0,40
ID02618,AC1700597,F005,運動潮流連帽外套男裝-灰,男裝,1450.0,2.0,2017-07-15,2900.0,556.8000000000002,313.2,3074.0,張怡竹,Female,37,新北市,農林漁牧業,2017.0,7.0,15.0,3.0,30
ID02619,AC1700944,F015,法蘭絨格紋襯衫-紅,女裝,1740.0,1.0,2017-07-15,1740.0,287.1,234.9,1844.4,林建裕,Female,30,新北市,金融業和房地產,2017.0,7.0,15.0,3.0,30
ID02620,AC1702623,F024,運動潮流直筒棉褲男童-灰,童裝,2030.0,1.0,2017-07-15,2030.0,357.28,251.72,2151.8,袁俊凱,Female,43,桃園市,其他,2017.0,7.0,15.0,3.0,40
ID02621,AC1703055,F010,中夾-紅,皮件,2610.0,1.0,2017-07-15,2610.0,595.0800000000003,187.92,2766.6000000000004,王剛源,Male,51,桃園市,住宿和餐飲業,2017.0,7.0,15.0,3.0,50
ID02622,AC1701264,F009,大化妝包-深藍,配件,2100.0,1.0,2017-07-15,2100.0,520.8,109.19999999999999,2226.0,郭振瑋,Female,35,新北市,住宿和餐飲業,2017.0,7.0,15.0,3.0,30
ID02623,AC1703184,F024,運動潮流直筒棉褲男童-灰,童裝,2030.0,1.0,2017-07-15,2030.0,357.28,251.72,2151.8,吳敏斌,Male,48,桃園市,其他,2017.0,7.0,15.0,3.0,40
ID02624,AC1702915,F002,運動潮流直筒棉褲男童-白,童裝,930.0,1.0,2017-07-15,930.0,163.68,115.32,985.8000000000001,陳昌凌,Female,57,桃園市,其他,2017.0,7.0,15.0,3.0,50
ID02625,AC1703176,F005,運動潮流連帽外套男裝-灰,男裝,1450.0,1.0,2017-07-15,1450.0,278.4000000000001,156.6,1537.0,江文彥,Male,44,桃園市,住宿和餐飲業,2017.0,7.0,15.0,3.0,40
ID02626,AC1701025,F005,運動潮流連帽外套男裝-灰,男裝,1450.0,1.0,2017-07-15,1450.0,278.4000000000001,156.6,1537.0,黃志聖,Female,43,新北市,金融業和房地產,2017.0,7.0,15.0,3.0,40
ID02627,AC1703959,F002,運動潮流直筒棉褲男童-白,童裝,930.0,2.0,2017-07-15,1860.0,327.36,230.64,1971.6000000000001,蕭向苓,Male,44,臺北市,住宿和餐飲業,2017.0,7.0,15.0,3.0,40
ID02628,AC1700709,F005,運動潮流連帽外套男裝-灰,男裝,1450.0,2.0,2017-07-15,2900.0,556.8000000000002,313.2,3074.0,白美惠,Male,31,新北市,金融業和房地產,2017.0,7.0,15.0,3.0,30
ID02629,AC1703058,F015,法蘭絨格紋襯衫-紅,女裝,1740.0,1.0,2017-07-15,1740.0,287.1,234.9,1844.4,張育陽,Male,51,桃園市,其他,2017.0,7.0,15.0,3.0,50
ID02630,AC1700361,F024,運動潮流直筒棉褲男童-灰,童裝,2030.0,1.0,2017-07-15,2030.0,357.28,251.72,2151.8,林宗育,Female,56,新北市,金融業和房地產,2017.0,7.0,15.0,3.0,50
ID02631,AC1700156,F010,中夾-紅,皮件,2610.0,1.0,2017-07-15,2610.0,595.0800000000003,187.92,2766.6000000000004,周美雲,Female,48,新北市,金融業和房地產,2017.0,7.0,15.0,3.0,40
ID02632,AC1700859,F009,大化妝包-深藍,配件,2100.0,1.0,2017-07-15,2100.0,520.8,109.19999999999999,2226.0,陳育維,Male,44,新北市,金融業和房地產,2017.0,7.0,15.0,3.0,40
ID02633,AC1700994,F024,運動潮流直筒棉褲男童-灰,童裝,2030.0,1.0,2017-07-15,2030.0,357.28,251.72,2151.8,謝宛恬,Female,23,新北市,金融業和房地產,2017.0,7.0,15.0,3.0,20
ID02634,AC1703808,F002,運動潮流直筒棉褲男童-白,童裝,930.0,1.0,2017-07-15,930.0,163.68,115.32,985.8000000000001,陳秋珊,Female,52,臺北市,其他,2017.0,7.0,15.0,3.0,50
ID02635,AC1702053,F005,運動潮流連帽外套男裝-灰,男裝,1450.0,1.0,2017-07-15,1450.0,278.4000000000001,156.6,1537.0,廖建廷,Male,44,宜蘭縣,住宿和餐飲業,2017.0,7.0,15.0,3.0,40
ID02636,AC1702056,F005,運動潮流連帽外套男裝-灰,男裝,1450.0,1.0,2017-07-15,1450.0,278.4000000000001,156.6,1537.0,曾翠忠,Female,27,新北市,金融業和房地產,2017.0,7.0,15.0,3.0,20
ID02637,AC1701109,F002,運動潮流直筒棉褲男童-白,童裝,930.0,2.0,2017-07-15,1860.0,327.36,230.64,1971.6000000000001,廖豐卉,Female,36,新北市,教育體育文化,2017.0,7.0,15.0,3.0,30
ID02638,AC1701622,F005,運動潮流連帽外套男裝-灰,男裝,1450.0,2.0,2017-07-15,2900.0,556.8000000000002,313.2,3074.0,楊子維,Female,47,新北市,金融業和房地產,2017.0,7.0,15.0,3.0,40
ID02639,AC1701097,F015,法蘭絨格紋襯衫-紅,女裝,1740.0,1.0,2017-07-15,1740.0,287.1,234.9,1844.4,童欣宜,Female,43,新北市,其他,2017.0,7.0,15.0,3.0,40
ID02640,AC1703977,F024,運動潮流直筒棉褲男童-灰,童裝,2030.0,1.0,2017-07-15,2030.0,357.28,251.72,2151.8,楊家瑋,Male,43,臺北市,住宿和餐飲業,2017.0,7.0,15.0,3.0,40
ID02641,AC1703502,F013,潮感印條連帽外套-男裝,男裝,1740.0,1.0,2017-07-30,1740.0,334.08000000000004,187.92,1844.4,胡志念,Female,38,基隆市,金融業和房地產,2017.0,7.0,30.0,3.0,30
ID02642,AC1700083,F010,中夾-紅,皮件,2610.0,1.0,2017-07-15,2610.0,595.0800000000003,187.92,2766.6000000000004,陳筱涵,Female,55,基隆市,農林漁牧業,2017.0,7.0,15.0,3.0,50
ID02643,AC1701968,F024,運動潮流直筒棉褲男童-灰,童裝,2030.0,1.0,2017-07-15,2030.0,357.28,251.72,2151.8,欒玉玲,Female,33,宜蘭縣,金融業和房地產,2017.0,7.0,15.0,3.0,30
ID02644,AC1700107,F002,運動潮流直筒棉褲男童-白,童裝,930.0,1.0,2017-07-15,930.0,163.68,115.32,985.8000000000001,車乃文,Male,54,新北市,住宿和餐飲業,2017.0,7.0,15.0,3.0,50
ID02645,AC1703807,F019,法蘭絨格紋襯衫-綠,女裝,1800.0,5.0,2017-07-30,9000.0,1485.0,1215.0,9540.0,林淑秀,Female,40,臺北市,金融業和房地產,2017.0,7.0,30.0,3.0,40
ID02646,AC1700182,F016,後背包-藍,配件,890.0,5.0,2017-07-30,4450.0,1103.6,231.39999999999998,4717.0,梁志平,Male,58,臺北市,農林漁牧業,2017.0,7.0,30.0,3.0,50
ID02647,AC1701885,F005,運動潮流連帽外套男裝-灰,男裝,1450.0,1.0,2017-07-15,1450.0,278.4000000000001,156.6,1537.0,朱威德,Male,33,宜蘭縣,金融業和房地產,2017.0,7.0,15.0,3.0,30
ID02648,AC1702468,F019,法蘭絨格紋襯衫-綠,女裝,1800.0,5.0,2017-07-30,9000.0,1485.0,1215.0,9540.0,林政哲,Male,48,桃園市,其他,2017.0,7.0,30.0,3.0,40
ID02649,AC1701709,F013,潮感印條連帽外套-男裝,男裝,1740.0,1.0,2017-07-30,1740.0,334.08000000000004,187.92,1844.4,林智強,Male,39,宜蘭縣,金融業和房地產,2017.0,7.0,30.0,3.0,30
ID02650,AC1700483,F005,運動潮流連帽外套男裝-灰,男裝,1450.0,1.0,2017-07-15,1450.0,278.4000000000001,156.6,1537.0,楊小喬,Male,33,新北市,金融業和房地產,2017.0,7.0,15.0,3.0,30
ID02651,AC1702385,F002,運動潮流直筒棉褲男童-白,童裝,930.0,2.0,2017-07-15,1860.0,327.36,230.64,1971.6000000000001,楊珮雯,Female,48,桃園市,其他,2017.0,7.0,15.0,3.0,40
ID02652,AC1700326,F005,運動潮流連帽外套男裝-灰,男裝,1450.0,2.0,2017-07-15,2900.0,556.8000000000002,313.2,3074.0,吳文陽,Male,40,新北市,其他,2017.0,7.0,15.0,3.0,40
ID02653,AC1703486,F019,法蘭絨格紋襯衫-綠,女裝,1800.0,5.0,2017-07-30,9000.0,1485.0,1215.0,9540.0,馮必汝,Female,40,基隆市,金融業和房地產,2017.0,7.0,30.0,3.0,40
ID02654,AC1703297,F016,後背包-藍,配件,890.0,5.0,2017-07-30,4450.0,1103.6,231.39999999999998,4717.0,蔣哲銘,Female,27,基隆市,其他,2017.0,7.0,30.0,3.0,20
ID02655,AC1700813,F015,法蘭絨格紋襯衫-紅,女裝,1740.0,1.0,2017-07-15,1740.0,287.1,234.9,1844.4,袁秉潔,Female,47,新北市,金融業和房地產,2017.0,7.0,15.0,3.0,40
ID02656,AC1702588,F019,法蘭絨格紋襯衫-綠,女裝,1800.0,5.0,2017-07-30,9000.0,1485.0,1215.0,9540.0,劉行歡,Male,55,桃園市,住宿和餐飲業,2017.0,7.0,30.0,3.0,50
ID02657,AC1703425,F013,潮感印條連帽外套-男裝,男裝,1740.0,1.0,2017-07-30,1740.0,334.08000000000004,187.92,1844.4,楊冠琴,Male,28,基隆市,金融業和房地產,2017.0,7.0,30.0,3.0,20
ID02658,AC1703264,F024,運動潮流直筒棉褲男童-灰,童裝,2030.0,1.0,2017-07-15,2030.0,357.28,251.72,2151.8,鐘華利,Male,53,桃園市,住宿和餐飲業,2017.0,7.0,15.0,3.0,50
ID02659,AC1702141,F010,中夾-紅,皮件,2610.0,1.0,2017-07-15,2610.0,595.0800000000003,187.92,2766.6000000000004,洪亦治,Male,35,宜蘭縣,金融業和房地產,2017.0,7.0,15.0,3.0,30
ID02660,AC1703628,F024,運動潮流直筒棉褲男童-灰,童裝,2030.0,1.0,2017-07-15,2030.0,357.28,251.72,2151.8,呂建佑,Male,30,基隆市,住宿和餐飲業,2017.0,7.0,15.0,3.0,30
ID02661,AC1701048,F019,法蘭絨格紋襯衫-綠,女裝,1800.0,5.0,2017-07-30,9000.0,1485.0,1215.0,9540.0,賴詩秀,Male,38,新北市,金融業和房地產,2017.0,7.0,30.0,3.0,30
ID02662,AC1700882,F016,後背包-藍,配件,890.0,5.0,2017-07-30,4450.0,1103.6,231.39999999999998,4717.0,曾韋志,Female,28,新北市,金融業和房地產,2017.0,7.0,30.0,3.0,20
ID02663,AC1701349,F002,運動潮流直筒棉褲男童-白,童裝,930.0,1.0,2017-07-15,930.0,163.68,115.32,985.8000000000001,黃志杰,Female,31,新北市,其他,2017.0,7.0,15.0,3.0,30
ID02664,AC1700937,F019,法蘭絨格紋襯衫-綠,女裝,1800.0,5.0,2017-07-30,9000.0,1485.0,1215.0,9540.0,楊智伶,Female,31,新北市,金融業和房地產,2017.0,7.0,30.0,3.0,30
ID02665,AC1701815,F013,潮感印條連帽外套-男裝,男裝,1740.0,1.0,2017-07-30,1740.0,334.08000000000004,187.92,1844.4,林舜苓,Female,35,新北市,其他,2017.0,7.0,30.0,3.0,30
ID02666,AC1701564,F005,運動潮流連帽外套男裝-灰,男裝,1450.0,1.0,2017-07-15,1450.0,278.4000000000001,156.6,1537.0,張世昌,Male,24,宜蘭縣,住宿和餐飲業,2017.0,7.0,15.0,3.0,20
ID02667,AC1703524,F005,運動潮流連帽外套男裝-灰,男裝,1450.0,1.0,2017-07-15,1450.0,278.4000000000001,156.6,1537.0,張雅新,Female,35,基隆市,金融業和房地產,2017.0,7.0,15.0,3.0,30
ID02668,AC1702358,F002,運動潮流直筒棉褲男童-白,童裝,930.0,2.0,2017-07-15,1860.0,327.36,230.64,1971.6000000000001,王嘉昀,Male,43,桃園市,其他,2017.0,7.0,15.0,3.0,40
ID02669,AC1701759,F019,法蘭絨格紋襯衫-綠,女裝,1800.0,5.0,2017-07-30,9000.0,1485.0,1215.0,9540.0,曹怡萱,Female,43,新北市,金融業和房地產,2017.0,7.0,30.0,3.0,40
ID02670,AC1700888,F016,後背包-藍,配件,890.0,5.0,2017-07-30,4450.0,1103.6,231.39999999999998,4717.0,陳文桓,Female,30,新北市,其他,2017.0,7.0,30.0,3.0,30
ID02671,AC1703824,F005,運動潮流連帽外套男裝-灰,男裝,1450.0,2.0,2017-07-15,2900.0,556.8000000000002,313.2,3074.0,李明州,Male,42,臺北市,金融業和房地產,2017.0,7.0,15.0,3.0,40
ID02672,AC1701782,F019,法蘭絨格紋襯衫-綠,女裝,1800.0,5.0,2017-07-30,9000.0,1485.0,1215.0,9540.0,蔡淑玲,Female,38,宜蘭縣,金融業和房地產,2017.0,7.0,30.0,3.0,30
ID02673,AC1700654,F013,潮感印條連帽外套-男裝,男裝,1740.0,1.0,2017-07-30,1740.0,334.08000000000004,187.92,1844.4,楊盈秀,Male,43,新北市,金融業和房地產,2017.0,7.0,30.0,3.0,40
ID02674,AC1700467,F005,運動潮流連帽外套男裝-灰,男裝,1450.0,1.0,2017-07-30,1450.0,278.4000000000001,156.6,1537.0,林巧凌,Female,28,新北市,住宿和餐飲業,2017.0,7.0,30.0,3.0,20
ID02675,AC1700467,F005,運動潮流連帽外套男裝-灰,男裝,1450.0,1.0,2017-07-30,1450.0,278.4000000000001,156.6,1537.0,林巧凌,Female,28,新北市,住宿和餐飲業,2017.0,7.0,30.0,3.0,20
ID02676,AC1700467,F005,運動潮流連帽外套男裝-灰,男裝,1450.0,1.0,2017-07-30,1450.0,278.4000000000001,156.6,1537.0,林巧凌,Female,28,新北市,住宿和餐飲業,2017.0,7.0,30.0,3.0,20
ID02677,AC1701942,F019,法蘭絨格紋襯衫-綠,女裝,1800.0,5.0,2017-07-30,9000.0,1485.0,1215.0,9540.0,吳雅忠,Female,49,新北市,金融業和房地產,2017.0,7.0,30.0,3.0,40
ID02678,AC1700742,F016,後背包-藍,配件,890.0,5.0,2017-07-30,4450.0,1103.6,231.39999999999998,4717.0,駱穎威,Female,37,新北市,金融業和房地產,2017.0,7.0,30.0,3.0,30
ID02679,AC1702418,F005,運動潮流連帽外套男裝-灰,男裝,1450.0,5.0,2017-07-30,7250.0,1392.0,783.0,7685.0,沙羽瑞,Female,47,桃園市,其他,2017.0,7.0,30.0,3.0,40
ID02680,AC1701218,F019,法蘭絨格紋襯衫-綠,女裝,1800.0,5.0,2017-07-30,9000.0,1485.0,1215.0,9540.0,李子妃,Male,33,新北市,金融業和房地產,2017.0,7.0,30.0,3.0,30
ID02681,AC1703406,F005,運動潮流連帽外套男裝-灰,男裝,1450.0,1.0,2017-07-30,1450.0,278.4000000000001,156.6,1537.0,張天憲,Male,41,基隆市,金融業和房地產,2017.0,7.0,30.0,3.0,40
ID02682,AC1701113,F005,運動潮流連帽外套男裝-灰,男裝,1450.0,1.0,2017-07-30,1450.0,278.4000000000001,156.6,1537.0,陳展倩,Female,33,新北市,金融業和房地產,2017.0,7.0,30.0,3.0,30
ID02683,AC1701403,F005,運動潮流連帽外套男裝-灰,男裝,1450.0,1.0,2017-07-30,1450.0,278.4000000000001,156.6,1537.0,鄭志成,Male,45,宜蘭縣,其他,2017.0,7.0,30.0,3.0,40
ID02684,AC1701821,F003,印圖大學T男裝-藍,男裝,750.0,1.0,2017-08-05,750.0,144.0,81.0,795.0,陳俊龍,Male,44,宜蘭縣,金融業和房地產,2017.0,8.0,5.0,3.0,40
ID02685,AC1703037,F013,潮感印條連帽外套-男裝,男裝,1740.0,1.0,2017-08-05,1740.0,334.08000000000004,187.92,1844.4,連雅婷,Female,30,桃園市,其他,2017.0,8.0,5.0,3.0,30
ID02686,AC1701851,F003,印圖大學T男裝-藍,男裝,750.0,1.0,2017-08-05,750.0,144.0,81.0,795.0,陳淑芬,Female,45,新北市,金融業和房地產,2017.0,8.0,5.0,3.0,40
ID02687,AC1700231,F013,潮感印條連帽外套-男裝,男裝,1740.0,1.0,2017-08-05,1740.0,334.08000000000004,187.92,1844.4,黃佳欣,Female,30,臺北市,金融業和房地產,2017.0,8.0,5.0,3.0,30
ID02688,AC1700197,F005,運動潮流連帽外套男裝-灰,男裝,1450.0,5.0,2017-07-30,7250.0,1392.0,783.0,7685.0,許志祥,Male,52,臺北市,住宿和餐飲業,2017.0,7.0,30.0,3.0,50
ID02689,AC1703379,F001,運動潮流連帽外套女裝-白,女裝,1450.0,1.0,2017-08-05,1450.0,239.2500000000001,195.75,1537.0,陳京彬,Female,33,基隆市,金融業和房地產,2017.0,8.0,5.0,3.0,30
ID02690,AC1702548,F016,後背包-藍,配件,890.0,1.0,2017-08-05,890.0,220.72,46.28,943.4000000000001,李孟涵,Male,39,桃園市,住宿和餐飲業,2017.0,8.0,5.0,3.0,30
ID02691,AC1700189,F019,法蘭絨格紋襯衫-綠,女裝,1800.0,1.0,2017-08-05,1800.0,297.0,243.00000000000003,1908.0,黃俊逸,Male,56,臺北市,金融業和房地產,2017.0,8.0,5.0,3.0,50
ID02692,AC1700616,F016,後背包-藍,配件,890.0,1.0,2017-08-05,890.0,220.72,46.28,943.4000000000001,李家瑩,Female,33,新北市,金融業和房地產,2017.0,8.0,5.0,3.0,30
ID02693,AC1701717,F005,運動潮流連帽外套男裝-灰,男裝,1450.0,1.0,2017-07-30,1450.0,278.4000000000001,156.6,1537.0,王秀珍,Female,43,新北市,住宿和餐飲業,2017.0,7.0,30.0,3.0,40
ID02694,AC1700395,F028,大學T男童-藍,童裝,1750.0,1.0,2017-08-05,1750.0,308.0,217.0,1855.0,黃詩雅,Male,55,新北市,金融業和房地產,2017.0,8.0,5.0,3.0,50
ID02695,AC1701451,F005,運動潮流連帽外套男裝-灰,男裝,1450.0,1.0,2017-07-30,1450.0,278.4000000000001,156.6,1537.0,吳政蓁,Female,23,新北市,金融業和房地產,2017.0,7.0,30.0,3.0,20
ID02696,AC1703699,F014,大化妝包-黑,配件,1740.0,2.0,2017-08-05,3480.0,863.04,180.95999999999998,3688.8,林俊博,Female,40,基隆市,金融業和房地產,2017.0,8.0,5.0,3.0,40
ID02697,AC1702038,F009,大化妝包-深藍,配件,2100.0,2.0,2017-08-05,4200.0,1041.6,218.39999999999998,4452.0,宋偉智,Male,23,宜蘭縣,金融業和房地產,2017.0,8.0,5.0,3.0,20
ID02698,AC1701311,F005,運動潮流連帽外套男裝-灰,男裝,1450.0,1.0,2017-07-30,1450.0,278.4000000000001,156.6,1537.0,鄭協儒,Female,31,新北市,金融業和房地產,2017.0,7.0,30.0,3.0,30
ID02699,AC1703308,F019,法蘭絨格紋襯衫-綠,女裝,1800.0,2.0,2017-08-05,3600.0,594.0,486.00000000000006,3816.0,沈雅惠,Female,28,基隆市,其他,2017.0,8.0,5.0,3.0,20
ID02700,AC1703008,F009,大化妝包-深藍,配件,2100.0,2.0,2017-08-05,4200.0,1041.6,218.39999999999998,4452.0,鄭雅婷,Male,53,桃園市,住宿和餐飲業,2017.0,8.0,5.0,3.0,50
ID02701,AC1703918,F009,大化妝包-深藍,配件,2100.0,2.0,2017-08-05,4200.0,1041.6,218.39999999999998,4452.0,林國虹,Female,51,臺北市,金融業和房地產,2017.0,8.0,5.0,3.0,50
ID02702,AC1701162,F005,運動潮流連帽外套男裝-灰,男裝,1450.0,5.0,2017-07-30,7250.0,1392.0,783.0,7685.0,林承哲,Male,38,新北市,金融業和房地產,2017.0,7.0,30.0,3.0,30
ID02703,AC1700427,F005,運動潮流連帽外套男裝-灰,男裝,1450.0,1.0,2017-07-30,1450.0,278.4000000000001,156.6,1537.0,陳曜宇,Female,31,新北市,住宿和餐飲業,2017.0,7.0,30.0,3.0,30
ID02704,AC1702592,F007,運動潮流連帽外套男裝-灰,男裝,1450.0,3.0,2017-08-05,4350.0,835.2,469.8,4611.0,王明貞,Male,48,桃園市,住宿和餐飲業,2017.0,8.0,5.0,3.0,40
ID02705,AC1700536,F007,運動潮流連帽外套男裝-灰,男裝,1450.0,3.0,2017-08-05,4350.0,835.2,469.8,4611.0,林芸旭,Female,45,新北市,金融業和房地產,2017.0,8.0,5.0,3.0,40
ID02706,AC1703580,F007,運動潮流連帽外套男裝-灰,男裝,1450.0,3.0,2017-08-05,4350.0,835.2,469.8,4611.0,吳嘉偉,Female,38,基隆市,其他,2017.0,8.0,5.0,3.0,30
ID02707,AC1701764,F007,運動潮流連帽外套男裝-灰,男裝,1450.0,3.0,2017-08-05,4350.0,835.2,469.8,4611.0,阮惠珠,Female,32,宜蘭縣,其他,2017.0,8.0,5.0,3.0,30
ID02708,AC1703660,F005,運動潮流連帽外套男裝-灰,男裝,1450.0,1.0,2017-07-30,1450.0,278.4000000000001,156.6,1537.0,黃凱文,Female,36,基隆市,其他,2017.0,7.0,30.0,3.0,30
ID02709,AC1702300,F005,運動潮流連帽外套男裝-灰,男裝,1450.0,1.0,2017-07-30,1450.0,278.4000000000001,156.6,1537.0,林彥琪,Male,44,桃園市,住宿和餐飲業,2017.0,7.0,30.0,3.0,40
ID02710,AC1701065,F005,運動潮流連帽外套男裝-灰,男裝,1450.0,5.0,2017-07-30,7250.0,1392.0,783.0,7685.0,林孟璇,Male,34,新北市,金融業和房地產,2017.0,7.0,30.0,3.0,30
ID02711,AC1702547,F028,大學T男童-藍,童裝,1750.0,3.0,2017-08-05,5250.0,924.0000000000005,651.0,5565.0,劉俊春,Male,48,桃園市,住宿和餐飲業,2017.0,8.0,5.0,3.0,40
ID02712,AC1703656,F028,大學T男童-藍,童裝,1750.0,3.0,2017-08-05,5250.0,924.0000000000005,651.0,5565.0,蔡俊豪,Female,40,基隆市,金融業和房地產,2017.0,8.0,5.0,3.0,40
ID02713,AC1702296,F005,運動潮流連帽外套男裝-灰,男裝,1450.0,1.0,2017-07-30,1450.0,278.4000000000001,156.6,1537.0,陳巧美,Female,52,桃園市,其他,2017.0,7.0,30.0,3.0,50
ID02714,AC1702076,F028,大學T男童-藍,童裝,1750.0,3.0,2017-08-05,5250.0,924.0000000000005,651.0,5565.0,林柏勳,Male,26,宜蘭縣,其他,2017.0,8.0,5.0,3.0,20
ID02715,AC1703557,F005,運動潮流連帽外套男裝-灰,男裝,1450.0,1.0,2017-07-30,1450.0,278.4000000000001,156.6,1537.0,黃俊豪,Female,35,基隆市,住宿和餐飲業,2017.0,7.0,30.0,3.0,30
ID02716,AC1702873,F005,運動潮流連帽外套男裝-灰,男裝,1450.0,1.0,2017-07-30,1450.0,278.4000000000001,156.6,1537.0,郭淑華,Male,50,桃園市,住宿和餐飲業,2017.0,7.0,30.0,3.0,50
ID02717,AC1700978,F005,運動潮流連帽外套男裝-灰,男裝,1450.0,5.0,2017-07-30,7250.0,1392.0,783.0,7685.0,黃怡孜,Male,32,新北市,金融業和房地產,2017.0,7.0,30.0,3.0,30
ID02718,AC1703129,F003,印圖大學T男裝-藍,男裝,750.0,1.0,2017-08-05,750.0,144.0,81.0,795.0,黃乃寧,Female,51,桃園市,其他,2017.0,8.0,5.0,3.0,50
ID02719,AC1702173,F013,潮感印條連帽外套-男裝,男裝,1740.0,1.0,2017-08-05,1740.0,334.08000000000004,187.92,1844.4,謝雯婷,Female,32,桃園市,其他,2017.0,8.0,5.0,3.0,30
ID02720,AC1702102,F003,印圖大學T男裝-藍,男裝,750.0,1.0,2017-08-05,750.0,144.0,81.0,795.0,蔡宣謙,Male,33,宜蘭縣,金融業和房地產,2017.0,8.0,5.0,3.0,30
ID02721,AC1703313,F013,潮感印條連帽外套-男裝,男裝,1740.0,1.0,2017-08-05,1740.0,334.08000000000004,187.92,1844.4,曾琬婷,Female,34,基隆市,其他,2017.0,8.0,5.0,3.0,30
ID02722,AC1701024,F017,大學T男裝-灰,男裝,1200.0,1.0,2017-08-05,1200.0,230.4,129.6,1272.0,陳武妍,Male,39,新北市,金融業和房地產,2017.0,8.0,5.0,3.0,30
ID02723,AC1700314,F001,運動潮流連帽外套女裝-白,女裝,1450.0,1.0,2017-08-05,1450.0,239.2500000000001,195.75,1537.0,黃世偉,Male,42,新北市,金融業和房地產,2017.0,8.0,5.0,3.0,40
ID02724,AC1703252,F016,後背包-藍,配件,890.0,1.0,2017-08-05,890.0,220.72,46.28,943.4000000000001,陳秋法,Male,53,桃園市,住宿和餐飲業,2017.0,8.0,5.0,3.0,50
ID02725,AC1703868,F019,法蘭絨格紋襯衫-綠,女裝,1800.0,1.0,2017-08-05,1800.0,297.0,243.00000000000003,1908.0,馬彥儒,Female,37,臺北市,金融業和房地產,2017.0,8.0,5.0,3.0,30
ID02726,AC1702409,F016,後背包-藍,配件,890.0,1.0,2017-08-05,890.0,220.72,46.28,943.4000000000001,宋家瑜,Male,43,桃園市,住宿和餐飲業,2017.0,8.0,5.0,3.0,40
ID02727,AC1702056,F017,大學T男裝-灰,男裝,1200.0,1.0,2017-08-05,1200.0,230.4,129.6,1272.0,曾翠忠,Female,27,新北市,金融業和房地產,2017.0,8.0,5.0,3.0,20
ID02728,AC1701871,F028,大學T男童-藍,童裝,1750.0,1.0,2017-08-05,1750.0,308.0,217.0,1855.0,林翠然,Female,48,新北市,金融業和房地產,2017.0,8.0,5.0,3.0,40
ID02729,AC1702090,F002,運動潮流直筒棉褲男童-白,童裝,930.0,1.0,2017-08-05,930.0,163.68,115.32,985.8000000000001,林盈甄,Male,40,宜蘭縣,金融業和房地產,2017.0,8.0,5.0,3.0,40
ID02730,AC1702481,F014,大化妝包-黑,配件,1740.0,2.0,2017-08-05,3480.0,863.04,180.95999999999998,3688.8,張昭賢,Female,46,桃園市,其他,2017.0,8.0,5.0,3.0,40
ID02731,AC1700896,F009,大化妝包-深藍,配件,2100.0,2.0,2017-08-05,4200.0,1041.6,218.39999999999998,4452.0,劉湘麟,Male,38,新北市,金融業和房地產,2017.0,8.0,5.0,3.0,30
ID02732,AC1701279,F002,運動潮流直筒棉褲男童-白,童裝,930.0,1.0,2017-08-05,930.0,163.68,115.32,985.8000000000001,劉正盈,Male,30,新北市,金融業和房地產,2017.0,8.0,5.0,3.0,30
ID02733,AC1703835,F019,法蘭絨格紋襯衫-綠,女裝,1800.0,2.0,2017-08-05,3600.0,594.0,486.00000000000006,3816.0,杜文豪,Female,52,臺北市,其他,2017.0,8.0,5.0,3.0,50
ID02734,AC1703772,F009,大化妝包-深藍,配件,2100.0,2.0,2017-08-05,4200.0,1041.6,218.39999999999998,4452.0,王俊春,Female,38,基隆市,金融業和房地產,2017.0,8.0,5.0,3.0,30
ID02735,AC1702027,F009,大化妝包-深藍,配件,2100.0,2.0,2017-08-05,4200.0,1041.6,218.39999999999998,4452.0,楊凱菁,Female,29,新北市,金融業和房地產,2017.0,8.0,5.0,3.0,20
ID02736,AC1703134,F002,運動潮流直筒棉褲男童-白,童裝,930.0,2.0,2017-08-05,1860.0,327.36,230.64,1971.6000000000001,賴孟儒,Male,38,桃園市,其他,2017.0,8.0,5.0,3.0,30
ID02737,AC1703066,F025,雙向層架式書桌-咖,家俱,2900.0,1.0,2017-08-05,2900.0,435.0000000000002,435.0,3074.0,林炳啟,Female,48,桃園市,其他,2017.0,8.0,5.0,3.0,40
ID02738,AC1700908,F007,運動潮流連帽外套男裝-灰,男裝,1450.0,3.0,2017-08-05,4350.0,835.2,469.8,4611.0,吳志明,Female,28,新北市,金融業和房地產,2017.0,8.0,5.0,3.0,20
ID02739,AC1702083,F007,運動潮流連帽外套男裝-灰,男裝,1450.0,3.0,2017-08-05,4350.0,835.2,469.8,4611.0,劉慧娟,Female,38,宜蘭縣,金融業和房地產,2017.0,8.0,5.0,3.0,30
ID02740,AC1703058,F007,運動潮流連帽外套男裝-灰,男裝,1450.0,3.0,2017-08-05,4350.0,835.2,469.8,4611.0,張育陽,Male,51,桃園市,其他,2017.0,8.0,5.0,3.0,50
ID02741,AC1701199,F007,運動潮流連帽外套男裝-灰,男裝,1450.0,3.0,2017-08-05,4350.0,835.2,469.8,4611.0,高筱婷,Male,49,新北市,其他,2017.0,8.0,5.0,3.0,40
ID02742,AC1703206,F015,法蘭絨格紋襯衫-紅,女裝,1740.0,2.0,2017-08-05,3480.0,574.2,469.8,3688.8,謝志穎,Female,55,桃園市,住宿和餐飲業,2017.0,8.0,5.0,3.0,50
ID02743,AC1701001,F015,法蘭絨格紋襯衫-紅,女裝,1740.0,2.0,2017-08-05,3480.0,574.2,469.8,3688.8,黃鈺羽,Male,39,新北市,其他,2017.0,8.0,5.0,3.0,30
ID02744,AC1703371,F015,法蘭絨格紋襯衫-紅,女裝,1740.0,2.0,2017-08-05,3480.0,574.2,469.8,3688.8,謝耀文,Female,34,基隆市,金融業和房地產,2017.0,8.0,5.0,3.0,30
ID02745,AC1700637,F028,大學T男童-藍,童裝,1750.0,3.0,2017-08-05,5250.0,924.0000000000005,651.0,5565.0,林裕仁,Male,37,新北市,金融業和房地產,2017.0,8.0,5.0,3.0,30
ID02746,AC1703851,F028,大學T男童-藍,童裝,1750.0,3.0,2017-08-05,5250.0,924.0000000000005,651.0,5565.0,林鈺隆,Female,42,臺北市,其他,2017.0,8.0,5.0,3.0,40
ID02747,AC1701117,F024,運動潮流直筒棉褲男童-灰,童裝,2030.0,2.0,2017-08-05,4060.0,714.56,503.44,4303.6,張詠鴻,Male,32,新北市,金融業和房地產,2017.0,8.0,5.0,3.0,30
ID02748,AC1701447,F028,大學T男童-藍,童裝,1750.0,3.0,2017-08-05,5250.0,924.0000000000005,651.0,5565.0,侯宛玲,Female,29,宜蘭縣,金融業和房地產,2017.0,8.0,5.0,3.0,20
ID02749,AC1702509,F025,雙向層架式書桌-咖,家俱,2900.0,2.0,2017-08-05,5800.0,870.0000000000005,870.0,6148.0,張小紹,Female,62,桃園市,其他,2017.0,8.0,5.0,3.0,60
ID02750,AC1700977,F025,雙向層架式書桌-咖,家俱,2900.0,2.0,2017-08-05,5800.0,870.0000000000005,870.0,6148.0,吳惠敏,Male,22,新北市,住宿和餐飲業,2017.0,8.0,5.0,3.0,20
ID02751,AC1703689,F024,運動潮流直筒棉褲男童-灰,童裝,2030.0,3.0,2017-08-05,6090.0,1071.8400000000001,755.16,6455.400000000001,洪淑勇,Female,38,基隆市,金融業和房地產,2017.0,8.0,5.0,3.0,30
ID02752,AC1700760,F003,印圖大學T男裝-藍,男裝,750.0,1.0,2017-08-05,750.0,144.0,81.0,795.0,劉品希,Female,31,新北市,金融業和房地產,2017.0,8.0,5.0,3.0,30
ID02753,AC1701081,F013,潮感印條連帽外套-男裝,男裝,1740.0,1.0,2017-08-05,1740.0,334.08000000000004,187.92,1844.4,陳俊琬,Female,38,新北市,金融業和房地產,2017.0,8.0,5.0,3.0,30
ID02754,AC1700665,F003,印圖大學T男裝-藍,男裝,750.0,1.0,2017-08-05,750.0,144.0,81.0,795.0,劉瓊瑤,Male,30,新北市,金融業和房地產,2017.0,8.0,5.0,3.0,30
ID02755,AC1700488,F013,潮感印條連帽外套-男裝,男裝,1740.0,1.0,2017-08-05,1740.0,334.08000000000004,187.92,1844.4,林軍麟,Male,29,新北市,金融業和房地產,2017.0,8.0,5.0,3.0,20
ID02756,AC1700070,F017,大學T男裝-灰,男裝,1200.0,1.0,2017-08-05,1200.0,230.4,129.6,1272.0,李建彰,Male,57,基隆市,金融業和房地產,2017.0,8.0,5.0,3.0,50
ID02757,AC1703098,F001,運動潮流連帽外套女裝-白,女裝,1450.0,1.0,2017-08-05,1450.0,239.2500000000001,195.75,1537.0,湛琳火,Male,49,桃園市,其他,2017.0,8.0,5.0,3.0,40
ID02758,AC1701518,F016,後背包-藍,配件,890.0,1.0,2017-08-05,890.0,220.72,46.28,943.4000000000001,婁盈如,Female,32,新北市,金融業和房地產,2017.0,8.0,5.0,3.0,30
ID02759,AC1700227,F019,法蘭絨格紋襯衫-綠,女裝,1800.0,1.0,2017-08-05,1800.0,297.0,243.00000000000003,1908.0,吳佳岑,Female,27,臺北市,其他,2017.0,8.0,5.0,3.0,20
ID02760,AC1701168,F016,後背包-藍,配件,890.0,1.0,2017-08-05,890.0,220.72,46.28,943.4000000000001,葉為旺,Male,34,新北市,金融業和房地產,2017.0,8.0,5.0,3.0,30
ID02761,AC1700570,F017,大學T男裝-灰,男裝,1200.0,1.0,2017-08-05,1200.0,230.4,129.6,1272.0,強石恆,Female,32,新北市,金融業和房地產,2017.0,8.0,5.0,3.0,30
ID02762,AC1701687,F028,大學T男童-藍,童裝,1750.0,1.0,2017-08-05,1750.0,308.0,217.0,1855.0,孫淑芬,Female,40,新北市,金融業和房地產,2017.0,8.0,5.0,3.0,40
ID02763,AC1700763,F002,運動潮流直筒棉褲男童-白,童裝,930.0,1.0,2017-08-05,930.0,163.68,115.32,985.8000000000001,謝之軍,Male,35,新北市,金融業和房地產,2017.0,8.0,5.0,3.0,30
ID02764,AC1700838,F014,大化妝包-黑,配件,1740.0,2.0,2017-08-05,3480.0,863.04,180.95999999999998,3688.8,陳怡旺,Male,40,新北市,金融業和房地產,2017.0,8.0,5.0,3.0,40
ID02765,AC1703749,F009,大化妝包-深藍,配件,2100.0,2.0,2017-08-05,4200.0,1041.6,218.39999999999998,4452.0,張文芷,Female,41,基隆市,金融業和房地產,2017.0,8.0,5.0,3.0,40
ID02766,AC1700590,F002,運動潮流直筒棉褲男童-白,童裝,930.0,1.0,2017-08-05,930.0,163.68,115.32,985.8000000000001,辛景翔,Female,32,新北市,其他,2017.0,8.0,5.0,3.0,30
ID02767,AC1701302,F019,法蘭絨格紋襯衫-綠,女裝,1800.0,2.0,2017-08-05,3600.0,594.0,486.00000000000006,3816.0,李勳侑,Male,38,宜蘭縣,金融業和房地產,2017.0,8.0,5.0,3.0,30
ID02768,AC1703789,F009,大化妝包-深藍,配件,2100.0,2.0,2017-08-05,4200.0,1041.6,218.39999999999998,4452.0,周辰丞,Female,51,基隆市,住宿和餐飲業,2017.0,8.0,5.0,3.0,50
ID02769,AC1700062,F009,大化妝包-深藍,配件,2100.0,2.0,2017-08-05,4200.0,1041.6,218.39999999999998,4452.0,蒙佩君,Female,55,基隆市,其他,2017.0,8.0,5.0,3.0,50
ID02770,AC1701247,F002,運動潮流直筒棉褲男童-白,童裝,930.0,2.0,2017-08-05,1860.0,327.36,230.64,1971.6000000000001,夏柏毅,Male,28,新北市,金融業和房地產,2017.0,8.0,5.0,3.0,20
ID02771,AC1700143,F025,雙向層架式書桌-咖,家俱,2900.0,1.0,2017-08-05,2900.0,435.0000000000002,435.0,3074.0,韓翔妍,Male,54,新北市,金融業和房地產,2017.0,8.0,5.0,3.0,50
ID02772,AC1701204,F007,運動潮流連帽外套男裝-灰,男裝,1450.0,3.0,2017-08-05,4350.0,835.2,469.8,4611.0,周欣光,Female,32,新北市,金融業和房地產,2017.0,8.0,5.0,3.0,30
ID02773,AC1703608,F007,運動潮流連帽外套男裝-灰,男裝,1450.0,3.0,2017-08-05,4350.0,835.2,469.8,4611.0,林明和,Male,33,基隆市,住宿和餐飲業,2017.0,8.0,5.0,3.0,30
ID02774,AC1703635,F007,運動潮流連帽外套男裝-灰,男裝,1450.0,3.0,2017-08-05,4350.0,835.2,469.8,4611.0,宋凱忠,Female,31,基隆市,其他,2017.0,8.0,5.0,3.0,30
ID02775,AC1700599,F007,運動潮流連帽外套男裝-灰,男裝,1450.0,3.0,2017-08-05,4350.0,835.2,469.8,4611.0,宋惠玲,Female,30,新北市,住宿和餐飲業,2017.0,8.0,5.0,3.0,30
ID02776,AC1703146,F015,法蘭絨格紋襯衫-紅,女裝,1740.0,2.0,2017-08-05,3480.0,574.2,469.8,3688.8,鄧宗翰,Female,46,桃園市,其他,2017.0,8.0,5.0,3.0,40
ID02777,AC1701666,F015,法蘭絨格紋襯衫-紅,女裝,1740.0,2.0,2017-08-05,3480.0,574.2,469.8,3688.8,柯天珮,Female,25,新北市,其他,2017.0,8.0,5.0,3.0,20
ID02778,AC1702657,F015,法蘭絨格紋襯衫-紅,女裝,1740.0,2.0,2017-08-05,3480.0,574.2,469.8,3688.8,洪宏瑤,Female,54,桃園市,農林漁牧業,2017.0,8.0,5.0,3.0,50
ID02779,AC1703805,F028,大學T男童-藍,童裝,1750.0,3.0,2017-08-05,5250.0,924.0000000000005,651.0,5565.0,郝貞奇,Female,58,臺北市,住宿和餐飲業,2017.0,8.0,5.0,3.0,50
ID02780,AC1701724,F028,大學T男童-藍,童裝,1750.0,3.0,2017-08-05,5250.0,924.0000000000005,651.0,5565.0,馮克男,Male,41,宜蘭縣,金融業和房地產,2017.0,8.0,5.0,3.0,40
ID02781,AC1702512,F024,運動潮流直筒棉褲男童-灰,童裝,2030.0,2.0,2017-08-05,4060.0,714.56,503.44,4303.6,葉靖延,Male,34,桃園市,住宿和餐飲業,2017.0,8.0,5.0,3.0,30
ID02782,AC1700082,F028,大學T男童-藍,童裝,1750.0,3.0,2017-08-05,5250.0,924.0000000000005,651.0,5565.0,黃偉成,Male,52,基隆市,農林漁牧業,2017.0,8.0,5.0,3.0,50
ID02783,AC1700856,F025,雙向層架式書桌-咖,家俱,2900.0,2.0,2017-08-05,5800.0,870.0000000000005,870.0,6148.0,高文宏,Female,42,新北市,其他,2017.0,8.0,5.0,3.0,40
ID02784,AC1702273,F025,雙向層架式書桌-咖,家俱,2900.0,2.0,2017-08-05,5800.0,870.0000000000005,870.0,6148.0,許育舜,Male,53,桃園市,住宿和餐飲業,2017.0,8.0,5.0,3.0,50
ID02785,AC1700937,F024,運動潮流直筒棉褲男童-灰,童裝,2030.0,3.0,2017-08-05,6090.0,1071.8400000000001,755.16,6455.400000000001,楊智伶,Female,31,新北市,金融業和房地產,2017.0,8.0,5.0,3.0,30
ID02786,AC1702023,F003,印圖大學T男裝-藍,男裝,750.0,1.0,2017-08-05,750.0,144.0,81.0,795.0,蔡佩愛,Female,40,宜蘭縣,金融業和房地產,2017.0,8.0,5.0,3.0,40
ID02787,AC1703837,F013,潮感印條連帽外套-男裝,男裝,1740.0,1.0,2017-08-05,1740.0,334.08000000000004,187.92,1844.4,張永群,Female,45,臺北市,住宿和餐飲業,2017.0,8.0,5.0,3.0,40
ID02788,AC1701084,F003,印圖大學T男裝-藍,男裝,750.0,1.0,2017-08-05,750.0,144.0,81.0,795.0,張智傑,Male,34,新北市,其他,2017.0,8.0,5.0,3.0,30
ID02789,AC1702455,F013,潮感印條連帽外套-男裝,男裝,1740.0,1.0,2017-08-05,1740.0,334.08000000000004,187.92,1844.4,施庭南,Female,51,桃園市,住宿和餐飲業,2017.0,8.0,5.0,3.0,50
ID02790,AC1700605,F017,大學T男裝-灰,男裝,1200.0,1.0,2017-08-05,1200.0,230.4,129.6,1272.0,王國儒,Male,39,新北市,金融業和房地產,2017.0,8.0,5.0,3.0,30
ID02791,AC1701262,F001,運動潮流連帽外套女裝-白,女裝,1450.0,1.0,2017-08-05,1450.0,239.2500000000001,195.75,1537.0,許隆山,Female,34,新北市,金融業和房地產,2017.0,8.0,5.0,3.0,30
ID02792,AC1702843,F016,後背包-藍,配件,890.0,1.0,2017-08-05,890.0,220.72,46.28,943.4000000000001,陳昭南,Male,52,桃園市,住宿和餐飲業,2017.0,8.0,5.0,3.0,50
ID02793,AC1700476,F019,法蘭絨格紋襯衫-綠,女裝,1800.0,1.0,2017-08-05,1800.0,297.0,243.00000000000003,1908.0,張鈞瑋,Male,32,新北市,農林漁牧業,2017.0,8.0,5.0,3.0,30
ID02794,AC1700560,F016,後背包-藍,配件,890.0,1.0,2017-08-05,890.0,220.72,46.28,943.4000000000001,林建良,Male,22,新北市,金融業和房地產,2017.0,8.0,5.0,3.0,20
ID02795,AC1703831,F017,大學T男裝-灰,男裝,1200.0,1.0,2017-08-05,1200.0,230.4,129.6,1272.0,張玉平,Female,35,臺北市,其他,2017.0,8.0,5.0,3.0,30
ID02796,AC1701270,F028,大學T男童-藍,童裝,1750.0,1.0,2017-08-05,1750.0,308.0,217.0,1855.0,李依珮,Male,47,新北市,金融業和房地產,2017.0,8.0,5.0,3.0,40
ID02797,AC1703039,F002,運動潮流直筒棉褲男童-白,童裝,930.0,1.0,2017-08-05,930.0,163.68,115.32,985.8000000000001,李彥玫,Male,58,桃園市,住宿和餐飲業,2017.0,8.0,5.0,3.0,50
ID02798,AC1700717,F014,大化妝包-黑,配件,1740.0,2.0,2017-08-05,3480.0,863.04,180.95999999999998,3688.8,張志寧,Female,41,新北市,金融業和房地產,2017.0,8.0,5.0,3.0,40
ID02799,AC1701992,F009,大化妝包-深藍,配件,2100.0,2.0,2017-08-05,4200.0,1041.6,218.39999999999998,4452.0,蘇威德,Male,43,宜蘭縣,金融業和房地產,2017.0,8.0,5.0,3.0,40
ID02800,AC1703084,F002,運動潮流直筒棉褲男童-白,童裝,930.0,1.0,2017-08-05,930.0,163.68,115.32,985.8000000000001,楊淑屏,Male,32,桃園市,住宿和餐飲業,2017.0,8.0,5.0,3.0,30
ID02801,AC1701584,F019,法蘭絨格紋襯衫-綠,女裝,1800.0,2.0,2017-08-05,3600.0,594.0,486.00000000000006,3816.0,周祐誠,Male,41,宜蘭縣,金融業和房地產,2017.0,8.0,5.0,3.0,40
ID02802,AC1701708,F009,大化妝包-深藍,配件,2100.0,2.0,2017-08-05,4200.0,1041.6,218.39999999999998,4452.0,吳翰倫,Male,31,宜蘭縣,金融業和房地產,2017.0,8.0,5.0,3.0,30
ID02803,AC1702283,F009,大化妝包-深藍,配件,2100.0,2.0,2017-08-05,4200.0,1041.6,218.39999999999998,4452.0,陳其榮,Female,47,桃園市,其他,2017.0,8.0,5.0,3.0,40
ID02804,AC1700600,F002,運動潮流直筒棉褲男童-白,童裝,930.0,2.0,2017-08-05,1860.0,327.36,230.64,1971.6000000000001,林信宏,Male,35,新北市,住宿和餐飲業,2017.0,8.0,5.0,3.0,30
ID02805,AC1703019,F025,雙向層架式書桌-咖,家俱,2900.0,1.0,2017-08-05,2900.0,435.0000000000002,435.0,3074.0,陳子芸,Female,58,桃園市,其他,2017.0,8.0,5.0,3.0,50
ID02806,AC1700644,F007,運動潮流連帽外套男裝-灰,男裝,1450.0,3.0,2017-08-05,4350.0,835.2,469.8,4611.0,榮勳合,Male,36,新北市,金融業和房地產,2017.0,8.0,5.0,3.0,30
ID02807,AC1703084,F007,運動潮流連帽外套男裝-灰,男裝,1450.0,3.0,2017-08-05,4350.0,835.2,469.8,4611.0,楊淑屏,Male,32,桃園市,住宿和餐飲業,2017.0,8.0,5.0,3.0,30
ID02808,AC1701147,F007,運動潮流連帽外套男裝-灰,男裝,1450.0,3.0,2017-08-05,4350.0,835.2,469.8,4611.0,黃淑山,Female,31,新北市,住宿和餐飲業,2017.0,8.0,5.0,3.0,30
ID02809,AC1703785,F007,運動潮流連帽外套男裝-灰,男裝,1450.0,3.0,2017-08-05,4350.0,835.2,469.8,4611.0,林育維,Male,60,基隆市,金融業和房地產,2017.0,8.0,5.0,3.0,60
ID02810,AC1701007,F015,法蘭絨格紋襯衫-紅,女裝,1740.0,2.0,2017-08-05,3480.0,574.2,469.8,3688.8,林慧柏,Male,31,新北市,住宿和餐飲業,2017.0,8.0,5.0,3.0,30
ID02811,AC1701529,F015,法蘭絨格紋襯衫-紅,女裝,1740.0,2.0,2017-08-05,3480.0,574.2,469.8,3688.8,陳樂雲,Male,38,宜蘭縣,其他,2017.0,8.0,5.0,3.0,30
ID02812,AC1700881,F015,法蘭絨格紋襯衫-紅,女裝,1740.0,2.0,2017-08-05,3480.0,574.2,469.8,3688.8,陳淑玲,Male,29,新北市,金融業和房地產,2017.0,8.0,5.0,3.0,20
ID02813,AC1702262,F028,大學T男童-藍,童裝,1750.0,3.0,2017-08-05,5250.0,924.0000000000005,651.0,5565.0,陳浩鈺,Male,52,桃園市,其他,2017.0,8.0,5.0,3.0,50
ID02814,AC1701800,F028,大學T男童-藍,童裝,1750.0,3.0,2017-08-05,5250.0,924.0000000000005,651.0,5565.0,劉勝傑,Female,28,新北市,金融業和房地產,2017.0,8.0,5.0,3.0,20
ID02815,AC1703041,F024,運動潮流直筒棉褲男童-灰,童裝,2030.0,2.0,2017-08-05,4060.0,714.56,503.44,4303.6,謝敏季,Female,43,桃園市,其他,2017.0,8.0,5.0,3.0,40
ID02816,AC1702290,F028,大學T男童-藍,童裝,1750.0,3.0,2017-08-05,5250.0,924.0000000000005,651.0,5565.0,吳子翔,Male,47,桃園市,住宿和餐飲業,2017.0,8.0,5.0,3.0,40
ID02817,AC1703450,F025,雙向層架式書桌-咖,家俱,2900.0,2.0,2017-08-05,5800.0,870.0000000000005,870.0,6148.0,黃鴻星,Female,29,基隆市,金融業和房地產,2017.0,8.0,5.0,3.0,20
ID02818,AC1701105,F025,雙向層架式書桌-咖,家俱,2900.0,2.0,2017-08-05,5800.0,870.0000000000005,870.0,6148.0,鄭偉智,Male,32,新北市,教育體育文化,2017.0,8.0,5.0,3.0,30
ID02819,AC1703418,F024,運動潮流直筒棉褲男童-灰,童裝,2030.0,3.0,2017-08-05,6090.0,1071.8400000000001,755.16,6455.400000000001,劉文淳,Male,36,基隆市,住宿和餐飲業,2017.0,8.0,5.0,3.0,30
ID02820,AC1702993,F003,印圖大學T男裝-藍,男裝,750.0,1.0,2017-08-05,750.0,144.0,81.0,795.0,鈕嘉玲,Male,51,桃園市,金融業和房地產,2017.0,8.0,5.0,3.0,50
ID02821,AC1700792,F013,潮感印條連帽外套-男裝,男裝,1740.0,1.0,2017-08-05,1740.0,334.08000000000004,187.92,1844.4,林政宏,Female,35,新北市,住宿和餐飲業,2017.0,8.0,5.0,3.0,30
ID02822,AC1701208,F003,印圖大學T男裝-藍,男裝,750.0,1.0,2017-08-05,750.0,144.0,81.0,795.0,林婉如,Female,33,新北市,金融業和房地產,2017.0,8.0,5.0,3.0,30
ID02823,AC1703827,F013,潮感印條連帽外套-男裝,男裝,1740.0,1.0,2017-08-05,1740.0,334.08000000000004,187.92,1844.4,黃詩婷,Female,47,臺北市,其他,2017.0,8.0,5.0,3.0,40
ID02824,AC1703861,F017,大學T男裝-灰,男裝,1200.0,1.0,2017-08-05,1200.0,230.4,129.6,1272.0,李美玲,Female,53,臺北市,其他,2017.0,8.0,5.0,3.0,50
ID02825,AC1702799,F001,運動潮流連帽外套女裝-白,女裝,1450.0,1.0,2017-08-05,1450.0,239.2500000000001,195.75,1537.0,陳晏忠,Male,52,桃園市,其他,2017.0,8.0,5.0,3.0,50
ID02826,AC1700574,F016,後背包-藍,配件,890.0,1.0,2017-08-05,890.0,220.72,46.28,943.4000000000001,吳辛玟,Female,35,新北市,金融業和房地產,2017.0,8.0,5.0,3.0,30
ID02827,AC1703614,F019,法蘭絨格紋襯衫-綠,女裝,1800.0,1.0,2017-08-05,1800.0,297.0,243.00000000000003,1908.0,陳嘉琪,Female,36,基隆市,金融業和房地產,2017.0,8.0,5.0,3.0,30
ID02828,AC1702137,F016,後背包-藍,配件,890.0,1.0,2017-08-05,890.0,220.72,46.28,943.4000000000001,李瑋倫,Female,31,新北市,教育體育文化,2017.0,8.0,5.0,3.0,30
ID02829,AC1701622,F017,大學T男裝-灰,男裝,1200.0,1.0,2017-08-05,1200.0,230.4,129.6,1272.0,楊子維,Female,47,新北市,金融業和房地產,2017.0,8.0,5.0,3.0,40
ID02830,AC1701785,F028,大學T男童-藍,童裝,1750.0,1.0,2017-08-05,1750.0,308.0,217.0,1855.0,李文竹,Male,40,宜蘭縣,農林漁牧業,2017.0,8.0,5.0,3.0,40
ID02831,AC1702938,F002,運動潮流直筒棉褲男童-白,童裝,930.0,1.0,2017-08-05,930.0,163.68,115.32,985.8000000000001,吳佩玉,Female,42,桃園市,住宿和餐飲業,2017.0,8.0,5.0,3.0,40
ID02832,AC1701886,F014,大化妝包-黑,配件,1740.0,2.0,2017-08-05,3480.0,863.04,180.95999999999998,3688.8,葉智偉,Female,28,新北市,金融業和房地產,2017.0,8.0,5.0,3.0,20
ID02833,AC1700319,F009,大化妝包-深藍,配件,2100.0,2.0,2017-08-05,4200.0,1041.6,218.39999999999998,4452.0,林幸芳,Female,41,新北市,金融業和房地產,2017.0,8.0,5.0,3.0,40
ID02834,AC1702754,F002,運動潮流直筒棉褲男童-白,童裝,930.0,1.0,2017-08-05,930.0,163.68,115.32,985.8000000000001,翁淑敏,Male,50,桃園市,住宿和餐飲業,2017.0,8.0,5.0,3.0,50
ID02835,AC1703940,F019,法蘭絨格紋襯衫-綠,女裝,1800.0,2.0,2017-08-05,3600.0,594.0,486.00000000000006,3816.0,林美麗,Female,51,臺北市,住宿和餐飲業,2017.0,8.0,5.0,3.0,50
ID02836,AC1701956,F009,大化妝包-深藍,配件,2100.0,2.0,2017-08-05,4200.0,1041.6,218.39999999999998,4452.0,姚昭一,Male,46,宜蘭縣,金融業和房地產,2017.0,8.0,5.0,3.0,40
ID02837,AC1703337,F009,大化妝包-深藍,配件,2100.0,2.0,2017-08-05,4200.0,1041.6,218.39999999999998,4452.0,葉志偉,Male,31,基隆市,金融業和房地產,2017.0,8.0,5.0,3.0,30
ID02838,AC1703660,F002,運動潮流直筒棉褲男童-白,童裝,930.0,2.0,2017-08-05,1860.0,327.36,230.64,1971.6000000000001,黃凱文,Female,36,基隆市,其他,2017.0,8.0,5.0,3.0,30
ID02839,AC1702329,F025,雙向層架式書桌-咖,家俱,2900.0,1.0,2017-08-05,2900.0,435.0000000000002,435.0,3074.0,林家希,Male,53,桃園市,住宿和餐飲業,2017.0,8.0,5.0,3.0,50
ID02840,AC1701369,F007,運動潮流連帽外套男裝-灰,男裝,1450.0,3.0,2017-08-05,4350.0,835.2,469.8,4611.0,江佳妮,Female,31,宜蘭縣,金融業和房地產,2017.0,8.0,5.0,3.0,30
ID02841,AC1703340,F007,運動潮流連帽外套男裝-灰,男裝,1450.0,3.0,2017-08-05,4350.0,835.2,469.8,4611.0,林郁婷,Female,32,基隆市,金融業和房地產,2017.0,8.0,5.0,3.0,30
ID02842,AC1701069,F007,運動潮流連帽外套男裝-灰,男裝,1450.0,3.0,2017-08-05,4350.0,835.2,469.8,4611.0,夏芳屏,Male,28,新北市,金融業和房地產,2017.0,8.0,5.0,3.0,20
ID02843,AC1702021,F007,運動潮流連帽外套男裝-灰,男裝,1450.0,3.0,2017-08-05,4350.0,835.2,469.8,4611.0,鄭邦筠,Female,32,新北市,金融業和房地產,2017.0,8.0,5.0,3.0,30
ID02844,AC1701842,F015,法蘭絨格紋襯衫-紅,女裝,1740.0,2.0,2017-08-05,3480.0,574.2,469.8,3688.8,張淑婷,Female,39,新北市,金融業和房地產,2017.0,8.0,5.0,3.0,30
ID02845,AC1703167,F015,法蘭絨格紋襯衫-紅,女裝,1740.0,2.0,2017-08-05,3480.0,574.2,469.8,3688.8,許大俐,Female,53,桃園市,其他,2017.0,8.0,5.0,3.0,50
ID02846,AC1701835,F015,法蘭絨格紋襯衫-紅,女裝,1740.0,2.0,2017-08-05,3480.0,574.2,469.8,3688.8,張真亨,Female,24,新北市,其他,2017.0,8.0,5.0,3.0,20
ID02847,AC1700440,F028,大學T男童-藍,童裝,1750.0,3.0,2017-08-05,5250.0,924.0000000000005,651.0,5565.0,吳靜怡,Female,47,新北市,金融業和房地產,2017.0,8.0,5.0,3.0,40
ID02848,AC1703720,F028,大學T男童-藍,童裝,1750.0,3.0,2017-08-05,5250.0,924.0000000000005,651.0,5565.0,陳信玟,Male,34,基隆市,金融業和房地產,2017.0,8.0,5.0,3.0,30
ID02849,AC1700006,F024,運動潮流直筒棉褲男童-灰,童裝,2030.0,2.0,2017-08-05,4060.0,714.56,503.44,4303.6,蔡登意,Male,40,臺北市,金融業和房地產,2017.0,8.0,5.0,3.0,40
ID02850,AC1702320,F028,大學T男童-藍,童裝,1750.0,3.0,2017-08-05,5250.0,924.0000000000005,651.0,5565.0,黃逸軍,Male,64,桃園市,住宿和餐飲業,2017.0,8.0,5.0,3.0,60
ID02851,AC1700645,F011,經典高領多彩T恤男裝-白,男裝,1200.0,1.0,2017-08-30,1200.0,230.4,129.6,1272.0,許佳純,Female,33,新北市,金融業和房地產,2017.0,8.0,30.0,3.0,30
ID02852,AC1701804,F011,經典高領多彩T恤男裝-白,男裝,1200.0,1.0,2017-08-30,1200.0,230.4,129.6,1272.0,李雅雯,Female,34,新北市,金融業和房地產,2017.0,8.0,30.0,3.0,30
ID02853,AC1701716,F025,雙向層架式書桌-咖,家俱,2900.0,2.0,2017-08-05,5800.0,870.0000000000005,870.0,6148.0,陳政翰,Male,39,宜蘭縣,金融業和房地產,2017.0,8.0,5.0,3.0,30
ID02854,AC1701879,F011,經典高領多彩T恤男裝-白,男裝,1200.0,1.0,2017-08-30,1200.0,230.4,129.6,1272.0,趙建志,Female,40,新北市,金融業和房地產,2017.0,8.0,30.0,3.0,40
ID02855,AC1700846,F025,雙向層架式書桌-咖,家俱,2900.0,2.0,2017-08-05,5800.0,870.0000000000005,870.0,6148.0,劉怡潔,Male,38,新北市,金融業和房地產,2017.0,8.0,5.0,3.0,30
ID02856,AC1701119,F024,運動潮流直筒棉褲男童-灰,童裝,2030.0,3.0,2017-08-05,6090.0,1071.8400000000001,755.16,6455.400000000001,羅佳蓉,Male,45,新北市,住宿和餐飲業,2017.0,8.0,5.0,3.0,40
ID02857,AC1703202,F017,大學T男裝-灰,男裝,1200.0,1.0,2017-08-05,1200.0,230.4,129.6,1272.0,林惟竹,Female,60,桃園市,其他,2017.0,8.0,5.0,3.0,60
ID02858,AC1701733,F017,大學T男裝-灰,男裝,1200.0,1.0,2017-08-05,1200.0,230.4,129.6,1272.0,黃燦綺,Male,32,宜蘭縣,金融業和房地產,2017.0,8.0,5.0,3.0,30
ID02859,AC1703600,F011,經典高領多彩T恤男裝-白,男裝,1200.0,1.0,2017-08-30,1200.0,230.4,129.6,1272.0,溫嘉辛,Male,46,基隆市,住宿和餐飲業,2017.0,8.0,30.0,3.0,40
ID02860,AC1703147,F011,經典高領多彩T恤男裝-白,男裝,1200.0,1.0,2017-08-30,1200.0,230.4,129.6,1272.0,吳俊雅,Female,49,桃園市,其他,2017.0,8.0,30.0,3.0,40
ID02861,AC1703194,F002,運動潮流直筒棉褲男童-白,童裝,930.0,1.0,2017-08-05,930.0,163.68,115.32,985.8000000000001,陳月洋,Male,48,桃園市,住宿和餐飲業,2017.0,8.0,5.0,3.0,40
ID02862,AC1700215,F011,經典高領多彩T恤男裝-白,男裝,1200.0,1.0,2017-08-30,1200.0,230.4,129.6,1272.0,沈雅云,Female,42,臺北市,住宿和餐飲業,2017.0,8.0,30.0,3.0,40
ID02863,AC1700550,F002,運動潮流直筒棉褲男童-白,童裝,930.0,1.0,2017-08-05,930.0,163.68,115.32,985.8000000000001,黃義帆,Female,33,新北市,金融業和房地產,2017.0,8.0,5.0,3.0,30
ID02864,AC1703309,F002,運動潮流直筒棉褲男童-白,童裝,930.0,2.0,2017-08-05,1860.0,327.36,230.64,1971.6000000000001,張竹蘭,Female,35,基隆市,金融業和房地產,2017.0,8.0,5.0,3.0,30
ID02865,AC1702137,F025,雙向層架式書桌-咖,家俱,2900.0,1.0,2017-08-05,2900.0,435.0000000000002,435.0,3074.0,李瑋倫,Female,31,新北市,教育體育文化,2017.0,8.0,5.0,3.0,30
ID02866,AC1703467,F015,法蘭絨格紋襯衫-紅,女裝,1740.0,2.0,2017-08-05,3480.0,574.2,469.8,3688.8,常偉木,Male,37,基隆市,金融業和房地產,2017.0,8.0,5.0,3.0,30
ID02867,AC1701159,F011,經典高領多彩T恤男裝-白,男裝,1200.0,1.0,2017-08-30,1200.0,230.4,129.6,1272.0,楊淑芬,Male,24,新北市,金融業和房地產,2017.0,8.0,30.0,3.0,20
ID02868,AC1701627,F011,經典高領多彩T恤男裝-白,男裝,1200.0,1.0,2017-08-30,1200.0,230.4,129.6,1272.0,李苡歡,Female,35,新北市,住宿和餐飲業,2017.0,8.0,30.0,3.0,30
ID02869,AC1703275,F015,法蘭絨格紋襯衫-紅,女裝,1740.0,2.0,2017-08-05,3480.0,574.2,469.8,3688.8,黎紋珮,Female,53,桃園市,住宿和餐飲業,2017.0,8.0,5.0,3.0,50
ID02870,AC1703752,F011,經典高領多彩T恤男裝-白,男裝,1200.0,1.0,2017-08-30,1200.0,230.4,129.6,1272.0,韓麗美,Female,44,基隆市,教育體育文化,2017.0,8.0,30.0,3.0,40
ID02871,AC1703673,F015,法蘭絨格紋襯衫-紅,女裝,1740.0,2.0,2017-08-05,3480.0,574.2,469.8,3688.8,吳淑恩,Female,32,基隆市,金融業和房地產,2017.0,8.0,5.0,3.0,30
ID02872,AC1703702,F024,運動潮流直筒棉褲男童-灰,童裝,2030.0,2.0,2017-08-05,4060.0,714.56,503.44,4303.6,張羽如,Female,42,基隆市,金融業和房地產,2017.0,8.0,5.0,3.0,40
ID02873,AC1701422,F025,雙向層架式書桌-咖,家俱,2900.0,2.0,2017-08-05,5800.0,870.0000000000005,870.0,6148.0,王允火,Male,29,宜蘭縣,金融業和房地產,2017.0,8.0,5.0,3.0,20
ID02874,AC1701006,F025,雙向層架式書桌-咖,家俱,2900.0,2.0,2017-08-05,5800.0,870.0000000000005,870.0,6148.0,趙忠法,Male,37,新北市,住宿和餐飲業,2017.0,8.0,5.0,3.0,30
ID02875,AC1703731,F011,經典高領多彩T恤男裝-白,男裝,1200.0,1.0,2017-08-30,1200.0,230.4,129.6,1272.0,姚雅如,Female,30,基隆市,金融業和房地產,2017.0,8.0,30.0,3.0,30
ID02876,AC1701426,F011,經典高領多彩T恤男裝-白,男裝,1200.0,1.0,2017-08-30,1200.0,230.4,129.6,1272.0,王紫威,Female,33,新北市,金融業和房地產,2017.0,8.0,30.0,3.0,30
ID02877,AC1703018,F024,運動潮流直筒棉褲男童-灰,童裝,2030.0,3.0,2017-08-05,6090.0,1071.8400000000001,755.16,6455.400000000001,蔡佳穎,Male,60,桃園市,其他,2017.0,8.0,5.0,3.0,60
ID02878,AC1702186,F011,經典高領多彩T恤男裝-白,男裝,1200.0,1.0,2017-08-30,1200.0,230.4,129.6,1272.0,陳慶菱,Female,44,桃園市,金融業和房地產,2017.0,8.0,30.0,3.0,40
ID02879,AC1703690,F005,運動潮流連帽外套男裝-灰,男裝,1450.0,1.0,2017-08-30,1450.0,278.4000000000001,156.6,1537.0,吳勝以,Male,27,基隆市,金融業和房地產,2017.0,8.0,30.0,3.0,20
ID02880,AC1701519,F025,雙向層架式書桌-咖,家俱,2900.0,1.0,2017-08-30,2900.0,435.0000000000002,435.0,3074.0,陳奕雄,Male,37,宜蘭縣,住宿和餐飲業,2017.0,8.0,30.0,3.0,30
ID02881,AC1703327,F025,雙向層架式書桌-咖,家俱,2900.0,1.0,2017-08-30,2900.0,435.0000000000002,435.0,3074.0,黃柏宏,Female,20,基隆市,其他,2017.0,8.0,30.0,3.0,20
ID02882,AC1702486,F025,雙向層架式書桌-咖,家俱,2900.0,1.0,2017-08-30,2900.0,435.0000000000002,435.0,3074.0,昝淑婷,Female,60,桃園市,住宿和餐飲業,2017.0,8.0,30.0,3.0,60
ID02883,AC1700864,F011,經典高領多彩T恤男裝-白,男裝,1200.0,1.0,2017-08-30,1200.0,230.4,129.6,1272.0,謝雅茹,Male,48,新北市,金融業和房地產,2017.0,8.0,30.0,3.0,40
ID02884,AC1703583,F011,經典高領多彩T恤男裝-白,男裝,1200.0,1.0,2017-08-30,1200.0,230.4,129.6,1272.0,陳一寶,Female,35,基隆市,金融業和房地產,2017.0,8.0,30.0,3.0,30
ID02885,AC1700520,F025,雙向層架式書桌-咖,家俱,2900.0,1.0,2017-08-30,2900.0,435.0000000000002,435.0,3074.0,楊崇利,Male,36,新北市,金融業和房地產,2017.0,8.0,30.0,3.0,30
ID02886,AC1700820,F011,經典高領多彩T恤男裝-白,男裝,1200.0,1.0,2017-08-30,1200.0,230.4,129.6,1272.0,陳剛韋,Female,27,新北市,其他,2017.0,8.0,30.0,3.0,20
ID02887,AC1702273,F005,運動潮流連帽外套男裝-灰,男裝,1450.0,1.0,2017-08-30,1450.0,278.4000000000001,156.6,1537.0,許育舜,Male,53,桃園市,住宿和餐飲業,2017.0,8.0,30.0,3.0,50
ID02888,AC1701806,F025,雙向層架式書桌-咖,家俱,2900.0,1.0,2017-08-30,2900.0,435.0000000000002,435.0,3074.0,蘇建中,Female,23,新北市,其他,2017.0,8.0,30.0,3.0,20
ID02889,AC1701856,F025,雙向層架式書桌-咖,家俱,2900.0,1.0,2017-08-30,2900.0,435.0000000000002,435.0,3074.0,黃信郁,Female,34,新北市,金融業和房地產,2017.0,8.0,30.0,3.0,30
ID02890,AC1702460,F025,雙向層架式書桌-咖,家俱,2900.0,1.0,2017-08-30,2900.0,435.0000000000002,435.0,3074.0,李松泉,Male,62,桃園市,住宿和餐飲業,2017.0,8.0,30.0,3.0,60
ID02891,AC1703410,F025,雙向層架式書桌-咖,家俱,2900.0,1.0,2017-08-30,2900.0,435.0000000000002,435.0,3074.0,秦緯容,Female,29,基隆市,金融業和房地產,2017.0,8.0,30.0,3.0,20
ID02892,AC1702976,F005,運動潮流連帽外套男裝-灰,男裝,1450.0,1.0,2017-08-30,1450.0,278.4000000000001,156.6,1537.0,鄭家蓮,Male,54,桃園市,住宿和餐飲業,2017.0,8.0,30.0,3.0,50
ID02893,AC1700680,F025,雙向層架式書桌-咖,家俱,2900.0,1.0,2017-08-30,2900.0,435.0000000000002,435.0,3074.0,陳怡婷,Female,35,新北市,金融業和房地產,2017.0,8.0,30.0,3.0,30
ID02894,AC1703928,F013,潮感印條連帽外套-男裝,男裝,1740.0,1.0,2017-09-12,1740.0,334.08000000000004,187.92,1844.4,呂雅雯,Female,48,臺北市,金融業和房地產,2017.0,9.0,12.0,3.0,40
ID02895,AC1701826,F028,大學T男童-藍,童裝,1750.0,1.0,2017-09-12,1750.0,308.0,217.0,1855.0,林思友,Female,37,新北市,其他,2017.0,9.0,12.0,3.0,30
ID02896,AC1700630,F028,大學T男童-藍,童裝,1750.0,1.0,2017-09-12,1750.0,308.0,217.0,1855.0,涂智堯,Female,29,新北市,金融業和房地產,2017.0,9.0,12.0,3.0,20
ID02897,AC1700596,F025,雙向層架式書桌-咖,家俱,2900.0,1.0,2017-08-30,2900.0,435.0000000000002,435.0,3074.0,陳怡臻,Female,32,新北市,金融業和房地產,2017.0,8.0,30.0,3.0,30
ID02898,AC1703728,F004,大化妝包-桃粉,配件,1600.0,1.0,2017-09-12,1600.0,396.8,83.2,1696.0,黃政郁,Female,36,基隆市,住宿和餐飲業,2017.0,9.0,12.0,3.0,30
ID02899,AC1703139,F028,大學T男童-藍,童裝,1750.0,1.0,2017-09-12,1750.0,308.0,217.0,1855.0,姜恩義,Female,41,桃園市,其他,2017.0,9.0,12.0,3.0,40
ID02900,AC1701137,F008,法蘭絨格紋襯衫-黑,女裝,1800.0,1.0,2017-09-12,1800.0,297.0,243.00000000000003,1908.0,孫冠宇,Male,48,新北市,金融業和房地產,2017.0,9.0,12.0,3.0,40
ID02901,AC1700410,F025,雙向層架式書桌-咖,家俱,2900.0,1.0,2017-08-30,2900.0,435.0000000000002,435.0,3074.0,楊浩伯,Female,33,新北市,金融業和房地產,2017.0,8.0,30.0,3.0,30
ID02902,AC1701963,F025,雙向層架式書桌-咖,家俱,2900.0,1.0,2017-08-30,2900.0,435.0000000000002,435.0,3074.0,毛政禾,Male,24,宜蘭縣,其他,2017.0,8.0,30.0,3.0,20
ID02903,AC1702617,F005,運動潮流連帽外套男裝-灰,男裝,1450.0,1.0,2017-08-30,1450.0,278.4000000000001,156.6,1537.0,張柏宇,Male,41,桃園市,其他,2017.0,8.0,30.0,3.0,40
ID02904,AC1702976,F009,大化妝包-深藍,配件,2100.0,2.0,2017-09-12,4200.0,1041.6,218.39999999999998,4452.0,鄭家蓮,Male,54,桃園市,住宿和餐飲業,2017.0,9.0,12.0,3.0,50
ID02905,AC1700727,F025,雙向層架式書桌-咖,家俱,2900.0,1.0,2017-08-30,2900.0,435.0000000000002,435.0,3074.0,蔡孟宸,Female,29,新北市,其他,2017.0,8.0,30.0,3.0,20
ID02906,AC1702183,F009,大化妝包-深藍,配件,2100.0,2.0,2017-09-12,4200.0,1041.6,218.39999999999998,4452.0,林珊志,Male,40,桃園市,住宿和餐飲業,2017.0,9.0,12.0,3.0,40
ID02907,AC1700466,F025,雙向層架式書桌-咖,家俱,2900.0,1.0,2017-08-30,2900.0,435.0000000000002,435.0,3074.0,陳宏孜,Male,36,新北市,金融業和房地產,2017.0,8.0,30.0,3.0,30
ID02908,AC1703222,F025,雙向層架式書桌-咖,家俱,2900.0,1.0,2017-08-30,2900.0,435.0000000000002,435.0,3074.0,林佩君,Female,53,桃園市,教育體育文化,2017.0,8.0,30.0,3.0,50
ID02909,AC1702379,F025,雙向層架式書桌-咖,家俱,2900.0,1.0,2017-08-30,2900.0,435.0000000000002,435.0,3074.0,陳俐芷,Female,39,桃園市,住宿和餐飲業,2017.0,8.0,30.0,3.0,30
ID02910,AC1702500,F013,潮感印條連帽外套-男裝,男裝,1740.0,1.0,2017-09-12,1740.0,334.08000000000004,187.92,1844.4,鐘佳倩,Male,48,桃園市,其他,2017.0,9.0,12.0,3.0,40
ID02911,AC1703015,F028,大學T男童-藍,童裝,1750.0,1.0,2017-09-12,1750.0,308.0,217.0,1855.0,張蘭財,Male,45,桃園市,住宿和餐飲業,2017.0,9.0,12.0,3.0,40
ID02912,AC1700339,F028,大學T男童-藍,童裝,1750.0,1.0,2017-09-12,1750.0,308.0,217.0,1855.0,梁宗翰,Male,59,新北市,金融業和房地產,2017.0,9.0,12.0,3.0,50
ID02913,AC1703762,F005,運動潮流連帽外套男裝-灰,男裝,1450.0,1.0,2017-08-30,1450.0,278.4000000000001,156.6,1537.0,廖家豪,Female,38,基隆市,教育體育文化,2017.0,8.0,30.0,3.0,30
ID02914,AC1703325,F004,大化妝包-桃粉,配件,1600.0,1.0,2017-09-12,1600.0,396.8,83.2,1696.0,毛辛馨,Female,23,基隆市,金融業和房地產,2017.0,9.0,12.0,3.0,20
ID02915,AC1700476,F028,大學T男童-藍,童裝,1750.0,1.0,2017-09-12,1750.0,308.0,217.0,1855.0,張鈞瑋,Male,32,新北市,農林漁牧業,2017.0,9.0,12.0,3.0,30
ID02916,AC1703051,F008,法蘭絨格紋襯衫-黑,女裝,1800.0,1.0,2017-09-12,1800.0,297.0,243.00000000000003,1908.0,黃柏泰,Male,47,桃園市,其他,2017.0,9.0,12.0,3.0,40
ID02917,AC1703677,F025,雙向層架式書桌-咖,家俱,2900.0,1.0,2017-08-30,2900.0,435.0000000000002,435.0,3074.0,李韻如,Female,27,基隆市,金融業和房地產,2017.0,8.0,30.0,3.0,20
ID02918,AC1703318,F025,雙向層架式書桌-咖,家俱,2900.0,1.0,2017-08-30,2900.0,435.0000000000002,435.0,3074.0,陳珊茵,Female,38,基隆市,金融業和房地產,2017.0,8.0,30.0,3.0,30
ID02919,AC1701723,F025,雙向層架式書桌-咖,家俱,2900.0,1.0,2017-08-30,2900.0,435.0000000000002,435.0,3074.0,劉和強,Male,34,宜蘭縣,金融業和房地產,2017.0,8.0,30.0,3.0,30
ID02920,AC1702716,F009,大化妝包-深藍,配件,2100.0,2.0,2017-09-12,4200.0,1041.6,218.39999999999998,4452.0,廖肇榮,Female,52,桃園市,住宿和餐飲業,2017.0,9.0,12.0,3.0,50
ID02921,AC1702260,F025,雙向層架式書桌-咖,家俱,2900.0,1.0,2017-08-30,2900.0,435.0000000000002,435.0,3074.0,高淑娟,Female,54,桃園市,其他,2017.0,8.0,30.0,3.0,50
ID02922,AC1703037,F009,大化妝包-深藍,配件,2100.0,2.0,2017-09-12,4200.0,1041.6,218.39999999999998,4452.0,連雅婷,Female,30,桃園市,其他,2017.0,9.0,12.0,3.0,30
ID02923,AC1703962,F017,大學T男裝-灰,男裝,1200.0,1.0,2017-09-12,1200.0,230.4,129.6,1272.0,錢哲嘉,Male,55,臺北市,金融業和房地產,2017.0,9.0,12.0,3.0,50
ID02924,AC1701703,F017,大學T男裝-灰,男裝,1200.0,1.0,2017-09-12,1200.0,230.4,129.6,1272.0,王冠良,Male,30,宜蘭縣,金融業和房地產,2017.0,9.0,12.0,3.0,30
ID02925,AC1701128,F041,三層樓梯椅-黑,家俱,820.0,1.0,2017-09-12,820.0,123.0,123.0,869.2,黃智柏,Male,40,新北市,其他,2017.0,9.0,12.0,3.0,40
ID02926,AC1702050,F013,潮感印條連帽外套-男裝,男裝,1740.0,1.0,2017-09-12,1740.0,334.08000000000004,187.92,1844.4,蕭欣潔,Female,34,新北市,金融業和房地產,2017.0,9.0,12.0,3.0,30
ID02927,AC1701946,F028,大學T男童-藍,童裝,1750.0,1.0,2017-09-12,1750.0,308.0,217.0,1855.0,郭筠銘,Female,40,新北市,金融業和房地產,2017.0,9.0,12.0,3.0,40
ID02928,AC1703687,F028,大學T男童-藍,童裝,1750.0,1.0,2017-09-12,1750.0,308.0,217.0,1855.0,王家瑜,Female,40,基隆市,金融業和房地產,2017.0,9.0,12.0,3.0,40
ID02929,AC1702022,F024,運動潮流直筒棉褲男童-灰,童裝,2030.0,1.0,2017-09-12,2030.0,357.28,251.72,2151.8,林喬哲,Male,32,宜蘭縣,金融業和房地產,2017.0,9.0,12.0,3.0,30
ID02930,AC1700556,F004,大化妝包-桃粉,配件,1600.0,1.0,2017-09-12,1600.0,396.8,83.2,1696.0,葉博文,Male,35,新北市,金融業和房地產,2017.0,9.0,12.0,3.0,30
ID02931,AC1703550,F028,大學T男童-藍,童裝,1750.0,1.0,2017-09-12,1750.0,308.0,217.0,1855.0,鄭靜怡,Female,47,基隆市,金融業和房地產,2017.0,9.0,12.0,3.0,40
ID02932,AC1700899,F008,法蘭絨格紋襯衫-黑,女裝,1800.0,1.0,2017-09-12,1800.0,297.0,243.00000000000003,1908.0,杜佳容,Male,26,新北市,其他,2017.0,9.0,12.0,3.0,20
ID02933,AC1700296,F024,運動潮流直筒棉褲男童-灰,童裝,2030.0,1.0,2017-09-12,2030.0,357.28,251.72,2151.8,林麗智,Female,57,新北市,其他,2017.0,9.0,12.0,3.0,50
ID02934,AC1701022,F010,中夾-紅,皮件,2610.0,1.0,2017-09-12,2610.0,595.0800000000003,187.92,2766.6000000000004,許子琳,Female,30,新北市,金融業和房地產,2017.0,9.0,12.0,3.0,30
ID02935,AC1701969,F024,運動潮流直筒棉褲男童-灰,童裝,2030.0,2.0,2017-09-12,4060.0,714.56,503.44,4303.6,駱婉如,Female,36,宜蘭縣,其他,2017.0,9.0,12.0,3.0,30
ID02936,AC1700866,F009,大化妝包-深藍,配件,2100.0,2.0,2017-09-12,4200.0,1041.6,218.39999999999998,4452.0,戴惠茹,Female,52,新北市,教育體育文化,2017.0,9.0,12.0,3.0,50
ID02937,AC1702998,F024,運動潮流直筒棉褲男童-灰,童裝,2030.0,2.0,2017-09-12,4060.0,714.56,503.44,4303.6,王佩君,Female,31,桃園市,其他,2017.0,9.0,12.0,3.0,30
ID02938,AC1703095,F009,大化妝包-深藍,配件,2100.0,2.0,2017-09-12,4200.0,1041.6,218.39999999999998,4452.0,沈初奇,Male,51,桃園市,其他,2017.0,9.0,12.0,3.0,50
ID02939,AC1700056,F017,大學T男裝-灰,男裝,1200.0,1.0,2017-09-12,1200.0,230.4,129.6,1272.0,黃雅文,Female,53,基隆市,其他,2017.0,9.0,12.0,3.0,50
ID02940,AC1700461,F017,大學T男裝-灰,男裝,1200.0,1.0,2017-09-12,1200.0,230.4,129.6,1272.0,涂姵帆,Female,42,新北市,金融業和房地產,2017.0,9.0,12.0,3.0,40
ID02941,AC1701976,F041,三層樓梯椅-黑,家俱,820.0,1.0,2017-09-12,820.0,123.0,123.0,869.2,張敬倩,Female,47,新北市,金融業和房地產,2017.0,9.0,12.0,3.0,40
ID02942,AC1701112,F013,潮感印條連帽外套-男裝,男裝,1740.0,1.0,2017-09-12,1740.0,334.08000000000004,187.92,1844.4,陳佳佩,Female,36,新北市,金融業和房地產,2017.0,9.0,12.0,3.0,30
ID02943,AC1700595,F028,大學T男童-藍,童裝,1750.0,1.0,2017-09-12,1750.0,308.0,217.0,1855.0,林君來,Male,58,新北市,金融業和房地產,2017.0,9.0,12.0,3.0,50
ID02944,AC1701170,F028,大學T男童-藍,童裝,1750.0,1.0,2017-09-12,1750.0,308.0,217.0,1855.0,郭俊逸,Male,28,新北市,其他,2017.0,9.0,12.0,3.0,20
ID02945,AC1703878,F024,運動潮流直筒棉褲男童-灰,童裝,2030.0,1.0,2017-09-12,2030.0,357.28,251.72,2151.8,杜緯君,Female,37,臺北市,金融業和房地產,2017.0,9.0,12.0,3.0,30
ID02946,AC1700251,F004,大化妝包-桃粉,配件,1600.0,1.0,2017-09-12,1600.0,396.8,83.2,1696.0,陳琇祥,Male,38,臺北市,金融業和房地產,2017.0,9.0,12.0,3.0,30
ID02947,AC1702846,F028,大學T男童-藍,童裝,1750.0,1.0,2017-09-12,1750.0,308.0,217.0,1855.0,謝倫佳,Female,48,桃園市,其他,2017.0,9.0,12.0,3.0,40
ID02948,AC1703105,F008,法蘭絨格紋襯衫-黑,女裝,1800.0,1.0,2017-09-12,1800.0,297.0,243.00000000000003,1908.0,李雅玲,Female,48,桃園市,住宿和餐飲業,2017.0,9.0,12.0,3.0,40
ID02949,AC1701438,F024,運動潮流直筒棉褲男童-灰,童裝,2030.0,1.0,2017-09-12,2030.0,357.28,251.72,2151.8,陳筱霖,Female,33,新北市,金融業和房地產,2017.0,9.0,12.0,3.0,30
ID02950,AC1703118,F010,中夾-紅,皮件,2610.0,1.0,2017-09-12,2610.0,595.0800000000003,187.92,2766.6000000000004,侯嘉鴻,Male,46,桃園市,住宿和餐飲業,2017.0,9.0,12.0,3.0,40
ID02951,AC1701414,F024,運動潮流直筒棉褲男童-灰,童裝,2030.0,2.0,2017-09-12,4060.0,714.56,503.44,4303.6,李韋成,Male,34,宜蘭縣,金融業和房地產,2017.0,9.0,12.0,3.0,30
ID02952,AC1702492,F009,大化妝包-深藍,配件,2100.0,2.0,2017-09-12,4200.0,1041.6,218.39999999999998,4452.0,葉雅玲,Female,43,桃園市,其他,2017.0,9.0,12.0,3.0,40
ID02953,AC1703844,F024,運動潮流直筒棉褲男童-灰,童裝,2030.0,2.0,2017-09-12,4060.0,714.56,503.44,4303.6,林玉洋,Female,39,臺北市,金融業和房地產,2017.0,9.0,12.0,3.0,30
ID02954,AC1701788,F009,大化妝包-深藍,配件,2100.0,2.0,2017-09-12,4200.0,1041.6,218.39999999999998,4452.0,戴曉蓁,Female,36,新北市,金融業和房地產,2017.0,9.0,12.0,3.0,30
ID02955,AC1703477,F017,大學T男裝-灰,男裝,1200.0,1.0,2017-09-12,1200.0,230.4,129.6,1272.0,孫少群,Female,40,基隆市,金融業和房地產,2017.0,9.0,12.0,3.0,40
ID02956,AC1702926,F017,大學T男裝-灰,男裝,1200.0,1.0,2017-09-12,1200.0,230.4,129.6,1272.0,張瑋婷,Female,45,桃園市,住宿和餐飲業,2017.0,9.0,12.0,3.0,40
ID02957,AC1703940,F041,三層樓梯椅-黑,家俱,820.0,1.0,2017-09-12,820.0,123.0,123.0,869.2,林美麗,Female,51,臺北市,住宿和餐飲業,2017.0,9.0,12.0,3.0,50
ID02958,AC1703146,F013,潮感印條連帽外套-男裝,男裝,1740.0,1.0,2017-09-12,1740.0,334.08000000000004,187.92,1844.4,鄧宗翰,Female,46,桃園市,其他,2017.0,9.0,12.0,3.0,40
ID02959,AC1702912,F028,大學T男童-藍,童裝,1750.0,1.0,2017-09-12,1750.0,308.0,217.0,1855.0,羅奎柏,Male,55,桃園市,住宿和餐飲業,2017.0,9.0,12.0,3.0,50
ID02960,AC1702661,F028,大學T男童-藍,童裝,1750.0,1.0,2017-09-12,1750.0,308.0,217.0,1855.0,劉季仁,Male,53,桃園市,農林漁牧業,2017.0,9.0,12.0,3.0,50
ID02961,AC1701022,F024,運動潮流直筒棉褲男童-灰,童裝,2030.0,1.0,2017-09-12,2030.0,357.28,251.72,2151.8,許子琳,Female,30,新北市,金融業和房地產,2017.0,9.0,12.0,3.0,30
ID02962,AC1703571,F004,大化妝包-桃粉,配件,1600.0,1.0,2017-09-12,1600.0,396.8,83.2,1696.0,林欣怡,Female,38,基隆市,金融業和房地產,2017.0,9.0,12.0,3.0,30
ID02963,AC1702144,F028,大學T男童-藍,童裝,1750.0,1.0,2017-09-12,1750.0,308.0,217.0,1855.0,朱威城,Male,44,宜蘭縣,住宿和餐飲業,2017.0,9.0,12.0,3.0,40
ID02964,AC1703184,F008,法蘭絨格紋襯衫-黑,女裝,1800.0,1.0,2017-09-12,1800.0,297.0,243.00000000000003,1908.0,吳敏斌,Male,48,桃園市,其他,2017.0,9.0,12.0,3.0,40
ID02965,AC1703859,F024,運動潮流直筒棉褲男童-灰,童裝,2030.0,1.0,2017-09-12,2030.0,357.28,251.72,2151.8,王俊宏,Female,46,臺北市,其他,2017.0,9.0,12.0,3.0,40
ID02966,AC1702481,F010,中夾-紅,皮件,2610.0,1.0,2017-09-12,2610.0,595.0800000000003,187.92,2766.6000000000004,張昭賢,Female,46,桃園市,其他,2017.0,9.0,12.0,3.0,40
ID02967,AC1702069,F024,運動潮流直筒棉褲男童-灰,童裝,2030.0,2.0,2017-09-12,4060.0,714.56,503.44,4303.6,林雅芳,Female,38,新北市,住宿和餐飲業,2017.0,9.0,12.0,3.0,30
ID02968,AC1700597,F009,大化妝包-深藍,配件,2100.0,2.0,2017-09-12,4200.0,1041.6,218.39999999999998,4452.0,張怡竹,Female,37,新北市,農林漁牧業,2017.0,9.0,12.0,3.0,30
ID02969,AC1703191,F024,運動潮流直筒棉褲男童-灰,童裝,2030.0,2.0,2017-09-12,4060.0,714.56,503.44,4303.6,陳俊德,Female,28,桃園市,其他,2017.0,9.0,12.0,3.0,20
ID02970,AC1703158,F009,大化妝包-深藍,配件,2100.0,2.0,2017-09-12,4200.0,1041.6,218.39999999999998,4452.0,王聖凱,Male,44,桃園市,住宿和餐飲業,2017.0,9.0,12.0,3.0,40
ID02971,AC1702366,F017,大學T男裝-灰,男裝,1200.0,1.0,2017-09-12,1200.0,230.4,129.6,1272.0,郭仕燕,Female,52,桃園市,其他,2017.0,9.0,12.0,3.0,50
ID02972,AC1700784,F001,運動潮流連帽外套女裝-白,女裝,1450.0,1.0,2017-10-10,1450.0,239.2500000000001,195.75,1537.0,張志迪,Male,33,新北市,其他,2017.0,10.0,10.0,4.0,30
ID02973,AC1702691,F003,印圖大學T男裝-藍,男裝,750.0,1.0,2017-10-10,750.0,144.0,81.0,795.0,楊偉倫,Male,34,桃園市,其他,2017.0,10.0,10.0,4.0,30
ID02974,AC1701778,F012,托特包-白,配件,1740.0,1.0,2017-10-10,1740.0,431.52,90.47999999999999,1844.4,杜佳霖,Male,21,宜蘭縣,金融業和房地產,2017.0,10.0,10.0,4.0,20
ID02975,AC1703415,F016,後背包-藍,配件,890.0,1.0,2017-10-10,890.0,220.72,46.28,943.4000000000001,方婷安,Female,26,基隆市,金融業和房地產,2017.0,10.0,10.0,4.0,20
ID02976,AC1702998,F016,後背包-藍,配件,890.0,1.0,2017-10-10,890.0,220.72,46.28,943.4000000000001,王佩君,Female,31,桃園市,其他,2017.0,10.0,10.0,4.0,30
ID02977,AC1701714,F038,經典美式純POLO-黑,女裝,980.0,1.0,2017-10-10,980.0,161.7,132.3,1038.8,楊玉萍,Female,42,宜蘭縣,金融業和房地產,2017.0,10.0,10.0,4.0,40
ID02978,AC1703429,F012,托特包-白,配件,1740.0,1.0,2017-10-10,1740.0,431.52,90.47999999999999,1844.4,張永妤,Female,31,基隆市,住宿和餐飲業,2017.0,10.0,10.0,4.0,30
ID02979,AC1701342,F012,托特包-白,配件,1740.0,1.0,2017-10-10,1740.0,431.52,90.47999999999999,1844.4,蔡欣怡,Female,25,新北市,金融業和房地產,2017.0,10.0,10.0,4.0,20
ID02980,AC1701654,F017,大學T男裝-灰,男裝,1200.0,1.0,2017-09-12,1200.0,230.4,129.6,1272.0,黃俊廷,Male,37,宜蘭縣,金融業和房地產,2017.0,9.0,12.0,3.0,30
ID02981,AC1700688,F041,三層樓梯椅-黑,家俱,820.0,1.0,2017-09-12,820.0,123.0,123.0,869.2,陳建龍,Male,49,新北市,其他,2017.0,9.0,12.0,3.0,40
ID02982,AC1702841,F024,運動潮流直筒棉褲男童-灰,童裝,2030.0,1.0,2017-09-12,2030.0,357.28,251.72,2151.8,夏冠宇,Female,40,桃園市,其他,2017.0,9.0,12.0,3.0,40
ID02983,AC1700874,F024,運動潮流直筒棉褲男童-灰,童裝,2030.0,1.0,2017-09-12,2030.0,357.28,251.72,2151.8,袁雅雯,Male,32,新北市,住宿和餐飲業,2017.0,9.0,12.0,3.0,30
ID02984,AC1701722,F010,中夾-紅,皮件,2610.0,1.0,2017-09-12,2610.0,595.0800000000003,187.92,2766.6000000000004,黃琇鈺,Male,34,宜蘭縣,住宿和餐飲業,2017.0,9.0,12.0,3.0,30
ID02985,AC1700999,F003,印圖大學T男裝-藍,男裝,750.0,2.0,2017-10-10,1500.0,288.0,162.0,1590.0,陳志元,Male,29,新北市,金融業和房地產,2017.0,10.0,10.0,4.0,20
ID02986,AC1703720,F013,潮感印條連帽外套-男裝,男裝,1740.0,1.0,2017-10-10,1740.0,334.08000000000004,187.92,1844.4,陳信玟,Male,34,基隆市,金融業和房地產,2017.0,10.0,10.0,4.0,30
ID02987,AC1701465,F024,運動潮流直筒棉褲男童-灰,童裝,2030.0,2.0,2017-09-12,4060.0,714.56,503.44,4303.6,孫雅婷,Male,26,宜蘭縣,金融業和房地產,2017.0,9.0,12.0,3.0,20
ID02988,AC1702708,F008,法蘭絨格紋襯衫-黑,女裝,1800.0,2.0,2017-10-10,3600.0,594.0,486.00000000000006,3816.0,蔡政元,Male,51,桃園市,其他,2017.0,10.0,10.0,4.0,50
ID02989,AC1703883,F008,法蘭絨格紋襯衫-黑,女裝,1800.0,2.0,2017-10-10,3600.0,594.0,486.00000000000006,3816.0,陳淑芳,Female,42,臺北市,住宿和餐飲業,2017.0,10.0,10.0,4.0,40
ID02990,AC1703304,F012,托特包-白,配件,1740.0,2.0,2017-10-10,3480.0,863.04,180.95999999999998,3688.8,袁穎苓,Male,38,基隆市,住宿和餐飲業,2017.0,10.0,10.0,4.0,30
ID02991,AC1700884,F038,經典美式純POLO-黑,女裝,980.0,2.0,2017-10-10,1960.0,323.4,264.6,2077.6,楊懿維,Male,46,新北市,金融業和房地產,2017.0,10.0,10.0,4.0,40
ID02992,AC1702800,F009,大化妝包-深藍,配件,2100.0,2.0,2017-10-10,4200.0,1041.6,218.39999999999998,4452.0,劉萬妍,Male,45,桃園市,住宿和餐飲業,2017.0,10.0,10.0,4.0,40
ID02993,AC1702533,F001,運動潮流連帽外套女裝-白,女裝,1450.0,3.0,2017-10-10,4350.0,717.75,587.25,4611.0,楊方鳳,Female,55,桃園市,住宿和餐飲業,2017.0,10.0,10.0,4.0,50
ID02994,AC1701771,F024,運動潮流直筒棉褲男童-灰,童裝,2030.0,2.0,2017-09-12,4060.0,714.56,503.44,4303.6,李韋成,Female,35,新北市,住宿和餐飲業,2017.0,9.0,12.0,3.0,30
ID02995,AC1703873,F017,大學T男裝-灰,男裝,1200.0,1.0,2017-09-12,1200.0,230.4,129.6,1272.0,陳致坤,Male,44,臺北市,金融業和房地產,2017.0,9.0,12.0,3.0,40
ID02996,AC1702243,F001,運動潮流連帽外套女裝-白,女裝,1450.0,1.0,2017-10-10,1450.0,239.2500000000001,195.75,1537.0,曹憲恆,Male,61,桃園市,農林漁牧業,2017.0,10.0,10.0,4.0,60
ID02997,AC1702541,F003,印圖大學T男裝-藍,男裝,750.0,1.0,2017-10-10,750.0,144.0,81.0,795.0,許乃卿,Male,53,桃園市,住宿和餐飲業,2017.0,10.0,10.0,4.0,50
ID02998,AC1703059,F012,托特包-白,配件,1740.0,1.0,2017-10-10,1740.0,431.52,90.47999999999999,1844.4,陳雅玲,Male,26,桃園市,住宿和餐飲業,2017.0,10.0,10.0,4.0,20
ID02999,AC1701805,F016,後背包-藍,配件,890.0,1.0,2017-10-10,890.0,220.72,46.28,943.4000000000001,沙文欣,Male,20,宜蘭縣,其他,2017.0,10.0,10.0,4.0,20
ID03000,AC1700963,F016,後背包-藍,配件,890.0,1.0,2017-10-10,890.0,220.72,46.28,943.4000000000001,李筱惟,Female,34,新北市,金融業和房地產,2017.0,10.0,10.0,4.0,30
ID03001,AC1700728,F038,經典美式純POLO-黑,女裝,980.0,1.0,2017-10-10,980.0,161.7,132.3,1038.8,劉嘉鴻,Female,35,新北市,金融業和房地產,2017.0,10.0,10.0,4.0,30
ID03002,AC1700044,F012,托特包-白,配件,1740.0,1.0,2017-10-10,1740.0,431.52,90.47999999999999,1844.4,陳山瑜,Male,35,基隆市,其他,2017.0,10.0,10.0,4.0,30
ID03003,AC1700794,F012,托特包-白,配件,1740.0,1.0,2017-10-10,1740.0,431.52,90.47999999999999,1844.4,王宜臻,Male,44,新北市,教育體育文化,2017.0,10.0,10.0,4.0,40
ID03004,AC1702183,F017,大學T男裝-灰,男裝,1200.0,1.0,2017-09-12,1200.0,230.4,129.6,1272.0,林珊志,Male,40,桃園市,住宿和餐飲業,2017.0,9.0,12.0,3.0,40
ID03005,AC1700466,F041,三層樓梯椅-黑,家俱,820.0,1.0,2017-09-12,820.0,123.0,123.0,869.2,陳宏孜,Male,36,新北市,金融業和房地產,2017.0,9.0,12.0,3.0,30
ID03006,AC1703580,F024,運動潮流直筒棉褲男童-灰,童裝,2030.0,1.0,2017-09-12,2030.0,357.28,251.72,2151.8,吳嘉偉,Female,38,基隆市,其他,2017.0,9.0,12.0,3.0,30
ID03007,AC1703206,F024,運動潮流直筒棉褲男童-灰,童裝,2030.0,1.0,2017-09-12,2030.0,357.28,251.72,2151.8,謝志穎,Female,55,桃園市,住宿和餐飲業,2017.0,9.0,12.0,3.0,50
ID03008,AC1701087,F010,中夾-紅,皮件,2610.0,1.0,2017-09-12,2610.0,595.0800000000003,187.92,2766.6000000000004,林浩奇,Male,44,新北市,金融業和房地產,2017.0,9.0,12.0,3.0,40
ID03009,AC1703463,F003,印圖大學T男裝-藍,男裝,750.0,2.0,2017-10-10,1500.0,288.0,162.0,1590.0,李珮霖,Male,37,基隆市,金融業和房地產,2017.0,10.0,10.0,4.0,30
ID03010,AC1702626,F013,潮感印條連帽外套-男裝,男裝,1740.0,1.0,2017-10-10,1740.0,334.08000000000004,187.92,1844.4,陳明儒,Male,45,桃園市,農林漁牧業,2017.0,10.0,10.0,4.0,40
ID03011,AC1702779,F024,運動潮流直筒棉褲男童-灰,童裝,2030.0,2.0,2017-09-12,4060.0,714.56,503.44,4303.6,黃文華,Female,61,桃園市,其他,2017.0,9.0,12.0,3.0,60
ID03012,AC1701732,F008,法蘭絨格紋襯衫-黑,女裝,1800.0,2.0,2017-10-10,3600.0,594.0,486.00000000000006,3816.0,林大福,Female,36,新北市,金融業和房地產,2017.0,10.0,10.0,4.0,30
ID03013,AC1702443,F008,法蘭絨格紋襯衫-黑,女裝,1800.0,2.0,2017-10-10,3600.0,594.0,486.00000000000006,3816.0,吳雅雯,Female,55,桃園市,其他,2017.0,10.0,10.0,4.0,50
ID03014,AC1701981,F012,托特包-白,配件,1740.0,2.0,2017-10-10,3480.0,863.04,180.95999999999998,3688.8,鄭凱鈞,Male,35,宜蘭縣,教育體育文化,2017.0,10.0,10.0,4.0,30
ID03015,AC1703082,F038,經典美式純POLO-黑,女裝,980.0,2.0,2017-10-10,1960.0,323.4,264.6,2077.6,熊馥平,Male,49,桃園市,住宿和餐飲業,2017.0,10.0,10.0,4.0,40
ID03016,AC1700942,F009,大化妝包-深藍,配件,2100.0,2.0,2017-10-10,4200.0,1041.6,218.39999999999998,4452.0,林韻婷,Male,31,新北市,金融業和房地產,2017.0,10.0,10.0,4.0,30
ID03017,AC1700431,F001,運動潮流連帽外套女裝-白,女裝,1450.0,3.0,2017-10-10,4350.0,717.75,587.25,4611.0,陳盈堯,Female,24,新北市,金融業和房地產,2017.0,10.0,10.0,4.0,20
ID03018,AC1702430,F024,運動潮流直筒棉褲男童-灰,童裝,2030.0,2.0,2017-09-12,4060.0,714.56,503.44,4303.6,柯宣潔,Female,52,桃園市,住宿和餐飲業,2017.0,9.0,12.0,3.0,50
ID03019,AC1702436,F017,大學T男裝-灰,男裝,1200.0,1.0,2017-10-10,1200.0,230.4,129.6,1272.0,賴秀齊,Female,57,桃園市,其他,2017.0,10.0,10.0,4.0,50
ID03020,AC1703048,F001,運動潮流連帽外套女裝-白,女裝,1450.0,1.0,2017-10-10,1450.0,239.2500000000001,195.75,1537.0,林淑盈,Male,44,桃園市,其他,2017.0,10.0,10.0,4.0,40
ID03021,AC1702774,F003,印圖大學T男裝-藍,男裝,750.0,1.0,2017-10-10,750.0,144.0,81.0,795.0,林志泉,Male,56,桃園市,住宿和餐飲業,2017.0,10.0,10.0,4.0,50
ID03022,AC1702143,F012,托特包-白,配件,1740.0,1.0,2017-10-10,1740.0,431.52,90.47999999999999,1844.4,陳志裕,Male,38,宜蘭縣,金融業和房地產,2017.0,10.0,10.0,4.0,30
ID03023,AC1700677,F016,後背包-藍,配件,890.0,1.0,2017-10-10,890.0,220.72,46.28,943.4000000000001,許家慧,Female,40,新北市,金融業和房地產,2017.0,10.0,10.0,4.0,40
ID03024,AC1702944,F016,後背包-藍,配件,890.0,1.0,2017-10-10,890.0,220.72,46.28,943.4000000000001,陳雅琳,Female,57,桃園市,其他,2017.0,10.0,10.0,4.0,50
ID03025,AC1700333,F038,經典美式純POLO-黑,女裝,980.0,1.0,2017-10-10,980.0,161.7,132.3,1038.8,林宜琦,Female,60,新北市,金融業和房地產,2017.0,10.0,10.0,4.0,60
ID03026,AC1703602,F012,托特包-白,配件,1740.0,1.0,2017-10-10,1740.0,431.52,90.47999999999999,1844.4,曾泰駿,Female,36,基隆市,金融業和房地產,2017.0,10.0,10.0,4.0,30
ID03027,AC1703646,F012,托特包-白,配件,1740.0,1.0,2017-10-10,1740.0,431.52,90.47999999999999,1844.4,李姿帆,Female,31,基隆市,住宿和餐飲業,2017.0,10.0,10.0,4.0,30
ID03028,AC1702662,F024,運動潮流直筒棉褲男童-灰,童裝,2030.0,1.0,2017-10-10,2030.0,357.28,251.72,2151.8,郭宜珊,Female,62,桃園市,其他,2017.0,10.0,10.0,4.0,60
ID03029,AC1701552,F024,運動潮流直筒棉褲男童-灰,童裝,2030.0,1.0,2017-10-10,2030.0,357.28,251.72,2151.8,許婉如,Female,31,新北市,金融業和房地產,2017.0,10.0,10.0,4.0,30
ID03030,AC1700564,F015,法蘭絨格紋襯衫-紅,女裝,1740.0,1.0,2017-10-10,1740.0,287.1,234.9,1844.4,張淑忠,Female,35,新北市,金融業和房地產,2017.0,10.0,10.0,4.0,30
ID03031,AC1703836,F025,雙向層架式書桌-咖,家俱,2900.0,1.0,2017-10-10,2900.0,435.0000000000002,435.0,3074.0,吳孟桓,Female,46,臺北市,其他,2017.0,10.0,10.0,4.0,40
ID03032,AC1703521,F025,雙向層架式書桌-咖,家俱,2900.0,1.0,2017-10-10,2900.0,435.0000000000002,435.0,3074.0,吳延豐,Male,38,基隆市,住宿和餐飲業,2017.0,10.0,10.0,4.0,30
ID03033,AC1701796,F003,印圖大學T男裝-藍,男裝,750.0,2.0,2017-10-10,1500.0,288.0,162.0,1590.0,黃怡伶,Female,39,新北市,金融業和房地產,2017.0,10.0,10.0,4.0,30
ID03034,AC1701008,F013,潮感印條連帽外套-男裝,男裝,1740.0,1.0,2017-10-10,1740.0,334.08000000000004,187.92,1844.4,陳逸凡,Male,38,新北市,金融業和房地產,2017.0,10.0,10.0,4.0,30
ID03035,AC1700174,F024,運動潮流直筒棉褲男童-灰,童裝,2030.0,2.0,2017-10-10,4060.0,714.56,503.44,4303.6,邱孟儒,Female,58,新北市,金融業和房地產,2017.0,10.0,10.0,4.0,50
ID03036,AC1702039,F008,法蘭絨格紋襯衫-黑,女裝,1800.0,2.0,2017-10-10,3600.0,594.0,486.00000000000006,3816.0,陳凱婷,Female,30,新北市,金融業和房地產,2017.0,10.0,10.0,4.0,30
ID03037,AC1703834,F008,法蘭絨格紋襯衫-黑,女裝,1800.0,2.0,2017-10-10,3600.0,594.0,486.00000000000006,3816.0,阮秀玲,Female,44,臺北市,其他,2017.0,10.0,10.0,4.0,40
ID03038,AC1703331,F012,托特包-白,配件,1740.0,2.0,2017-10-10,3480.0,863.04,180.95999999999998,3688.8,吳佩育,Male,40,基隆市,金融業和房地產,2017.0,10.0,10.0,4.0,40
ID03039,AC1701117,F038,經典美式純POLO-黑,女裝,980.0,2.0,2017-10-10,1960.0,323.4,264.6,2077.6,張詠鴻,Male,32,新北市,金融業和房地產,2017.0,10.0,10.0,4.0,30
ID03040,AC1700059,F009,大化妝包-深藍,配件,2100.0,2.0,2017-10-10,4200.0,1041.6,218.39999999999998,4452.0,黃宜君,Female,53,基隆市,教育體育文化,2017.0,10.0,10.0,4.0,50
ID03041,AC1703849,F001,運動潮流連帽外套女裝-白,女裝,1450.0,3.0,2017-10-10,4350.0,717.75,587.25,4611.0,梁怡君,Female,25,臺北市,其他,2017.0,10.0,10.0,4.0,20
ID03042,AC1700411,F002,運動潮流直筒棉褲男童-白,童裝,930.0,3.0,2017-10-10,2790.0,491.04000000000025,345.96,2957.4,趙伶凌,Female,38,新北市,金融業和房地產,2017.0,10.0,10.0,4.0,30
ID03043,AC1703755,F017,大學T男裝-灰,男裝,1200.0,1.0,2017-10-10,1200.0,230.4,129.6,1272.0,許台民,Male,38,基隆市,住宿和餐飲業,2017.0,10.0,10.0,4.0,30
ID03044,AC1702272,F001,運動潮流連帽外套女裝-白,女裝,1450.0,1.0,2017-10-10,1450.0,239.2500000000001,195.75,1537.0,宋筱涵,Male,54,桃園市,金融業和房地產,2017.0,10.0,10.0,4.0,50
ID03045,AC1700556,F003,印圖大學T男裝-藍,男裝,750.0,1.0,2017-10-10,750.0,144.0,81.0,795.0,葉博文,Male,35,新北市,金融業和房地產,2017.0,10.0,10.0,4.0,30
ID03046,AC1701478,F012,托特包-白,配件,1740.0,1.0,2017-10-10,1740.0,431.52,90.47999999999999,1844.4,蔡維潔,Female,48,新北市,金融業和房地產,2017.0,10.0,10.0,4.0,40
ID03047,AC1703795,F016,後背包-藍,配件,890.0,1.0,2017-10-10,890.0,220.72,46.28,943.4000000000001,陳寶映,Male,55,基隆市,金融業和房地產,2017.0,10.0,10.0,4.0,50
ID03048,AC1700839,F016,後背包-藍,配件,890.0,1.0,2017-10-10,890.0,220.72,46.28,943.4000000000001,林韋成,Female,41,新北市,其他,2017.0,10.0,10.0,4.0,40
ID03049,AC1703360,F038,經典美式純POLO-黑,女裝,980.0,1.0,2017-10-10,980.0,161.7,132.3,1038.8,王忠韋,Male,31,基隆市,金融業和房地產,2017.0,10.0,10.0,4.0,30
ID03050,AC1700770,F012,托特包-白,配件,1740.0,1.0,2017-10-10,1740.0,431.52,90.47999999999999,1844.4,黃郁修,Female,26,新北市,金融業和房地產,2017.0,10.0,10.0,4.0,20
ID03051,AC1701695,F012,托特包-白,配件,1740.0,1.0,2017-10-10,1740.0,431.52,90.47999999999999,1844.4,韓姿君,Female,50,新北市,金融業和房地產,2017.0,10.0,10.0,4.0,50
ID03052,AC1702812,F024,運動潮流直筒棉褲男童-灰,童裝,2030.0,1.0,2017-10-10,2030.0,357.28,251.72,2151.8,崔詩婷,Male,59,桃園市,住宿和餐飲業,2017.0,10.0,10.0,4.0,50
ID03053,AC1703612,F024,運動潮流直筒棉褲男童-灰,童裝,2030.0,1.0,2017-10-10,2030.0,357.28,251.72,2151.8,賴庭瑤,Female,39,基隆市,金融業和房地產,2017.0,10.0,10.0,4.0,30
ID03054,AC1702005,F015,法蘭絨格紋襯衫-紅,女裝,1740.0,1.0,2017-10-10,1740.0,287.1,234.9,1844.4,謝香全,Female,33,新北市,金融業和房地產,2017.0,10.0,10.0,4.0,30
ID03055,AC1703300,F025,雙向層架式書桌-咖,家俱,2900.0,1.0,2017-10-10,2900.0,435.0000000000002,435.0,3074.0,楊孟定,Female,63,基隆市,其他,2017.0,10.0,10.0,4.0,60
ID03056,AC1701928,F025,雙向層架式書桌-咖,家俱,2900.0,1.0,2017-10-10,2900.0,435.0000000000002,435.0,3074.0,彭德如,Male,40,宜蘭縣,金融業和房地產,2017.0,10.0,10.0,4.0,40
ID03057,AC1703034,F003,印圖大學T男裝-藍,男裝,750.0,2.0,2017-10-10,1500.0,288.0,162.0,1590.0,陳世姍,Female,49,桃園市,其他,2017.0,10.0,10.0,4.0,40
ID03058,AC1701671,F013,潮感印條連帽外套-男裝,男裝,1740.0,1.0,2017-10-10,1740.0,334.08000000000004,187.92,1844.4,謝惠雯,Female,25,宜蘭縣,金融業和房地產,2017.0,10.0,10.0,4.0,20
ID03059,AC1702469,F024,運動潮流直筒棉褲男童-灰,童裝,2030.0,2.0,2017-10-10,4060.0,714.56,503.44,4303.6,胡淑萍,Male,56,桃園市,住宿和餐飲業,2017.0,10.0,10.0,4.0,50
ID03060,AC1703186,F008,法蘭絨格紋襯衫-黑,女裝,1800.0,2.0,2017-10-10,3600.0,594.0,486.00000000000006,3816.0,溫茹念,Male,50,桃園市,住宿和餐飲業,2017.0,10.0,10.0,4.0,50
ID03061,AC1701324,F008,法蘭絨格紋襯衫-黑,女裝,1800.0,2.0,2017-10-10,3600.0,594.0,486.00000000000006,3816.0,沈逸群,Male,32,宜蘭縣,農林漁牧業,2017.0,10.0,10.0,4.0,30
ID03062,AC1700868,F012,托特包-白,配件,1740.0,2.0,2017-10-10,3480.0,863.04,180.95999999999998,3688.8,徐秋燕,Female,28,新北市,金融業和房地產,2017.0,10.0,10.0,4.0,20
ID03063,AC1700926,F038,經典美式純POLO-黑,女裝,980.0,2.0,2017-10-10,1960.0,323.4,264.6,2077.6,王麗綸,Female,29,新北市,金融業和房地產,2017.0,10.0,10.0,4.0,20
ID03064,AC1703387,F009,大化妝包-深藍,配件,2100.0,2.0,2017-10-10,4200.0,1041.6,218.39999999999998,4452.0,張雅玲,Female,32,基隆市,金融業和房地產,2017.0,10.0,10.0,4.0,30
ID03065,AC1703138,F001,運動潮流連帽外套女裝-白,女裝,1450.0,3.0,2017-10-10,4350.0,717.75,587.25,4611.0,李聖屏,Male,48,桃園市,金融業和房地產,2017.0,10.0,10.0,4.0,40
ID03066,AC1703211,F002,運動潮流直筒棉褲男童-白,童裝,930.0,3.0,2017-10-10,2790.0,491.04000000000025,345.96,2957.4,張怡蓁,Female,49,桃園市,教育體育文化,2017.0,10.0,10.0,4.0,40
ID03067,AC1701864,F017,大學T男裝-灰,男裝,1200.0,1.0,2017-10-10,1200.0,230.4,129.6,1272.0,袁珮瑜,Female,29,宜蘭縣,住宿和餐飲業,2017.0,10.0,10.0,4.0,20
ID03068,AC1703048,F001,運動潮流連帽外套女裝-白,女裝,1450.0,1.0,2017-10-10,1450.0,239.2500000000001,195.75,1537.0,林淑盈,Male,44,桃園市,其他,2017.0,10.0,10.0,4.0,40
ID03069,AC1703950,F003,印圖大學T男裝-藍,男裝,750.0,1.0,2017-10-10,750.0,144.0,81.0,795.0,謝侑茜,Female,57,臺北市,住宿和餐飲業,2017.0,10.0,10.0,4.0,50
ID03070,AC1701722,F012,托特包-白,配件,1740.0,1.0,2017-10-10,1740.0,431.52,90.47999999999999,1844.4,黃琇鈺,Male,34,宜蘭縣,住宿和餐飲業,2017.0,10.0,10.0,4.0,30
ID03071,AC1700365,F016,後背包-藍,配件,890.0,1.0,2017-10-10,890.0,220.72,46.28,943.4000000000001,許昀春,Male,61,新北市,金融業和房地產,2017.0,10.0,10.0,4.0,60
ID03072,AC1702222,F016,後背包-藍,配件,890.0,1.0,2017-10-10,890.0,220.72,46.28,943.4000000000001,鄭佳琳,Female,55,桃園市,住宿和餐飲業,2017.0,10.0,10.0,4.0,50
ID03073,AC1700381,F038,經典美式純POLO-黑,女裝,980.0,1.0,2017-10-10,980.0,161.7,132.3,1038.8,陳嘉雯,Female,54,新北市,金融業和房地產,2017.0,10.0,10.0,4.0,50
ID03074,AC1702090,F012,托特包-白,配件,1740.0,1.0,2017-10-10,1740.0,431.52,90.47999999999999,1844.4,林盈甄,Male,40,宜蘭縣,金融業和房地產,2017.0,10.0,10.0,4.0,40
ID03075,AC1702787,F012,托特包-白,配件,1740.0,1.0,2017-10-10,1740.0,431.52,90.47999999999999,1844.4,劉家瑜,Male,42,桃園市,住宿和餐飲業,2017.0,10.0,10.0,4.0,40
ID03076,AC1702458,F024,運動潮流直筒棉褲男童-灰,童裝,2030.0,1.0,2017-10-10,2030.0,357.28,251.72,2151.8,陳哲茵,Male,54,桃園市,其他,2017.0,10.0,10.0,4.0,50
ID03077,AC1701244,F024,運動潮流直筒棉褲男童-灰,童裝,2030.0,1.0,2017-10-10,2030.0,357.28,251.72,2151.8,孫駿岑,Male,33,新北市,金融業和房地產,2017.0,10.0,10.0,4.0,30
ID03078,AC1700847,F015,法蘭絨格紋襯衫-紅,女裝,1740.0,1.0,2017-10-10,1740.0,287.1,234.9,1844.4,周蕙虹,Male,30,新北市,金融業和房地產,2017.0,10.0,10.0,4.0,30
ID03079,AC1702842,F025,雙向層架式書桌-咖,家俱,2900.0,1.0,2017-10-10,2900.0,435.0000000000002,435.0,3074.0,陳亭綺,Male,26,桃園市,住宿和餐飲業,2017.0,10.0,10.0,4.0,20
ID03080,AC1700156,F025,雙向層架式書桌-咖,家俱,2900.0,1.0,2017-10-10,2900.0,435.0000000000002,435.0,3074.0,周美雲,Female,48,新北市,金融業和房地產,2017.0,10.0,10.0,4.0,40
ID03081,AC1700966,F003,印圖大學T男裝-藍,男裝,750.0,2.0,2017-10-10,1500.0,288.0,162.0,1590.0,毛琬婷,Male,33,新北市,金融業和房地產,2017.0,10.0,10.0,4.0,30
ID03082,AC1701616,F013,潮感印條連帽外套-男裝,男裝,1740.0,1.0,2017-10-10,1740.0,334.08000000000004,187.92,1844.4,蔡秉仰,Male,39,宜蘭縣,住宿和餐飲業,2017.0,10.0,10.0,4.0,30
ID03083,AC1701853,F024,運動潮流直筒棉褲男童-灰,童裝,2030.0,2.0,2017-10-10,4060.0,714.56,503.44,4303.6,胡怡君,Female,45,宜蘭縣,金融業和房地產,2017.0,10.0,10.0,4.0,40
ID03084,AC1701740,F008,法蘭絨格紋襯衫-黑,女裝,1800.0,2.0,2017-10-10,3600.0,594.0,486.00000000000006,3816.0,陳芸平,Female,42,宜蘭縣,金融業和房地產,2017.0,10.0,10.0,4.0,40
ID03085,AC1703891,F008,法蘭絨格紋襯衫-黑,女裝,1800.0,2.0,2017-10-10,3600.0,594.0,486.00000000000006,3816.0,鄭淑芬,Female,51,臺北市,其他,2017.0,10.0,10.0,4.0,50
ID03086,AC1700144,F012,托特包-白,配件,1740.0,2.0,2017-10-10,3480.0,863.04,180.95999999999998,3688.8,許承穎,Male,54,新北市,住宿和餐飲業,2017.0,10.0,10.0,4.0,50
ID03087,AC1701058,F038,經典美式純POLO-黑,女裝,980.0,2.0,2017-10-10,1960.0,323.4,264.6,2077.6,崔宛智,Female,29,新北市,金融業和房地產,2017.0,10.0,10.0,4.0,20
ID03088,AC1700225,F009,大化妝包-深藍,配件,2100.0,2.0,2017-10-10,4200.0,1041.6,218.39999999999998,4452.0,林俊豪,Female,40,臺北市,金融業和房地產,2017.0,10.0,10.0,4.0,40
ID03089,AC1703036,F001,運動潮流連帽外套女裝-白,女裝,1450.0,3.0,2017-10-10,4350.0,717.75,587.25,4611.0,陳建勇,Male,49,桃園市,其他,2017.0,10.0,10.0,4.0,40
ID03090,AC1701678,F002,運動潮流直筒棉褲男童-白,童裝,930.0,3.0,2017-10-10,2790.0,491.04000000000025,345.96,2957.4,陳慶郁,Male,31,宜蘭縣,其他,2017.0,10.0,10.0,4.0,30
ID03091,AC1700882,F017,大學T男裝-灰,男裝,1200.0,1.0,2017-10-10,1200.0,230.4,129.6,1272.0,曾韋志,Female,28,新北市,金融業和房地產,2017.0,10.0,10.0,4.0,20
ID03092,AC1700030,F024,運動潮流直筒棉褲男童-灰,童裝,2030.0,1.0,2017-10-10,2030.0,357.28,251.72,2151.8,徐婷婷,Female,39,新北市,金融業和房地產,2017.0,10.0,10.0,4.0,30
ID03093,AC1700327,F012,托特包-白,配件,1740.0,1.0,2017-10-15,1740.0,431.52,90.47999999999999,1844.4,袁淑真,Female,35,新北市,其他,2017.0,10.0,15.0,4.0,30
ID03094,AC1702218,F024,運動潮流直筒棉褲男童-灰,童裝,2030.0,1.0,2017-10-10,2030.0,357.28,251.72,2151.8,陳維妃,Female,54,桃園市,住宿和餐飲業,2017.0,10.0,10.0,4.0,50
ID03095,AC1703542,F015,法蘭絨格紋襯衫-紅,女裝,1740.0,1.0,2017-10-10,1740.0,287.1,234.9,1844.4,陳秀玲,Female,38,基隆市,金融業和房地產,2017.0,10.0,10.0,4.0,30
ID03096,AC1703860,F025,雙向層架式書桌-咖,家俱,2900.0,1.0,2017-10-10,2900.0,435.0000000000002,435.0,3074.0,林靜行,Male,44,臺北市,住宿和餐飲業,2017.0,10.0,10.0,4.0,40
ID03097,AC1702151,F012,托特包-白,配件,1740.0,1.0,2017-10-15,1740.0,431.52,90.47999999999999,1844.4,陳逸原,Male,29,宜蘭縣,金融業和房地產,2017.0,10.0,15.0,4.0,20
ID03098,AC1702390,F025,雙向層架式書桌-咖,家俱,2900.0,1.0,2017-10-10,2900.0,435.0000000000002,435.0,3074.0,李仁豪,Male,45,桃園市,其他,2017.0,10.0,10.0,4.0,40
ID03099,AC1702821,F024,運動潮流直筒棉褲男童-灰,童裝,2030.0,2.0,2017-10-10,4060.0,714.56,503.44,4303.6,楊群寶,Male,61,桃園市,住宿和餐飲業,2017.0,10.0,10.0,4.0,60
ID03100,AC1701184,F002,運動潮流直筒棉褲男童-白,童裝,930.0,3.0,2017-10-10,2790.0,491.04000000000025,345.96,2957.4,謝琦月,Female,37,新北市,住宿和餐飲業,2017.0,10.0,10.0,4.0,30
ID03101,AC1700410,F028,大學T男童-藍,童裝,1750.0,1.0,2017-10-15,1750.0,308.0,217.0,1855.0,楊浩伯,Female,33,新北市,金融業和房地產,2017.0,10.0,15.0,4.0,30
ID03102,AC1701805,F017,大學T男裝-灰,男裝,1200.0,1.0,2017-10-10,1200.0,230.4,129.6,1272.0,沙文欣,Male,20,宜蘭縣,其他,2017.0,10.0,10.0,4.0,20
ID03103,AC1701121,F024,運動潮流直筒棉褲男童-灰,童裝,2030.0,1.0,2017-10-10,2030.0,357.28,251.72,2151.8,陳宜真,Female,26,新北市,金融業和房地產,2017.0,10.0,10.0,4.0,20
ID03104,AC1700108,F024,運動潮流直筒棉褲男童-灰,童裝,2030.0,1.0,2017-10-10,2030.0,357.28,251.72,2151.8,楊睿以,Male,47,新北市,教育體育文化,2017.0,10.0,10.0,4.0,40
ID03105,AC1701094,F028,大學T男童-藍,童裝,1750.0,2.0,2017-10-15,3500.0,616.0,434.0,3710.0,郭家然,Female,21,新北市,住宿和餐飲業,2017.0,10.0,15.0,4.0,20
ID03106,AC1703745,F014,大化妝包-黑,配件,1740.0,2.0,2017-10-15,3480.0,863.04,180.95999999999998,3688.8,毛慧君,Female,44,基隆市,其他,2017.0,10.0,15.0,4.0,40
ID03107,AC1702599,F015,法蘭絨格紋襯衫-紅,女裝,1740.0,1.0,2017-10-10,1740.0,287.1,234.9,1844.4,楊子軒,Male,56,桃園市,其他,2017.0,10.0,10.0,4.0,50
ID03108,AC1700466,F025,雙向層架式書桌-咖,家俱,2900.0,1.0,2017-10-10,2900.0,435.0000000000002,435.0,3074.0,陳宏孜,Male,36,新北市,金融業和房地產,2017.0,10.0,10.0,4.0,30
ID03109,AC1700466,F025,雙向層架式書桌-咖,家俱,2900.0,1.0,2017-10-10,2900.0,435.0000000000002,435.0,3074.0,陳宏孜,Male,36,新北市,金融業和房地產,2017.0,10.0,10.0,4.0,30
ID03110,AC1702378,F024,運動潮流直筒棉褲男童-灰,童裝,2030.0,2.0,2017-10-10,4060.0,714.56,503.44,4303.6,高孟璇,Female,45,桃園市,住宿和餐飲業,2017.0,10.0,10.0,4.0,40
ID03111,AC1702963,F012,托特包-白,配件,1740.0,1.0,2017-10-15,1740.0,431.52,90.47999999999999,1844.4,金毅俊,Male,59,桃園市,其他,2017.0,10.0,15.0,4.0,50
ID03112,AC1700792,F002,運動潮流直筒棉褲男童-白,童裝,930.0,3.0,2017-10-10,2790.0,491.04000000000025,345.96,2957.4,林政宏,Female,35,新北市,住宿和餐飲業,2017.0,10.0,10.0,4.0,30
ID03113,AC1703094,F015,法蘭絨格紋襯衫-紅,女裝,1740.0,1.0,2017-10-15,1740.0,287.1,234.9,1844.4,金苡珊,Female,55,桃園市,金融業和房地產,2017.0,10.0,15.0,4.0,50
ID03114,AC1700144,F024,運動潮流直筒棉褲男童-灰,童裝,2030.0,1.0,2017-10-15,2030.0,357.28,251.72,2151.8,許承穎,Male,54,新北市,住宿和餐飲業,2017.0,10.0,15.0,4.0,50
ID03115,AC1702491,F012,托特包-白,配件,1740.0,1.0,2017-10-15,1740.0,431.52,90.47999999999999,1844.4,陳昱毓,Male,43,桃園市,住宿和餐飲業,2017.0,10.0,15.0,4.0,40
ID03116,AC1700239,F015,法蘭絨格紋襯衫-紅,女裝,1740.0,1.0,2017-10-15,1740.0,287.1,234.9,1844.4,黃怡君,Female,40,臺北市,其他,2017.0,10.0,15.0,4.0,40
ID03117,AC1701810,F015,法蘭絨格紋襯衫-紅,女裝,1740.0,1.0,2017-10-15,1740.0,287.1,234.9,1844.4,楊玉梅,Female,32,宜蘭縣,金融業和房地產,2017.0,10.0,15.0,4.0,30
ID03118,AC1701962,F024,運動潮流直筒棉褲男童-灰,童裝,2030.0,1.0,2017-10-15,2030.0,357.28,251.72,2151.8,洪信豪,Male,32,宜蘭縣,住宿和餐飲業,2017.0,10.0,15.0,4.0,30
ID03119,AC1703747,F028,大學T男童-藍,童裝,1750.0,1.0,2017-10-15,1750.0,308.0,217.0,1855.0,林裕春,Male,41,基隆市,住宿和餐飲業,2017.0,10.0,15.0,4.0,40
ID03120,AC1701074,F015,法蘭絨格紋襯衫-紅,女裝,1740.0,1.0,2017-10-15,1740.0,287.1,234.9,1844.4,侯法軍,Female,45,新北市,金融業和房地產,2017.0,10.0,15.0,4.0,40
ID03121,AC1703890,F024,運動潮流直筒棉褲男童-灰,童裝,2030.0,1.0,2017-10-15,2030.0,357.28,251.72,2151.8,馮偉倫,Male,47,臺北市,其他,2017.0,10.0,15.0,4.0,40
ID03122,AC1700997,F024,運動潮流直筒棉褲男童-灰,童裝,2030.0,1.0,2017-10-15,2030.0,357.28,251.72,2151.8,蔡雅瑜,Female,37,新北市,金融業和房地產,2017.0,10.0,15.0,4.0,30
ID03123,AC1702565,F028,大學T男童-藍,童裝,1750.0,2.0,2017-10-15,3500.0,616.0,434.0,3710.0,張明堅,Female,53,桃園市,其他,2017.0,10.0,15.0,4.0,50
ID03124,AC1701271,F014,大化妝包-黑,配件,1740.0,2.0,2017-10-15,3480.0,863.04,180.95999999999998,3688.8,李佳民,Male,26,新北市,金融業和房地產,2017.0,10.0,15.0,4.0,20
ID03125,AC1701760,F010,中夾-紅,皮件,2610.0,1.0,2017-10-15,2610.0,595.0800000000003,187.92,2766.6000000000004,張盛龍,Male,28,宜蘭縣,金融業和房地產,2017.0,10.0,15.0,4.0,20
ID03126,AC1703786,F002,運動潮流直筒棉褲男童-白,童裝,930.0,2.0,2017-10-15,1860.0,327.36,230.64,1971.6000000000001,林潔瑜,Female,43,基隆市,金融業和房地產,2017.0,10.0,15.0,4.0,40
ID03127,AC1700250,F005,運動潮流連帽外套男裝-灰,男裝,1450.0,2.0,2017-10-15,2900.0,556.8000000000002,313.2,3074.0,陳昱軍,Male,29,臺北市,金融業和房地產,2017.0,10.0,15.0,4.0,20
ID03128,AC1701253,F025,雙向層架式書桌-咖,家俱,2900.0,2.0,2017-10-15,5800.0,870.0000000000005,870.0,6148.0,羅志偉,Male,47,新北市,金融業和房地產,2017.0,10.0,15.0,4.0,40
ID03129,AC1703291,F012,托特包-白,配件,1740.0,1.0,2017-10-15,1740.0,431.52,90.47999999999999,1844.4,阮羽駿,Male,45,基隆市,其他,2017.0,10.0,15.0,4.0,40
ID03130,AC1702865,F025,雙向層架式書桌-咖,家俱,2900.0,2.0,2017-10-15,5800.0,870.0000000000005,870.0,6148.0,陳建雪,Female,52,桃園市,住宿和餐飲業,2017.0,10.0,15.0,4.0,50
ID03131,AC1700070,F015,法蘭絨格紋襯衫-紅,女裝,1740.0,1.0,2017-10-15,1740.0,287.1,234.9,1844.4,李建彰,Male,57,基隆市,金融業和房地產,2017.0,10.0,15.0,4.0,50
ID03132,AC1703868,F024,運動潮流直筒棉褲男童-灰,童裝,2030.0,1.0,2017-10-15,2030.0,357.28,251.72,2151.8,馬彥儒,Female,37,臺北市,金融業和房地產,2017.0,10.0,15.0,4.0,30
ID03133,AC1703328,F012,托特包-白,配件,1740.0,1.0,2017-10-15,1740.0,431.52,90.47999999999999,1844.4,洪志翔,Female,45,基隆市,其他,2017.0,10.0,15.0,4.0,40
ID03134,AC1700140,F015,法蘭絨格紋襯衫-紅,女裝,1740.0,1.0,2017-10-15,1740.0,287.1,234.9,1844.4,張嘉恩,Female,40,新北市,教育體育文化,2017.0,10.0,15.0,4.0,40
ID03135,AC1702694,F015,法蘭絨格紋襯衫-紅,女裝,1740.0,1.0,2017-10-15,1740.0,287.1,234.9,1844.4,呂佳宏,Male,54,桃園市,住宿和餐飲業,2017.0,10.0,15.0,4.0,50
ID03136,AC1701474,F024,運動潮流直筒棉褲男童-灰,童裝,2030.0,1.0,2017-10-15,2030.0,357.28,251.72,2151.8,黃尚淳,Female,29,新北市,其他,2017.0,10.0,15.0,4.0,20
ID03137,AC1703949,F028,大學T男童-藍,童裝,1750.0,1.0,2017-10-15,1750.0,308.0,217.0,1855.0,林育蓁,Male,56,臺北市,其他,2017.0,10.0,15.0,4.0,50
ID03138,AC1703932,F015,法蘭絨格紋襯衫-紅,女裝,1740.0,1.0,2017-10-15,1740.0,287.1,234.9,1844.4,蘇義沛,Male,36,臺北市,金融業和房地產,2017.0,10.0,15.0,4.0,30
ID03139,AC1700990,F024,運動潮流直筒棉褲男童-灰,童裝,2030.0,1.0,2017-10-15,2030.0,357.28,251.72,2151.8,黃伯花,Male,31,新北市,金融業和房地產,2017.0,10.0,15.0,4.0,30
ID03140,AC1703630,F024,運動潮流直筒棉褲男童-灰,童裝,2030.0,1.0,2017-10-15,2030.0,357.28,251.72,2151.8,楊恩妃,Female,27,基隆市,金融業和房地產,2017.0,10.0,15.0,4.0,20
ID03141,AC1703890,F028,大學T男童-藍,童裝,1750.0,2.0,2017-10-15,3500.0,616.0,434.0,3710.0,馮偉倫,Male,47,臺北市,其他,2017.0,10.0,15.0,4.0,40
ID03142,AC1703368,F014,大化妝包-黑,配件,1740.0,2.0,2017-10-15,3480.0,863.04,180.95999999999998,3688.8,余婷婷,Female,40,基隆市,金融業和房地產,2017.0,10.0,15.0,4.0,40
ID03143,AC1702487,F010,中夾-紅,皮件,2610.0,1.0,2017-10-15,2610.0,595.0800000000003,187.92,2766.6000000000004,郭俊男,Male,41,桃園市,住宿和餐飲業,2017.0,10.0,15.0,4.0,40
ID03144,AC1700216,F002,運動潮流直筒棉褲男童-白,童裝,930.0,2.0,2017-10-15,1860.0,327.36,230.64,1971.6000000000001,林仁傑,Male,42,臺北市,金融業和房地產,2017.0,10.0,15.0,4.0,40
ID03145,AC1701398,F005,運動潮流連帽外套男裝-灰,男裝,1450.0,2.0,2017-10-15,2900.0,556.8000000000002,313.2,3074.0,楊雲谷,Female,34,新北市,住宿和餐飲業,2017.0,10.0,15.0,4.0,30
ID03146,AC1702022,F025,雙向層架式書桌-咖,家俱,2900.0,2.0,2017-10-15,5800.0,870.0000000000005,870.0,6148.0,林喬哲,Male,32,宜蘭縣,金融業和房地產,2017.0,10.0,15.0,4.0,30
ID03147,AC1702944,F012,托特包-白,配件,1740.0,1.0,2017-10-15,1740.0,431.52,90.47999999999999,1844.4,陳雅琳,Female,57,桃園市,其他,2017.0,10.0,15.0,4.0,50
ID03148,AC1702457,F025,雙向層架式書桌-咖,家俱,2900.0,2.0,2017-10-15,5800.0,870.0000000000005,870.0,6148.0,徐雅雯,Female,49,桃園市,其他,2017.0,10.0,15.0,4.0,40
ID03149,AC1702819,F015,法蘭絨格紋襯衫-紅,女裝,1740.0,1.0,2017-10-15,1740.0,287.1,234.9,1844.4,欒倫民,Female,59,桃園市,其他,2017.0,10.0,15.0,4.0,50
ID03150,AC1703383,F024,運動潮流直筒棉褲男童-灰,童裝,2030.0,1.0,2017-10-15,2030.0,357.28,251.72,2151.8,黃允峰,Female,40,基隆市,金融業和房地產,2017.0,10.0,15.0,4.0,40
ID03151,AC1702151,F012,托特包-白,配件,1740.0,1.0,2017-10-15,1740.0,431.52,90.47999999999999,1844.4,陳逸原,Male,29,宜蘭縣,金融業和房地產,2017.0,10.0,15.0,4.0,20
ID03152,AC1703801,F015,法蘭絨格紋襯衫-紅,女裝,1740.0,1.0,2017-10-15,1740.0,287.1,234.9,1844.4,許世昌,Female,37,臺北市,其他,2017.0,10.0,15.0,4.0,30
ID03153,AC1701301,F015,法蘭絨格紋襯衫-紅,女裝,1740.0,1.0,2017-10-15,1740.0,287.1,234.9,1844.4,連明珠,Female,39,新北市,金融業和房地產,2017.0,10.0,15.0,4.0,30
ID03154,AC1701668,F024,運動潮流直筒棉褲男童-灰,童裝,2030.0,1.0,2017-10-15,2030.0,357.28,251.72,2151.8,林秋宣,Female,40,宜蘭縣,金融業和房地產,2017.0,10.0,15.0,4.0,40
ID03155,AC1702830,F028,大學T男童-藍,童裝,1750.0,1.0,2017-10-15,1750.0,308.0,217.0,1855.0,王艾丞,Male,45,桃園市,其他,2017.0,10.0,15.0,4.0,40
ID03156,AC1702815,F015,法蘭絨格紋襯衫-紅,女裝,1740.0,1.0,2017-10-15,1740.0,287.1,234.9,1844.4,朱建宇,Male,37,桃園市,住宿和餐飲業,2017.0,10.0,15.0,4.0,30
ID03157,AC1701583,F024,運動潮流直筒棉褲男童-灰,童裝,2030.0,1.0,2017-10-15,2030.0,357.28,251.72,2151.8,李佳安,Female,56,新北市,金融業和房地產,2017.0,10.0,15.0,4.0,50
ID03158,AC1703926,F024,運動潮流直筒棉褲男童-灰,童裝,2030.0,1.0,2017-10-15,2030.0,357.28,251.72,2151.8,劉右智,Female,40,臺北市,其他,2017.0,10.0,15.0,4.0,40
ID03159,AC1703026,F028,大學T男童-藍,童裝,1750.0,2.0,2017-10-15,3500.0,616.0,434.0,3710.0,林協夫,Male,51,桃園市,其他,2017.0,10.0,15.0,4.0,50
ID03160,AC1702301,F014,大化妝包-黑,配件,1740.0,2.0,2017-10-15,3480.0,863.04,180.95999999999998,3688.8,張新毓,Male,58,桃園市,其他,2017.0,10.0,15.0,4.0,50
ID03161,AC1701376,F010,中夾-紅,皮件,2610.0,1.0,2017-10-15,2610.0,595.0800000000003,187.92,2766.6000000000004,蔡承妹,Female,38,新北市,住宿和餐飲業,2017.0,10.0,15.0,4.0,30
ID03162,AC1702291,F002,運動潮流直筒棉褲男童-白,童裝,930.0,2.0,2017-10-15,1860.0,327.36,230.64,1971.6000000000001,吳宗琳,Female,50,桃園市,其他,2017.0,10.0,15.0,4.0,50
ID03163,AC1702099,F005,運動潮流連帽外套男裝-灰,男裝,1450.0,2.0,2017-10-15,2900.0,556.8000000000002,313.2,3074.0,羅昱廷,Female,29,新北市,金融業和房地產,2017.0,10.0,15.0,4.0,20
ID03164,AC1701602,F025,雙向層架式書桌-咖,家俱,2900.0,2.0,2017-10-15,5800.0,870.0000000000005,870.0,6148.0,楊綺海,Female,34,宜蘭縣,金融業和房地產,2017.0,10.0,15.0,4.0,30
ID03165,AC1702555,F012,托特包-白,配件,1740.0,1.0,2017-10-15,1740.0,431.52,90.47999999999999,1844.4,張湘貴,Male,51,桃園市,住宿和餐飲業,2017.0,10.0,15.0,4.0,50
ID03166,AC1701136,F025,雙向層架式書桌-咖,家俱,2900.0,2.0,2017-10-15,5800.0,870.0000000000005,870.0,6148.0,吳佩宣,Female,46,新北市,金融業和房地產,2017.0,10.0,15.0,4.0,40
ID03167,AC1701937,F015,法蘭絨格紋襯衫-紅,女裝,1740.0,1.0,2017-10-15,1740.0,287.1,234.9,1844.4,楊杰恩,Male,21,宜蘭縣,金融業和房地產,2017.0,10.0,15.0,4.0,20
ID03168,AC1701747,F024,運動潮流直筒棉褲男童-灰,童裝,2030.0,1.0,2017-10-15,2030.0,357.28,251.72,2151.8,倪怡禎,Female,35,新北市,金融業和房地產,2017.0,10.0,15.0,4.0,30
ID03169,AC1700478,F012,托特包-白,配件,1740.0,1.0,2017-10-15,1740.0,431.52,90.47999999999999,1844.4,陳冠紫,Male,49,新北市,其他,2017.0,10.0,15.0,4.0,40
ID03170,AC1700747,F015,法蘭絨格紋襯衫-紅,女裝,1740.0,1.0,2017-10-15,1740.0,287.1,234.9,1844.4,楊新瑩,Male,43,新北市,住宿和餐飲業,2017.0,10.0,15.0,4.0,40
ID03171,AC1701031,F015,法蘭絨格紋襯衫-紅,女裝,1740.0,1.0,2017-10-15,1740.0,287.1,234.9,1844.4,黃雨歡,Male,43,新北市,金融業和房地產,2017.0,10.0,15.0,4.0,40
ID03172,AC1703589,F024,運動潮流直筒棉褲男童-灰,童裝,2030.0,1.0,2017-10-15,2030.0,357.28,251.72,2151.8,陳武林,Female,29,基隆市,金融業和房地產,2017.0,10.0,15.0,4.0,20
ID03173,AC1703492,F028,大學T男童-藍,童裝,1750.0,1.0,2017-10-15,1750.0,308.0,217.0,1855.0,張維月,Female,44,基隆市,住宿和餐飲業,2017.0,10.0,15.0,4.0,40
ID03174,AC1700525,F015,法蘭絨格紋襯衫-紅,女裝,1740.0,1.0,2017-10-15,1740.0,287.1,234.9,1844.4,邱儒怡,Female,28,新北市,住宿和餐飲業,2017.0,10.0,15.0,4.0,20
ID03175,AC1702242,F024,運動潮流直筒棉褲男童-灰,童裝,2030.0,1.0,2017-10-15,2030.0,357.28,251.72,2151.8,虞義勳,Male,46,桃園市,住宿和餐飲業,2017.0,10.0,15.0,4.0,40
ID03176,AC1700279,F024,運動潮流直筒棉褲男童-灰,童裝,2030.0,1.0,2017-10-15,2030.0,357.28,251.72,2151.8,王淑康,Male,31,新北市,住宿和餐飲業,2017.0,10.0,15.0,4.0,30
ID03177,AC1703556,F028,大學T男童-藍,童裝,1750.0,2.0,2017-10-15,3500.0,616.0,434.0,3710.0,張智偉,Female,34,基隆市,金融業和房地產,2017.0,10.0,15.0,4.0,30
ID03178,AC1703029,F014,大化妝包-黑,配件,1740.0,2.0,2017-10-15,3480.0,863.04,180.95999999999998,3688.8,簡介蓁,Female,56,桃園市,其他,2017.0,10.0,15.0,4.0,50
ID03179,AC1700403,F010,中夾-紅,皮件,2610.0,1.0,2017-10-15,2610.0,595.0800000000003,187.92,2766.6000000000004,張瑞以,Male,27,新北市,金融業和房地產,2017.0,10.0,15.0,4.0,20
ID03180,AC1701419,F002,運動潮流直筒棉褲男童-白,童裝,930.0,2.0,2017-10-15,1860.0,327.36,230.64,1971.6000000000001,汪方春,Female,38,新北市,其他,2017.0,10.0,15.0,4.0,30
ID03181,AC1700229,F013,潮感印條連帽外套-男裝,男裝,1740.0,1.0,2017-11-30,1740.0,334.08000000000004,187.92,1844.4,張慧玲,Female,35,臺北市,金融業和房地產,2017.0,11.0,30.0,4.0,30
ID03182,AC1701035,F028,大學T男童-藍,童裝,1750.0,1.0,2017-11-30,1750.0,308.0,217.0,1855.0,溫胤均,Female,38,新北市,金融業和房地產,2017.0,11.0,30.0,4.0,30
ID03183,AC1700268,F005,運動潮流連帽外套男裝-灰,男裝,1450.0,2.0,2017-10-15,2900.0,556.8000000000002,313.2,3074.0,許柏龍,Male,39,新北市,金融業和房地產,2017.0,10.0,15.0,4.0,30
ID03184,AC1701347,F025,雙向層架式書桌-咖,家俱,2900.0,2.0,2017-10-15,5800.0,870.0000000000005,870.0,6148.0,饒毓士,Male,28,宜蘭縣,金融業和房地產,2017.0,10.0,15.0,4.0,20
ID03185,AC1703491,F028,大學T男童-藍,童裝,1750.0,1.0,2017-11-30,1750.0,308.0,217.0,1855.0,劉美娟,Female,43,基隆市,金融業和房地產,2017.0,11.0,30.0,4.0,40
ID03186,AC1702814,F025,雙向層架式書桌-咖,家俱,2900.0,2.0,2017-10-15,5800.0,870.0000000000005,870.0,6148.0,謝樂依,Female,55,桃園市,其他,2017.0,10.0,15.0,4.0,50
ID03187,AC1703685,F015,法蘭絨格紋襯衫-紅,女裝,1740.0,1.0,2017-10-15,1740.0,287.1,234.9,1844.4,姚世傑,Female,48,基隆市,其他,2017.0,10.0,15.0,4.0,40
ID03188,AC1703144,F024,運動潮流直筒棉褲男童-灰,童裝,2030.0,1.0,2017-10-15,2030.0,357.28,251.72,2151.8,蔡英茜,Female,49,桃園市,住宿和餐飲業,2017.0,10.0,15.0,4.0,40
ID03189,AC1703193,F011,經典高領多彩T恤男裝-白,男裝,1200.0,1.0,2017-11-30,1200.0,230.4,129.6,1272.0,張宛凱,Male,38,桃園市,其他,2017.0,11.0,30.0,4.0,30
ID03190,AC1703608,F011,經典高領多彩T恤男裝-白,男裝,1200.0,1.0,2017-11-30,1200.0,230.4,129.6,1272.0,林明和,Male,33,基隆市,住宿和餐飲業,2017.0,11.0,30.0,4.0,30
ID03191,AC1701804,F011,經典高領多彩T恤男裝-白,男裝,1200.0,1.0,2017-11-30,1200.0,230.4,129.6,1272.0,李雅雯,Female,34,新北市,金融業和房地產,2017.0,11.0,30.0,4.0,30
ID03192,AC1702142,F011,經典高領多彩T恤男裝-白,男裝,1200.0,1.0,2017-11-30,1200.0,230.4,129.6,1272.0,陳奕仁,Male,25,宜蘭縣,金融業和房地產,2017.0,11.0,30.0,4.0,20
ID03193,AC1702965,F011,經典高領多彩T恤男裝-白,男裝,1200.0,1.0,2017-11-30,1200.0,230.4,129.6,1272.0,陳文隆,Male,37,桃園市,金融業和房地產,2017.0,11.0,30.0,4.0,30
ID03194,AC1701319,F011,經典高領多彩T恤男裝-白,男裝,1200.0,1.0,2017-11-30,1200.0,230.4,129.6,1272.0,夏淑婷,Female,21,新北市,金融業和房地產,2017.0,11.0,30.0,4.0,20
ID03195,AC1701579,F011,經典高領多彩T恤男裝-白,男裝,1200.0,1.0,2017-11-30,1200.0,230.4,129.6,1272.0,楊曉雯,Female,32,新北市,金融業和房地產,2017.0,11.0,30.0,4.0,30
ID03196,AC1700413,F011,經典高領多彩T恤男裝-白,男裝,1200.0,1.0,2017-11-30,1200.0,230.4,129.6,1272.0,曹威憲,Male,31,新北市,其他,2017.0,11.0,30.0,4.0,30
ID03197,AC1701260,F015,法蘭絨格紋襯衫-紅,女裝,1740.0,1.0,2017-10-15,1740.0,287.1,234.9,1844.4,郭奇淑,Male,34,新北市,金融業和房地產,2017.0,10.0,15.0,4.0,30
ID03198,AC1700076,F015,法蘭絨格紋襯衫-紅,女裝,1740.0,1.0,2017-10-15,1740.0,287.1,234.9,1844.4,賴慧玲,Female,35,基隆市,教育體育文化,2017.0,10.0,15.0,4.0,30
ID03199,AC1703201,F024,運動潮流直筒棉褲男童-灰,童裝,2030.0,1.0,2017-10-15,2030.0,357.28,251.72,2151.8,尹昆霖,Male,49,桃園市,其他,2017.0,10.0,15.0,4.0,40
ID03200,AC1701938,F015,法蘭絨格紋襯衫-紅,女裝,1740.0,1.0,2017-10-15,1740.0,287.1,234.9,1844.4,周翊妍,Female,31,新北市,金融業和房地產,2017.0,10.0,15.0,4.0,30
ID03201,AC1702772,F024,運動潮流直筒棉褲男童-灰,童裝,2030.0,1.0,2017-10-15,2030.0,357.28,251.72,2151.8,謝孟軒,Female,55,桃園市,其他,2017.0,10.0,15.0,4.0,50
ID03202,AC1701477,F024,運動潮流直筒棉褲男童-灰,童裝,2030.0,1.0,2017-10-15,2030.0,357.28,251.72,2151.8,林奕君,Male,27,宜蘭縣,住宿和餐飲業,2017.0,10.0,15.0,4.0,20
ID03203,AC1702755,F016,後背包-藍,配件,890.0,5.0,2017-11-30,4450.0,1103.6,231.39999999999998,4717.0,李其榮,Male,37,桃園市,住宿和餐飲業,2017.0,11.0,30.0,4.0,30
ID03204,AC1700921,F016,後背包-藍,配件,890.0,5.0,2017-11-30,4450.0,1103.6,231.39999999999998,4717.0,張惠芷,Female,38,新北市,金融業和房地產,2017.0,11.0,30.0,4.0,30
ID03205,AC1700118,F010,中夾-紅,皮件,2610.0,1.0,2017-10-15,2610.0,595.0800000000003,187.92,2766.6000000000004,曹姿妤,Female,47,新北市,金融業和房地產,2017.0,10.0,15.0,4.0,40
ID03206,AC1700921,F016,後背包-藍,配件,890.0,5.0,2017-11-30,4450.0,1103.6,231.39999999999998,4717.0,張惠芷,Female,38,新北市,金融業和房地產,2017.0,11.0,30.0,4.0,30
ID03207,AC1701194,F002,運動潮流直筒棉褲男童-白,童裝,930.0,2.0,2017-10-15,1860.0,327.36,230.64,1971.6000000000001,姚原康,Male,50,新北市,金融業和房地產,2017.0,10.0,15.0,4.0,50
ID03208,AC1702140,F016,後背包-藍,配件,890.0,5.0,2017-11-30,4450.0,1103.6,231.39999999999998,4717.0,黃泰生,Male,35,宜蘭縣,金融業和房地產,2017.0,11.0,30.0,4.0,30
ID03209,AC1703666,F016,後背包-藍,配件,890.0,5.0,2017-11-30,4450.0,1103.6,231.39999999999998,4717.0,胡孟儒,Female,40,基隆市,金融業和房地產,2017.0,11.0,30.0,4.0,40
ID03210,AC1702330,F005,運動潮流連帽外套男裝-灰,男裝,1450.0,2.0,2017-10-15,2900.0,556.8000000000002,313.2,3074.0,杜歡瑜,Male,51,桃園市,教育體育文化,2017.0,10.0,15.0,4.0,50
ID03211,AC1700118,F013,潮感印條連帽外套-男裝,男裝,1740.0,1.0,2017-11-30,1740.0,334.08000000000004,187.92,1844.4,曹姿妤,Female,47,新北市,金融業和房地產,2017.0,11.0,30.0,4.0,40
ID03212,AC1700118,F028,大學T男童-藍,童裝,1750.0,1.0,2017-11-30,1750.0,308.0,217.0,1855.0,曹姿妤,Female,47,新北市,金融業和房地產,2017.0,11.0,30.0,4.0,40
ID03213,AC1700118,F025,雙向層架式書桌-咖,家俱,2900.0,2.0,2017-10-15,5800.0,870.0000000000005,870.0,6148.0,曹姿妤,Female,47,新北市,金融業和房地產,2017.0,10.0,15.0,4.0,40
ID03214,AC1701095,F025,雙向層架式書桌-咖,家俱,2900.0,2.0,2017-10-15,5800.0,870.0000000000005,870.0,6148.0,吳紫芝,Male,33,新北市,金融業和房地產,2017.0,10.0,15.0,4.0,30
ID03215,AC1700874,F028,大學T男童-藍,童裝,1750.0,1.0,2017-11-30,1750.0,308.0,217.0,1855.0,袁雅雯,Male,32,新北市,住宿和餐飲業,2017.0,11.0,30.0,4.0,30
ID03216,AC1703845,F005,運動潮流連帽外套男裝-灰,男裝,1450.0,1.0,2017-11-30,1450.0,278.4000000000001,156.6,1537.0,詹雅谷,Male,22,臺北市,金融業和房地產,2017.0,11.0,30.0,4.0,20
ID03217,AC1700439,F005,運動潮流連帽外套男裝-灰,男裝,1450.0,1.0,2017-11-30,1450.0,278.4000000000001,156.6,1537.0,林雅雯,Female,33,新北市,金融業和房地產,2017.0,11.0,30.0,4.0,30
ID03218,AC1703804,F005,運動潮流連帽外套男裝-灰,男裝,1450.0,1.0,2017-11-30,1450.0,278.4000000000001,156.6,1537.0,黃勝發,Female,63,臺北市,其他,2017.0,11.0,30.0,4.0,60
ID03219,AC1701810,F011,經典高領多彩T恤男裝-白,男裝,1200.0,1.0,2017-11-30,1200.0,230.4,129.6,1272.0,楊玉梅,Female,32,宜蘭縣,金融業和房地產,2017.0,11.0,30.0,4.0,30
ID03220,AC1703353,F011,經典高領多彩T恤男裝-白,男裝,1200.0,1.0,2017-11-30,1200.0,230.4,129.6,1272.0,盧燕佳,Male,34,基隆市,住宿和餐飲業,2017.0,11.0,30.0,4.0,30
ID03221,AC1700559,F011,經典高領多彩T恤男裝-白,男裝,1200.0,1.0,2017-11-30,1200.0,230.4,129.6,1272.0,艾怡伶,Female,33,新北市,金融業和房地產,2017.0,11.0,30.0,4.0,30
ID03222,AC1701285,F011,經典高領多彩T恤男裝-白,男裝,1200.0,1.0,2017-11-30,1200.0,230.4,129.6,1272.0,李明珠,Female,46,宜蘭縣,住宿和餐飲業,2017.0,11.0,30.0,4.0,40
ID03223,AC1702606,F011,經典高領多彩T恤男裝-白,男裝,1200.0,1.0,2017-11-30,1200.0,230.4,129.6,1272.0,楊家瑜,Male,44,桃園市,金融業和房地產,2017.0,11.0,30.0,4.0,40
ID03224,AC1702916,F011,經典高領多彩T恤男裝-白,男裝,1200.0,1.0,2017-11-30,1200.0,230.4,129.6,1272.0,柳智翔,Male,64,桃園市,住宿和餐飲業,2017.0,11.0,30.0,4.0,60
ID03225,AC1702609,F011,經典高領多彩T恤男裝-白,男裝,1200.0,1.0,2017-11-30,1200.0,230.4,129.6,1272.0,王彥舜,Male,55,桃園市,住宿和餐飲業,2017.0,11.0,30.0,4.0,50
ID03226,AC1701515,F011,經典高領多彩T恤男裝-白,男裝,1200.0,1.0,2017-11-30,1200.0,230.4,129.6,1272.0,陳惠婷,Female,45,宜蘭縣,其他,2017.0,11.0,30.0,4.0,40
ID03227,AC1702273,F005,運動潮流連帽外套男裝-灰,男裝,1450.0,1.0,2017-11-30,1450.0,278.4000000000001,156.6,1537.0,許育舜,Male,53,桃園市,住宿和餐飲業,2017.0,11.0,30.0,4.0,50
ID03228,AC1703079,F005,運動潮流連帽外套男裝-灰,男裝,1450.0,1.0,2017-11-30,1450.0,278.4000000000001,156.6,1537.0,陳家音,Female,47,桃園市,教育體育文化,2017.0,11.0,30.0,4.0,40
ID03229,AC1701504,F025,雙向層架式書桌-咖,家俱,2900.0,1.0,2017-11-30,2900.0,435.0000000000002,435.0,3074.0,劉文婷,Female,30,新北市,金融業和房地產,2017.0,11.0,30.0,4.0,30
ID03230,AC1703697,F025,雙向層架式書桌-咖,家俱,2900.0,1.0,2017-11-30,2900.0,435.0000000000002,435.0,3074.0,徐克岑,Female,44,基隆市,金融業和房地產,2017.0,11.0,30.0,4.0,40
ID03231,AC1703810,F025,雙向層架式書桌-咖,家俱,2900.0,1.0,2017-11-30,2900.0,435.0000000000002,435.0,3074.0,林麗娟,Female,43,臺北市,其他,2017.0,11.0,30.0,4.0,40
ID03232,AC1700787,F025,雙向層架式書桌-咖,家俱,2900.0,1.0,2017-11-30,2900.0,435.0000000000002,435.0,3074.0,劉海雯,Male,26,新北市,金融業和房地產,2017.0,11.0,30.0,4.0,20
ID03233,AC1702752,F016,後背包-藍,配件,890.0,5.0,2017-11-30,4450.0,1103.6,231.39999999999998,4717.0,陳怡航,Male,46,桃園市,住宿和餐飲業,2017.0,11.0,30.0,4.0,40
ID03234,AC1701255,F016,後背包-藍,配件,890.0,5.0,2017-11-30,4450.0,1103.6,231.39999999999998,4717.0,郭泓燦,Male,44,新北市,其他,2017.0,11.0,30.0,4.0,40
ID03235,AC1703376,F025,雙向層架式書桌-咖,家俱,2900.0,1.0,2017-11-30,2900.0,435.0000000000002,435.0,3074.0,吳靜妤,Female,42,基隆市,住宿和餐飲業,2017.0,11.0,30.0,4.0,40
ID03236,AC1701115,F016,後背包-藍,配件,890.0,5.0,2017-11-30,4450.0,1103.6,231.39999999999998,4717.0,藍慧君,Male,32,新北市,金融業和房地產,2017.0,11.0,30.0,4.0,30
ID03237,AC1701786,F025,雙向層架式書桌-咖,家俱,2900.0,1.0,2017-11-30,2900.0,435.0000000000002,435.0,3074.0,陳美韋,Female,41,新北市,住宿和餐飲業,2017.0,11.0,30.0,4.0,40
ID03238,AC1703729,F016,後背包-藍,配件,890.0,5.0,2017-11-30,4450.0,1103.6,231.39999999999998,4717.0,林家佑,Male,28,基隆市,教育體育文化,2017.0,11.0,30.0,4.0,20
ID03239,AC1703144,F016,後背包-藍,配件,890.0,5.0,2017-11-30,4450.0,1103.6,231.39999999999998,4717.0,蔡英茜,Female,49,桃園市,住宿和餐飲業,2017.0,11.0,30.0,4.0,40
ID03240,AC1701443,F024,運動潮流直筒棉褲男童-灰,童裝,2030.0,5.0,2017-11-30,10150.0,1786.4,1258.6,10759.0,陳良夢,Female,45,新北市,住宿和餐飲業,2017.0,11.0,30.0,4.0,40
ID03241,AC1700502,F013,潮感印條連帽外套-男裝,男裝,1740.0,1.0,2017-11-30,1740.0,334.08000000000004,187.92,1844.4,林詩涵,Female,42,新北市,金融業和房地產,2017.0,11.0,30.0,4.0,40
ID03242,AC1701634,F028,大學T男童-藍,童裝,1750.0,1.0,2017-11-30,1750.0,308.0,217.0,1855.0,袁欣怡,Female,26,宜蘭縣,住宿和餐飲業,2017.0,11.0,30.0,4.0,20
ID03243,AC1700571,F024,運動潮流直筒棉褲男童-灰,童裝,2030.0,5.0,2017-11-30,10150.0,1786.4,1258.6,10759.0,吳秉虹,Male,40,新北市,住宿和餐飲業,2017.0,11.0,30.0,4.0,40
ID03244,AC1703189,F024,運動潮流直筒棉褲男童-灰,童裝,2030.0,5.0,2017-11-30,10150.0,1786.4,1258.6,10759.0,謝秀英,Female,53,桃園市,其他,2017.0,11.0,30.0,4.0,50
ID03245,AC1700471,F028,大學T男童-藍,童裝,1750.0,1.0,2017-11-30,1750.0,308.0,217.0,1855.0,宋佳穎,Female,36,新北市,金融業和房地產,2017.0,11.0,30.0,4.0,30
ID03246,AC1701653,F005,運動潮流連帽外套男裝-灰,男裝,1450.0,1.0,2017-11-30,1450.0,278.4000000000001,156.6,1537.0,張玉福,Male,44,宜蘭縣,金融業和房地產,2017.0,11.0,30.0,4.0,40
ID03247,AC1701719,F005,運動潮流連帽外套男裝-灰,男裝,1450.0,1.0,2017-11-30,1450.0,278.4000000000001,156.6,1537.0,陳牧盈,Female,37,新北市,其他,2017.0,11.0,30.0,4.0,30
ID03248,AC1701632,F005,運動潮流連帽外套男裝-灰,男裝,1450.0,1.0,2017-11-30,1450.0,278.4000000000001,156.6,1537.0,吳思音,Female,23,新北市,金融業和房地產,2017.0,11.0,30.0,4.0,20
ID03249,AC1702329,F011,經典高領多彩T恤男裝-白,男裝,1200.0,1.0,2017-11-30,1200.0,230.4,129.6,1272.0,林家希,Male,53,桃園市,住宿和餐飲業,2017.0,11.0,30.0,4.0,50
ID03250,AC1702853,F011,經典高領多彩T恤男裝-白,男裝,1200.0,1.0,2017-11-30,1200.0,230.4,129.6,1272.0,吳孟平,Male,50,桃園市,住宿和餐飲業,2017.0,11.0,30.0,4.0,50
ID03251,AC1703142,F011,經典高領多彩T恤男裝-白,男裝,1200.0,1.0,2017-11-30,1200.0,230.4,129.6,1272.0,毛佩芸,Female,61,桃園市,住宿和餐飲業,2017.0,11.0,30.0,4.0,60
ID03252,AC1702327,F011,經典高領多彩T恤男裝-白,男裝,1200.0,1.0,2017-11-30,1200.0,230.4,129.6,1272.0,林千榮,Male,45,桃園市,其他,2017.0,11.0,30.0,4.0,40
ID03253,AC1700884,F011,經典高領多彩T恤男裝-白,男裝,1200.0,1.0,2017-11-30,1200.0,230.4,129.6,1272.0,楊懿維,Male,46,新北市,金融業和房地產,2017.0,11.0,30.0,4.0,40
ID03254,AC1700842,F011,經典高領多彩T恤男裝-白,男裝,1200.0,1.0,2017-11-30,1200.0,230.4,129.6,1272.0,袁雅玲,Male,24,新北市,教育體育文化,2017.0,11.0,30.0,4.0,20
ID03255,AC1702563,F011,經典高領多彩T恤男裝-白,男裝,1200.0,1.0,2017-11-30,1200.0,230.4,129.6,1272.0,翁君以,Male,53,桃園市,其他,2017.0,11.0,30.0,4.0,50
ID03256,AC1703907,F011,經典高領多彩T恤男裝-白,男裝,1200.0,1.0,2017-11-30,1200.0,230.4,129.6,1272.0,郭翊燦,Female,36,臺北市,其他,2017.0,11.0,30.0,4.0,30
ID03257,AC1700662,F005,運動潮流連帽外套男裝-灰,男裝,1450.0,1.0,2017-11-30,1450.0,278.4000000000001,156.6,1537.0,吳璇航,Female,31,新北市,金融業和房地產,2017.0,11.0,30.0,4.0,30
ID03258,AC1700960,F005,運動潮流連帽外套男裝-灰,男裝,1450.0,1.0,2017-11-30,1450.0,278.4000000000001,156.6,1537.0,連韻勇,Male,25,新北市,金融業和房地產,2017.0,11.0,30.0,4.0,20
ID03259,AC1703180,F025,雙向層架式書桌-咖,家俱,2900.0,1.0,2017-11-30,2900.0,435.0000000000002,435.0,3074.0,金鈞傑,Male,52,桃園市,金融業和房地產,2017.0,11.0,30.0,4.0,50
ID03260,AC1703098,F025,雙向層架式書桌-咖,家俱,2900.0,1.0,2017-11-30,2900.0,435.0000000000002,435.0,3074.0,湛琳火,Male,49,桃園市,其他,2017.0,11.0,30.0,4.0,40
ID03261,AC1701736,F025,雙向層架式書桌-咖,家俱,2900.0,1.0,2017-11-30,2900.0,435.0000000000002,435.0,3074.0,張家偉,Male,41,宜蘭縣,其他,2017.0,11.0,30.0,4.0,40
ID03262,AC1702622,F025,雙向層架式書桌-咖,家俱,2900.0,1.0,2017-11-30,2900.0,435.0000000000002,435.0,3074.0,黃俊安,Male,33,桃園市,農林漁牧業,2017.0,11.0,30.0,4.0,30
ID03263,AC1700094,F016,後背包-藍,配件,890.0,5.0,2017-11-30,4450.0,1103.6,231.39999999999998,4717.0,陳威玫,Male,48,新北市,金融業和房地產,2017.0,11.0,30.0,4.0,40
ID03264,AC1700702,F016,後背包-藍,配件,890.0,5.0,2017-11-30,4450.0,1103.6,231.39999999999998,4717.0,賴建宏,Male,24,新北市,金融業和房地產,2017.0,11.0,30.0,4.0,20
ID03265,AC1700601,F025,雙向層架式書桌-咖,家俱,2900.0,1.0,2017-11-30,2900.0,435.0000000000002,435.0,3074.0,李秀慧,Female,34,新北市,其他,2017.0,11.0,30.0,4.0,30
ID03266,AC1701213,F016,後背包-藍,配件,890.0,5.0,2017-11-30,4450.0,1103.6,231.39999999999998,4717.0,崔世傑,Female,45,新北市,其他,2017.0,11.0,30.0,4.0,40
ID03267,AC1700264,F025,雙向層架式書桌-咖,家俱,2900.0,1.0,2017-11-30,2900.0,435.0000000000002,435.0,3074.0,陳惠航,Female,32,新北市,金融業和房地產,2017.0,11.0,30.0,4.0,30
ID03268,AC1700037,F016,後背包-藍,配件,890.0,5.0,2017-11-30,4450.0,1103.6,231.39999999999998,4717.0,李佳佩,Female,62,基隆市,其他,2017.0,11.0,30.0,4.0,60
ID03269,AC1703786,F016,後背包-藍,配件,890.0,5.0,2017-11-30,4450.0,1103.6,231.39999999999998,4717.0,林潔瑜,Female,43,基隆市,金融業和房地產,2017.0,11.0,30.0,4.0,40
ID03270,AC1701730,F024,運動潮流直筒棉褲男童-灰,童裝,2030.0,5.0,2017-11-30,10150.0,1786.4,1258.6,10759.0,鄭靜怡,Female,34,宜蘭縣,其他,2017.0,11.0,30.0,4.0,30
ID03271,AC1703242,F013,潮感印條連帽外套-男裝,男裝,1740.0,1.0,2017-11-30,1740.0,334.08000000000004,187.92,1844.4,夏誠雪,Male,58,桃園市,住宿和餐飲業,2017.0,11.0,30.0,4.0,50
ID03272,AC1701145,F028,大學T男童-藍,童裝,1750.0,1.0,2017-11-30,1750.0,308.0,217.0,1855.0,李妙憲,Female,32,新北市,金融業和房地產,2017.0,11.0,30.0,4.0,30
ID03273,AC1700948,F024,運動潮流直筒棉褲男童-灰,童裝,2030.0,5.0,2017-11-30,10150.0,1786.4,1258.6,10759.0,葉萱淳,Male,35,新北市,金融業和房地產,2017.0,11.0,30.0,4.0,30
ID03274,AC1703267,F024,運動潮流直筒棉褲男童-灰,童裝,2030.0,5.0,2017-11-30,10150.0,1786.4,1258.6,10759.0,徐青珍,Male,58,桃園市,其他,2017.0,11.0,30.0,4.0,50
ID03275,AC1700087,F028,大學T男童-藍,童裝,1750.0,1.0,2017-11-30,1750.0,308.0,217.0,1855.0,曹欣儀,Male,41,基隆市,農林漁牧業,2017.0,11.0,30.0,4.0,40
ID03276,AC1703817,F005,運動潮流連帽外套男裝-灰,男裝,1450.0,1.0,2017-11-30,1450.0,278.4000000000001,156.6,1537.0,張吉然,Female,44,臺北市,其他,2017.0,11.0,30.0,4.0,40
ID03277,AC1702148,F005,運動潮流連帽外套男裝-灰,男裝,1450.0,1.0,2017-11-30,1450.0,278.4000000000001,156.6,1537.0,魏振宇,Male,41,宜蘭縣,金融業和房地產,2017.0,11.0,30.0,4.0,40
ID03278,AC1703242,F005,運動潮流連帽外套男裝-灰,男裝,1450.0,1.0,2017-11-30,1450.0,278.4000000000001,156.6,1537.0,夏誠雪,Male,58,桃園市,住宿和餐飲業,2017.0,11.0,30.0,4.0,50
ID03279,AC1700422,F011,經典高領多彩T恤男裝-白,男裝,1200.0,1.0,2017-11-30,1200.0,230.4,129.6,1272.0,謝佳蓉,Female,47,新北市,金融業和房地產,2017.0,11.0,30.0,4.0,40
ID03280,AC1700316,F011,經典高領多彩T恤男裝-白,男裝,1200.0,1.0,2017-11-30,1200.0,230.4,129.6,1272.0,柯雨發,Male,42,新北市,金融業和房地產,2017.0,11.0,30.0,4.0,40
ID03281,AC1703575,F011,經典高領多彩T恤男裝-白,男裝,1200.0,1.0,2017-11-30,1200.0,230.4,129.6,1272.0,劉枝雯,Female,34,基隆市,金融業和房地產,2017.0,11.0,30.0,4.0,30
ID03282,AC1701275,F011,經典高領多彩T恤男裝-白,男裝,1200.0,1.0,2017-11-30,1200.0,230.4,129.6,1272.0,陳韋夢,Female,25,新北市,住宿和餐飲業,2017.0,11.0,30.0,4.0,20
ID03283,AC1703597,F011,經典高領多彩T恤男裝-白,男裝,1200.0,1.0,2017-11-30,1200.0,230.4,129.6,1272.0,吳玲韻,Female,35,基隆市,金融業和房地產,2017.0,11.0,30.0,4.0,30
ID03284,AC1703394,F011,經典高領多彩T恤男裝-白,男裝,1200.0,1.0,2017-11-30,1200.0,230.4,129.6,1272.0,許雅亞,Male,28,基隆市,其他,2017.0,11.0,30.0,4.0,20
ID03285,AC1701618,F011,經典高領多彩T恤男裝-白,男裝,1200.0,1.0,2017-11-30,1200.0,230.4,129.6,1272.0,林容東,Male,43,宜蘭縣,金融業和房地產,2017.0,11.0,30.0,4.0,40
ID03286,AC1703675,F011,經典高領多彩T恤男裝-白,男裝,1200.0,1.0,2017-11-30,1200.0,230.4,129.6,1272.0,林冠廷,Female,36,基隆市,金融業和房地產,2017.0,11.0,30.0,4.0,30
ID03287,AC1701825,F005,運動潮流連帽外套男裝-灰,男裝,1450.0,1.0,2017-11-30,1450.0,278.4000000000001,156.6,1537.0,黃琇銘,Male,42,宜蘭縣,金融業和房地產,2017.0,11.0,30.0,4.0,40
ID03288,AC1700557,F005,運動潮流連帽外套男裝-灰,男裝,1450.0,1.0,2017-11-30,1450.0,278.4000000000001,156.6,1537.0,黃智聖,Male,31,新北市,金融業和房地產,2017.0,11.0,30.0,4.0,30
ID03289,AC1703932,F025,雙向層架式書桌-咖,家俱,2900.0,1.0,2017-11-30,2900.0,435.0000000000002,435.0,3074.0,蘇義沛,Male,36,臺北市,金融業和房地產,2017.0,11.0,30.0,4.0,30
ID03290,AC1701552,F025,雙向層架式書桌-咖,家俱,2900.0,1.0,2017-11-30,2900.0,435.0000000000002,435.0,3074.0,許婉如,Female,31,新北市,金融業和房地產,2017.0,11.0,30.0,4.0,30
ID03291,AC1701466,F025,雙向層架式書桌-咖,家俱,2900.0,1.0,2017-11-30,2900.0,435.0000000000002,435.0,3074.0,呂右馨,Male,32,宜蘭縣,金融業和房地產,2017.0,11.0,30.0,4.0,30
ID03292,AC1703851,F025,雙向層架式書桌-咖,家俱,2900.0,1.0,2017-11-30,2900.0,435.0000000000002,435.0,3074.0,林鈺隆,Female,42,臺北市,其他,2017.0,11.0,30.0,4.0,40
ID03293,AC1703554,F016,後背包-藍,配件,890.0,5.0,2017-11-30,4450.0,1103.6,231.39999999999998,4717.0,林宜傑,Male,42,基隆市,金融業和房地產,2017.0,11.0,30.0,4.0,40
ID03294,AC1703254,F016,後背包-藍,配件,890.0,5.0,2017-11-30,4450.0,1103.6,231.39999999999998,4717.0,陳德芬,Female,54,桃園市,教育體育文化,2017.0,11.0,30.0,4.0,50
ID03295,AC1701699,F025,雙向層架式書桌-咖,家俱,2900.0,1.0,2017-11-30,2900.0,435.0000000000002,435.0,3074.0,許隆瑄,Female,32,新北市,金融業和房地產,2017.0,11.0,30.0,4.0,30
ID03296,AC1703133,F016,後背包-藍,配件,890.0,5.0,2017-11-30,4450.0,1103.6,231.39999999999998,4717.0,吳奕廷,Male,48,桃園市,住宿和餐飲業,2017.0,11.0,30.0,4.0,40
ID03297,AC1702150,F025,雙向層架式書桌-咖,家俱,2900.0,1.0,2017-11-30,2900.0,435.0000000000002,435.0,3074.0,朱佩儒,Female,48,宜蘭縣,金融業和房地產,2017.0,11.0,30.0,4.0,40
ID03298,AC1703308,F016,後背包-藍,配件,890.0,5.0,2017-11-30,4450.0,1103.6,231.39999999999998,4717.0,沈雅惠,Female,28,基隆市,其他,2017.0,11.0,30.0,4.0,20
ID03299,AC1701705,F016,後背包-藍,配件,890.0,5.0,2017-11-30,4450.0,1103.6,231.39999999999998,4717.0,魏金鳳,Male,41,宜蘭縣,住宿和餐飲業,2017.0,11.0,30.0,4.0,40
ID03300,AC1701829,F024,運動潮流直筒棉褲男童-灰,童裝,2030.0,5.0,2017-11-30,10150.0,1786.4,1258.6,10759.0,吳佩祥,Male,25,宜蘭縣,其他,2017.0,11.0,30.0,4.0,20
ID03301,AC1700224,F013,潮感印條連帽外套-男裝,男裝,1740.0,1.0,2017-11-30,1740.0,334.08000000000004,187.92,1844.4,成珮雯,Female,45,臺北市,住宿和餐飲業,2017.0,11.0,30.0,4.0,40
ID03302,AC1703092,F028,大學T男童-藍,童裝,1750.0,1.0,2017-11-30,1750.0,308.0,217.0,1855.0,許惠琪,Female,61,桃園市,住宿和餐飲業,2017.0,11.0,30.0,4.0,60
ID03303,AC1703468,F024,運動潮流直筒棉褲男童-灰,童裝,2030.0,5.0,2017-11-30,10150.0,1786.4,1258.6,10759.0,陳怡伶,Female,47,基隆市,金融業和房地產,2017.0,11.0,30.0,4.0,40
ID03304,AC1703718,F024,運動潮流直筒棉褲男童-灰,童裝,2030.0,5.0,2017-11-30,10150.0,1786.4,1258.6,10759.0,張育盛,Female,39,基隆市,其他,2017.0,11.0,30.0,4.0,30
ID03305,AC1701784,F028,大學T男童-藍,童裝,1750.0,1.0,2017-11-30,1750.0,308.0,217.0,1855.0,吳亦陽,Male,24,宜蘭縣,農林漁牧業,2017.0,11.0,30.0,4.0,20
ID03306,AC1702741,F005,運動潮流連帽外套男裝-灰,男裝,1450.0,1.0,2017-11-30,1450.0,278.4000000000001,156.6,1537.0,吳雅婷,Female,48,桃園市,其他,2017.0,11.0,30.0,4.0,40
ID03307,AC1700679,F005,運動潮流連帽外套男裝-灰,男裝,1450.0,1.0,2017-11-30,1450.0,278.4000000000001,156.6,1537.0,劉妙群,Male,35,新北市,金融業和房地產,2017.0,11.0,30.0,4.0,30
ID03308,AC1700495,F005,運動潮流連帽外套男裝-灰,男裝,1450.0,1.0,2017-11-30,1450.0,278.4000000000001,156.6,1537.0,邱孟璇,Female,37,新北市,住宿和餐飲業,2017.0,11.0,30.0,4.0,30
ID03309,AC1703462,F011,經典高領多彩T恤男裝-白,男裝,1200.0,1.0,2017-11-30,1200.0,230.4,129.6,1272.0,強邦依,Female,29,基隆市,金融業和房地產,2017.0,11.0,30.0,4.0,20
ID03310,AC1700284,F011,經典高領多彩T恤男裝-白,男裝,1200.0,1.0,2017-11-30,1200.0,230.4,129.6,1272.0,周家良,Female,51,新北市,住宿和餐飲業,2017.0,11.0,30.0,4.0,50
ID03311,AC1701990,F011,經典高領多彩T恤男裝-白,男裝,1200.0,1.0,2017-11-30,1200.0,230.4,129.6,1272.0,林怡奇,Female,34,新北市,金融業和房地產,2017.0,11.0,30.0,4.0,30
ID03312,AC1702708,F011,經典高領多彩T恤男裝-白,男裝,1200.0,1.0,2017-11-30,1200.0,230.4,129.6,1272.0,蔡政元,Male,51,桃園市,其他,2017.0,11.0,30.0,4.0,50
ID03313,AC1702463,F011,經典高領多彩T恤男裝-白,男裝,1200.0,1.0,2017-11-30,1200.0,230.4,129.6,1272.0,黃于靖,Male,47,桃園市,住宿和餐飲業,2017.0,11.0,30.0,4.0,40
ID03314,AC1703581,F011,經典高領多彩T恤男裝-白,男裝,1200.0,1.0,2017-11-30,1200.0,230.4,129.6,1272.0,陳俊宏,Female,44,基隆市,金融業和房地產,2017.0,11.0,30.0,4.0,40
ID03315,AC1702449,F011,經典高領多彩T恤男裝-白,男裝,1200.0,1.0,2017-11-30,1200.0,230.4,129.6,1272.0,黃家泰,Male,49,桃園市,住宿和餐飲業,2017.0,11.0,30.0,4.0,40
ID03316,AC1700555,F011,經典高領多彩T恤男裝-白,男裝,1200.0,1.0,2017-11-30,1200.0,230.4,129.6,1272.0,楊雯桓,Female,43,新北市,金融業和房地產,2017.0,11.0,30.0,4.0,40
ID03317,AC1701005,F005,運動潮流連帽外套男裝-灰,男裝,1450.0,1.0,2017-11-30,1450.0,278.4000000000001,156.6,1537.0,蔡俊翔,Male,37,新北市,金融業和房地產,2017.0,11.0,30.0,4.0,30
ID03318,AC1700165,F005,運動潮流連帽外套男裝-灰,男裝,1450.0,1.0,2017-11-30,1450.0,278.4000000000001,156.6,1537.0,陳伯鴻,Male,60,新北市,金融業和房地產,2017.0,11.0,30.0,4.0,60
ID03319,AC1702204,F025,雙向層架式書桌-咖,家俱,2900.0,1.0,2017-11-30,2900.0,435.0000000000002,435.0,3074.0,張玉婷,Male,36,桃園市,住宿和餐飲業,2017.0,11.0,30.0,4.0,30
ID03320,AC1702715,F025,雙向層架式書桌-咖,家俱,2900.0,1.0,2017-11-30,2900.0,435.0000000000002,435.0,3074.0,解志杰,Female,44,桃園市,其他,2017.0,11.0,30.0,4.0,40
ID03321,AC1700421,F025,雙向層架式書桌-咖,家俱,2900.0,1.0,2017-11-30,2900.0,435.0000000000002,435.0,3074.0,吳淳強,Female,34,新北市,金融業和房地產,2017.0,11.0,30.0,4.0,30
ID03322,AC1702150,F025,雙向層架式書桌-咖,家俱,2900.0,1.0,2017-11-30,2900.0,435.0000000000002,435.0,3074.0,朱佩儒,Female,48,宜蘭縣,金融業和房地產,2017.0,11.0,30.0,4.0,40
ID03323,AC1702789,F016,後背包-藍,配件,890.0,5.0,2017-11-30,4450.0,1103.6,231.39999999999998,4717.0,陳俊玲,Female,50,桃園市,其他,2017.0,11.0,30.0,4.0,50
ID03324,AC1702364,F016,後背包-藍,配件,890.0,5.0,2017-11-30,4450.0,1103.6,231.39999999999998,4717.0,浦彥宏,Male,43,桃園市,其他,2017.0,11.0,30.0,4.0,40
ID03325,AC1701184,F025,雙向層架式書桌-咖,家俱,2900.0,1.0,2017-11-30,2900.0,435.0000000000002,435.0,3074.0,謝琦月,Female,37,新北市,住宿和餐飲業,2017.0,11.0,30.0,4.0,30
ID03326,AC1701769,F016,後背包-藍,配件,890.0,5.0,2017-11-30,4450.0,1103.6,231.39999999999998,4717.0,韓雅玲,Female,32,新北市,其他,2017.0,11.0,30.0,4.0,30
ID03327,AC1703820,F025,雙向層架式書桌-咖,家俱,2900.0,1.0,2017-11-30,2900.0,435.0000000000002,435.0,3074.0,劉予光,Female,36,臺北市,住宿和餐飲業,2017.0,11.0,30.0,4.0,30
ID03328,AC1701940,F016,後背包-藍,配件,890.0,5.0,2017-11-30,4450.0,1103.6,231.39999999999998,4717.0,吳承恩,Male,38,宜蘭縣,教育體育文化,2017.0,11.0,30.0,4.0,30
ID03329,AC1701233,F016,後背包-藍,配件,890.0,5.0,2017-11-30,4450.0,1103.6,231.39999999999998,4717.0,蔡家豪,Male,33,新北市,金融業和房地產,2017.0,11.0,30.0,4.0,30
ID03330,AC1700003,F024,運動潮流直筒棉褲男童-灰,童裝,2030.0,5.0,2017-11-30,10150.0,1786.4,1258.6,10759.0,蔡俊毅,Male,38,臺北市,教育體育文化,2017.0,11.0,30.0,4.0,30
ID03331,AC1703451,F001,運動潮流連帽外套女裝-白,女裝,1450.0,1.0,2017-12-05,1450.0,239.2500000000001,195.75,1537.0,蘇聖傑,Female,26,基隆市,農林漁牧業,2017.0,12.0,5.0,4.0,20
ID03332,AC1702648,F024,運動潮流直筒棉褲男童-灰,童裝,2030.0,5.0,2017-11-30,10150.0,1786.4,1258.6,10759.0,胡凡谷,Male,57,桃園市,住宿和餐飲業,2017.0,11.0,30.0,4.0,50
ID03333,AC1701106,F003,印圖大學T男裝-藍,男裝,750.0,1.0,2017-12-05,750.0,144.0,81.0,795.0,奚苡傑,Male,33,新北市,金融業和房地產,2017.0,12.0,5.0,4.0,30
ID03334,AC1703350,F013,潮感印條連帽外套-男裝,男裝,1740.0,1.0,2017-12-05,1740.0,334.08000000000004,187.92,1844.4,林艾伸,Female,27,基隆市,金融業和房地產,2017.0,12.0,5.0,4.0,20
ID03335,AC1703058,F024,運動潮流直筒棉褲男童-灰,童裝,2030.0,5.0,2017-11-30,10150.0,1786.4,1258.6,10759.0,張育陽,Male,51,桃園市,其他,2017.0,11.0,30.0,4.0,50
ID03336,AC1700100,F005,運動潮流連帽外套男裝-灰,男裝,1450.0,1.0,2017-11-30,1450.0,278.4000000000001,156.6,1537.0,何兆辰,Male,47,新北市,金融業和房地產,2017.0,11.0,30.0,4.0,40
ID03337,AC1701422,F005,運動潮流連帽外套男裝-灰,男裝,1450.0,1.0,2017-11-30,1450.0,278.4000000000001,156.6,1537.0,王允火,Male,29,宜蘭縣,金融業和房地產,2017.0,11.0,30.0,4.0,20
ID03338,AC1702160,F005,運動潮流連帽外套男裝-灰,男裝,1450.0,1.0,2017-11-30,1450.0,278.4000000000001,156.6,1537.0,李秀和,Female,48,桃園市,教育體育文化,2017.0,11.0,30.0,4.0,40
ID03339,AC1701522,F016,後背包-藍,配件,890.0,1.0,2017-12-05,890.0,220.72,46.28,943.4000000000001,許智樺,Female,33,新北市,其他,2017.0,12.0,5.0,4.0,30
ID03340,AC1701155,F016,後背包-藍,配件,890.0,1.0,2017-12-05,890.0,220.72,46.28,943.4000000000001,張守宇,Male,37,新北市,金融業和房地產,2017.0,12.0,5.0,4.0,30
ID03341,AC1701669,F036,經典美式純POLO-藍,女裝,980.0,1.0,2017-12-05,980.0,161.7,132.3,1038.8,馮凌,Female,35,新北市,住宿和餐飲業,2017.0,12.0,5.0,4.0,30
ID03342,AC1701590,F028,大學T男童-藍,童裝,1750.0,1.0,2017-12-05,1750.0,308.0,217.0,1855.0,周淑君,Female,30,宜蘭縣,金融業和房地產,2017.0,12.0,5.0,4.0,30
ID03343,AC1701554,F005,運動潮流連帽外套男裝-灰,男裝,1450.0,1.0,2017-11-30,1450.0,278.4000000000001,156.6,1537.0,黃百茹,Female,29,宜蘭縣,金融業和房地產,2017.0,11.0,30.0,4.0,20
ID03344,AC1701220,F028,大學T男童-藍,童裝,1750.0,1.0,2017-12-05,1750.0,308.0,217.0,1855.0,楊凡姍,Female,34,新北市,金融業和房地產,2017.0,12.0,5.0,4.0,30
ID03345,AC1702075,F005,運動潮流連帽外套男裝-灰,男裝,1450.0,1.0,2017-11-30,1450.0,278.4000000000001,156.6,1537.0,陳宜芳,Female,37,新北市,金融業和房地產,2017.0,11.0,30.0,4.0,30
ID03346,AC1703661,F025,雙向層架式書桌-咖,家俱,2900.0,1.0,2017-11-30,2900.0,435.0000000000002,435.0,3074.0,謝宛達,Female,37,基隆市,金融業和房地產,2017.0,11.0,30.0,4.0,30
ID03347,AC1701739,F025,雙向層架式書桌-咖,家俱,2900.0,1.0,2017-11-30,2900.0,435.0000000000002,435.0,3074.0,許秉勳,Male,39,宜蘭縣,金融業和房地產,2017.0,11.0,30.0,4.0,30
ID03348,AC1701564,F020,萬用包-黑,皮件,2900.0,1.0,2017-12-05,2900.0,661.2000000000003,208.79999999999998,3074.0,張世昌,Male,24,宜蘭縣,住宿和餐飲業,2017.0,12.0,5.0,4.0,20
ID03349,AC1703622,F008,法蘭絨格紋襯衫-黑,女裝,1800.0,2.0,2017-12-05,3600.0,594.0,486.00000000000006,3816.0,蔡文華,Female,26,基隆市,金融業和房地產,2017.0,12.0,5.0,4.0,20
ID03350,AC1702455,F014,大化妝包-黑,配件,1740.0,2.0,2017-12-05,3480.0,863.04,180.95999999999998,3688.8,施庭南,Female,51,桃園市,住宿和餐飲業,2017.0,12.0,5.0,4.0,50
ID03351,AC1700365,F009,大化妝包-深藍,配件,2100.0,2.0,2017-12-05,4200.0,1041.6,218.39999999999998,4452.0,許昀春,Male,61,新北市,金融業和房地產,2017.0,12.0,5.0,4.0,60
ID03352,AC1701776,F025,雙向層架式書桌-咖,家俱,2900.0,1.0,2017-11-30,2900.0,435.0000000000002,435.0,3074.0,楊嬌韻,Female,40,新北市,其他,2017.0,11.0,30.0,4.0,40
ID03353,AC1700867,F025,雙向層架式書桌-咖,家俱,2900.0,1.0,2017-11-30,2900.0,435.0000000000002,435.0,3074.0,李鈞馨,Male,29,新北市,教育體育文化,2017.0,11.0,30.0,4.0,20
ID03354,AC1703020,F025,雙向層架式書桌-咖,家俱,2900.0,1.0,2017-11-30,2900.0,435.0000000000002,435.0,3074.0,吳妙蕙,Female,45,桃園市,住宿和餐飲業,2017.0,11.0,30.0,4.0,40
ID03355,AC1702945,F014,大化妝包-黑,配件,1740.0,2.0,2017-12-05,3480.0,863.04,180.95999999999998,3688.8,陳信松,Male,43,桃園市,住宿和餐飲業,2017.0,12.0,5.0,4.0,40
ID03356,AC1700350,F014,大化妝包-黑,配件,1740.0,2.0,2017-12-05,3480.0,863.04,180.95999999999998,3688.8,郭憶佩,Female,44,新北市,金融業和房地產,2017.0,12.0,5.0,4.0,40
ID03357,AC1703512,F012,托特包-白,配件,1740.0,2.0,2017-12-05,3480.0,863.04,180.95999999999998,3688.8,蔡孟芳,Female,36,基隆市,其他,2017.0,12.0,5.0,4.0,30
ID03358,AC1700088,F036,經典美式純POLO-藍,女裝,980.0,2.0,2017-12-05,1960.0,323.4,264.6,2077.6,朱士瑋,Male,52,基隆市,農林漁牧業,2017.0,12.0,5.0,4.0,50
ID03359,AC1703701,F016,後背包-藍,配件,890.0,2.0,2017-12-05,1780.0,441.44,92.56,1886.8000000000002,吳初凱,Male,41,基隆市,金融業和房地產,2017.0,12.0,5.0,4.0,40
ID03360,AC1703842,F025,雙向層架式書桌-咖,家俱,2900.0,1.0,2017-11-30,2900.0,435.0000000000002,435.0,3074.0,朱家豪,Female,39,臺北市,其他,2017.0,11.0,30.0,4.0,30
ID03361,AC1702200,F007,運動潮流連帽外套男裝-灰,男裝,1450.0,3.0,2017-12-05,4350.0,835.2,469.8,4611.0,王盛丹,Female,51,桃園市,其他,2017.0,12.0,5.0,4.0,50
ID03362,AC1702780,F007,運動潮流連帽外套男裝-灰,男裝,1450.0,3.0,2017-12-05,4350.0,835.2,469.8,4611.0,彭禹儒,Male,48,桃園市,住宿和餐飲業,2017.0,12.0,5.0,4.0,40
ID03363,AC1701879,F007,運動潮流連帽外套男裝-灰,男裝,1450.0,3.0,2017-12-05,4350.0,835.2,469.8,4611.0,趙建志,Female,40,新北市,金融業和房地產,2017.0,12.0,5.0,4.0,40
ID03364,AC1700430,F007,運動潮流連帽外套男裝-灰,男裝,1450.0,3.0,2017-12-05,4350.0,835.2,469.8,4611.0,張智名,Female,42,新北市,金融業和房地產,2017.0,12.0,5.0,4.0,40
ID03365,AC1703369,F022,短夾-紅,皮件,2900.0,3.0,2017-12-05,8700.0,1983.6,626.4,9222.0,平怡菁,Female,26,基隆市,住宿和餐飲業,2017.0,12.0,5.0,4.0,20
ID03366,AC1701981,F022,短夾-紅,皮件,2900.0,3.0,2017-12-05,8700.0,1983.6,626.4,9222.0,鄭凱鈞,Male,35,宜蘭縣,教育體育文化,2017.0,12.0,5.0,4.0,30
ID03367,AC1702224,F024,運動潮流直筒棉褲男童-灰,童裝,2030.0,5.0,2017-11-30,10150.0,1786.4,1258.6,10759.0,王萬財,Male,51,桃園市,金融業和房地產,2017.0,11.0,30.0,4.0,50
ID03368,AC1703982,F028,大學T男童-藍,童裝,1750.0,3.0,2017-12-05,5250.0,924.0000000000005,651.0,5565.0,劉佳穎,Female,57,臺北市,其他,2017.0,12.0,5.0,4.0,50
ID03369,AC1701955,F001,運動潮流連帽外套女裝-白,女裝,1450.0,1.0,2017-12-05,1450.0,239.2500000000001,195.75,1537.0,柯俊杰,Male,24,宜蘭縣,住宿和餐飲業,2017.0,12.0,5.0,4.0,20
ID03370,AC1701103,F024,運動潮流直筒棉褲男童-灰,童裝,2030.0,5.0,2017-11-30,10150.0,1786.4,1258.6,10759.0,何麗娟,Female,42,新北市,金融業和房地產,2017.0,11.0,30.0,4.0,40
ID03371,AC1702571,F003,印圖大學T男裝-藍,男裝,750.0,1.0,2017-12-05,750.0,144.0,81.0,795.0,王姿岳,Male,44,桃園市,住宿和餐飲業,2017.0,12.0,5.0,4.0,40
ID03372,AC1703723,F013,潮感印條連帽外套-男裝,男裝,1740.0,1.0,2017-12-05,1740.0,334.08000000000004,187.92,1844.4,廖婉珊,Female,28,基隆市,金融業和房地產,2017.0,12.0,5.0,4.0,20
ID03373,AC1701872,F024,運動潮流直筒棉褲男童-灰,童裝,2030.0,5.0,2017-11-30,10150.0,1786.4,1258.6,10759.0,陳智傑,Male,29,宜蘭縣,金融業和房地產,2017.0,11.0,30.0,4.0,20
ID03374,AC1702694,F002,運動潮流直筒棉褲男童-白,童裝,930.0,1.0,2017-12-05,930.0,163.68,115.32,985.8000000000001,呂佳宏,Male,54,桃園市,住宿和餐飲業,2017.0,12.0,5.0,4.0,50
ID03375,AC1703236,F017,大學T男裝-灰,男裝,1200.0,1.0,2017-12-05,1200.0,230.4,129.6,1272.0,艾家瑋,Male,56,桃園市,住宿和餐飲業,2017.0,12.0,5.0,4.0,50
ID03376,AC1703116,F002,運動潮流直筒棉褲男童-白,童裝,930.0,1.0,2017-12-05,930.0,163.68,115.32,985.8000000000001,郭佳蓉,Female,32,桃園市,其他,2017.0,12.0,5.0,4.0,30
ID03377,AC1700551,F016,後背包-藍,配件,890.0,1.0,2017-12-05,890.0,220.72,46.28,943.4000000000001,陳佳祥,Female,42,新北市,其他,2017.0,12.0,5.0,4.0,40
ID03378,AC1701642,F016,後背包-藍,配件,890.0,1.0,2017-12-05,890.0,220.72,46.28,943.4000000000001,邱家豪,Male,25,宜蘭縣,金融業和房地產,2017.0,12.0,5.0,4.0,20
ID03379,AC1700596,F036,經典美式純POLO-藍,女裝,980.0,1.0,2017-12-05,980.0,161.7,132.3,1038.8,陳怡臻,Female,32,新北市,金融業和房地產,2017.0,12.0,5.0,4.0,30
ID03380,AC1701112,F028,大學T男童-藍,童裝,1750.0,1.0,2017-12-05,1750.0,308.0,217.0,1855.0,陳佳佩,Female,36,新北市,金融業和房地產,2017.0,12.0,5.0,4.0,30
ID03381,AC1703012,F017,大學T男裝-灰,男裝,1200.0,1.0,2017-12-05,1200.0,230.4,129.6,1272.0,李明孜,Female,39,桃園市,其他,2017.0,12.0,5.0,4.0,30
ID03382,AC1703234,F028,大學T男童-藍,童裝,1750.0,1.0,2017-12-05,1750.0,308.0,217.0,1855.0,林俐芳,Male,33,桃園市,金融業和房地產,2017.0,12.0,5.0,4.0,30
ID03383,AC1701290,F017,大學T男裝-灰,男裝,1200.0,1.0,2017-12-05,1200.0,230.4,129.6,1272.0,楊玉萍,Female,37,宜蘭縣,住宿和餐飲業,2017.0,12.0,5.0,4.0,30
ID03384,AC1701970,F010,中夾-紅,皮件,2610.0,1.0,2017-12-05,2610.0,595.0800000000003,187.92,2766.6000000000004,林柏盈,Male,27,宜蘭縣,金融業和房地產,2017.0,12.0,5.0,4.0,20
ID03385,AC1700125,F024,運動潮流直筒棉褲男童-灰,童裝,2030.0,1.0,2017-12-05,2030.0,357.28,251.72,2151.8,許茜孜,Female,55,新北市,農林漁牧業,2017.0,12.0,5.0,4.0,50
ID03386,AC1703533,F020,萬用包-黑,皮件,2900.0,1.0,2017-12-05,2900.0,661.2000000000003,208.79999999999998,3074.0,林佑揚,Female,48,基隆市,金融業和房地產,2017.0,12.0,5.0,4.0,40
ID03387,AC1701839,F008,法蘭絨格紋襯衫-黑,女裝,1800.0,2.0,2017-12-05,3600.0,594.0,486.00000000000006,3816.0,鄭睿宜,Female,48,新北市,教育體育文化,2017.0,12.0,5.0,4.0,40
ID03388,AC1703149,F014,大化妝包-黑,配件,1740.0,2.0,2017-12-05,3480.0,863.04,180.95999999999998,3688.8,駱鈞皓,Female,46,桃園市,其他,2017.0,12.0,5.0,4.0,40
ID03389,AC1702998,F009,大化妝包-深藍,配件,2100.0,2.0,2017-12-05,4200.0,1041.6,218.39999999999998,4452.0,王佩君,Female,31,桃園市,其他,2017.0,12.0,5.0,4.0,30
ID03390,AC1700337,F025,雙向層架式書桌-咖,家俱,2900.0,1.0,2017-12-05,2900.0,435.0000000000002,435.0,3074.0,楊清沛,Male,57,新北市,金融業和房地產,2017.0,12.0,5.0,4.0,50
ID03391,AC1701143,F024,運動潮流直筒棉褲男童-灰,童裝,2030.0,1.0,2017-12-05,2030.0,357.28,251.72,2151.8,陳維瑋,Male,37,新北市,住宿和餐飲業,2017.0,12.0,5.0,4.0,30
ID03392,AC1702778,F024,運動潮流直筒棉褲男童-灰,童裝,2030.0,2.0,2017-12-05,4060.0,714.56,503.44,4303.6,謝意昕,Male,48,桃園市,其他,2017.0,12.0,5.0,4.0,40
ID03393,AC1700941,F014,大化妝包-黑,配件,1740.0,2.0,2017-12-05,3480.0,863.04,180.95999999999998,3688.8,江瑤韋,Male,30,新北市,金融業和房地產,2017.0,12.0,5.0,4.0,30
ID03394,AC1700542,F014,大化妝包-黑,配件,1740.0,2.0,2017-12-05,3480.0,863.04,180.95999999999998,3688.8,林文宏,Male,36,新北市,其他,2017.0,12.0,5.0,4.0,30
ID03395,AC1703867,F012,托特包-白,配件,1740.0,2.0,2017-12-05,3480.0,863.04,180.95999999999998,3688.8,周俊憲,Male,39,臺北市,金融業和房地產,2017.0,12.0,5.0,4.0,30
ID03396,AC1700030,F036,經典美式純POLO-藍,女裝,980.0,2.0,2017-12-05,1960.0,323.4,264.6,2077.6,徐婷婷,Female,39,新北市,金融業和房地產,2017.0,12.0,5.0,4.0,30
ID03397,AC1702474,F016,後背包-藍,配件,890.0,2.0,2017-12-05,1780.0,441.44,92.56,1886.8000000000002,黃啟原,Female,42,桃園市,其他,2017.0,12.0,5.0,4.0,40
ID03398,AC1703510,F015,法蘭絨格紋襯衫-紅,女裝,1740.0,2.0,2017-12-05,3480.0,574.2,469.8,3688.8,黃肇亦,Male,45,基隆市,金融業和房地產,2017.0,12.0,5.0,4.0,40
ID03399,AC1702383,F007,運動潮流連帽外套男裝-灰,男裝,1450.0,3.0,2017-12-05,4350.0,835.2,469.8,4611.0,林宜峰,Female,46,桃園市,金融業和房地產,2017.0,12.0,5.0,4.0,40
ID03400,AC1700345,F007,運動潮流連帽外套男裝-灰,男裝,1450.0,3.0,2017-12-05,4350.0,835.2,469.8,4611.0,邱孝娥,Female,45,新北市,金融業和房地產,2017.0,12.0,5.0,4.0,40
ID03401,AC1703213,F007,運動潮流連帽外套男裝-灰,男裝,1450.0,3.0,2017-12-05,4350.0,835.2,469.8,4611.0,林俊宏,Male,54,桃園市,住宿和餐飲業,2017.0,12.0,5.0,4.0,50
ID03402,AC1701479,F007,運動潮流連帽外套男裝-灰,男裝,1450.0,3.0,2017-12-05,4350.0,835.2,469.8,4611.0,歐陽家偉,Male,46,宜蘭縣,金融業和房地產,2017.0,12.0,5.0,4.0,40
ID03403,AC1700368,F022,短夾-紅,皮件,2900.0,3.0,2017-12-05,8700.0,1983.6,626.4,9222.0,楊仲花,Female,53,新北市,金融業和房地產,2017.0,12.0,5.0,4.0,50
ID03404,AC1700141,F022,短夾-紅,皮件,2900.0,3.0,2017-12-05,8700.0,1983.6,626.4,9222.0,陳宗達,Female,51,新北市,金融業和房地產,2017.0,12.0,5.0,4.0,50
ID03405,AC1701886,F015,法蘭絨格紋襯衫-紅,女裝,1740.0,2.0,2017-12-05,3480.0,574.2,469.8,3688.8,葉智偉,Female,28,新北市,金融業和房地產,2017.0,12.0,5.0,4.0,20
ID03406,AC1703673,F028,大學T男童-藍,童裝,1750.0,3.0,2017-12-05,5250.0,924.0000000000005,651.0,5565.0,吳淑恩,Female,32,基隆市,金融業和房地產,2017.0,12.0,5.0,4.0,30
ID03407,AC1703584,F001,運動潮流連帽外套女裝-白,女裝,1450.0,1.0,2017-12-05,1450.0,239.2500000000001,195.75,1537.0,錢鈺禮,Female,43,基隆市,金融業和房地產,2017.0,12.0,5.0,4.0,40
ID03408,AC1701918,F015,法蘭絨格紋襯衫-紅,女裝,1740.0,2.0,2017-12-05,3480.0,574.2,469.8,3688.8,張凱茹,Female,31,宜蘭縣,金融業和房地產,2017.0,12.0,5.0,4.0,30
ID03409,AC1700703,F003,印圖大學T男裝-藍,男裝,750.0,1.0,2017-12-05,750.0,144.0,81.0,795.0,何淑娟,Male,30,新北市,教育體育文化,2017.0,12.0,5.0,4.0,30
ID03410,AC1703383,F013,潮感印條連帽外套-男裝,男裝,1740.0,1.0,2017-12-05,1740.0,334.08000000000004,187.92,1844.4,黃允峰,Female,40,基隆市,金融業和房地產,2017.0,12.0,5.0,4.0,40
ID03411,AC1702068,F024,運動潮流直筒棉褲男童-灰,童裝,2030.0,3.0,2017-12-05,6090.0,1071.8400000000001,755.16,6455.400000000001,黃毓亦,Male,36,宜蘭縣,金融業和房地產,2017.0,12.0,5.0,4.0,30
ID03412,AC1702036,F002,運動潮流直筒棉褲男童-白,童裝,930.0,1.0,2017-12-05,930.0,163.68,115.32,985.8000000000001,周文婷,Female,35,宜蘭縣,教育體育文化,2017.0,12.0,5.0,4.0,30
ID03413,AC1702919,F017,大學T男裝-灰,男裝,1200.0,1.0,2017-12-05,1200.0,230.4,129.6,1272.0,羅孝蓉,Male,64,桃園市,住宿和餐飲業,2017.0,12.0,5.0,4.0,60
ID03414,AC1701197,F002,運動潮流直筒棉褲男童-白,童裝,930.0,1.0,2017-12-05,930.0,163.68,115.32,985.8000000000001,孫杰穎,Female,30,新北市,金融業和房地產,2017.0,12.0,5.0,4.0,30
ID03415,AC1700679,F016,後背包-藍,配件,890.0,1.0,2017-12-05,890.0,220.72,46.28,943.4000000000001,劉妙群,Male,35,新北市,金融業和房地產,2017.0,12.0,5.0,4.0,30
ID03416,AC1700845,F016,後背包-藍,配件,890.0,1.0,2017-12-05,890.0,220.72,46.28,943.4000000000001,吳宗坤,Male,40,新北市,金融業和房地產,2017.0,12.0,5.0,4.0,40
ID03417,AC1700014,F036,經典美式純POLO-藍,女裝,980.0,1.0,2017-12-05,980.0,161.7,132.3,1038.8,周聿綠,Female,57,基隆市,金融業和房地產,2017.0,12.0,5.0,4.0,50
ID03418,AC1702265,F028,大學T男童-藍,童裝,1750.0,1.0,2017-12-05,1750.0,308.0,217.0,1855.0,李珮如,Female,42,桃園市,其他,2017.0,12.0,5.0,4.0,40
ID03419,AC1700520,F017,大學T男裝-灰,男裝,1200.0,1.0,2017-12-05,1200.0,230.4,129.6,1272.0,楊崇利,Male,36,新北市,金融業和房地產,2017.0,12.0,5.0,4.0,30
ID03420,AC1703089,F028,大學T男童-藍,童裝,1750.0,1.0,2017-12-05,1750.0,308.0,217.0,1855.0,方曉薇,Female,51,桃園市,其他,2017.0,12.0,5.0,4.0,50
ID03421,AC1702667,F017,大學T男裝-灰,男裝,1200.0,1.0,2017-12-05,1200.0,230.4,129.6,1272.0,阮朝清,Male,53,桃園市,金融業和房地產,2017.0,12.0,5.0,4.0,50
ID03422,AC1702806,F010,中夾-紅,皮件,2610.0,1.0,2017-12-05,2610.0,595.0800000000003,187.92,2766.6000000000004,李建昀,Male,45,桃園市,其他,2017.0,12.0,5.0,4.0,40
ID03423,AC1703973,F024,運動潮流直筒棉褲男童-灰,童裝,2030.0,1.0,2017-12-05,2030.0,357.28,251.72,2151.8,于建辰,Female,45,臺北市,其他,2017.0,12.0,5.0,4.0,40
ID03424,AC1701951,F020,萬用包-黑,皮件,2900.0,1.0,2017-12-05,2900.0,661.2000000000003,208.79999999999998,3074.0,吳佩群,Male,27,宜蘭縣,金融業和房地產,2017.0,12.0,5.0,4.0,20
ID03425,AC1701699,F008,法蘭絨格紋襯衫-黑,女裝,1800.0,2.0,2017-12-05,3600.0,594.0,486.00000000000006,3816.0,許隆瑄,Female,32,新北市,金融業和房地產,2017.0,12.0,5.0,4.0,30
ID03426,AC1701210,F014,大化妝包-黑,配件,1740.0,2.0,2017-12-05,3480.0,863.04,180.95999999999998,3688.8,張書伸,Female,46,新北市,金融業和房地產,2017.0,12.0,5.0,4.0,40
ID03427,AC1703584,F009,大化妝包-深藍,配件,2100.0,2.0,2017-12-05,4200.0,1041.6,218.39999999999998,4452.0,錢鈺禮,Female,43,基隆市,金融業和房地產,2017.0,12.0,5.0,4.0,40
ID03428,AC1703475,F025,雙向層架式書桌-咖,家俱,2900.0,1.0,2017-12-05,2900.0,435.0000000000002,435.0,3074.0,許俊彥,Male,41,基隆市,金融業和房地產,2017.0,12.0,5.0,4.0,40
ID03429,AC1703042,F024,運動潮流直筒棉褲男童-灰,童裝,2030.0,1.0,2017-12-05,2030.0,357.28,251.72,2151.8,邱方岑,Female,56,桃園市,金融業和房地產,2017.0,12.0,5.0,4.0,50
ID03430,AC1703661,F024,運動潮流直筒棉褲男童-灰,童裝,2030.0,2.0,2017-12-05,4060.0,714.56,503.44,4303.6,謝宛達,Female,37,基隆市,金融業和房地產,2017.0,12.0,5.0,4.0,30
ID03431,AC1702406,F014,大化妝包-黑,配件,1740.0,2.0,2017-12-05,3480.0,863.04,180.95999999999998,3688.8,鄧志賢,Male,43,桃園市,其他,2017.0,12.0,5.0,4.0,40
ID03432,AC1702180,F014,大化妝包-黑,配件,1740.0,2.0,2017-12-05,3480.0,863.04,180.95999999999998,3688.8,王肇士,Male,49,桃園市,住宿和餐飲業,2017.0,12.0,5.0,4.0,40
ID03433,AC1702227,F012,托特包-白,配件,1740.0,2.0,2017-12-05,3480.0,863.04,180.95999999999998,3688.8,陳嘉鴻,Male,46,桃園市,住宿和餐飲業,2017.0,12.0,5.0,4.0,40
ID03434,AC1700561,F036,經典美式純POLO-藍,女裝,980.0,2.0,2017-12-05,1960.0,323.4,264.6,2077.6,高明憲,Male,36,新北市,金融業和房地產,2017.0,12.0,5.0,4.0,30
ID03435,AC1703646,F016,後背包-藍,配件,890.0,2.0,2017-12-05,1780.0,441.44,92.56,1886.8000000000002,李姿帆,Female,31,基隆市,住宿和餐飲業,2017.0,12.0,5.0,4.0,30
ID03436,AC1700422,F015,法蘭絨格紋襯衫-紅,女裝,1740.0,2.0,2017-12-05,3480.0,574.2,469.8,3688.8,謝佳蓉,Female,47,新北市,金融業和房地產,2017.0,12.0,5.0,4.0,40
ID03437,AC1702588,F007,運動潮流連帽外套男裝-灰,男裝,1450.0,3.0,2017-12-05,4350.0,835.2,469.8,4611.0,劉行歡,Male,55,桃園市,住宿和餐飲業,2017.0,12.0,5.0,4.0,50
ID03438,AC1700396,F007,運動潮流連帽外套男裝-灰,男裝,1450.0,3.0,2017-12-05,4350.0,835.2,469.8,4611.0,林義堯,Male,50,新北市,金融業和房地產,2017.0,12.0,5.0,4.0,50
ID03439,AC1702552,F007,運動潮流連帽外套男裝-灰,男裝,1450.0,3.0,2017-12-05,4350.0,835.2,469.8,4611.0,陳怡菁,Male,55,桃園市,其他,2017.0,12.0,5.0,4.0,50
ID03440,AC1700507,F007,運動潮流連帽外套男裝-灰,男裝,1450.0,3.0,2017-12-05,4350.0,835.2,469.8,4611.0,林兆啟,Male,46,新北市,金融業和房地產,2017.0,12.0,5.0,4.0,40
ID03441,AC1701634,F022,短夾-紅,皮件,2900.0,3.0,2017-12-05,8700.0,1983.6,626.4,9222.0,袁欣怡,Female,26,宜蘭縣,住宿和餐飲業,2017.0,12.0,5.0,4.0,20
ID03442,AC1700972,F022,短夾-紅,皮件,2900.0,3.0,2017-12-05,8700.0,1983.6,626.4,9222.0,陳祥豪,Female,36,新北市,金融業和房地產,2017.0,12.0,5.0,4.0,30
ID03443,AC1701359,F015,法蘭絨格紋襯衫-紅,女裝,1740.0,2.0,2017-12-05,3480.0,574.2,469.8,3688.8,鄭美玲,Female,22,新北市,金融業和房地產,2017.0,12.0,5.0,4.0,20
ID03444,AC1702039,F028,大學T男童-藍,童裝,1750.0,3.0,2017-12-05,5250.0,924.0000000000005,651.0,5565.0,陳凱婷,Female,30,新北市,金融業和房地產,2017.0,12.0,5.0,4.0,30
ID03445,AC1702072,F001,運動潮流連帽外套女裝-白,女裝,1450.0,1.0,2017-12-05,1450.0,239.2500000000001,195.75,1537.0,黃彥婷,Female,27,宜蘭縣,金融業和房地產,2017.0,12.0,5.0,4.0,20
ID03446,AC1701273,F015,法蘭絨格紋襯衫-紅,女裝,1740.0,2.0,2017-12-05,3480.0,574.2,469.8,3688.8,廉淑華,Male,37,新北市,金融業和房地產,2017.0,12.0,5.0,4.0,30
ID03447,AC1702328,F003,印圖大學T男裝-藍,男裝,750.0,1.0,2017-12-05,750.0,144.0,81.0,795.0,趙修賢,Male,52,桃園市,住宿和餐飲業,2017.0,12.0,5.0,4.0,50
ID03448,AC1700399,F013,潮感印條連帽外套-男裝,男裝,1740.0,1.0,2017-12-05,1740.0,334.08000000000004,187.92,1844.4,謝喜奇,Male,32,新北市,金融業和房地產,2017.0,12.0,5.0,4.0,30
ID03449,AC1703810,F024,運動潮流直筒棉褲男童-灰,童裝,2030.0,3.0,2017-12-05,6090.0,1071.8400000000001,755.16,6455.400000000001,林麗娟,Female,43,臺北市,其他,2017.0,12.0,5.0,4.0,40
ID03450,AC1703431,F002,運動潮流直筒棉褲男童-白,童裝,930.0,1.0,2017-12-05,930.0,163.68,115.32,985.8000000000001,李怡沛,Female,46,基隆市,金融業和房地產,2017.0,12.0,5.0,4.0,40
ID03451,AC1702845,F017,大學T男裝-灰,男裝,1200.0,1.0,2017-12-05,1200.0,230.4,129.6,1272.0,陳惠婷,Male,47,桃園市,其他,2017.0,12.0,5.0,4.0,40
ID03452,AC1703697,F002,運動潮流直筒棉褲男童-白,童裝,930.0,1.0,2017-12-05,930.0,163.68,115.32,985.8000000000001,徐克岑,Female,44,基隆市,金融業和房地產,2017.0,12.0,5.0,4.0,40
ID03453,AC1703339,F016,後背包-藍,配件,890.0,1.0,2017-12-05,890.0,220.72,46.28,943.4000000000001,劉彥娟,Female,40,基隆市,其他,2017.0,12.0,5.0,4.0,40
ID03454,AC1702565,F016,後背包-藍,配件,890.0,1.0,2017-12-05,890.0,220.72,46.28,943.4000000000001,張明堅,Female,53,桃園市,其他,2017.0,12.0,5.0,4.0,50
ID03455,AC1703658,F036,經典美式純POLO-藍,女裝,980.0,1.0,2017-12-05,980.0,161.7,132.3,1038.8,陳怡彬,Male,40,基隆市,金融業和房地產,2017.0,12.0,5.0,4.0,40
ID03456,AC1701356,F028,大學T男童-藍,童裝,1750.0,1.0,2017-12-05,1750.0,308.0,217.0,1855.0,郭薇祥,Female,47,宜蘭縣,金融業和房地產,2017.0,12.0,5.0,4.0,40
ID03457,AC1700672,F017,大學T男裝-灰,男裝,1200.0,1.0,2017-12-05,1200.0,230.4,129.6,1272.0,吳振豪,Female,29,新北市,教育體育文化,2017.0,12.0,5.0,4.0,20
ID03458,AC1702863,F028,大學T男童-藍,童裝,1750.0,1.0,2017-12-05,1750.0,308.0,217.0,1855.0,陳欣善,Female,60,桃園市,其他,2017.0,12.0,5.0,4.0,60
ID03459,AC1702940,F017,大學T男裝-灰,男裝,1200.0,1.0,2017-12-05,1200.0,230.4,129.6,1272.0,蔡宛志,Male,48,桃園市,住宿和餐飲業,2017.0,12.0,5.0,4.0,40
ID03460,AC1700002,F010,中夾-紅,皮件,2610.0,1.0,2017-12-05,2610.0,595.0800000000003,187.92,2766.6000000000004,吳俊諺,Male,46,臺北市,金融業和房地產,2017.0,12.0,5.0,4.0,40
ID03461,AC1700545,F024,運動潮流直筒棉褲男童-灰,童裝,2030.0,1.0,2017-12-05,2030.0,357.28,251.72,2151.8,廖筠妏,Female,33,新北市,金融業和房地產,2017.0,12.0,5.0,4.0,30
ID03462,AC1703365,F020,萬用包-黑,皮件,2900.0,1.0,2017-12-05,2900.0,661.2000000000003,208.79999999999998,3074.0,楊惠英,Female,50,基隆市,金融業和房地產,2017.0,12.0,5.0,4.0,50
ID03463,AC1701853,F008,法蘭絨格紋襯衫-黑,女裝,1800.0,2.0,2017-12-05,3600.0,594.0,486.00000000000006,3816.0,胡怡君,Female,45,宜蘭縣,金融業和房地產,2017.0,12.0,5.0,4.0,40
ID03464,AC1703824,F014,大化妝包-黑,配件,1740.0,2.0,2017-12-05,3480.0,863.04,180.95999999999998,3688.8,李明州,Male,42,臺北市,金融業和房地產,2017.0,12.0,5.0,4.0,40
ID03465,AC1702357,F009,大化妝包-深藍,配件,2100.0,2.0,2017-12-05,4200.0,1041.6,218.39999999999998,4452.0,黃紫湖,Male,59,桃園市,住宿和餐飲業,2017.0,12.0,5.0,4.0,50
ID03466,AC1701372,F025,雙向層架式書桌-咖,家俱,2900.0,1.0,2017-12-05,2900.0,435.0000000000002,435.0,3074.0,黃俊萱,Female,42,新北市,其他,2017.0,12.0,5.0,4.0,40
ID03467,AC1701762,F024,運動潮流直筒棉褲男童-灰,童裝,2030.0,1.0,2017-12-05,2030.0,357.28,251.72,2151.8,黃怡欣,Female,32,新北市,金融業和房地產,2017.0,12.0,5.0,4.0,30
ID03468,AC1700968,F024,運動潮流直筒棉褲男童-灰,童裝,2030.0,2.0,2017-12-05,4060.0,714.56,503.44,4303.6,詹蘭正,Male,32,新北市,金融業和房地產,2017.0,12.0,5.0,4.0,30
ID03469,AC1700882,F014,大化妝包-黑,配件,1740.0,2.0,2017-12-05,3480.0,863.04,180.95999999999998,3688.8,曾韋志,Female,28,新北市,金融業和房地產,2017.0,12.0,5.0,4.0,20
ID03470,AC1703871,F014,大化妝包-黑,配件,1740.0,2.0,2017-12-05,3480.0,863.04,180.95999999999998,3688.8,王政儒,Female,44,臺北市,其他,2017.0,12.0,5.0,4.0,40
ID03471,AC1702874,F012,托特包-白,配件,1740.0,2.0,2017-12-05,3480.0,863.04,180.95999999999998,3688.8,趙淑娟,Female,46,桃園市,住宿和餐飲業,2017.0,12.0,5.0,4.0,40
ID03472,AC1700242,F036,經典美式純POLO-藍,女裝,980.0,2.0,2017-12-05,1960.0,323.4,264.6,2077.6,蔡政意,Male,31,臺北市,農林漁牧業,2017.0,12.0,5.0,4.0,30
ID03473,AC1700282,F016,後背包-藍,配件,890.0,2.0,2017-12-05,1780.0,441.44,92.56,1886.8000000000002,陳揚宣,Female,58,新北市,金融業和房地產,2017.0,12.0,5.0,4.0,50
ID03474,AC1703520,F015,法蘭絨格紋襯衫-紅,女裝,1740.0,2.0,2017-12-05,3480.0,574.2,469.8,3688.8,李薇毓,Male,33,基隆市,其他,2017.0,12.0,5.0,4.0,30
ID03475,AC1700345,F007,運動潮流連帽外套男裝-灰,男裝,1450.0,3.0,2017-12-05,4350.0,835.2,469.8,4611.0,邱孝娥,Female,45,新北市,金融業和房地產,2017.0,12.0,5.0,4.0,40
ID03476,AC1702102,F007,運動潮流連帽外套男裝-灰,男裝,1450.0,3.0,2017-12-05,4350.0,835.2,469.8,4611.0,蔡宣謙,Male,33,宜蘭縣,金融業和房地產,2017.0,12.0,5.0,4.0,30
ID03477,AC1702895,F007,運動潮流連帽外套男裝-灰,男裝,1450.0,3.0,2017-12-05,4350.0,835.2,469.8,4611.0,陳家瑜,Female,52,桃園市,其他,2017.0,12.0,5.0,4.0,50
ID03478,AC1700131,F007,運動潮流連帽外套男裝-灰,男裝,1450.0,3.0,2017-12-05,4350.0,835.2,469.8,4611.0,黃惠其,Female,47,基隆市,金融業和房地產,2017.0,12.0,5.0,4.0,40
ID03479,AC1702379,F022,短夾-紅,皮件,2900.0,3.0,2017-12-05,8700.0,1983.6,626.4,9222.0,陳俐芷,Female,39,桃園市,住宿和餐飲業,2017.0,12.0,5.0,4.0,30
ID03480,AC1702630,F022,短夾-紅,皮件,2900.0,3.0,2017-12-05,8700.0,1983.6,626.4,9222.0,羊卉珠,Male,58,桃園市,住宿和餐飲業,2017.0,12.0,5.0,4.0,50
ID03481,AC1701221,F015,法蘭絨格紋襯衫-紅,女裝,1740.0,2.0,2017-12-05,3480.0,574.2,469.8,3688.8,劉建能,Male,32,新北市,金融業和房地產,2017.0,12.0,5.0,4.0,30
ID03482,AC1701983,F028,大學T男童-藍,童裝,1750.0,3.0,2017-12-05,5250.0,924.0000000000005,651.0,5565.0,黃佩琪,Female,36,新北市,金融業和房地產,2017.0,12.0,5.0,4.0,30
ID03483,AC1700489,F001,運動潮流連帽外套女裝-白,女裝,1450.0,1.0,2017-12-05,1450.0,239.2500000000001,195.75,1537.0,鄭介儀,Female,32,新北市,住宿和餐飲業,2017.0,12.0,5.0,4.0,30
ID03484,AC1700488,F015,法蘭絨格紋襯衫-紅,女裝,1740.0,2.0,2017-12-05,3480.0,574.2,469.8,3688.8,林軍麟,Male,29,新北市,金融業和房地產,2017.0,12.0,5.0,4.0,20
ID03485,AC1703191,F003,印圖大學T男裝-藍,男裝,750.0,1.0,2017-12-05,750.0,144.0,81.0,795.0,陳俊德,Female,28,桃園市,其他,2017.0,12.0,5.0,4.0,20
ID03486,AC1702343,F013,潮感印條連帽外套-男裝,男裝,1740.0,1.0,2017-12-05,1740.0,334.08000000000004,187.92,1844.4,王靜駿,Male,60,桃園市,住宿和餐飲業,2017.0,12.0,5.0,4.0,60
ID03487,AC1702723,F024,運動潮流直筒棉褲男童-灰,童裝,2030.0,3.0,2017-12-05,6090.0,1071.8400000000001,755.16,6455.400000000001,吳方蓉,Female,33,桃園市,其他,2017.0,12.0,5.0,4.0,30
ID03488,AC1703244,F002,運動潮流直筒棉褲男童-白,童裝,930.0,1.0,2017-12-05,930.0,163.68,115.32,985.8000000000001,賴宜君,Male,30,桃園市,教育體育文化,2017.0,12.0,5.0,4.0,30
ID03489,AC1702566,F017,大學T男裝-灰,男裝,1200.0,1.0,2017-12-05,1200.0,230.4,129.6,1272.0,林育儒,Female,59,桃園市,其他,2017.0,12.0,5.0,4.0,50
ID03490,AC1702941,F002,運動潮流直筒棉褲男童-白,童裝,930.0,1.0,2017-12-05,930.0,163.68,115.32,985.8000000000001,陳莉婷,Female,38,桃園市,其他,2017.0,12.0,5.0,4.0,30
ID03491,AC1703112,F016,後背包-藍,配件,890.0,1.0,2017-12-05,890.0,220.72,46.28,943.4000000000001,陳家慧,Female,54,桃園市,住宿和餐飲業,2017.0,12.0,5.0,4.0,50
ID03492,AC1700844,F016,後背包-藍,配件,890.0,1.0,2017-12-05,890.0,220.72,46.28,943.4000000000001,林淑泉,Female,30,新北市,金融業和房地產,2017.0,12.0,5.0,4.0,30
ID03493,AC1700600,F036,經典美式純POLO-藍,女裝,980.0,1.0,2017-12-05,980.0,161.7,132.3,1038.8,林信宏,Male,35,新北市,住宿和餐飲業,2017.0,12.0,5.0,4.0,30
ID03494,AC1703861,F028,大學T男童-藍,童裝,1750.0,1.0,2017-12-05,1750.0,308.0,217.0,1855.0,李美玲,Female,53,臺北市,其他,2017.0,12.0,5.0,4.0,50
ID03495,AC1700206,F017,大學T男裝-灰,男裝,1200.0,1.0,2017-12-05,1200.0,230.4,129.6,1272.0,曹定郁,Male,40,臺北市,金融業和房地產,2017.0,12.0,5.0,4.0,40
ID03496,AC1703548,F028,大學T男童-藍,童裝,1750.0,1.0,2017-12-05,1750.0,308.0,217.0,1855.0,陳惠敏,Female,27,基隆市,其他,2017.0,12.0,5.0,4.0,20
ID03497,AC1700494,F017,大學T男裝-灰,男裝,1200.0,1.0,2017-12-05,1200.0,230.4,129.6,1272.0,王家任,Male,39,新北市,金融業和房地產,2017.0,12.0,5.0,4.0,30
ID03498,AC1701914,F010,中夾-紅,皮件,2610.0,1.0,2017-12-05,2610.0,595.0800000000003,187.92,2766.6000000000004,王宛玲,Female,40,新北市,住宿和餐飲業,2017.0,12.0,5.0,4.0,40
ID03499,AC1701883,F024,運動潮流直筒棉褲男童-灰,童裝,2030.0,1.0,2017-12-05,2030.0,357.28,251.72,2151.8,侯映屏,Male,25,宜蘭縣,住宿和餐飲業,2017.0,12.0,5.0,4.0,20
ID03500,AC1703230,F020,萬用包-黑,皮件,2900.0,1.0,2017-12-05,2900.0,661.2000000000003,208.79999999999998,3074.0,謝依謙,Male,39,桃園市,住宿和餐飲業,2017.0,12.0,5.0,4.0,30
ID03501,AC1701716,F008,法蘭絨格紋襯衫-黑,女裝,1800.0,2.0,2017-12-05,3600.0,594.0,486.00000000000006,3816.0,陳政翰,Male,39,宜蘭縣,金融業和房地產,2017.0,12.0,5.0,4.0,30
ID03502,AC1702918,F014,大化妝包-黑,配件,1740.0,2.0,2017-12-05,3480.0,863.04,180.95999999999998,3688.8,陳佐琬,Female,53,桃園市,其他,2017.0,12.0,5.0,4.0,50
ID03503,AC1701897,F009,大化妝包-深藍,配件,2100.0,2.0,2017-12-05,4200.0,1041.6,218.39999999999998,4452.0,欒雅婷,Female,40,新北市,其他,2017.0,12.0,5.0,4.0,40
ID03504,AC1700302,F025,雙向層架式書桌-咖,家俱,2900.0,1.0,2017-12-05,2900.0,435.0000000000002,435.0,3074.0,劉岳德,Male,57,新北市,金融業和房地產,2017.0,12.0,5.0,4.0,50
ID03505,AC1703781,F024,運動潮流直筒棉褲男童-灰,童裝,2030.0,1.0,2017-12-05,2030.0,357.28,251.72,2151.8,許冠霖,Female,43,基隆市,金融業和房地產,2017.0,12.0,5.0,4.0,40
ID03506,AC1701331,F024,運動潮流直筒棉褲男童-灰,童裝,2030.0,2.0,2017-12-05,4060.0,714.56,503.44,4303.6,張子韻,Female,33,宜蘭縣,金融業和房地產,2017.0,12.0,5.0,4.0,30
ID03507,AC1701584,F014,大化妝包-黑,配件,1740.0,2.0,2017-12-05,3480.0,863.04,180.95999999999998,3688.8,周祐誠,Male,41,宜蘭縣,金融業和房地產,2017.0,12.0,5.0,4.0,40
ID03508,AC1701990,F014,大化妝包-黑,配件,1740.0,2.0,2017-12-05,3480.0,863.04,180.95999999999998,3688.8,林怡奇,Female,34,新北市,金融業和房地產,2017.0,12.0,5.0,4.0,30
ID03509,AC1703396,F012,托特包-白,配件,1740.0,2.0,2017-12-05,3480.0,863.04,180.95999999999998,3688.8,王琬蓮,Female,35,基隆市,金融業和房地產,2017.0,12.0,5.0,4.0,30
ID03510,AC1703622,F036,經典美式純POLO-藍,女裝,980.0,2.0,2017-12-05,1960.0,323.4,264.6,2077.6,蔡文華,Female,26,基隆市,金融業和房地產,2017.0,12.0,5.0,4.0,20
ID03511,AC1702963,F016,後背包-藍,配件,890.0,2.0,2017-12-05,1780.0,441.44,92.56,1886.8000000000002,金毅俊,Male,59,桃園市,其他,2017.0,12.0,5.0,4.0,50
ID03512,AC1702001,F015,法蘭絨格紋襯衫-紅,女裝,1740.0,2.0,2017-12-05,3480.0,574.2,469.8,3688.8,劉寶宏,Male,38,宜蘭縣,其他,2017.0,12.0,5.0,4.0,30
ID03513,AC1701330,F007,運動潮流連帽外套男裝-灰,男裝,1450.0,3.0,2017-12-05,4350.0,835.2,469.8,4611.0,黃俊安,Female,43,新北市,金融業和房地產,2017.0,12.0,5.0,4.0,40
ID03514,AC1702174,F007,運動潮流連帽外套男裝-灰,男裝,1450.0,3.0,2017-12-05,4350.0,835.2,469.8,4611.0,宗燦綸,Female,50,桃園市,其他,2017.0,12.0,5.0,4.0,50
ID03515,AC1701992,F007,運動潮流連帽外套男裝-灰,男裝,1450.0,3.0,2017-12-05,4350.0,835.2,469.8,4611.0,蘇威德,Male,43,宜蘭縣,金融業和房地產,2017.0,12.0,5.0,4.0,40
ID03516,AC1703259,F007,運動潮流連帽外套男裝-灰,男裝,1450.0,3.0,2017-12-05,4350.0,835.2,469.8,4611.0,王嘉玲,Female,39,桃園市,教育體育文化,2017.0,12.0,5.0,4.0,30
ID03517,AC1703986,F022,短夾-紅,皮件,2900.0,3.0,2017-12-05,8700.0,1983.6,626.4,9222.0,吳益貞,Female,46,臺北市,住宿和餐飲業,2017.0,12.0,5.0,4.0,40
ID03518,AC1700329,F022,短夾-紅,皮件,2900.0,3.0,2017-12-05,8700.0,1983.6,626.4,9222.0,陳美華,Female,58,新北市,其他,2017.0,12.0,5.0,4.0,50
ID03519,AC1702230,F015,法蘭絨格紋襯衫-紅,女裝,1740.0,2.0,2017-12-05,3480.0,574.2,469.8,3688.8,陳宇軒,Male,52,桃園市,金融業和房地產,2017.0,12.0,5.0,4.0,50
ID03520,AC1702568,F028,大學T男童-藍,童裝,1750.0,3.0,2017-12-05,5250.0,924.0000000000005,651.0,5565.0,王子如,Female,38,桃園市,其他,2017.0,12.0,5.0,4.0,30
ID03521,AC1701114,F009,大化妝包-深藍,配件,2100.0,1.0,2018-01-02,2100.0,520.8,109.19999999999999,2226.0,楊嘉玲,Male,35,新北市,金融業和房地產,2018.0,1.0,2.0,1.0,30
ID03522,AC1700336,F012,托特包-白,配件,1740.0,1.0,2018-01-02,1740.0,431.52,90.47999999999999,1844.4,謝哲豪,Male,47,新北市,住宿和餐飲業,2018.0,1.0,2.0,1.0,40
ID03523,AC1703343,F009,大化妝包-深藍,配件,2100.0,1.0,2018-01-02,2100.0,520.8,109.19999999999999,2226.0,張政峰,Female,36,基隆市,金融業和房地產,2018.0,1.0,2.0,1.0,30
ID03524,AC1703935,F009,大化妝包-深藍,配件,2100.0,1.0,2018-01-02,2100.0,520.8,109.19999999999999,2226.0,伊柏鈞,Male,54,臺北市,金融業和房地產,2018.0,1.0,2.0,1.0,50
ID03525,AC1703728,F012,托特包-白,配件,1740.0,1.0,2018-01-02,1740.0,431.52,90.47999999999999,1844.4,黃政郁,Female,36,基隆市,住宿和餐飲業,2018.0,1.0,2.0,1.0,30
ID03526,AC1702613,F009,大化妝包-深藍,配件,2100.0,1.0,2018-01-02,2100.0,520.8,109.19999999999999,2226.0,諸子軒,Male,51,桃園市,其他,2018.0,1.0,2.0,1.0,50
ID03527,AC1702721,F009,大化妝包-深藍,配件,2100.0,1.0,2018-01-02,2100.0,520.8,109.19999999999999,2226.0,王萬玲,Female,40,桃園市,金融業和房地產,2018.0,1.0,2.0,1.0,40
ID03528,AC1701074,F012,托特包-白,配件,1740.0,1.0,2018-01-02,1740.0,431.52,90.47999999999999,1844.4,侯法軍,Female,45,新北市,金融業和房地產,2018.0,1.0,2.0,1.0,40
ID03529,AC1703636,F009,大化妝包-深藍,配件,2100.0,1.0,2018-01-02,2100.0,520.8,109.19999999999999,2226.0,潘郁婷,Female,31,基隆市,住宿和餐飲業,2018.0,1.0,2.0,1.0,30
ID03530,AC1701083,F009,大化妝包-深藍,配件,2100.0,1.0,2018-01-02,2100.0,520.8,109.19999999999999,2226.0,李亭君,Male,36,新北市,金融業和房地產,2018.0,1.0,2.0,1.0,30
ID03531,AC1701113,F012,托特包-白,配件,1740.0,1.0,2018-01-02,1740.0,431.52,90.47999999999999,1844.4,陳展倩,Female,33,新北市,金融業和房地產,2018.0,1.0,2.0,1.0,30
ID03532,AC1702135,F009,大化妝包-深藍,配件,2100.0,1.0,2018-01-02,2100.0,520.8,109.19999999999999,2226.0,王貞良,Female,21,新北市,住宿和餐飲業,2018.0,1.0,2.0,1.0,20
ID03533,AC1702476,F009,大化妝包-深藍,配件,2100.0,1.0,2018-01-02,2100.0,520.8,109.19999999999999,2226.0,錢定芸,Female,33,桃園市,住宿和餐飲業,2018.0,1.0,2.0,1.0,30
ID03534,AC1700349,F012,托特包-白,配件,1740.0,1.0,2018-01-02,1740.0,431.52,90.47999999999999,1844.4,許于婷,Female,40,新北市,金融業和房地產,2018.0,1.0,2.0,1.0,40
ID03535,AC1700814,F009,大化妝包-深藍,配件,2100.0,1.0,2018-01-02,2100.0,520.8,109.19999999999999,2226.0,李婉瑜,Female,40,新北市,教育體育文化,2018.0,1.0,2.0,1.0,40
ID03536,AC1701535,F003,印圖大學T男裝-藍,男裝,750.0,1.0,2018-01-04,750.0,144.0,81.0,795.0,張冠傑,Male,42,宜蘭縣,金融業和房地產,2018.0,1.0,4.0,1.0,40
ID03537,AC1700101,F008,法蘭絨格紋襯衫-黑,女裝,1800.0,2.0,2018-01-04,3600.0,594.0,486.00000000000006,3816.0,楊上斌,Male,41,新北市,金融業和房地產,2018.0,1.0,4.0,1.0,40
ID03538,AC1700805,F038,經典美式純POLO-黑,女裝,980.0,3.0,2018-01-04,2940.0,485.09999999999997,396.90000000000003,3116.4,黃昭揚,Male,43,新北市,教育體育文化,2018.0,1.0,4.0,1.0,40
ID03539,AC1700917,F038,經典美式純POLO-黑,女裝,980.0,3.0,2018-01-04,2940.0,485.09999999999997,396.90000000000003,3116.4,賴思紋,Male,27,新北市,住宿和餐飲業,2018.0,1.0,4.0,1.0,20
ID03540,AC1701275,F028,大學T男童-藍,童裝,1750.0,5.0,2018-01-04,8750.0,1540.0,1085.0,9275.0,陳韋夢,Female,25,新北市,住宿和餐飲業,2018.0,1.0,4.0,1.0,20
ID03541,AC1701794,F028,大學T男童-藍,童裝,1750.0,5.0,2018-01-04,8750.0,1540.0,1085.0,9275.0,李仲枝,Male,35,宜蘭縣,住宿和餐飲業,2018.0,1.0,4.0,1.0,30
ID03542,AC1703741,F015,法蘭絨格紋襯衫-紅,女裝,1740.0,2.0,2017-12-05,3480.0,574.2,469.8,3688.8,熊維哲,Female,40,基隆市,金融業和房地產,2017.0,12.0,5.0,4.0,40
ID03543,AC1701336,F024,運動潮流直筒棉褲男童-灰,童裝,2030.0,3.0,2017-12-05,6090.0,1071.8400000000001,755.16,6455.400000000001,謝永沛,Female,34,新北市,金融業和房地產,2017.0,12.0,5.0,4.0,30
ID03544,AC1702894,F028,大學T男童-藍,童裝,1750.0,5.0,2018-01-04,8750.0,1540.0,1085.0,9275.0,何景宜,Female,50,桃園市,其他,2018.0,1.0,4.0,1.0,50
ID03545,AC1700952,F002,運動潮流直筒棉褲男童-白,童裝,930.0,1.0,2017-12-05,930.0,163.68,115.32,985.8000000000001,李嘉偉,Male,40,新北市,住宿和餐飲業,2017.0,12.0,5.0,4.0,40
ID03546,AC1700995,F038,經典美式純POLO-黑,女裝,980.0,3.0,2018-01-04,2940.0,485.09999999999997,396.90000000000003,3116.4,李詩婷,Male,41,新北市,住宿和餐飲業,2018.0,1.0,4.0,1.0,40
ID03547,AC1703242,F038,經典美式純POLO-黑,女裝,980.0,3.0,2018-01-04,2940.0,485.09999999999997,396.90000000000003,3116.4,夏誠雪,Male,58,桃園市,住宿和餐飲業,2018.0,1.0,4.0,1.0,50
ID03548,AC1703671,F003,印圖大學T男裝-藍,男裝,750.0,1.0,2018-01-04,750.0,144.0,81.0,795.0,林志月,Male,27,基隆市,住宿和餐飲業,2018.0,1.0,4.0,1.0,20
ID03549,AC1700074,F008,法蘭絨格紋襯衫-黑,女裝,1800.0,2.0,2018-01-04,3600.0,594.0,486.00000000000006,3816.0,陳慧龍,Male,42,基隆市,金融業和房地產,2018.0,1.0,4.0,1.0,40
ID03550,AC1703469,F038,經典美式純POLO-黑,女裝,980.0,3.0,2018-01-04,2940.0,485.09999999999997,396.90000000000003,3116.4,李承東,Female,38,基隆市,金融業和房地產,2018.0,1.0,4.0,1.0,30
ID03551,AC1700091,F038,經典美式純POLO-黑,女裝,980.0,3.0,2018-01-04,2940.0,485.09999999999997,396.90000000000003,3116.4,林芷書,Female,52,基隆市,金融業和房地產,2018.0,1.0,4.0,1.0,50
ID03552,AC1703365,F028,大學T男童-藍,童裝,1750.0,5.0,2018-01-04,8750.0,1540.0,1085.0,9275.0,楊惠英,Female,50,基隆市,金融業和房地產,2018.0,1.0,4.0,1.0,50
ID03553,AC1700757,F028,大學T男童-藍,童裝,1750.0,5.0,2018-01-04,8750.0,1540.0,1085.0,9275.0,林常瑜,Female,36,新北市,其他,2018.0,1.0,4.0,1.0,30
ID03554,AC1700019,F017,大學T男裝-灰,男裝,1200.0,1.0,2017-12-05,1200.0,230.4,129.6,1272.0,吳菁隆,Female,48,基隆市,農林漁牧業,2017.0,12.0,5.0,4.0,40
ID03555,AC1703479,F002,運動潮流直筒棉褲男童-白,童裝,930.0,1.0,2017-12-05,930.0,163.68,115.32,985.8000000000001,溫柏茂,Male,43,基隆市,金融業和房地產,2017.0,12.0,5.0,4.0,40
ID03556,AC1700395,F028,大學T男童-藍,童裝,1750.0,5.0,2018-01-04,8750.0,1540.0,1085.0,9275.0,黃詩雅,Male,55,新北市,金融業和房地產,2018.0,1.0,4.0,1.0,50
ID03557,AC1702262,F017,大學T男裝-灰,男裝,1200.0,1.0,2017-12-05,1200.0,230.4,129.6,1272.0,陳浩鈺,Male,52,桃園市,其他,2017.0,12.0,5.0,4.0,50
ID03558,AC1701499,F038,經典美式純POLO-黑,女裝,980.0,3.0,2018-01-04,2940.0,485.09999999999997,396.90000000000003,3116.4,楊建宏,Male,36,宜蘭縣,金融業和房地產,2018.0,1.0,4.0,1.0,30
ID03559,AC1702093,F038,經典美式純POLO-黑,女裝,980.0,3.0,2018-01-04,2940.0,485.09999999999997,396.90000000000003,3116.4,陳怡芳,Female,20,新北市,其他,2018.0,1.0,4.0,1.0,20
ID03560,AC1700723,F003,印圖大學T男裝-藍,男裝,750.0,1.0,2018-01-04,750.0,144.0,81.0,795.0,林秀娟,Male,41,新北市,金融業和房地產,2018.0,1.0,4.0,1.0,40
ID03561,AC1703467,F008,法蘭絨格紋襯衫-黑,女裝,1800.0,2.0,2018-01-04,3600.0,594.0,486.00000000000006,3816.0,常偉木,Male,37,基隆市,金融業和房地產,2018.0,1.0,4.0,1.0,30
ID03562,AC1703354,F038,經典美式純POLO-黑,女裝,980.0,3.0,2018-01-04,2940.0,485.09999999999997,396.90000000000003,3116.4,朱淑媛,Female,36,基隆市,金融業和房地產,2018.0,1.0,4.0,1.0,30
ID03563,AC1701447,F038,經典美式純POLO-黑,女裝,980.0,3.0,2018-01-04,2940.0,485.09999999999997,396.90000000000003,3116.4,侯宛玲,Female,29,宜蘭縣,金融業和房地產,2018.0,1.0,4.0,1.0,20
ID03564,AC1700983,F028,大學T男童-藍,童裝,1750.0,5.0,2018-01-04,8750.0,1540.0,1085.0,9275.0,林雅玲,Female,44,新北市,金融業和房地產,2018.0,1.0,4.0,1.0,40
ID03565,AC1701757,F028,大學T男童-藍,童裝,1750.0,5.0,2018-01-04,8750.0,1540.0,1085.0,9275.0,金奇琇,Female,53,新北市,其他,2018.0,1.0,4.0,1.0,50
ID03566,AC1700870,F017,大學T男裝-灰,男裝,1200.0,1.0,2017-12-05,1200.0,230.4,129.6,1272.0,李惠雯,Male,43,新北市,金融業和房地產,2017.0,12.0,5.0,4.0,40
ID03567,AC1701804,F010,中夾-紅,皮件,2610.0,1.0,2017-12-05,2610.0,595.0800000000003,187.92,2766.6000000000004,李雅雯,Female,34,新北市,金融業和房地產,2017.0,12.0,5.0,4.0,30
ID03568,AC1700423,F028,大學T男童-藍,童裝,1750.0,5.0,2018-01-04,8750.0,1540.0,1085.0,9275.0,周雅文,Female,35,新北市,金融業和房地產,2018.0,1.0,4.0,1.0,30
ID03569,AC1702932,F024,運動潮流直筒棉褲男童-灰,童裝,2030.0,1.0,2017-12-05,2030.0,357.28,251.72,2151.8,張有豪,Female,52,桃園市,其他,2017.0,12.0,5.0,4.0,50
ID03570,AC1701816,F038,經典美式純POLO-黑,女裝,980.0,3.0,2018-01-04,2940.0,485.09999999999997,396.90000000000003,3116.4,林志怡,Male,42,宜蘭縣,住宿和餐飲業,2018.0,1.0,4.0,1.0,40
ID03571,AC1701880,F038,經典美式純POLO-黑,女裝,980.0,3.0,2018-01-04,2940.0,485.09999999999997,396.90000000000003,3116.4,余大鈞,Male,33,宜蘭縣,住宿和餐飲業,2018.0,1.0,4.0,1.0,30
ID03572,AC1702504,F003,印圖大學T男裝-藍,男裝,750.0,1.0,2018-01-04,750.0,144.0,81.0,795.0,杜俊德,Male,47,桃園市,其他,2018.0,1.0,4.0,1.0,40
ID03573,AC1703903,F008,法蘭絨格紋襯衫-黑,女裝,1800.0,2.0,2018-01-04,3600.0,594.0,486.00000000000006,3816.0,陳昭誠,Female,28,臺北市,其他,2018.0,1.0,4.0,1.0,20
ID03574,AC1702949,F038,經典美式純POLO-黑,女裝,980.0,3.0,2018-01-04,2940.0,485.09999999999997,396.90000000000003,3116.4,劉育屏,Male,57,桃園市,住宿和餐飲業,2018.0,1.0,4.0,1.0,50
ID03575,AC1700175,F038,經典美式純POLO-黑,女裝,980.0,3.0,2018-01-04,2940.0,485.09999999999997,396.90000000000003,3116.4,馮承雯,Female,49,新北市,住宿和餐飲業,2018.0,1.0,4.0,1.0,40
ID03576,AC1702319,F028,大學T男童-藍,童裝,1750.0,5.0,2018-01-04,8750.0,1540.0,1085.0,9275.0,黃文秀,Male,57,桃園市,住宿和餐飲業,2018.0,1.0,4.0,1.0,50
ID03577,AC1700953,F028,大學T男童-藍,童裝,1750.0,5.0,2018-01-04,8750.0,1540.0,1085.0,9275.0,劉雅竹,Male,46,新北市,金融業和房地產,2018.0,1.0,4.0,1.0,40
ID03578,AC1703746,F025,雙向層架式書桌-咖,家俱,2900.0,1.0,2017-12-05,2900.0,435.0000000000002,435.0,3074.0,李馨堯,Female,31,基隆市,金融業和房地產,2017.0,12.0,5.0,4.0,30
ID03579,AC1703475,F024,運動潮流直筒棉褲男童-灰,童裝,2030.0,1.0,2017-12-05,2030.0,357.28,251.72,2151.8,許俊彥,Male,41,基隆市,金融業和房地產,2017.0,12.0,5.0,4.0,40
ID03580,AC1700091,F028,大學T男童-藍,童裝,1750.0,5.0,2018-01-04,8750.0,1540.0,1085.0,9275.0,林芷書,Female,52,基隆市,金融業和房地產,2018.0,1.0,4.0,1.0,50
ID03581,AC1701839,F024,運動潮流直筒棉褲男童-灰,童裝,2030.0,2.0,2017-12-05,4060.0,714.56,503.44,4303.6,鄭睿宜,Female,48,新北市,教育體育文化,2017.0,12.0,5.0,4.0,40
ID03582,AC1700826,F038,經典美式純POLO-黑,女裝,980.0,3.0,2018-01-04,2940.0,485.09999999999997,396.90000000000003,3116.4,黃金鳳,Female,36,新北市,金融業和房地產,2018.0,1.0,4.0,1.0,30
ID03583,AC1700092,F038,經典美式純POLO-黑,女裝,980.0,3.0,2018-01-04,2940.0,485.09999999999997,396.90000000000003,3116.4,吳綠儀,Male,48,基隆市,金融業和房地產,2018.0,1.0,4.0,1.0,40
ID03584,AC1701744,F003,印圖大學T男裝-藍,男裝,750.0,1.0,2018-01-04,750.0,144.0,81.0,795.0,羅欣怡,Female,27,宜蘭縣,金融業和房地產,2018.0,1.0,4.0,1.0,20
ID03585,AC1702393,F008,法蘭絨格紋襯衫-黑,女裝,1800.0,2.0,2018-01-04,3600.0,594.0,486.00000000000006,3816.0,陳美珍,Female,64,桃園市,住宿和餐飲業,2018.0,1.0,4.0,1.0,60
ID03586,AC1701151,F038,經典美式純POLO-黑,女裝,980.0,3.0,2018-01-04,2940.0,485.09999999999997,396.90000000000003,3116.4,曾剛燦,Male,36,新北市,金融業和房地產,2018.0,1.0,4.0,1.0,30
ID03587,AC1702808,F038,經典美式純POLO-黑,女裝,980.0,3.0,2018-01-04,2940.0,485.09999999999997,396.90000000000003,3116.4,王美玲,Male,58,桃園市,其他,2018.0,1.0,4.0,1.0,50
ID03588,AC1703163,F028,大學T男童-藍,童裝,1750.0,5.0,2018-01-04,8750.0,1540.0,1085.0,9275.0,林瑞諭,Male,52,桃園市,住宿和餐飲業,2018.0,1.0,4.0,1.0,50
ID03589,AC1701926,F028,大學T男童-藍,童裝,1750.0,5.0,2018-01-04,8750.0,1540.0,1085.0,9275.0,宋禹亨,Male,33,宜蘭縣,金融業和房地產,2018.0,1.0,4.0,1.0,30
ID03590,AC1701597,F015,法蘭絨格紋襯衫-紅,女裝,1740.0,2.0,2017-12-05,3480.0,574.2,469.8,3688.8,李左帆,Female,32,新北市,金融業和房地產,2017.0,12.0,5.0,4.0,30
ID03591,AC1700557,F015,法蘭絨格紋襯衫-紅,女裝,1740.0,2.0,2017-12-05,3480.0,574.2,469.8,3688.8,黃智聖,Male,31,新北市,金融業和房地產,2017.0,12.0,5.0,4.0,30
ID03592,AC1700282,F028,大學T男童-藍,童裝,1750.0,5.0,2018-01-04,8750.0,1540.0,1085.0,9275.0,陳揚宣,Female,58,新北市,金融業和房地產,2018.0,1.0,4.0,1.0,50
ID03593,AC1700582,F015,法蘭絨格紋襯衫-紅,女裝,1740.0,2.0,2017-12-05,3480.0,574.2,469.8,3688.8,黃佩怡,Female,30,新北市,其他,2017.0,12.0,5.0,4.0,30
ID03594,AC1701523,F038,經典美式純POLO-黑,女裝,980.0,3.0,2018-01-04,2940.0,485.09999999999997,396.90000000000003,3116.4,林雅筑,Female,23,新北市,金融業和房地產,2018.0,1.0,4.0,1.0,20
ID03595,AC1702657,F038,經典美式純POLO-黑,女裝,980.0,3.0,2018-01-04,2940.0,485.09999999999997,396.90000000000003,3116.4,洪宏瑤,Female,54,桃園市,農林漁牧業,2018.0,1.0,4.0,1.0,50
ID03596,AC1701746,F012,托特包-白,配件,1740.0,1.0,2018-01-05,1740.0,431.52,90.47999999999999,1844.4,蔡佳吟,Female,38,新北市,金融業和房地產,2018.0,1.0,5.0,1.0,30
ID03597,AC1700606,F014,大化妝包-黑,配件,1740.0,1.0,2018-01-05,1740.0,431.52,90.47999999999999,1844.4,劉美惠,Female,33,新北市,其他,2018.0,1.0,5.0,1.0,30
ID03598,AC1702887,F012,托特包-白,配件,1740.0,1.0,2018-01-05,1740.0,431.52,90.47999999999999,1844.4,陳明儒,Male,41,桃園市,住宿和餐飲業,2018.0,1.0,5.0,1.0,40
ID03599,AC1701032,F014,大化妝包-黑,配件,1740.0,1.0,2018-01-05,1740.0,431.52,90.47999999999999,1844.4,林怡君,Male,31,新北市,住宿和餐飲業,2018.0,1.0,5.0,1.0,30
ID03600,AC1701375,F012,托特包-白,配件,1740.0,1.0,2018-01-05,1740.0,431.52,90.47999999999999,1844.4,陳詩婷,Male,46,宜蘭縣,金融業和房地產,2018.0,1.0,5.0,1.0,40
ID03601,AC1701709,F014,大化妝包-黑,配件,1740.0,1.0,2018-01-05,1740.0,431.52,90.47999999999999,1844.4,林智強,Male,39,宜蘭縣,金融業和房地產,2018.0,1.0,5.0,1.0,30
ID03602,AC1701631,F012,托特包-白,配件,1740.0,1.0,2018-01-05,1740.0,431.52,90.47999999999999,1844.4,吳彥志,Male,34,宜蘭縣,金融業和房地產,2018.0,1.0,5.0,1.0,30
ID03603,AC1700360,F014,大化妝包-黑,配件,1740.0,1.0,2018-01-05,1740.0,431.52,90.47999999999999,1844.4,廖良韻,Male,58,新北市,農林漁牧業,2018.0,1.0,5.0,1.0,50
ID03604,AC1701756,F012,托特包-白,配件,1740.0,1.0,2018-01-05,1740.0,431.52,90.47999999999999,1844.4,顏雅嵐,Female,28,宜蘭縣,其他,2018.0,1.0,5.0,1.0,20
ID03605,AC1700596,F014,大化妝包-黑,配件,1740.0,1.0,2018-01-05,1740.0,431.52,90.47999999999999,1844.4,陳怡臻,Female,32,新北市,金融業和房地產,2018.0,1.0,5.0,1.0,30
ID03606,AC1702242,F024,運動潮流直筒棉褲男童-灰,童裝,2030.0,3.0,2017-12-05,6090.0,1071.8400000000001,755.16,6455.400000000001,虞義勳,Male,46,桃園市,住宿和餐飲業,2017.0,12.0,5.0,4.0,40
ID03607,AC1700475,F036,經典美式純POLO-藍,女裝,980.0,1.0,2018-01-10,980.0,161.7,132.3,1038.8,林惟柔,Female,23,新北市,農林漁牧業,2018.0,1.0,10.0,1.0,20
ID03608,AC1701689,F005,運動潮流連帽外套男裝-灰,男裝,1450.0,5.0,2018-01-04,7250.0,1392.0,783.0,7685.0,林雅如,Female,29,宜蘭縣,住宿和餐飲業,2018.0,1.0,4.0,1.0,20
ID03609,AC1702653,F036,經典美式純POLO-藍,女裝,980.0,1.0,2018-01-10,980.0,161.7,132.3,1038.8,錢慈綺,Female,49,桃園市,金融業和房地產,2018.0,1.0,10.0,1.0,40
ID03610,AC1702311,F005,運動潮流連帽外套男裝-灰,男裝,1450.0,5.0,2018-01-04,7250.0,1392.0,783.0,7685.0,簡軒豪,Male,52,桃園市,住宿和餐飲業,2018.0,1.0,4.0,1.0,50
ID03611,AC1702007,F036,經典美式純POLO-藍,女裝,980.0,1.0,2018-01-10,980.0,161.7,132.3,1038.8,陳明康,Male,36,宜蘭縣,金融業和房地產,2018.0,1.0,10.0,1.0,30
ID03612,AC1701699,F005,運動潮流連帽外套男裝-灰,男裝,1450.0,5.0,2018-01-04,7250.0,1392.0,783.0,7685.0,許隆瑄,Female,32,新北市,金融業和房地產,2018.0,1.0,4.0,1.0,30
ID03613,AC1702286,F036,經典美式純POLO-藍,女裝,980.0,1.0,2018-01-10,980.0,161.7,132.3,1038.8,劉治伸,Male,53,桃園市,住宿和餐飲業,2018.0,1.0,10.0,1.0,50
ID03614,AC1703979,F005,運動潮流連帽外套男裝-灰,男裝,1450.0,5.0,2018-01-04,7250.0,1392.0,783.0,7685.0,張淑君,Female,37,臺北市,其他,2018.0,1.0,4.0,1.0,30
ID03615,AC1703591,F036,經典美式純POLO-藍,女裝,980.0,1.0,2018-01-10,980.0,161.7,132.3,1038.8,謝傑歡,Male,33,基隆市,金融業和房地產,2018.0,1.0,10.0,1.0,30
ID03616,AC1702189,F008,法蘭絨格紋襯衫-黑,女裝,1800.0,1.0,2018-01-12,1800.0,297.0,243.00000000000003,1908.0,曾綠伶,Male,48,桃園市,金融業和房地產,2018.0,1.0,12.0,1.0,40
ID03617,AC1702333,F005,運動潮流連帽外套男裝-灰,男裝,1450.0,5.0,2018-01-04,7250.0,1392.0,783.0,7685.0,黃靖彬,Male,38,桃園市,金融業和房地產,2018.0,1.0,4.0,1.0,30
ID03618,AC1702070,F008,法蘭絨格紋襯衫-黑,女裝,1800.0,1.0,2018-01-12,1800.0,297.0,243.00000000000003,1908.0,侯惠玲,Female,30,宜蘭縣,住宿和餐飲業,2018.0,1.0,12.0,1.0,30
ID03619,AC1701947,F005,運動潮流連帽外套男裝-灰,男裝,1450.0,5.0,2018-01-04,7250.0,1392.0,783.0,7685.0,盧維倫,Male,31,宜蘭縣,其他,2018.0,1.0,4.0,1.0,30
ID03620,AC1700722,F008,法蘭絨格紋襯衫-黑,女裝,1800.0,1.0,2018-01-12,1800.0,297.0,243.00000000000003,1908.0,林名白,Female,37,新北市,住宿和餐飲業,2018.0,1.0,12.0,1.0,30
ID03621,AC1700371,F005,運動潮流連帽外套男裝-灰,男裝,1450.0,5.0,2018-01-04,7250.0,1392.0,783.0,7685.0,陳逸英,Male,60,新北市,其他,2018.0,1.0,4.0,1.0,60
ID03622,AC1700116,F008,法蘭絨格紋襯衫-黑,女裝,1800.0,1.0,2018-01-12,1800.0,297.0,243.00000000000003,1908.0,林士峰,Male,48,新北市,住宿和餐飲業,2018.0,1.0,12.0,1.0,40
ID03623,AC1701217,F005,運動潮流連帽外套男裝-灰,男裝,1450.0,5.0,2018-01-04,7250.0,1392.0,783.0,7685.0,謝明然,Male,47,新北市,金融業和房地產,2018.0,1.0,4.0,1.0,40
ID03624,AC1700620,F008,法蘭絨格紋襯衫-黑,女裝,1800.0,1.0,2018-01-12,1800.0,297.0,243.00000000000003,1908.0,許惠定,Female,24,新北市,金融業和房地產,2018.0,1.0,12.0,1.0,20
ID03625,AC1703407,F005,運動潮流連帽外套男裝-灰,男裝,1450.0,5.0,2018-01-04,7250.0,1392.0,783.0,7685.0,王智堯,Female,23,基隆市,金融業和房地產,2018.0,1.0,4.0,1.0,20
ID03626,AC1701455,F004,大化妝包-桃粉,配件,1600.0,3.0,2018-01-15,4800.0,1190.4,249.6,5088.0,馮宗達,Male,37,宜蘭縣,金融業和房地產,2018.0,1.0,15.0,1.0,30
ID03627,AC1701550,F008,法蘭絨格紋襯衫-黑,女裝,1800.0,3.0,2018-01-15,5400.0,891.0000000000005,729.0,5724.0,張珮如,Male,36,宜蘭縣,金融業和房地產,2018.0,1.0,15.0,1.0,30
ID03628,AC1700706,F004,大化妝包-桃粉,配件,1600.0,3.0,2018-01-15,4800.0,1190.4,249.6,5088.0,明敏玲,Male,52,新北市,金融業和房地產,2018.0,1.0,15.0,1.0,50
ID03629,AC1701911,F008,法蘭絨格紋襯衫-黑,女裝,1800.0,3.0,2018-01-15,5400.0,891.0000000000005,729.0,5724.0,簡欣希,Female,31,新北市,教育體育文化,2018.0,1.0,15.0,1.0,30
ID03630,AC1703469,F004,大化妝包-桃粉,配件,1600.0,3.0,2018-01-15,4800.0,1190.4,249.6,5088.0,李承東,Female,38,基隆市,金融業和房地產,2018.0,1.0,15.0,1.0,30
ID03631,AC1701628,F008,法蘭絨格紋襯衫-黑,女裝,1800.0,3.0,2018-01-15,5400.0,891.0000000000005,729.0,5724.0,楊人豪,Male,30,宜蘭縣,金融業和房地產,2018.0,1.0,15.0,1.0,30
ID03632,AC1703342,F004,大化妝包-桃粉,配件,1600.0,3.0,2018-01-15,4800.0,1190.4,249.6,5088.0,馬怡臻,Female,24,基隆市,金融業和房地產,2018.0,1.0,15.0,1.0,20
ID03633,AC1702791,F008,法蘭絨格紋襯衫-黑,女裝,1800.0,3.0,2018-01-15,5400.0,891.0000000000005,729.0,5724.0,邱玉娟,Female,61,桃園市,住宿和餐飲業,2018.0,1.0,15.0,1.0,60
ID03634,AC1701018,F004,大化妝包-桃粉,配件,1600.0,3.0,2018-01-15,4800.0,1190.4,249.6,5088.0,林柏宜,Male,41,新北市,金融業和房地產,2018.0,1.0,15.0,1.0,40
ID03635,AC1700778,F008,法蘭絨格紋襯衫-黑,女裝,1800.0,3.0,2018-01-15,5400.0,891.0000000000005,729.0,5724.0,林雅筑,Male,51,新北市,住宿和餐飲業,2018.0,1.0,15.0,1.0,50
ID03636,AC1703073,F028,大學T男童-藍,童裝,1750.0,3.0,2018-01-20,5250.0,924.0000000000005,651.0,5565.0,曾明倫,Male,55,桃園市,住宿和餐飲業,2018.0,1.0,20.0,1.0,50
ID03637,AC1701770,F028,大學T男童-藍,童裝,1750.0,3.0,2018-01-20,5250.0,924.0000000000005,651.0,5565.0,弓文月,Female,35,新北市,其他,2018.0,1.0,20.0,1.0,30
ID03638,AC1701721,F028,大學T男童-藍,童裝,1750.0,3.0,2018-01-20,5250.0,924.0000000000005,651.0,5565.0,蔡凱元,Male,43,宜蘭縣,金融業和房地產,2018.0,1.0,20.0,1.0,40
ID03639,AC1702990,F028,大學T男童-藍,童裝,1750.0,3.0,2018-01-20,5250.0,924.0000000000005,651.0,5565.0,李漢來,Female,39,桃園市,其他,2018.0,1.0,20.0,1.0,30
ID03640,AC1701395,F028,大學T男童-藍,童裝,1750.0,3.0,2018-01-20,5250.0,924.0000000000005,651.0,5565.0,林筱謙,Male,34,宜蘭縣,金融業和房地產,2018.0,1.0,20.0,1.0,30
ID03641,AC1702588,F004,大化妝包-桃粉,配件,1600.0,3.0,2018-01-22,4800.0,1190.4,249.6,5088.0,劉行歡,Male,55,桃園市,住宿和餐飲業,2018.0,1.0,22.0,1.0,50
ID03642,AC1702428,F004,大化妝包-桃粉,配件,1600.0,3.0,2018-01-22,4800.0,1190.4,249.6,5088.0,陳品惟,Male,56,桃園市,其他,2018.0,1.0,22.0,1.0,50
ID03643,AC1700718,F004,大化妝包-桃粉,配件,1600.0,3.0,2018-01-22,4800.0,1190.4,249.6,5088.0,張琇琳,Female,29,新北市,其他,2018.0,1.0,22.0,1.0,20
ID03644,AC1702132,F004,大化妝包-桃粉,配件,1600.0,3.0,2018-01-22,4800.0,1190.4,249.6,5088.0,李翰仲,Female,40,新北市,金融業和房地產,2018.0,1.0,22.0,1.0,40
ID03645,AC1703548,F004,大化妝包-桃粉,配件,1600.0,3.0,2018-01-22,4800.0,1190.4,249.6,5088.0,陳惠敏,Female,27,基隆市,其他,2018.0,1.0,22.0,1.0,20
ID03646,AC1701152,F008,法蘭絨格紋襯衫-黑,女裝,1800.0,3.0,2018-01-23,5400.0,891.0000000000005,729.0,5724.0,韓函富,Male,34,新北市,金融業和房地產,2018.0,1.0,23.0,1.0,30
ID03647,AC1700998,F008,法蘭絨格紋襯衫-黑,女裝,1800.0,3.0,2018-01-23,5400.0,891.0000000000005,729.0,5724.0,蕭淑君,Male,31,新北市,金融業和房地產,2018.0,1.0,23.0,1.0,30
ID03648,AC1703338,F008,法蘭絨格紋襯衫-黑,女裝,1800.0,3.0,2018-01-23,5400.0,891.0000000000005,729.0,5724.0,鄭傑琬,Female,23,基隆市,住宿和餐飲業,2018.0,1.0,23.0,1.0,20
ID03649,AC1701638,F008,法蘭絨格紋襯衫-黑,女裝,1800.0,3.0,2018-01-23,5400.0,891.0000000000005,729.0,5724.0,黃宛臻,Female,38,新北市,金融業和房地產,2018.0,1.0,23.0,1.0,30
ID03650,AC1700990,F008,法蘭絨格紋襯衫-黑,女裝,1800.0,3.0,2018-01-23,5400.0,891.0000000000005,729.0,5724.0,黃伯花,Male,31,新北市,金融業和房地產,2018.0,1.0,23.0,1.0,30
ID03651,AC1700056,F028,大學T男童-藍,童裝,1750.0,3.0,2018-01-28,5250.0,924.0000000000005,651.0,5565.0,黃雅文,Female,53,基隆市,其他,2018.0,1.0,28.0,1.0,50
ID03652,AC1700896,F028,大學T男童-藍,童裝,1750.0,3.0,2018-01-28,5250.0,924.0000000000005,651.0,5565.0,劉湘麟,Male,38,新北市,金融業和房地產,2018.0,1.0,28.0,1.0,30
ID03653,AC1700453,F028,大學T男童-藍,童裝,1750.0,3.0,2018-01-28,5250.0,924.0000000000005,651.0,5565.0,盧珍東,Female,30,新北市,金融業和房地產,2018.0,1.0,28.0,1.0,30
ID03654,AC1701611,F028,大學T男童-藍,童裝,1750.0,3.0,2018-01-28,5250.0,924.0000000000005,651.0,5565.0,張景凌,Female,43,新北市,其他,2018.0,1.0,28.0,1.0,40
ID03655,AC1703071,F028,大學T男童-藍,童裝,1750.0,3.0,2018-01-28,5250.0,924.0000000000005,651.0,5565.0,陳俊紫,Female,54,桃園市,金融業和房地產,2018.0,1.0,28.0,1.0,50
ID03656,AC1703982,F003,印圖大學T男裝-藍,男裝,750.0,1.0,2018-02-02,750.0,144.0,81.0,795.0,劉佳穎,Female,57,臺北市,其他,2018.0,2.0,2.0,1.0,50
ID03657,AC1703655,F013,潮感印條連帽外套-男裝,男裝,1740.0,1.0,2018-02-02,1740.0,334.08000000000004,187.92,1844.4,駱凱元,Female,36,基隆市,金融業和房地產,2018.0,2.0,2.0,1.0,30
ID03658,AC1700289,F012,托特包-白,配件,1740.0,1.0,2018-02-02,1740.0,431.52,90.47999999999999,1844.4,林曉雯,Female,66,新北市,金融業和房地產,2018.0,2.0,2.0,1.0,60
ID03659,AC1702203,F005,運動潮流連帽外套男裝-灰,男裝,1450.0,5.0,2018-01-04,7250.0,1392.0,783.0,7685.0,陳珍書,Male,46,桃園市,住宿和餐飲業,2018.0,1.0,4.0,1.0,40
ID03660,AC1700002,F005,運動潮流連帽外套男裝-灰,男裝,1450.0,5.0,2018-01-04,7250.0,1392.0,783.0,7685.0,吳俊諺,Male,46,臺北市,金融業和房地產,2018.0,1.0,4.0,1.0,40
ID03661,AC1700821,F005,運動潮流連帽外套男裝-灰,男裝,1450.0,5.0,2018-01-04,7250.0,1392.0,783.0,7685.0,涂坤洋,Male,36,新北市,金融業和房地產,2018.0,1.0,4.0,1.0,30
ID03662,AC1703260,F009,大化妝包-深藍,配件,2100.0,2.0,2018-02-02,4200.0,1041.6,218.39999999999998,4452.0,黃怡娥,Female,59,桃園市,住宿和餐飲業,2018.0,2.0,2.0,1.0,50
ID03663,AC1703997,F006,運動潮流直筒棉褲男童-黑,童裝,750.0,5.0,2018-02-02,3750.0,660.0,465.0,3975.0,簡于真,Female,54,臺北市,教育體育文化,2018.0,2.0,2.0,1.0,50
ID03664,AC1702100,F003,印圖大學T男裝-藍,男裝,750.0,1.0,2018-02-02,750.0,144.0,81.0,795.0,吳士潔,Female,39,新北市,住宿和餐飲業,2018.0,2.0,2.0,1.0,30
ID03665,AC1701778,F013,潮感印條連帽外套-男裝,男裝,1740.0,1.0,2018-02-02,1740.0,334.08000000000004,187.92,1844.4,杜佳霖,Male,21,宜蘭縣,金融業和房地產,2018.0,2.0,2.0,1.0,20
ID03666,AC1703808,F008,法蘭絨格紋襯衫-黑,女裝,1800.0,1.0,2018-02-02,1800.0,297.0,243.00000000000003,1908.0,陳秋珊,Female,52,臺北市,其他,2018.0,2.0,2.0,1.0,50
ID03667,AC1700801,F005,運動潮流連帽外套男裝-灰,男裝,1450.0,5.0,2018-01-04,7250.0,1392.0,783.0,7685.0,吳怡如,Female,35,新北市,金融業和房地產,2018.0,1.0,4.0,1.0,30
ID03668,AC1700120,F005,運動潮流連帽外套男裝-灰,男裝,1450.0,5.0,2018-01-04,7250.0,1392.0,783.0,7685.0,蔡桂宸,Male,46,新北市,農林漁牧業,2018.0,1.0,4.0,1.0,40
ID03669,AC1700964,F005,運動潮流連帽外套男裝-灰,男裝,1450.0,5.0,2018-01-04,7250.0,1392.0,783.0,7685.0,白伊娟,Female,34,新北市,金融業和房地產,2018.0,1.0,4.0,1.0,30
ID03670,AC1700854,F009,大化妝包-深藍,配件,2100.0,2.0,2018-02-02,4200.0,1041.6,218.39999999999998,4452.0,楊劭光,Male,39,新北市,金融業和房地產,2018.0,2.0,2.0,1.0,30
ID03671,AC1703337,F006,運動潮流直筒棉褲男童-黑,童裝,750.0,5.0,2018-02-02,3750.0,660.0,465.0,3975.0,葉志偉,Male,31,基隆市,金融業和房地產,2018.0,2.0,2.0,1.0,30
ID03672,AC1700069,F003,印圖大學T男裝-藍,男裝,750.0,1.0,2018-02-02,750.0,144.0,81.0,795.0,邱筱潔,Female,42,基隆市,金融業和房地產,2018.0,2.0,2.0,1.0,40
ID03673,AC1701255,F013,潮感印條連帽外套-男裝,男裝,1740.0,1.0,2018-02-02,1740.0,334.08000000000004,187.92,1844.4,郭泓燦,Male,44,新北市,其他,2018.0,2.0,2.0,1.0,40
ID03674,AC1701560,F012,托特包-白,配件,1740.0,1.0,2018-02-02,1740.0,431.52,90.47999999999999,1844.4,劉育人,Female,41,新北市,其他,2018.0,2.0,2.0,1.0,40
ID03675,AC1700615,F024,運動潮流直筒棉褲男童-灰,童裝,2030.0,1.0,2018-01-10,2030.0,357.28,251.72,2151.8,賴雅文,Female,29,新北市,金融業和房地產,2018.0,1.0,10.0,1.0,20
ID03676,AC1700841,F024,運動潮流直筒棉褲男童-灰,童裝,2030.0,1.0,2018-01-10,2030.0,357.28,251.72,2151.8,林方均,Female,31,新北市,金融業和房地產,2018.0,1.0,10.0,1.0,30
ID03677,AC1701375,F024,運動潮流直筒棉褲男童-灰,童裝,2030.0,1.0,2018-01-10,2030.0,357.28,251.72,2151.8,陳詩婷,Male,46,宜蘭縣,金融業和房地產,2018.0,1.0,10.0,1.0,40
ID03678,AC1702967,F009,大化妝包-深藍,配件,2100.0,2.0,2018-02-02,4200.0,1041.6,218.39999999999998,4452.0,李可夫,Male,56,桃園市,住宿和餐飲業,2018.0,2.0,2.0,1.0,50
ID03679,AC1703658,F008,法蘭絨格紋襯衫-黑,女裝,1800.0,5.0,2018-02-02,9000.0,1485.0,1215.0,9540.0,陳怡彬,Male,40,基隆市,金融業和房地產,2018.0,2.0,2.0,1.0,40
ID03680,AC1701794,F003,印圖大學T男裝-藍,男裝,750.0,1.0,2018-02-02,750.0,144.0,81.0,795.0,李仲枝,Male,35,宜蘭縣,住宿和餐飲業,2018.0,2.0,2.0,1.0,30
ID03681,AC1702645,F013,潮感印條連帽外套-男裝,男裝,1740.0,1.0,2018-02-02,1740.0,334.08000000000004,187.92,1844.4,曾則芃,Female,52,桃園市,住宿和餐飲業,2018.0,2.0,2.0,1.0,50
ID03682,AC1703363,F008,法蘭絨格紋襯衫-黑,女裝,1800.0,1.0,2018-02-02,1800.0,297.0,243.00000000000003,1908.0,賴怡堅,Male,40,基隆市,住宿和餐飲業,2018.0,2.0,2.0,1.0,40
ID03683,AC1702374,F024,運動潮流直筒棉褲男童-灰,童裝,2030.0,1.0,2018-01-10,2030.0,357.28,251.72,2151.8,林昶佳,Male,53,桃園市,金融業和房地產,2018.0,1.0,10.0,1.0,50
ID03684,AC1702104,F024,運動潮流直筒棉褲男童-灰,童裝,2030.0,1.0,2018-01-10,2030.0,357.28,251.72,2151.8,李育雲,Female,42,新北市,金融業和房地產,2018.0,1.0,10.0,1.0,40
ID03685,AC1700467,F024,運動潮流直筒棉褲男童-灰,童裝,2030.0,1.0,2018-01-12,2030.0,357.28,251.72,2151.8,林巧凌,Female,28,新北市,住宿和餐飲業,2018.0,1.0,12.0,1.0,20
ID03686,AC1700467,F009,大化妝包-深藍,配件,2100.0,2.0,2018-02-02,4200.0,1041.6,218.39999999999998,4452.0,林巧凌,Female,28,新北市,住宿和餐飲業,2018.0,2.0,2.0,1.0,20
ID03687,AC1701235,F012,托特包-白,配件,1740.0,5.0,2018-02-02,8700.0,2157.6,452.4,9222.0,黃嘉慧,Male,31,新北市,住宿和餐飲業,2018.0,2.0,2.0,1.0,30
ID03688,AC1701939,F003,印圖大學T男裝-藍,男裝,750.0,1.0,2018-02-02,750.0,144.0,81.0,795.0,杜千鑫,Male,43,宜蘭縣,金融業和房地產,2018.0,2.0,2.0,1.0,40
ID03689,AC1702700,F013,潮感印條連帽外套-男裝,男裝,1740.0,1.0,2018-02-02,1740.0,334.08000000000004,187.92,1844.4,黃思翰,Male,54,桃園市,其他,2018.0,2.0,2.0,1.0,50
ID03690,AC1701686,F012,托特包-白,配件,1740.0,1.0,2018-02-02,1740.0,431.52,90.47999999999999,1844.4,郭俊宏,Male,32,宜蘭縣,金融業和房地產,2018.0,2.0,2.0,1.0,30
ID03691,AC1700652,F024,運動潮流直筒棉褲男童-灰,童裝,2030.0,1.0,2018-01-12,2030.0,357.28,251.72,2151.8,陳永春,Female,36,新北市,其他,2018.0,1.0,12.0,1.0,30
ID03692,AC1702888,F024,運動潮流直筒棉褲男童-灰,童裝,2030.0,1.0,2018-01-12,2030.0,357.28,251.72,2151.8,郭翔士,Female,51,桃園市,住宿和餐飲業,2018.0,1.0,12.0,1.0,50
ID03693,AC1700575,F024,運動潮流直筒棉褲男童-灰,童裝,2030.0,1.0,2018-01-12,2030.0,357.28,251.72,2151.8,陳淑君,Female,32,新北市,金融業和房地產,2018.0,1.0,12.0,1.0,30
ID03694,AC1700292,F009,大化妝包-深藍,配件,2100.0,2.0,2018-02-02,4200.0,1041.6,218.39999999999998,4452.0,張杰欣,Female,46,新北市,金融業和房地產,2018.0,2.0,2.0,1.0,40
ID03695,AC1700524,F012,托特包-白,配件,1740.0,5.0,2018-02-02,8700.0,2157.6,452.4,9222.0,陳冠堯,Male,51,新北市,金融業和房地產,2018.0,2.0,2.0,1.0,50
ID03696,AC1701462,F024,運動潮流直筒棉褲男童-灰,童裝,2030.0,1.0,2018-01-12,2030.0,357.28,251.72,2151.8,張展綠,Female,39,新北市,住宿和餐飲業,2018.0,1.0,12.0,1.0,30
ID03697,AC1700467,F008,法蘭絨格紋襯衫-黑,女裝,1800.0,1.0,2018-02-15,1800.0,297.0,243.00000000000003,1908.0,林巧凌,Female,28,新北市,住宿和餐飲業,2018.0,2.0,15.0,1.0,20
ID03698,AC1700467,F008,法蘭絨格紋襯衫-黑,女裝,1800.0,1.0,2018-02-15,1800.0,297.0,243.00000000000003,1908.0,林巧凌,Female,28,新北市,住宿和餐飲業,2018.0,2.0,15.0,1.0,20
ID03699,AC1703446,F009,大化妝包-深藍,配件,2100.0,1.0,2018-02-15,2100.0,520.8,109.19999999999999,2226.0,孫慶琇,Female,42,基隆市,其他,2018.0,2.0,15.0,1.0,40
ID03700,AC1702888,F006,運動潮流直筒棉褲男童-黑,童裝,750.0,1.0,2018-02-15,750.0,132.0,93.0,795.0,郭翔士,Female,51,桃園市,住宿和餐飲業,2018.0,2.0,15.0,1.0,50
ID03701,AC1703072,F024,運動潮流直筒棉褲男童-灰,童裝,2030.0,1.0,2018-02-02,2030.0,357.28,251.72,2151.8,林士容,Male,43,桃園市,住宿和餐飲業,2018.0,2.0,2.0,1.0,40
ID03702,AC1700458,F009,大化妝包-深藍,配件,2100.0,1.0,2018-02-15,2100.0,520.8,109.19999999999999,2226.0,黃彥治,Male,30,新北市,金融業和房地產,2018.0,2.0,15.0,1.0,30
ID03703,AC1702188,F017,大學T男裝-灰,男裝,1200.0,2.0,2018-02-02,2400.0,460.8,259.2,2544.0,黃民恆,Male,57,桃園市,其他,2018.0,2.0,2.0,1.0,50
ID03704,AC1701346,F025,雙向層架式書桌-咖,家俱,2900.0,1.0,2018-02-02,2900.0,435.0000000000002,435.0,3074.0,黃慧琦,Female,38,宜蘭縣,住宿和餐飲業,2018.0,2.0,2.0,1.0,30
ID03705,AC1703182,F009,大化妝包-深藍,配件,2100.0,1.0,2018-02-15,2100.0,520.8,109.19999999999999,2226.0,李嘉雄,Male,39,桃園市,住宿和餐飲業,2018.0,2.0,15.0,1.0,30
ID03706,AC1702898,F006,運動潮流直筒棉褲男童-黑,童裝,750.0,1.0,2018-02-15,750.0,132.0,93.0,795.0,成昭侑,Male,46,桃園市,住宿和餐飲業,2018.0,2.0,15.0,1.0,40
ID03707,AC1701048,F024,運動潮流直筒棉褲男童-灰,童裝,2030.0,1.0,2018-02-02,2030.0,357.28,251.72,2151.8,賴詩秀,Male,38,新北市,金融業和房地產,2018.0,2.0,2.0,1.0,30
ID03708,AC1703361,F017,大學T男裝-灰,男裝,1200.0,2.0,2018-02-02,2400.0,460.8,259.2,2544.0,黃婷仰,Female,38,基隆市,住宿和餐飲業,2018.0,2.0,2.0,1.0,30
ID03709,AC1702699,F025,雙向層架式書桌-咖,家俱,2900.0,1.0,2018-02-02,2900.0,435.0000000000002,435.0,3074.0,張建廷,Male,45,桃園市,其他,2018.0,2.0,2.0,1.0,40
ID03710,AC1703024,F024,運動潮流直筒棉褲男童-灰,童裝,2030.0,1.0,2018-02-02,2030.0,357.28,251.72,2151.8,吳添恒,Male,32,桃園市,住宿和餐飲業,2018.0,2.0,2.0,1.0,30
ID03711,AC1700057,F017,大學T男裝-灰,男裝,1200.0,2.0,2018-02-02,2400.0,460.8,259.2,2544.0,方雅琪,Female,45,基隆市,金融業和房地產,2018.0,2.0,2.0,1.0,40
ID03712,AC1701798,F025,雙向層架式書桌-咖,家俱,2900.0,1.0,2018-02-02,2900.0,435.0000000000002,435.0,3074.0,蔡雅男,Female,41,新北市,金融業和房地產,2018.0,2.0,2.0,1.0,40
ID03713,AC1703885,F032,抽繩束口風褲-男童,童裝,4060.0,1.0,2018-02-02,4060.0,714.56,503.44,4303.6,李邦瑞,Female,47,臺北市,其他,2018.0,2.0,2.0,1.0,40
ID03714,AC1700049,F017,大學T男裝-灰,男裝,1200.0,2.0,2018-02-02,2400.0,460.8,259.2,2544.0,羅惟臻,Female,56,基隆市,其他,2018.0,2.0,2.0,1.0,50
ID03715,AC1702355,F025,雙向層架式書桌-咖,家俱,2900.0,1.0,2018-02-02,2900.0,435.0000000000002,435.0,3074.0,楊家欣,Male,56,桃園市,住宿和餐飲業,2018.0,2.0,2.0,1.0,50
ID03716,AC1702147,F024,運動潮流直筒棉褲男童-灰,童裝,2030.0,1.0,2018-02-02,2030.0,357.28,251.72,2151.8,林書聖,Male,26,宜蘭縣,教育體育文化,2018.0,2.0,2.0,1.0,20
ID03717,AC1702181,F017,大學T男裝-灰,男裝,1200.0,2.0,2018-02-02,2400.0,460.8,259.2,2544.0,林于伶,Female,51,桃園市,其他,2018.0,2.0,2.0,1.0,50
ID03718,AC1703271,F025,雙向層架式書桌-咖,家俱,2900.0,1.0,2018-02-02,2900.0,435.0000000000002,435.0,3074.0,連俊豪,Female,44,桃園市,其他,2018.0,2.0,2.0,1.0,40
ID03719,AC1701076,F028,大學T男童-藍,童裝,1750.0,2.0,2018-02-15,3500.0,616.0,434.0,3710.0,李宜蓁,Male,33,新北市,其他,2018.0,2.0,15.0,1.0,30
ID03720,AC1703785,F024,運動潮流直筒棉褲男童-灰,童裝,2030.0,1.0,2018-02-15,2030.0,357.28,251.72,2151.8,林育維,Male,60,基隆市,金融業和房地產,2018.0,2.0,15.0,1.0,60
ID03721,AC1703311,F016,後背包-藍,配件,890.0,2.0,2018-02-15,1780.0,441.44,92.56,1886.8000000000002,陳姵辛,Female,44,基隆市,其他,2018.0,2.0,15.0,1.0,40
ID03722,AC1700246,F015,法蘭絨格紋襯衫-紅,女裝,1740.0,1.0,2018-02-15,1740.0,287.1,234.9,1844.4,徐偉陽,Female,42,臺北市,住宿和餐飲業,2018.0,2.0,15.0,1.0,40
ID03723,AC1700667,F015,法蘭絨格紋襯衫-紅,女裝,1740.0,1.0,2018-02-15,1740.0,287.1,234.9,1844.4,張博誠,Female,38,新北市,金融業和房地產,2018.0,2.0,15.0,1.0,30
ID03724,AC1700096,F015,法蘭絨格紋襯衫-紅,女裝,1740.0,1.0,2018-02-15,1740.0,287.1,234.9,1844.4,黃岳軍,Female,51,新北市,金融業和房地產,2018.0,2.0,15.0,1.0,50
ID03725,AC1700491,F012,托特包-白,配件,1740.0,1.0,2018-02-15,1740.0,431.52,90.47999999999999,1844.4,張淑紹,Female,38,新北市,金融業和房地產,2018.0,2.0,15.0,1.0,30
ID03726,AC1701867,F008,法蘭絨格紋襯衫-黑,女裝,1800.0,1.0,2018-02-15,1800.0,297.0,243.00000000000003,1908.0,王建盛,Female,34,新北市,其他,2018.0,2.0,15.0,1.0,30
ID03727,AC1701880,F009,大化妝包-深藍,配件,2100.0,1.0,2018-02-15,2100.0,520.8,109.19999999999999,2226.0,余大鈞,Male,33,宜蘭縣,住宿和餐飲業,2018.0,2.0,15.0,1.0,30
ID03728,AC1700775,F008,法蘭絨格紋襯衫-黑,女裝,1800.0,1.0,2018-02-15,1800.0,297.0,243.00000000000003,1908.0,陳昭心,Male,23,新北市,金融業和房地產,2018.0,2.0,15.0,1.0,20
ID03729,AC1700163,F010,中夾-紅,皮件,2610.0,1.0,2018-02-15,2610.0,595.0800000000003,187.92,2766.6000000000004,滑志偉,Male,51,新北市,金融業和房地產,2018.0,2.0,15.0,1.0,50
ID03730,AC1700105,F009,大化妝包-深藍,配件,2100.0,1.0,2018-02-15,2100.0,520.8,109.19999999999999,2226.0,鄭怡文,Female,51,新北市,教育體育文化,2018.0,2.0,15.0,1.0,50
ID03731,AC1702531,F010,中夾-紅,皮件,2610.0,1.0,2018-02-15,2610.0,595.0800000000003,187.92,2766.6000000000004,賴科忠,Male,55,桃園市,住宿和餐飲業,2018.0,2.0,15.0,1.0,50
ID03732,AC1703734,F010,中夾-紅,皮件,2610.0,1.0,2018-02-15,2610.0,595.0800000000003,187.92,2766.6000000000004,洪慧萍,Female,46,基隆市,其他,2018.0,2.0,15.0,1.0,40
ID03733,AC1701218,F009,大化妝包-深藍,配件,2100.0,1.0,2018-02-15,2100.0,520.8,109.19999999999999,2226.0,李子妃,Male,33,新北市,金融業和房地產,2018.0,2.0,15.0,1.0,30
ID03734,AC1700243,F006,運動潮流直筒棉褲男童-黑,童裝,750.0,1.0,2018-02-15,750.0,132.0,93.0,795.0,彭子湖,Male,44,臺北市,農林漁牧業,2018.0,2.0,15.0,1.0,40
ID03735,AC1702989,F010,中夾-紅,皮件,2610.0,1.0,2018-02-15,2610.0,595.0800000000003,187.92,2766.6000000000004,洪怡婷,Female,51,桃園市,住宿和餐飲業,2018.0,2.0,15.0,1.0,50
ID03736,AC1703013,F010,中夾-紅,皮件,2610.0,1.0,2018-02-15,2610.0,595.0800000000003,187.92,2766.6000000000004,李建宏,Male,53,桃園市,金融業和房地產,2018.0,2.0,15.0,1.0,50
ID03737,AC1701934,F002,運動潮流直筒棉褲男童-白,童裝,930.0,2.0,2018-02-15,1860.0,327.36,230.64,1971.6000000000001,陳俊宏,Male,26,宜蘭縣,金融業和房地產,2018.0,2.0,15.0,1.0,20
ID03738,AC1703930,F002,運動潮流直筒棉褲男童-白,童裝,930.0,2.0,2018-02-15,1860.0,327.36,230.64,1971.6000000000001,林怡君,Female,43,臺北市,其他,2018.0,2.0,15.0,1.0,40
ID03739,AC1702271,F005,運動潮流連帽外套男裝-灰,男裝,1450.0,2.0,2018-02-15,2900.0,556.8000000000002,313.2,3074.0,楊千慧,Female,39,桃園市,住宿和餐飲業,2018.0,2.0,15.0,1.0,30
ID03740,AC1700353,F005,運動潮流連帽外套男裝-灰,男裝,1450.0,2.0,2018-02-15,2900.0,556.8000000000002,313.2,3074.0,吳珮如,Female,44,新北市,金融業和房地產,2018.0,2.0,15.0,1.0,40
ID03741,AC1701004,F002,運動潮流直筒棉褲男童-白,童裝,930.0,2.0,2018-02-15,1860.0,327.36,230.64,1971.6000000000001,楊志原,Male,48,新北市,金融業和房地產,2018.0,2.0,15.0,1.0,40
ID03742,AC1700944,F002,運動潮流直筒棉褲男童-白,童裝,930.0,2.0,2018-02-15,1860.0,327.36,230.64,1971.6000000000001,林建裕,Female,30,新北市,金融業和房地產,2018.0,2.0,15.0,1.0,30
ID03743,AC1701195,F002,運動潮流直筒棉褲男童-白,童裝,930.0,2.0,2018-02-15,1860.0,327.36,230.64,1971.6000000000001,張明翰,Male,41,新北市,金融業和房地產,2018.0,2.0,15.0,1.0,40
ID03744,AC1701449,F005,運動潮流連帽外套男裝-灰,男裝,1450.0,2.0,2018-02-15,2900.0,556.8000000000002,313.2,3074.0,劉祖軒,Male,45,宜蘭縣,金融業和房地產,2018.0,2.0,15.0,1.0,40
ID03745,AC1702778,F025,雙向層架式書桌-咖,家俱,2900.0,2.0,2018-02-15,5800.0,870.0000000000005,870.0,6148.0,謝意昕,Male,48,桃園市,其他,2018.0,2.0,15.0,1.0,40
ID03746,AC1700879,F025,雙向層架式書桌-咖,家俱,2900.0,2.0,2018-02-15,5800.0,870.0000000000005,870.0,6148.0,張淑芬,Female,25,新北市,住宿和餐飲業,2018.0,2.0,15.0,1.0,20
ID03747,AC1702096,F028,大學T男童-藍,童裝,1750.0,2.0,2018-02-15,3500.0,616.0,434.0,3710.0,胡家瑩,Male,31,宜蘭縣,金融業和房地產,2018.0,2.0,15.0,1.0,30
ID03748,AC1703340,F024,運動潮流直筒棉褲男童-灰,童裝,2030.0,1.0,2018-02-15,2030.0,357.28,251.72,2151.8,林郁婷,Female,32,基隆市,金融業和房地產,2018.0,2.0,15.0,1.0,30
ID03749,AC1703108,F016,後背包-藍,配件,890.0,2.0,2018-02-15,1780.0,441.44,92.56,1886.8000000000002,曾義蘋,Male,51,桃園市,住宿和餐飲業,2018.0,2.0,15.0,1.0,50
ID03750,AC1701335,F015,法蘭絨格紋襯衫-紅,女裝,1740.0,1.0,2018-02-15,1740.0,287.1,234.9,1844.4,陳智超,Male,30,宜蘭縣,住宿和餐飲業,2018.0,2.0,15.0,1.0,30
ID03751,AC1703587,F015,法蘭絨格紋襯衫-紅,女裝,1740.0,1.0,2018-02-15,1740.0,287.1,234.9,1844.4,劉雅嵐,Female,43,基隆市,住宿和餐飲業,2018.0,2.0,15.0,1.0,40
ID03752,AC1702373,F015,法蘭絨格紋襯衫-紅,女裝,1740.0,1.0,2018-02-15,1740.0,287.1,234.9,1844.4,黃建勳,Male,47,桃園市,住宿和餐飲業,2018.0,2.0,15.0,1.0,40
ID03753,AC1702935,F006,運動潮流直筒棉褲男童-黑,童裝,750.0,1.0,2018-02-15,750.0,132.0,93.0,795.0,李秀玲,Female,58,桃園市,其他,2018.0,2.0,15.0,1.0,50
ID03754,AC1701887,F012,托特包-白,配件,1740.0,1.0,2018-02-15,1740.0,431.52,90.47999999999999,1844.4,黃冠玫,Female,25,新北市,金融業和房地產,2018.0,2.0,15.0,1.0,20
ID03755,AC1701357,F009,大化妝包-深藍,配件,2100.0,1.0,2018-02-15,2100.0,520.8,109.19999999999999,2226.0,陳韻妹,Female,46,新北市,金融業和房地產,2018.0,2.0,15.0,1.0,40
ID03756,AC1703172,F008,法蘭絨格紋襯衫-黑,女裝,1800.0,1.0,2018-02-15,1800.0,297.0,243.00000000000003,1908.0,許青江,Male,20,桃園市,其他,2018.0,2.0,15.0,1.0,20
ID03757,AC1702823,F010,中夾-紅,皮件,2610.0,1.0,2018-02-15,2610.0,595.0800000000003,187.92,2766.6000000000004,李昭夢,Male,45,桃園市,其他,2018.0,2.0,15.0,1.0,40
ID03758,AC1702461,F009,大化妝包-深藍,配件,2100.0,1.0,2018-02-15,2100.0,520.8,109.19999999999999,2226.0,張孝方,Male,51,桃園市,金融業和房地產,2018.0,2.0,15.0,1.0,50
ID03759,AC1702700,F010,中夾-紅,皮件,2610.0,1.0,2018-02-15,2610.0,595.0800000000003,187.92,2766.6000000000004,黃思翰,Male,54,桃園市,其他,2018.0,2.0,15.0,1.0,50
ID03760,AC1702387,F010,中夾-紅,皮件,2610.0,1.0,2018-02-15,2610.0,595.0800000000003,187.92,2766.6000000000004,林瑋婷,Female,55,桃園市,其他,2018.0,2.0,15.0,1.0,50
ID03761,AC1703755,F009,大化妝包-深藍,配件,2100.0,1.0,2018-02-15,2100.0,520.8,109.19999999999999,2226.0,許台民,Male,38,基隆市,住宿和餐飲業,2018.0,2.0,15.0,1.0,30
ID03762,AC1700386,F008,法蘭絨格紋襯衫-黑,女裝,1800.0,1.0,2018-02-15,1800.0,297.0,243.00000000000003,1908.0,封語能,Female,49,新北市,金融業和房地產,2018.0,2.0,15.0,1.0,40
ID03763,AC1702858,F010,中夾-紅,皮件,2610.0,1.0,2018-02-15,2610.0,595.0800000000003,187.92,2766.6000000000004,黃呈琦,Male,56,桃園市,住宿和餐飲業,2018.0,2.0,15.0,1.0,50
ID03764,AC1702054,F010,中夾-紅,皮件,2610.0,1.0,2018-02-15,2610.0,595.0800000000003,187.92,2766.6000000000004,劉士弘,Male,34,宜蘭縣,金融業和房地產,2018.0,2.0,15.0,1.0,30
ID03765,AC1700967,F002,運動潮流直筒棉褲男童-白,童裝,930.0,2.0,2018-02-15,1860.0,327.36,230.64,1971.6000000000001,蔡宗穎,Male,36,新北市,金融業和房地產,2018.0,2.0,15.0,1.0,30
ID03766,AC1703461,F002,運動潮流直筒棉褲男童-白,童裝,930.0,2.0,2018-02-15,1860.0,327.36,230.64,1971.6000000000001,周怡貞,Male,50,基隆市,金融業和房地產,2018.0,2.0,15.0,1.0,50
ID03767,AC1701725,F005,運動潮流連帽外套男裝-灰,男裝,1450.0,2.0,2018-02-15,2900.0,556.8000000000002,313.2,3074.0,陳青廷,Male,32,宜蘭縣,金融業和房地產,2018.0,2.0,15.0,1.0,30
ID03768,AC1700778,F005,運動潮流連帽外套男裝-灰,男裝,1450.0,2.0,2018-02-15,2900.0,556.8000000000002,313.2,3074.0,林雅筑,Male,51,新北市,住宿和餐飲業,2018.0,2.0,15.0,1.0,50
ID03769,AC1701886,F002,運動潮流直筒棉褲男童-白,童裝,930.0,2.0,2018-02-15,1860.0,327.36,230.64,1971.6000000000001,葉智偉,Female,28,新北市,金融業和房地產,2018.0,2.0,15.0,1.0,20
ID03770,AC1702652,F002,運動潮流直筒棉褲男童-白,童裝,930.0,2.0,2018-02-15,1860.0,327.36,230.64,1971.6000000000001,王聖宣,Male,52,桃園市,住宿和餐飲業,2018.0,2.0,15.0,1.0,50
ID03771,AC1701533,F002,運動潮流直筒棉褲男童-白,童裝,930.0,2.0,2018-02-15,1860.0,327.36,230.64,1971.6000000000001,林怡君,Male,36,宜蘭縣,住宿和餐飲業,2018.0,2.0,15.0,1.0,30
ID03772,AC1701069,F005,運動潮流連帽外套男裝-灰,男裝,1450.0,2.0,2018-02-15,2900.0,556.8000000000002,313.2,3074.0,夏芳屏,Male,28,新北市,金融業和房地產,2018.0,2.0,15.0,1.0,20
ID03773,AC1702541,F025,雙向層架式書桌-咖,家俱,2900.0,2.0,2018-02-15,5800.0,870.0000000000005,870.0,6148.0,許乃卿,Male,53,桃園市,住宿和餐飲業,2018.0,2.0,15.0,1.0,50
ID03774,AC1701264,F025,雙向層架式書桌-咖,家俱,2900.0,2.0,2018-02-15,5800.0,870.0000000000005,870.0,6148.0,郭振瑋,Female,35,新北市,住宿和餐飲業,2018.0,2.0,15.0,1.0,30
ID03775,AC1702896,F028,大學T男童-藍,童裝,1750.0,2.0,2018-02-15,3500.0,616.0,434.0,3710.0,沈怡臻,Female,42,桃園市,其他,2018.0,2.0,15.0,1.0,40
ID03776,AC1700727,F024,運動潮流直筒棉褲男童-灰,童裝,2030.0,1.0,2018-02-15,2030.0,357.28,251.72,2151.8,蔡孟宸,Female,29,新北市,其他,2018.0,2.0,15.0,1.0,20
ID03777,AC1703976,F016,後背包-藍,配件,890.0,2.0,2018-02-15,1780.0,441.44,92.56,1886.8000000000002,劉佳蓉,Female,58,臺北市,其他,2018.0,2.0,15.0,1.0,50
ID03778,AC1700392,F015,法蘭絨格紋襯衫-紅,女裝,1740.0,1.0,2018-02-15,1740.0,287.1,234.9,1844.4,吳炳倩,Female,46,新北市,金融業和房地產,2018.0,2.0,15.0,1.0,40
ID03779,AC1700973,F015,法蘭絨格紋襯衫-紅,女裝,1740.0,1.0,2018-02-15,1740.0,287.1,234.9,1844.4,劉子芸,Female,38,新北市,金融業和房地產,2018.0,2.0,15.0,1.0,30
ID03780,AC1703320,F015,法蘭絨格紋襯衫-紅,女裝,1740.0,1.0,2018-02-15,1740.0,287.1,234.9,1844.4,黃成舜,Male,24,基隆市,金融業和房地產,2018.0,2.0,15.0,1.0,20
ID03781,AC1702434,F012,托特包-白,配件,1740.0,1.0,2018-02-15,1740.0,431.52,90.47999999999999,1844.4,張昀博,Female,43,桃園市,其他,2018.0,2.0,15.0,1.0,40
ID03782,AC1702269,F008,法蘭絨格紋襯衫-黑,女裝,1800.0,1.0,2018-02-15,1800.0,297.0,243.00000000000003,1908.0,姚宜臻,Male,53,桃園市,金融業和房地產,2018.0,2.0,15.0,1.0,50
ID03783,AC1701913,F009,大化妝包-深藍,配件,2100.0,1.0,2018-02-15,2100.0,520.8,109.19999999999999,2226.0,黎俊吉,Male,28,宜蘭縣,金融業和房地產,2018.0,2.0,15.0,1.0,20
ID03784,AC1700735,F008,法蘭絨格紋襯衫-黑,女裝,1800.0,1.0,2018-02-15,1800.0,297.0,243.00000000000003,1908.0,李郁婷,Male,31,新北市,住宿和餐飲業,2018.0,2.0,15.0,1.0,30
ID03785,AC1702278,F010,中夾-紅,皮件,2610.0,1.0,2018-02-15,2610.0,595.0800000000003,187.92,2766.6000000000004,林靜怡,Male,51,桃園市,住宿和餐飲業,2018.0,2.0,15.0,1.0,50
ID03786,AC1701583,F009,大化妝包-深藍,配件,2100.0,1.0,2018-02-15,2100.0,520.8,109.19999999999999,2226.0,李佳安,Female,56,新北市,金融業和房地產,2018.0,2.0,15.0,1.0,50
ID03787,AC1700118,F010,中夾-紅,皮件,2610.0,1.0,2018-02-15,2610.0,595.0800000000003,187.92,2766.6000000000004,曹姿妤,Female,47,新北市,金融業和房地產,2018.0,2.0,15.0,1.0,40
ID03788,AC1703867,F010,中夾-紅,皮件,2610.0,1.0,2018-02-15,2610.0,595.0800000000003,187.92,2766.6000000000004,周俊憲,Male,39,臺北市,金融業和房地產,2018.0,2.0,15.0,1.0,30
ID03789,AC1702656,F009,大化妝包-深藍,配件,2100.0,1.0,2018-02-15,2100.0,520.8,109.19999999999999,2226.0,王雅慧,Female,53,桃園市,農林漁牧業,2018.0,2.0,15.0,1.0,50
ID03790,AC1701628,F008,法蘭絨格紋襯衫-黑,女裝,1800.0,1.0,2018-02-15,1800.0,297.0,243.00000000000003,1908.0,楊人豪,Male,30,宜蘭縣,金融業和房地產,2018.0,2.0,15.0,1.0,30
ID03791,AC1700133,F010,中夾-紅,皮件,2610.0,1.0,2018-02-15,2610.0,595.0800000000003,187.92,2766.6000000000004,林阿緯,Male,44,基隆市,金融業和房地產,2018.0,2.0,15.0,1.0,40
ID03792,AC1700591,F010,中夾-紅,皮件,2610.0,1.0,2018-02-15,2610.0,595.0800000000003,187.92,2766.6000000000004,婁冠宇,Male,26,新北市,金融業和房地產,2018.0,2.0,15.0,1.0,20
ID03793,AC1701604,F002,運動潮流直筒棉褲男童-白,童裝,930.0,2.0,2018-02-15,1860.0,327.36,230.64,1971.6000000000001,楊淑卿,Female,26,新北市,金融業和房地產,2018.0,2.0,15.0,1.0,20
ID03794,AC1700118,F002,運動潮流直筒棉褲男童-白,童裝,930.0,2.0,2018-02-15,1860.0,327.36,230.64,1971.6000000000001,曹姿妤,Female,47,新北市,金融業和房地產,2018.0,2.0,15.0,1.0,40
ID03795,AC1700519,F005,運動潮流連帽外套男裝-灰,男裝,1450.0,2.0,2018-02-15,2900.0,556.8000000000002,313.2,3074.0,許淑書,Female,40,新北市,金融業和房地產,2018.0,2.0,15.0,1.0,40
ID03796,AC1700658,F005,運動潮流連帽外套男裝-灰,男裝,1450.0,2.0,2018-02-15,2900.0,556.8000000000002,313.2,3074.0,許牧昆,Male,40,新北市,金融業和房地產,2018.0,2.0,15.0,1.0,40
ID03797,AC1703998,F002,運動潮流直筒棉褲男童-白,童裝,930.0,2.0,2018-02-15,1860.0,327.36,230.64,1971.6000000000001,葉炳昕,Female,57,臺北市,教育體育文化,2018.0,2.0,15.0,1.0,50
ID03798,AC1702179,F002,運動潮流直筒棉褲男童-白,童裝,930.0,2.0,2018-02-15,1860.0,327.36,230.64,1971.6000000000001,吳秋揚,Male,45,桃園市,其他,2018.0,2.0,15.0,1.0,40
ID03799,AC1702527,F002,運動潮流直筒棉褲男童-白,童裝,930.0,2.0,2018-02-15,1860.0,327.36,230.64,1971.6000000000001,蔡志民,Female,43,桃園市,其他,2018.0,2.0,15.0,1.0,40
ID03800,AC1700156,F005,運動潮流連帽外套男裝-灰,男裝,1450.0,2.0,2018-02-15,2900.0,556.8000000000002,313.2,3074.0,周美雲,Female,48,新北市,金融業和房地產,2018.0,2.0,15.0,1.0,40
ID03801,AC1702166,F025,雙向層架式書桌-咖,家俱,2900.0,2.0,2018-02-15,5800.0,870.0000000000005,870.0,6148.0,陳思峰,Male,55,桃園市,住宿和餐飲業,2018.0,2.0,15.0,1.0,50
ID03802,AC1700412,F025,雙向層架式書桌-咖,家俱,2900.0,2.0,2018-02-15,5800.0,870.0000000000005,870.0,6148.0,鄧華毓,Female,47,新北市,住宿和餐飲業,2018.0,2.0,15.0,1.0,40
ID03803,AC1701336,F028,大學T男童-藍,童裝,1750.0,2.0,2018-02-15,3500.0,616.0,434.0,3710.0,謝永沛,Female,34,新北市,金融業和房地產,2018.0,2.0,15.0,1.0,30
ID03804,AC1701755,F024,運動潮流直筒棉褲男童-灰,童裝,2030.0,1.0,2018-02-15,2030.0,357.28,251.72,2151.8,鄭長苓,Female,47,新北市,住宿和餐飲業,2018.0,2.0,15.0,1.0,40
ID03805,AC1702637,F016,後背包-藍,配件,890.0,2.0,2018-02-15,1780.0,441.44,92.56,1886.8000000000002,陳文珮,Male,34,桃園市,金融業和房地產,2018.0,2.0,15.0,1.0,30
ID03806,AC1701320,F015,法蘭絨格紋襯衫-紅,女裝,1740.0,1.0,2018-02-15,1740.0,287.1,234.9,1844.4,黃夢能,Male,48,宜蘭縣,金融業和房地產,2018.0,2.0,15.0,1.0,40
ID03807,AC1701305,F015,法蘭絨格紋襯衫-紅,女裝,1740.0,1.0,2018-02-15,1740.0,287.1,234.9,1844.4,彭孟儒,Female,29,新北市,其他,2018.0,2.0,15.0,1.0,20
ID03808,AC1701395,F015,法蘭絨格紋襯衫-紅,女裝,1740.0,1.0,2018-02-15,1740.0,287.1,234.9,1844.4,林筱謙,Male,34,宜蘭縣,金融業和房地產,2018.0,2.0,15.0,1.0,30
ID03809,AC1700960,F012,托特包-白,配件,1740.0,1.0,2018-02-15,1740.0,431.52,90.47999999999999,1844.4,連韻勇,Male,25,新北市,金融業和房地產,2018.0,2.0,15.0,1.0,20
ID03810,AC1702100,F012,托特包-白,配件,1740.0,1.0,2018-02-15,1740.0,431.52,90.47999999999999,1844.4,吳士潔,Female,39,新北市,住宿和餐飲業,2018.0,2.0,15.0,1.0,30
ID03811,AC1702140,F009,大化妝包-深藍,配件,2100.0,1.0,2018-02-15,2100.0,520.8,109.19999999999999,2226.0,黃泰生,Male,35,宜蘭縣,金融業和房地產,2018.0,2.0,15.0,1.0,30
ID03812,AC1702801,F008,法蘭絨格紋襯衫-黑,女裝,1800.0,1.0,2018-02-15,1800.0,297.0,243.00000000000003,1908.0,賴予人,Male,49,桃園市,住宿和餐飲業,2018.0,2.0,15.0,1.0,40
ID03813,AC1700883,F010,中夾-紅,皮件,2610.0,1.0,2018-02-15,2610.0,595.0800000000003,187.92,2766.6000000000004,林尹和,Male,36,新北市,住宿和餐飲業,2018.0,2.0,15.0,1.0,30
ID03814,AC1701052,F009,大化妝包-深藍,配件,2100.0,1.0,2018-02-15,2100.0,520.8,109.19999999999999,2226.0,張添恒,Male,36,新北市,金融業和房地產,2018.0,2.0,15.0,1.0,30
ID03815,AC1700982,F010,中夾-紅,皮件,2610.0,1.0,2018-02-15,2610.0,595.0800000000003,187.92,2766.6000000000004,陳友茹,Male,33,新北市,住宿和餐飲業,2018.0,2.0,15.0,1.0,30
ID03816,AC1701858,F010,中夾-紅,皮件,2610.0,1.0,2018-02-15,2610.0,595.0800000000003,187.92,2766.6000000000004,陳逸蓮,Female,33,新北市,金融業和房地產,2018.0,2.0,15.0,1.0,30
ID03817,AC1703544,F009,大化妝包-深藍,配件,2100.0,1.0,2018-02-15,2100.0,520.8,109.19999999999999,2226.0,張明憲,Female,32,基隆市,住宿和餐飲業,2018.0,2.0,15.0,1.0,30
ID03818,AC1703994,F012,托特包-白,配件,1740.0,1.0,2018-02-15,1740.0,431.52,90.47999999999999,1844.4,鐘佩珊,Female,44,臺北市,住宿和餐飲業,2018.0,2.0,15.0,1.0,40
ID03819,AC1703940,F010,中夾-紅,皮件,2610.0,1.0,2018-02-15,2610.0,595.0800000000003,187.92,2766.6000000000004,林美麗,Female,51,臺北市,住宿和餐飲業,2018.0,2.0,15.0,1.0,50
ID03820,AC1703698,F010,中夾-紅,皮件,2610.0,1.0,2018-02-15,2610.0,595.0800000000003,187.92,2766.6000000000004,黃怡君,Female,46,基隆市,住宿和餐飲業,2018.0,2.0,15.0,1.0,40
ID03821,AC1702283,F002,運動潮流直筒棉褲男童-白,童裝,930.0,2.0,2018-02-15,1860.0,327.36,230.64,1971.6000000000001,陳其榮,Female,47,桃園市,其他,2018.0,2.0,15.0,1.0,40
ID03822,AC1701449,F002,運動潮流直筒棉褲男童-白,童裝,930.0,2.0,2018-02-15,1860.0,327.36,230.64,1971.6000000000001,劉祖軒,Male,45,宜蘭縣,金融業和房地產,2018.0,2.0,15.0,1.0,40
ID03823,AC1701543,F005,運動潮流連帽外套男裝-灰,男裝,1450.0,2.0,2018-02-15,2900.0,556.8000000000002,313.2,3074.0,張永芬,Female,38,新北市,金融業和房地產,2018.0,2.0,15.0,1.0,30
ID03824,AC1700679,F005,運動潮流連帽外套男裝-灰,男裝,1450.0,2.0,2018-02-15,2900.0,556.8000000000002,313.2,3074.0,劉妙群,Male,35,新北市,金融業和房地產,2018.0,2.0,15.0,1.0,30
ID03825,AC1702822,F002,運動潮流直筒棉褲男童-白,童裝,930.0,2.0,2018-02-15,1860.0,327.36,230.64,1971.6000000000001,黃美慧,Male,38,桃園市,住宿和餐飲業,2018.0,2.0,15.0,1.0,30
ID03826,AC1703861,F002,運動潮流直筒棉褲男童-白,童裝,930.0,2.0,2018-02-15,1860.0,327.36,230.64,1971.6000000000001,李美玲,Female,53,臺北市,其他,2018.0,2.0,15.0,1.0,50
ID03827,AC1701519,F002,運動潮流直筒棉褲男童-白,童裝,930.0,2.0,2018-02-15,1860.0,327.36,230.64,1971.6000000000001,陳奕雄,Male,37,宜蘭縣,住宿和餐飲業,2018.0,2.0,15.0,1.0,30
ID03828,AC1701345,F005,運動潮流連帽外套男裝-灰,男裝,1450.0,2.0,2018-02-15,2900.0,556.8000000000002,313.2,3074.0,許志宏,Male,40,宜蘭縣,金融業和房地產,2018.0,2.0,15.0,1.0,40
ID03829,AC1700026,F025,雙向層架式書桌-咖,家俱,2900.0,2.0,2018-02-15,5800.0,870.0000000000005,870.0,6148.0,林素松,Female,44,臺北市,住宿和餐飲業,2018.0,2.0,15.0,1.0,40
ID03830,AC1700343,F025,雙向層架式書桌-咖,家俱,2900.0,2.0,2018-02-15,5800.0,870.0000000000005,870.0,6148.0,黃竹仁,Male,44,新北市,住宿和餐飲業,2018.0,2.0,15.0,1.0,40
ID03831,AC1703468,F028,大學T男童-藍,童裝,1750.0,2.0,2018-02-15,3500.0,616.0,434.0,3710.0,陳怡伶,Female,47,基隆市,金融業和房地產,2018.0,2.0,15.0,1.0,40
ID03832,AC1702265,F024,運動潮流直筒棉褲男童-灰,童裝,2030.0,1.0,2018-02-15,2030.0,357.28,251.72,2151.8,李珮如,Female,42,桃園市,其他,2018.0,2.0,15.0,1.0,40
ID03833,AC1703750,F016,後背包-藍,配件,890.0,2.0,2018-02-15,1780.0,441.44,92.56,1886.8000000000002,張瑋毓,Female,20,基隆市,其他,2018.0,2.0,15.0,1.0,20
ID03834,AC1703014,F015,法蘭絨格紋襯衫-紅,女裝,1740.0,1.0,2018-02-15,1740.0,287.1,234.9,1844.4,游育儒,Female,27,桃園市,其他,2018.0,2.0,15.0,1.0,20
ID03835,AC1703718,F015,法蘭絨格紋襯衫-紅,女裝,1740.0,1.0,2018-02-15,1740.0,287.1,234.9,1844.4,張育盛,Female,39,基隆市,其他,2018.0,2.0,15.0,1.0,30
ID03836,AC1702712,F015,法蘭絨格紋襯衫-紅,女裝,1740.0,1.0,2018-02-15,1740.0,287.1,234.9,1844.4,丁芃紹,Female,53,桃園市,其他,2018.0,2.0,15.0,1.0,50
ID03837,AC1700358,F010,中夾-紅,皮件,2610.0,1.0,2018-02-15,2610.0,595.0800000000003,187.92,2766.6000000000004,謝憲,Male,54,新北市,金融業和房地產,2018.0,2.0,15.0,1.0,50
ID03838,AC1703984,F010,中夾-紅,皮件,2610.0,1.0,2018-02-15,2610.0,595.0800000000003,187.92,2766.6000000000004,李珮源,Female,76,臺北市,金融業和房地產,2018.0,2.0,15.0,1.0,70
ID03839,AC1702485,F010,中夾-紅,皮件,2610.0,1.0,2018-02-15,2610.0,595.0800000000003,187.92,2766.6000000000004,朱冠定,Male,31,桃園市,住宿和餐飲業,2018.0,2.0,15.0,1.0,30
ID03840,AC1703045,F010,中夾-紅,皮件,2610.0,1.0,2018-02-15,2610.0,595.0800000000003,187.92,2766.6000000000004,朱志宇,Female,39,桃園市,其他,2018.0,2.0,15.0,1.0,30
ID03841,AC1702557,F010,中夾-紅,皮件,2610.0,1.0,2018-02-15,2610.0,595.0800000000003,187.92,2766.6000000000004,趙昌伶,Female,48,桃園市,其他,2018.0,2.0,15.0,1.0,40
ID03842,AC1703957,F002,運動潮流直筒棉褲男童-白,童裝,930.0,2.0,2018-02-15,1860.0,327.36,230.64,1971.6000000000001,張函霞,Female,48,臺北市,其他,2018.0,2.0,15.0,1.0,40
ID03843,AC1703003,F002,運動潮流直筒棉褲男童-白,童裝,930.0,2.0,2018-02-15,1860.0,327.36,230.64,1971.6000000000001,陸漢竹,Female,51,桃園市,其他,2018.0,2.0,15.0,1.0,50
ID03844,AC1703748,F011,經典高領多彩T恤男裝-白,男裝,1200.0,1.0,2018-03-30,1200.0,230.4,129.6,1272.0,郭心怡,Female,37,基隆市,金融業和房地產,2018.0,3.0,30.0,1.0,30
ID03845,AC1703714,F011,經典高領多彩T恤男裝-白,男裝,1200.0,1.0,2018-03-30,1200.0,230.4,129.6,1272.0,簡健銘,Female,34,基隆市,其他,2018.0,3.0,30.0,1.0,30
ID03846,AC1703373,F011,經典高領多彩T恤男裝-白,男裝,1200.0,1.0,2018-03-30,1200.0,230.4,129.6,1272.0,錢怡文,Male,35,基隆市,金融業和房地產,2018.0,3.0,30.0,1.0,30
ID03847,AC1701976,F011,經典高領多彩T恤男裝-白,男裝,1200.0,1.0,2018-03-30,1200.0,230.4,129.6,1272.0,張敬倩,Female,47,新北市,金融業和房地產,2018.0,3.0,30.0,1.0,40
ID03848,AC1703572,F011,經典高領多彩T恤男裝-白,男裝,1200.0,1.0,2018-03-30,1200.0,230.4,129.6,1272.0,陳育維,Female,34,基隆市,其他,2018.0,3.0,30.0,1.0,30
ID03849,AC1702575,F011,經典高領多彩T恤男裝-白,男裝,1200.0,1.0,2018-03-30,1200.0,230.4,129.6,1272.0,姜芳瑜,Male,58,桃園市,其他,2018.0,3.0,30.0,1.0,50
ID03850,AC1703010,F011,經典高領多彩T恤男裝-白,男裝,1200.0,1.0,2018-03-30,1200.0,230.4,129.6,1272.0,葉怡蓮,Female,61,桃園市,住宿和餐飲業,2018.0,3.0,30.0,1.0,60
ID03851,AC1700099,F011,經典高領多彩T恤男裝-白,男裝,1200.0,1.0,2018-03-30,1200.0,230.4,129.6,1272.0,邱淑芬,Female,39,新北市,教育體育文化,2018.0,3.0,30.0,1.0,30
ID03852,AC1701606,F005,運動潮流連帽外套男裝-灰,男裝,1450.0,2.0,2018-02-15,2900.0,556.8000000000002,313.2,3074.0,郝怡君,Female,46,宜蘭縣,金融業和房地產,2018.0,2.0,15.0,1.0,40
ID03853,AC1700909,F005,運動潮流連帽外套男裝-灰,男裝,1450.0,2.0,2018-02-15,2900.0,556.8000000000002,313.2,3074.0,許嘉書,Male,28,新北市,金融業和房地產,2018.0,2.0,15.0,1.0,20
ID03854,AC1703006,F002,運動潮流直筒棉褲男童-白,童裝,930.0,2.0,2018-02-15,1860.0,327.36,230.64,1971.6000000000001,李麗珠,Male,40,桃園市,住宿和餐飲業,2018.0,2.0,15.0,1.0,40
ID03855,AC1701056,F002,運動潮流直筒棉褲男童-白,童裝,930.0,2.0,2018-02-15,1860.0,327.36,230.64,1971.6000000000001,楊昆侑,Female,25,新北市,金融業和房地產,2018.0,2.0,15.0,1.0,20
ID03856,AC1700094,F002,運動潮流直筒棉褲男童-白,童裝,930.0,2.0,2018-02-15,1860.0,327.36,230.64,1971.6000000000001,陳威玫,Male,48,新北市,金融業和房地產,2018.0,2.0,15.0,1.0,40
ID03857,AC1701990,F005,運動潮流連帽外套男裝-灰,男裝,1450.0,2.0,2018-02-15,2900.0,556.8000000000002,313.2,3074.0,林怡奇,Female,34,新北市,金融業和房地產,2018.0,2.0,15.0,1.0,30
ID03858,AC1701759,F025,雙向層架式書桌-咖,家俱,2900.0,2.0,2018-02-15,5800.0,870.0000000000005,870.0,6148.0,曹怡萱,Female,43,新北市,金融業和房地產,2018.0,2.0,15.0,1.0,40
ID03859,AC1700884,F025,雙向層架式書桌-咖,家俱,2900.0,2.0,2018-02-15,5800.0,870.0000000000005,870.0,6148.0,楊懿維,Male,46,新北市,金融業和房地產,2018.0,2.0,15.0,1.0,40
ID03860,AC1700697,F016,後背包-藍,配件,890.0,5.0,2018-03-30,4450.0,1103.6,231.39999999999998,4717.0,黃晉儀,Male,29,新北市,其他,2018.0,3.0,30.0,1.0,20
ID03861,AC1703436,F016,後背包-藍,配件,890.0,5.0,2018-03-30,4450.0,1103.6,231.39999999999998,4717.0,張雅雲,Female,42,基隆市,其他,2018.0,3.0,30.0,1.0,40
ID03862,AC1700624,F016,後背包-藍,配件,890.0,5.0,2018-03-30,4450.0,1103.6,231.39999999999998,4717.0,張琳虹,Female,41,新北市,金融業和房地產,2018.0,3.0,30.0,1.0,40
ID03863,AC1700492,F016,後背包-藍,配件,890.0,5.0,2018-03-30,4450.0,1103.6,231.39999999999998,4717.0,劉怡欣,Female,27,新北市,住宿和餐飲業,2018.0,3.0,30.0,1.0,20
ID03864,AC1703211,F016,後背包-藍,配件,890.0,5.0,2018-03-30,4450.0,1103.6,231.39999999999998,4717.0,張怡蓁,Female,49,桃園市,教育體育文化,2018.0,3.0,30.0,1.0,40
ID03865,AC1701731,F016,後背包-藍,配件,890.0,5.0,2018-03-30,4450.0,1103.6,231.39999999999998,4717.0,杜培帆,Male,36,宜蘭縣,金融業和房地產,2018.0,3.0,30.0,1.0,30
ID03866,AC1703559,F016,後背包-藍,配件,890.0,5.0,2018-03-30,4450.0,1103.6,231.39999999999998,4717.0,鄭雅婷,Female,31,基隆市,其他,2018.0,3.0,30.0,1.0,30
ID03867,AC1701654,F016,後背包-藍,配件,890.0,5.0,2018-03-30,4450.0,1103.6,231.39999999999998,4717.0,黃俊廷,Male,37,宜蘭縣,金融業和房地產,2018.0,3.0,30.0,1.0,30
ID03868,AC1701052,F005,運動潮流連帽外套男裝-灰,男裝,1450.0,1.0,2018-03-30,1450.0,278.4000000000001,156.6,1537.0,張添恒,Male,36,新北市,金融業和房地產,2018.0,3.0,30.0,1.0,30
ID03869,AC1701449,F005,運動潮流連帽外套男裝-灰,男裝,1450.0,1.0,2018-03-30,1450.0,278.4000000000001,156.6,1537.0,劉祖軒,Male,45,宜蘭縣,金融業和房地產,2018.0,3.0,30.0,1.0,40
ID03870,AC1703451,F005,運動潮流連帽外套男裝-灰,男裝,1450.0,1.0,2018-03-30,1450.0,278.4000000000001,156.6,1537.0,蘇聖傑,Female,26,基隆市,農林漁牧業,2018.0,3.0,30.0,1.0,20
ID03871,AC1701198,F005,運動潮流連帽外套男裝-灰,男裝,1450.0,1.0,2018-03-30,1450.0,278.4000000000001,156.6,1537.0,劉淑惠,Female,35,新北市,金融業和房地產,2018.0,3.0,30.0,1.0,30
ID03872,AC1701511,F005,運動潮流連帽外套男裝-灰,男裝,1450.0,1.0,2018-03-30,1450.0,278.4000000000001,156.6,1537.0,鄭思賢,Male,34,宜蘭縣,金融業和房地產,2018.0,3.0,30.0,1.0,30
ID03873,AC1702360,F005,運動潮流連帽外套男裝-灰,男裝,1450.0,1.0,2018-03-30,1450.0,278.4000000000001,156.6,1537.0,李可迪,Male,63,桃園市,其他,2018.0,3.0,30.0,1.0,60
ID03874,AC1702877,F005,運動潮流連帽外套男裝-灰,男裝,1450.0,1.0,2018-03-30,1450.0,278.4000000000001,156.6,1537.0,王俊維,Male,43,桃園市,其他,2018.0,3.0,30.0,1.0,40
ID03875,AC1700993,F005,運動潮流連帽外套男裝-灰,男裝,1450.0,1.0,2018-03-30,1450.0,278.4000000000001,156.6,1537.0,陳威淳,Male,36,新北市,金融業和房地產,2018.0,3.0,30.0,1.0,30
ID03876,AC1701007,F011,經典高領多彩T恤男裝-白,男裝,1200.0,1.0,2018-03-30,1200.0,230.4,129.6,1272.0,林慧柏,Male,31,新北市,住宿和餐飲業,2018.0,3.0,30.0,1.0,30
ID03877,AC1700083,F011,經典高領多彩T恤男裝-白,男裝,1200.0,1.0,2018-03-30,1200.0,230.4,129.6,1272.0,陳筱涵,Female,55,基隆市,農林漁牧業,2018.0,3.0,30.0,1.0,50
ID03878,AC1702569,F011,經典高領多彩T恤男裝-白,男裝,1200.0,1.0,2018-03-30,1200.0,230.4,129.6,1272.0,黃怡志,Female,43,桃園市,其他,2018.0,3.0,30.0,1.0,40
ID03879,AC1702865,F011,經典高領多彩T恤男裝-白,男裝,1200.0,1.0,2018-03-30,1200.0,230.4,129.6,1272.0,陳建雪,Female,52,桃園市,住宿和餐飲業,2018.0,3.0,30.0,1.0,50
ID03880,AC1703885,F031,胡桃3.2尺電腦桌,家俱,40600.0,1.0,2018-03-30,40600.0,6090.0,6090.0,43036.0,李邦瑞,Female,47,臺北市,其他,2018.0,3.0,30.0,1.0,40
ID03881,AC1700030,F011,經典高領多彩T恤男裝-白,男裝,1200.0,1.0,2018-03-30,1200.0,230.4,129.6,1272.0,徐婷婷,Female,39,新北市,金融業和房地產,2018.0,3.0,30.0,1.0,30
ID03882,AC1703995,F011,經典高領多彩T恤男裝-白,男裝,1200.0,1.0,2018-03-30,1200.0,230.4,129.6,1272.0,蔡仁孝,Female,46,臺北市,住宿和餐飲業,2018.0,3.0,30.0,1.0,40
ID03883,AC1700675,F011,經典高領多彩T恤男裝-白,男裝,1200.0,1.0,2018-03-30,1200.0,230.4,129.6,1272.0,江緯堯,Female,38,新北市,金融業和房地產,2018.0,3.0,30.0,1.0,30
ID03884,AC1703317,F025,雙向層架式書桌-咖,家俱,2900.0,1.0,2018-03-30,2900.0,435.0000000000002,435.0,3074.0,鄭念聖,Male,32,基隆市,金融業和房地產,2018.0,3.0,30.0,1.0,30
ID03885,AC1702121,F025,雙向層架式書桌-咖,家俱,2900.0,1.0,2018-03-30,2900.0,435.0000000000002,435.0,3074.0,陳芷勳,Female,46,宜蘭縣,住宿和餐飲業,2018.0,3.0,30.0,1.0,40
ID03886,AC1702643,F025,雙向層架式書桌-咖,家俱,2900.0,1.0,2018-03-30,2900.0,435.0000000000002,435.0,3074.0,余淑娟,Female,43,桃園市,住宿和餐飲業,2018.0,3.0,30.0,1.0,40
ID03887,AC1700365,F025,雙向層架式書桌-咖,家俱,2900.0,1.0,2018-03-30,2900.0,435.0000000000002,435.0,3074.0,許昀春,Male,61,新北市,金融業和房地產,2018.0,3.0,30.0,1.0,60
ID03888,AC1702891,F025,雙向層架式書桌-咖,家俱,2900.0,1.0,2018-03-30,2900.0,435.0000000000002,435.0,3074.0,陳宥東,Male,44,桃園市,住宿和餐飲業,2018.0,3.0,30.0,1.0,40
ID03889,AC1700038,F025,雙向層架式書桌-咖,家俱,2900.0,1.0,2018-03-30,2900.0,435.0000000000002,435.0,3074.0,黃怡如,Female,62,基隆市,金融業和房地產,2018.0,3.0,30.0,1.0,60
ID03890,AC1703471,F025,雙向層架式書桌-咖,家俱,2900.0,1.0,2018-03-30,2900.0,435.0000000000002,435.0,3074.0,林惠珍,Female,40,基隆市,其他,2018.0,3.0,30.0,1.0,40
ID03891,AC1702693,F025,雙向層架式書桌-咖,家俱,2900.0,1.0,2018-03-30,2900.0,435.0000000000002,435.0,3074.0,林筱軒,Male,37,桃園市,住宿和餐飲業,2018.0,3.0,30.0,1.0,30
ID03892,AC1700190,F016,後背包-藍,配件,890.0,5.0,2018-03-30,4450.0,1103.6,231.39999999999998,4717.0,劉冠靖,Female,49,臺北市,其他,2018.0,3.0,30.0,1.0,40
ID03893,AC1702838,F016,後背包-藍,配件,890.0,5.0,2018-03-30,4450.0,1103.6,231.39999999999998,4717.0,黃鈺海,Male,54,桃園市,住宿和餐飲業,2018.0,3.0,30.0,1.0,50
ID03894,AC1702054,F016,後背包-藍,配件,890.0,5.0,2018-03-30,4450.0,1103.6,231.39999999999998,4717.0,劉士弘,Male,34,宜蘭縣,金融業和房地產,2018.0,3.0,30.0,1.0,30
ID03895,AC1701358,F016,後背包-藍,配件,890.0,5.0,2018-03-30,4450.0,1103.6,231.39999999999998,4717.0,陳世昌,Male,24,宜蘭縣,金融業和房地產,2018.0,3.0,30.0,1.0,20
ID03896,AC1701641,F016,後背包-藍,配件,890.0,5.0,2018-03-30,4450.0,1103.6,231.39999999999998,4717.0,蔡燦妤,Male,30,宜蘭縣,金融業和房地產,2018.0,3.0,30.0,1.0,30
ID03897,AC1700564,F016,後背包-藍,配件,890.0,5.0,2018-03-30,4450.0,1103.6,231.39999999999998,4717.0,張淑忠,Female,35,新北市,金融業和房地產,2018.0,3.0,30.0,1.0,30
ID03898,AC1700895,F016,後背包-藍,配件,890.0,5.0,2018-03-30,4450.0,1103.6,231.39999999999998,4717.0,趙俊維,Female,47,新北市,金融業和房地產,2018.0,3.0,30.0,1.0,40
ID03899,AC1700118,F016,後背包-藍,配件,890.0,5.0,2018-03-30,4450.0,1103.6,231.39999999999998,4717.0,曹姿妤,Female,47,新北市,金融業和房地產,2018.0,3.0,30.0,1.0,40
ID03900,AC1700183,F005,運動潮流連帽外套男裝-灰,男裝,1450.0,1.0,2018-03-30,1450.0,278.4000000000001,156.6,1537.0,陳靜柏,Female,45,臺北市,住宿和餐飲業,2018.0,3.0,30.0,1.0,40
ID03901,AC1702971,F005,運動潮流連帽外套男裝-灰,男裝,1450.0,1.0,2018-03-30,1450.0,278.4000000000001,156.6,1537.0,周幼昇,Male,48,桃園市,其他,2018.0,3.0,30.0,1.0,40
ID03902,AC1700653,F005,運動潮流連帽外套男裝-灰,男裝,1450.0,1.0,2018-03-30,1450.0,278.4000000000001,156.6,1537.0,張俊吉,Male,37,新北市,金融業和房地產,2018.0,3.0,30.0,1.0,30
ID03903,AC1703202,F005,運動潮流連帽外套男裝-灰,男裝,1450.0,1.0,2018-03-30,1450.0,278.4000000000001,156.6,1537.0,林惟竹,Female,60,桃園市,其他,2018.0,3.0,30.0,1.0,60
ID03904,AC1702519,F005,運動潮流連帽外套男裝-灰,男裝,1450.0,1.0,2018-03-30,1450.0,278.4000000000001,156.6,1537.0,陳冠志,Male,61,桃園市,其他,2018.0,3.0,30.0,1.0,60
ID03905,AC1701245,F005,運動潮流連帽外套男裝-灰,男裝,1450.0,1.0,2018-03-30,1450.0,278.4000000000001,156.6,1537.0,馮志鴻,Male,30,新北市,金融業和房地產,2018.0,3.0,30.0,1.0,30
ID03906,AC1702145,F005,運動潮流連帽外套男裝-灰,男裝,1450.0,1.0,2018-03-30,1450.0,278.4000000000001,156.6,1537.0,王聖生,Female,35,新北市,住宿和餐飲業,2018.0,3.0,30.0,1.0,30
ID03907,AC1700118,F005,運動潮流連帽外套男裝-灰,男裝,1450.0,1.0,2018-03-30,1450.0,278.4000000000001,156.6,1537.0,曹姿妤,Female,47,新北市,金融業和房地產,2018.0,3.0,30.0,1.0,40
ID03908,AC1701027,F011,經典高領多彩T恤男裝-白,男裝,1200.0,1.0,2018-03-30,1200.0,230.4,129.6,1272.0,林筱臻,Female,40,新北市,金融業和房地產,2018.0,3.0,30.0,1.0,40
ID03909,AC1702186,F011,經典高領多彩T恤男裝-白,男裝,1200.0,1.0,2018-03-30,1200.0,230.4,129.6,1272.0,陳慶菱,Female,44,桃園市,金融業和房地產,2018.0,3.0,30.0,1.0,40
ID03910,AC1700910,F011,經典高領多彩T恤男裝-白,男裝,1200.0,1.0,2018-03-30,1200.0,230.4,129.6,1272.0,陳怡廷,Male,28,新北市,住宿和餐飲業,2018.0,3.0,30.0,1.0,20
ID03911,AC1703822,F011,經典高領多彩T恤男裝-白,男裝,1200.0,1.0,2018-03-30,1200.0,230.4,129.6,1272.0,錢淑真,Female,45,臺北市,金融業和房地產,2018.0,3.0,30.0,1.0,40
ID03912,AC1702980,F011,經典高領多彩T恤男裝-白,男裝,1200.0,1.0,2018-03-30,1200.0,230.4,129.6,1272.0,林宜茹,Male,60,桃園市,其他,2018.0,3.0,30.0,1.0,60
ID03913,AC1702779,F011,經典高領多彩T恤男裝-白,男裝,1200.0,1.0,2018-03-30,1200.0,230.4,129.6,1272.0,黃文華,Female,61,桃園市,其他,2018.0,3.0,30.0,1.0,60
ID03914,AC1700290,F011,經典高領多彩T恤男裝-白,男裝,1200.0,1.0,2018-03-30,1200.0,230.4,129.6,1272.0,程維倫,Male,52,新北市,金融業和房地產,2018.0,3.0,30.0,1.0,50
ID03915,AC1701071,F011,經典高領多彩T恤男裝-白,男裝,1200.0,1.0,2018-03-30,1200.0,230.4,129.6,1272.0,姜雅君,Male,31,新北市,金融業和房地產,2018.0,3.0,30.0,1.0,30
ID03916,AC1702650,F025,雙向層架式書桌-咖,家俱,2900.0,1.0,2018-03-30,2900.0,435.0000000000002,435.0,3074.0,林世傑,Female,57,桃園市,住宿和餐飲業,2018.0,3.0,30.0,1.0,50
ID03917,AC1702651,F025,雙向層架式書桌-咖,家俱,2900.0,1.0,2018-03-30,2900.0,435.0000000000002,435.0,3074.0,陳政哲,Male,51,桃園市,住宿和餐飲業,2018.0,3.0,30.0,1.0,50
ID03918,AC1700614,F025,雙向層架式書桌-咖,家俱,2900.0,1.0,2018-03-30,2900.0,435.0000000000002,435.0,3074.0,許雅全,Female,42,新北市,住宿和餐飲業,2018.0,3.0,30.0,1.0,40
ID03919,AC1703678,F025,雙向層架式書桌-咖,家俱,2900.0,1.0,2018-03-30,2900.0,435.0000000000002,435.0,3074.0,林靜怡,Female,43,基隆市,金融業和房地產,2018.0,3.0,30.0,1.0,40
ID03920,AC1700279,F025,雙向層架式書桌-咖,家俱,2900.0,1.0,2018-03-30,2900.0,435.0000000000002,435.0,3074.0,王淑康,Male,31,新北市,住宿和餐飲業,2018.0,3.0,30.0,1.0,30
ID03921,AC1701796,F025,雙向層架式書桌-咖,家俱,2900.0,1.0,2018-03-30,2900.0,435.0000000000002,435.0,3074.0,黃怡伶,Female,39,新北市,金融業和房地產,2018.0,3.0,30.0,1.0,30
ID03922,AC1700943,F025,雙向層架式書桌-咖,家俱,2900.0,1.0,2018-03-30,2900.0,435.0000000000002,435.0,3074.0,李凡姍,Male,33,新北市,金融業和房地產,2018.0,3.0,30.0,1.0,30
ID03923,AC1700991,F025,雙向層架式書桌-咖,家俱,2900.0,1.0,2018-03-30,2900.0,435.0000000000002,435.0,3074.0,倪淑君,Female,41,新北市,金融業和房地產,2018.0,3.0,30.0,1.0,40
ID03924,AC1702923,F016,後背包-藍,配件,890.0,5.0,2018-03-30,4450.0,1103.6,231.39999999999998,4717.0,歐巧念,Male,59,桃園市,住宿和餐飲業,2018.0,3.0,30.0,1.0,50
ID03925,AC1702603,F016,後背包-藍,配件,890.0,5.0,2018-03-30,4450.0,1103.6,231.39999999999998,4717.0,楊欣天,Female,45,桃園市,其他,2018.0,3.0,30.0,1.0,40
ID03926,AC1701907,F016,後背包-藍,配件,890.0,5.0,2018-03-30,4450.0,1103.6,231.39999999999998,4717.0,吳欣揚,Male,27,宜蘭縣,金融業和房地產,2018.0,3.0,30.0,1.0,20
ID03927,AC1701770,F016,後背包-藍,配件,890.0,5.0,2018-03-30,4450.0,1103.6,231.39999999999998,4717.0,弓文月,Female,35,新北市,其他,2018.0,3.0,30.0,1.0,30
ID03928,AC1702772,F016,後背包-藍,配件,890.0,5.0,2018-03-30,4450.0,1103.6,231.39999999999998,4717.0,謝孟軒,Female,55,桃園市,其他,2018.0,3.0,30.0,1.0,50
ID03929,AC1700518,F016,後背包-藍,配件,890.0,5.0,2018-03-30,4450.0,1103.6,231.39999999999998,4717.0,林宗毅,Male,43,新北市,金融業和房地產,2018.0,3.0,30.0,1.0,40
ID03930,AC1703893,F016,後背包-藍,配件,890.0,5.0,2018-03-30,4450.0,1103.6,231.39999999999998,4717.0,黃思涵,Male,41,臺北市,其他,2018.0,3.0,30.0,1.0,40
ID03931,AC1701396,F016,後背包-藍,配件,890.0,5.0,2018-03-30,4450.0,1103.6,231.39999999999998,4717.0,李國蘋,Female,38,新北市,金融業和房地產,2018.0,3.0,30.0,1.0,30
ID03932,AC1701730,F005,運動潮流連帽外套男裝-灰,男裝,1450.0,1.0,2018-03-30,1450.0,278.4000000000001,156.6,1537.0,鄭靜怡,Female,34,宜蘭縣,其他,2018.0,3.0,30.0,1.0,30
ID03933,AC1702765,F005,運動潮流連帽外套男裝-灰,男裝,1450.0,1.0,2018-03-30,1450.0,278.4000000000001,156.6,1537.0,陳陽堯,Male,41,桃園市,住宿和餐飲業,2018.0,3.0,30.0,1.0,40
ID03934,AC1702337,F005,運動潮流連帽外套男裝-灰,男裝,1450.0,1.0,2018-03-30,1450.0,278.4000000000001,156.6,1537.0,陳淑易,Female,61,桃園市,其他,2018.0,3.0,30.0,1.0,60
ID03935,AC1703387,F005,運動潮流連帽外套男裝-灰,男裝,1450.0,1.0,2018-03-30,1450.0,278.4000000000001,156.6,1537.0,張雅玲,Female,32,基隆市,金融業和房地產,2018.0,3.0,30.0,1.0,30
ID03936,AC1702259,F005,運動潮流連帽外套男裝-灰,男裝,1450.0,1.0,2018-03-30,1450.0,278.4000000000001,156.6,1537.0,季雅文,Male,43,桃園市,其他,2018.0,3.0,30.0,1.0,40
ID03937,AC1701580,F005,運動潮流連帽外套男裝-灰,男裝,1450.0,1.0,2018-03-30,1450.0,278.4000000000001,156.6,1537.0,張瑞能,Female,30,新北市,金融業和房地產,2018.0,3.0,30.0,1.0,30
ID03938,AC1703049,F005,運動潮流連帽外套男裝-灰,男裝,1450.0,1.0,2018-03-30,1450.0,278.4000000000001,156.6,1537.0,陳宗翰,Male,51,桃園市,住宿和餐飲業,2018.0,3.0,30.0,1.0,50
ID03939,AC1702858,F005,運動潮流連帽外套男裝-灰,男裝,1450.0,1.0,2018-03-30,1450.0,278.4000000000001,156.6,1537.0,黃呈琦,Male,56,桃園市,住宿和餐飲業,2018.0,3.0,30.0,1.0,50
ID03940,AC1701306,F011,經典高領多彩T恤男裝-白,男裝,1200.0,1.0,2018-03-30,1200.0,230.4,129.6,1272.0,陳惠娟,Female,33,宜蘭縣,住宿和餐飲業,2018.0,3.0,30.0,1.0,30
ID03941,AC1700156,F011,經典高領多彩T恤男裝-白,男裝,1200.0,1.0,2018-03-30,1200.0,230.4,129.6,1272.0,周美雲,Female,48,新北市,金融業和房地產,2018.0,3.0,30.0,1.0,40
ID03942,AC1702648,F011,經典高領多彩T恤男裝-白,男裝,1200.0,1.0,2018-03-30,1200.0,230.4,129.6,1272.0,胡凡谷,Male,57,桃園市,住宿和餐飲業,2018.0,3.0,30.0,1.0,50
ID03943,AC1702768,F011,經典高領多彩T恤男裝-白,男裝,1200.0,1.0,2018-03-30,1200.0,230.4,129.6,1272.0,李宜添,Male,49,桃園市,住宿和餐飲業,2018.0,3.0,30.0,1.0,40
ID03944,AC1703704,F011,經典高領多彩T恤男裝-白,男裝,1200.0,1.0,2018-03-30,1200.0,230.4,129.6,1272.0,王維哲,Female,42,基隆市,住宿和餐飲業,2018.0,3.0,30.0,1.0,40
ID03945,AC1703515,F011,經典高領多彩T恤男裝-白,男裝,1200.0,1.0,2018-03-30,1200.0,230.4,129.6,1272.0,黃詩華,Female,21,基隆市,金融業和房地產,2018.0,3.0,30.0,1.0,20
ID03946,AC1702145,F011,經典高領多彩T恤男裝-白,男裝,1200.0,1.0,2018-03-30,1200.0,230.4,129.6,1272.0,王聖生,Female,35,新北市,住宿和餐飲業,2018.0,3.0,30.0,1.0,30
ID03947,AC1700053,F011,經典高領多彩T恤男裝-白,男裝,1200.0,1.0,2018-03-30,1200.0,230.4,129.6,1272.0,江俊銘,Male,50,基隆市,金融業和房地產,2018.0,3.0,30.0,1.0,50
ID03948,AC1701053,F025,雙向層架式書桌-咖,家俱,2900.0,1.0,2018-03-30,2900.0,435.0000000000002,435.0,3074.0,潘善苓,Male,36,新北市,金融業和房地產,2018.0,3.0,30.0,1.0,30
ID03949,AC1700011,F025,雙向層架式書桌-咖,家俱,2900.0,1.0,2018-03-30,2900.0,435.0000000000002,435.0,3074.0,許合蓉,Female,61,基隆市,住宿和餐飲業,2018.0,3.0,30.0,1.0,60
ID03950,AC1703697,F025,雙向層架式書桌-咖,家俱,2900.0,1.0,2018-03-30,2900.0,435.0000000000002,435.0,3074.0,徐克岑,Female,44,基隆市,金融業和房地產,2018.0,3.0,30.0,1.0,40
ID03951,AC1700291,F025,雙向層架式書桌-咖,家俱,2900.0,1.0,2018-03-30,2900.0,435.0000000000002,435.0,3074.0,徐林凌,Female,48,新北市,金融業和房地產,2018.0,3.0,30.0,1.0,40
ID03952,AC1703633,F025,雙向層架式書桌-咖,家俱,2900.0,1.0,2018-03-30,2900.0,435.0000000000002,435.0,3074.0,黃雅天,Female,32,基隆市,金融業和房地產,2018.0,3.0,30.0,1.0,30
ID03953,AC1701530,F025,雙向層架式書桌-咖,家俱,2900.0,1.0,2018-03-30,2900.0,435.0000000000002,435.0,3074.0,賴聖傑,Male,31,宜蘭縣,金融業和房地產,2018.0,3.0,30.0,1.0,30
ID03954,AC1700859,F025,雙向層架式書桌-咖,家俱,2900.0,1.0,2018-03-30,2900.0,435.0000000000002,435.0,3074.0,陳育維,Male,44,新北市,金融業和房地產,2018.0,3.0,30.0,1.0,40
ID03955,AC1703625,F025,雙向層架式書桌-咖,家俱,2900.0,1.0,2018-03-30,2900.0,435.0000000000002,435.0,3074.0,趙廷利,Female,38,基隆市,金融業和房地產,2018.0,3.0,30.0,1.0,30
ID03956,AC1703387,F016,後背包-藍,配件,890.0,5.0,2018-03-30,4450.0,1103.6,231.39999999999998,4717.0,張雅玲,Female,32,基隆市,金融業和房地產,2018.0,3.0,30.0,1.0,30
ID03957,AC1703349,F016,後背包-藍,配件,890.0,5.0,2018-03-30,4450.0,1103.6,231.39999999999998,4717.0,郭至全,Female,33,基隆市,住宿和餐飲業,2018.0,3.0,30.0,1.0,30
ID03958,AC1702549,F016,後背包-藍,配件,890.0,5.0,2018-03-30,4450.0,1103.6,231.39999999999998,4717.0,曹裕珠,Female,32,桃園市,其他,2018.0,3.0,30.0,1.0,30
ID03959,AC1701185,F016,後背包-藍,配件,890.0,5.0,2018-03-30,4450.0,1103.6,231.39999999999998,4717.0,李宣諭,Male,40,新北市,住宿和餐飲業,2018.0,3.0,30.0,1.0,40
ID03960,AC1700008,F016,後背包-藍,配件,890.0,5.0,2018-03-30,4450.0,1103.6,231.39999999999998,4717.0,邱孝信,Male,39,臺北市,金融業和房地產,2018.0,3.0,30.0,1.0,30
ID03961,AC1702283,F016,後背包-藍,配件,890.0,5.0,2018-03-30,4450.0,1103.6,231.39999999999998,4717.0,陳其榮,Female,47,桃園市,其他,2018.0,3.0,30.0,1.0,40
ID03962,AC1701730,F016,後背包-藍,配件,890.0,5.0,2018-03-30,4450.0,1103.6,231.39999999999998,4717.0,鄭靜怡,Female,34,宜蘭縣,其他,2018.0,3.0,30.0,1.0,30
ID03963,AC1703699,F016,後背包-藍,配件,890.0,5.0,2018-03-30,4450.0,1103.6,231.39999999999998,4717.0,林俊博,Female,40,基隆市,金融業和房地產,2018.0,3.0,30.0,1.0,40
ID03964,AC1703581,F005,運動潮流連帽外套男裝-灰,男裝,1450.0,1.0,2018-03-30,1450.0,278.4000000000001,156.6,1537.0,陳俊宏,Female,44,基隆市,金融業和房地產,2018.0,3.0,30.0,1.0,40
ID03965,AC1701313,F005,運動潮流連帽外套男裝-灰,男裝,1450.0,1.0,2018-03-30,1450.0,278.4000000000001,156.6,1537.0,陳韻侑,Female,31,新北市,金融業和房地產,2018.0,3.0,30.0,1.0,30
ID03966,AC1702013,F005,運動潮流連帽外套男裝-灰,男裝,1450.0,1.0,2018-03-30,1450.0,278.4000000000001,156.6,1537.0,林玄彬,Male,27,宜蘭縣,金融業和房地產,2018.0,3.0,30.0,1.0,20
ID03967,AC1703626,F005,運動潮流連帽外套男裝-灰,男裝,1450.0,1.0,2018-03-30,1450.0,278.4000000000001,156.6,1537.0,張欣怡,Male,35,基隆市,其他,2018.0,3.0,30.0,1.0,30
ID03968,AC1701585,F005,運動潮流連帽外套男裝-灰,男裝,1450.0,1.0,2018-03-30,1450.0,278.4000000000001,156.6,1537.0,李昆利,Female,32,新北市,金融業和房地產,2018.0,3.0,30.0,1.0,30
ID03969,AC1700326,F005,運動潮流連帽外套男裝-灰,男裝,1450.0,1.0,2018-03-30,1450.0,278.4000000000001,156.6,1537.0,吳文陽,Male,40,新北市,其他,2018.0,3.0,30.0,1.0,40
ID03970,AC1702871,F005,運動潮流連帽外套男裝-灰,男裝,1450.0,1.0,2018-03-30,1450.0,278.4000000000001,156.6,1537.0,林維柏,Female,59,桃園市,金融業和房地產,2018.0,3.0,30.0,1.0,50
ID03971,AC1700126,F005,運動潮流連帽外套男裝-灰,男裝,1450.0,1.0,2018-03-30,1450.0,278.4000000000001,156.6,1537.0,張詩婷,Female,40,新北市,其他,2018.0,3.0,30.0,1.0,40
ID03972,AC1702017,F011,經典高領多彩T恤男裝-白,男裝,1200.0,1.0,2018-03-30,1200.0,230.4,129.6,1272.0,林秀枝,Female,34,新北市,教育體育文化,2018.0,3.0,30.0,1.0,30
ID03973,AC1702133,F011,經典高領多彩T恤男裝-白,男裝,1200.0,1.0,2018-03-30,1200.0,230.4,129.6,1272.0,許重仰,Male,43,宜蘭縣,金融業和房地產,2018.0,3.0,30.0,1.0,40
ID03974,AC1702659,F011,經典高領多彩T恤男裝-白,男裝,1200.0,1.0,2018-03-30,1200.0,230.4,129.6,1272.0,賴惠君,Female,54,桃園市,農林漁牧業,2018.0,3.0,30.0,1.0,50
ID03975,AC1702632,F011,經典高領多彩T恤男裝-白,男裝,1200.0,1.0,2018-03-30,1200.0,230.4,129.6,1272.0,鄧芳如,Female,47,桃園市,農林漁牧業,2018.0,3.0,30.0,1.0,40
ID03976,AC1700818,F011,經典高領多彩T恤男裝-白,男裝,1200.0,1.0,2018-03-30,1200.0,230.4,129.6,1272.0,李宜伶,Male,42,新北市,金融業和房地產,2018.0,3.0,30.0,1.0,40
ID03977,AC1701391,F011,經典高領多彩T恤男裝-白,男裝,1200.0,1.0,2018-03-30,1200.0,230.4,129.6,1272.0,楊嘉惠,Male,35,宜蘭縣,金融業和房地產,2018.0,3.0,30.0,1.0,30
ID03978,AC1702812,F011,經典高領多彩T恤男裝-白,男裝,1200.0,1.0,2018-03-30,1200.0,230.4,129.6,1272.0,崔詩婷,Male,59,桃園市,住宿和餐飲業,2018.0,3.0,30.0,1.0,50
ID03979,AC1702890,F011,經典高領多彩T恤男裝-白,男裝,1200.0,1.0,2018-03-30,1200.0,230.4,129.6,1272.0,賴宜欣,Male,51,桃園市,住宿和餐飲業,2018.0,3.0,30.0,1.0,50
ID03980,AC1702608,F025,雙向層架式書桌-咖,家俱,2900.0,1.0,2018-03-30,2900.0,435.0000000000002,435.0,3074.0,蔡郁文,Male,61,桃園市,其他,2018.0,3.0,30.0,1.0,60
ID03981,AC1703410,F025,雙向層架式書桌-咖,家俱,2900.0,1.0,2018-03-30,2900.0,435.0000000000002,435.0,3074.0,秦緯容,Female,29,基隆市,金融業和房地產,2018.0,3.0,30.0,1.0,20
ID03982,AC1702441,F025,雙向層架式書桌-咖,家俱,2900.0,1.0,2018-03-30,2900.0,435.0000000000002,435.0,3074.0,葉淑娟,Female,60,桃園市,其他,2018.0,3.0,30.0,1.0,60
ID03983,AC1700963,F025,雙向層架式書桌-咖,家俱,2900.0,1.0,2018-03-30,2900.0,435.0000000000002,435.0,3074.0,李筱惟,Female,34,新北市,金融業和房地產,2018.0,3.0,30.0,1.0,30
ID03984,AC1700492,F025,雙向層架式書桌-咖,家俱,2900.0,1.0,2018-03-30,2900.0,435.0000000000002,435.0,3074.0,劉怡欣,Female,27,新北市,住宿和餐飲業,2018.0,3.0,30.0,1.0,20
ID03985,AC1700476,F025,雙向層架式書桌-咖,家俱,2900.0,1.0,2018-03-30,2900.0,435.0000000000002,435.0,3074.0,張鈞瑋,Male,32,新北市,農林漁牧業,2018.0,3.0,30.0,1.0,30
ID03986,AC1701517,F025,雙向層架式書桌-咖,家俱,2900.0,1.0,2018-03-30,2900.0,435.0000000000002,435.0,3074.0,吳雅嵐,Male,35,宜蘭縣,金融業和房地產,2018.0,3.0,30.0,1.0,30
ID03987,AC1700362,F025,雙向層架式書桌-咖,家俱,2900.0,1.0,2018-03-30,2900.0,435.0000000000002,435.0,3074.0,劉奕容,Male,49,新北市,金融業和房地產,2018.0,3.0,30.0,1.0,40
ID03988,AC1703498,F016,後背包-藍,配件,890.0,5.0,2018-03-30,4450.0,1103.6,231.39999999999998,4717.0,李明易,Female,37,基隆市,金融業和房地產,2018.0,3.0,30.0,1.0,30
ID03989,AC1703243,F016,後背包-藍,配件,890.0,5.0,2018-03-30,4450.0,1103.6,231.39999999999998,4717.0,楊欣樺,Female,53,桃園市,住宿和餐飲業,2018.0,3.0,30.0,1.0,50
ID03990,AC1702142,F016,後背包-藍,配件,890.0,5.0,2018-03-30,4450.0,1103.6,231.39999999999998,4717.0,陳奕仁,Male,25,宜蘭縣,金融業和房地產,2018.0,3.0,30.0,1.0,20
ID03991,AC1701282,F016,後背包-藍,配件,890.0,5.0,2018-03-30,4450.0,1103.6,231.39999999999998,4717.0,林美英,Male,30,新北市,金融業和房地產,2018.0,3.0,30.0,1.0,30
ID03992,AC1700025,F016,後背包-藍,配件,890.0,5.0,2018-03-30,4450.0,1103.6,231.39999999999998,4717.0,彭姿妤,Female,54,臺北市,金融業和房地產,2018.0,3.0,30.0,1.0,50
ID03993,AC1703635,F016,後背包-藍,配件,890.0,5.0,2018-03-30,4450.0,1103.6,231.39999999999998,4717.0,宋凱忠,Female,31,基隆市,其他,2018.0,3.0,30.0,1.0,30
ID03994,AC1701487,F016,後背包-藍,配件,890.0,5.0,2018-03-30,4450.0,1103.6,231.39999999999998,4717.0,張淑芳,Female,35,宜蘭縣,金融業和房地產,2018.0,3.0,30.0,1.0,30
ID03995,AC1703915,F016,後背包-藍,配件,890.0,5.0,2018-03-30,4450.0,1103.6,231.39999999999998,4717.0,吳欣樺,Female,56,臺北市,金融業和房地產,2018.0,3.0,30.0,1.0,50
ID03996,AC1700382,F005,運動潮流連帽外套男裝-灰,男裝,1450.0,1.0,2018-03-30,1450.0,278.4000000000001,156.6,1537.0,楊雅玉,Female,54,新北市,金融業和房地產,2018.0,3.0,30.0,1.0,50
ID03997,AC1702772,F005,運動潮流連帽外套男裝-灰,男裝,1450.0,1.0,2018-03-30,1450.0,278.4000000000001,156.6,1537.0,謝孟軒,Female,55,桃園市,其他,2018.0,3.0,30.0,1.0,50
ID03998,AC1700912,F001,運動潮流連帽外套女裝-白,女裝,1450.0,1.0,2018-04-05,1450.0,239.2500000000001,195.75,1537.0,涂聿,Female,40,新北市,金融業和房地產,2018.0,4.0,5.0,2.0,40
ID03999,AC1700184,F033,高機能伸縮衣架-黑,家俱,600.0,1.0,2018-04-05,600.0,90.0,90.0,636.0,黃宛玲,Female,48,臺北市,金融業和房地產,2018.0,4.0,5.0,2.0,40
ID04000,AC1700917,F005,運動潮流連帽外套男裝-灰,男裝,1450.0,1.0,2018-03-30,1450.0,278.4000000000001,156.6,1537.0,賴思紋,Male,27,新北市,住宿和餐飲業,2018.0,3.0,30.0,1.0,20
ID04001,AC1702133,F003,印圖大學T男裝-藍,男裝,750.0,1.0,2018-04-05,750.0,144.0,81.0,795.0,許重仰,Male,43,宜蘭縣,金融業和房地產,2018.0,4.0,5.0,2.0,40
ID04002,AC1703340,F013,潮感印條連帽外套-男裝,男裝,1740.0,1.0,2018-04-05,1740.0,334.08000000000004,187.92,1844.4,林郁婷,Female,32,基隆市,金融業和房地產,2018.0,4.0,5.0,2.0,30
ID04003,AC1702611,F001,運動潮流連帽外套女裝-白,女裝,1450.0,1.0,2018-04-05,1450.0,239.2500000000001,195.75,1537.0,黃家鳳,Male,55,桃園市,住宿和餐飲業,2018.0,4.0,5.0,2.0,50
ID04004,AC1702543,F005,運動潮流連帽外套男裝-灰,男裝,1450.0,1.0,2018-03-30,1450.0,278.4000000000001,156.6,1537.0,陳文賢,Male,56,桃園市,住宿和餐飲業,2018.0,3.0,30.0,1.0,50
ID04005,AC1703006,F001,運動潮流連帽外套女裝-白,女裝,1450.0,1.0,2018-04-05,1450.0,239.2500000000001,195.75,1537.0,李麗珠,Male,40,桃園市,住宿和餐飲業,2018.0,4.0,5.0,2.0,40
ID04006,AC1701177,F016,後背包-藍,配件,890.0,1.0,2018-04-05,890.0,220.72,46.28,943.4000000000001,葉薇文,Female,46,新北市,金融業和房地產,2018.0,4.0,5.0,2.0,40
ID04007,AC1700373,F016,後背包-藍,配件,890.0,1.0,2018-04-05,890.0,220.72,46.28,943.4000000000001,游延萱,Female,46,新北市,金融業和房地產,2018.0,4.0,5.0,2.0,40
ID04008,AC1703940,F016,後背包-藍,配件,890.0,1.0,2018-04-05,890.0,220.72,46.28,943.4000000000001,林美麗,Female,51,臺北市,住宿和餐飲業,2018.0,4.0,5.0,2.0,50
ID04009,AC1702219,F016,後背包-藍,配件,890.0,1.0,2018-04-05,890.0,220.72,46.28,943.4000000000001,黃麗芬,Female,58,桃園市,其他,2018.0,4.0,5.0,2.0,50
ID04010,AC1700782,F016,後背包-藍,配件,890.0,1.0,2018-04-05,890.0,220.72,46.28,943.4000000000001,賴怡琳,Male,45,新北市,金融業和房地產,2018.0,4.0,5.0,2.0,40
ID04011,AC1702967,F038,經典美式純POLO-黑,女裝,980.0,1.0,2018-04-05,980.0,161.7,132.3,1038.8,李可夫,Male,56,桃園市,住宿和餐飲業,2018.0,4.0,5.0,2.0,50
ID04012,AC1700842,F016,後背包-藍,配件,890.0,1.0,2018-04-05,890.0,220.72,46.28,943.4000000000001,袁雅玲,Male,24,新北市,教育體育文化,2018.0,4.0,5.0,2.0,20
ID04013,AC1703457,F005,運動潮流連帽外套男裝-灰,男裝,1450.0,1.0,2018-03-30,1450.0,278.4000000000001,156.6,1537.0,周郁軍,Male,42,基隆市,其他,2018.0,3.0,30.0,1.0,40
ID04014,AC1700355,F005,運動潮流連帽外套男裝-灰,男裝,1450.0,1.0,2018-03-30,1450.0,278.4000000000001,156.6,1537.0,謝豪峰,Male,44,新北市,金融業和房地產,2018.0,3.0,30.0,1.0,40
ID04015,AC1700118,F020,萬用包-黑,皮件,2900.0,1.0,2018-04-05,2900.0,661.2000000000003,208.79999999999998,3074.0,曹姿妤,Female,47,新北市,金融業和房地產,2018.0,4.0,5.0,2.0,40
ID04016,AC1703955,F005,運動潮流連帽外套男裝-灰,男裝,1450.0,1.0,2018-03-30,1450.0,278.4000000000001,156.6,1537.0,林琦全,Female,42,臺北市,金融業和房地產,2018.0,3.0,30.0,1.0,40
ID04017,AC1703790,F005,運動潮流連帽外套男裝-灰,男裝,1450.0,1.0,2018-03-30,1450.0,278.4000000000001,156.6,1537.0,倪士倩,Female,53,基隆市,金融業和房地產,2018.0,3.0,30.0,1.0,50
ID04018,AC1701765,F020,萬用包-黑,皮件,2900.0,1.0,2018-04-05,2900.0,661.2000000000003,208.79999999999998,3074.0,高秉勳,Male,29,宜蘭縣,金融業和房地產,2018.0,4.0,5.0,2.0,20
ID04019,AC1700001,F025,雙向層架式書桌-咖,家俱,2900.0,1.0,2018-03-30,2900.0,435.0000000000002,435.0,3074.0,李國發,Male,21,新北市,金融業和房地產,2018.0,3.0,30.0,1.0,20
ID04020,AC1701460,F025,雙向層架式書桌-咖,家俱,2900.0,1.0,2018-03-30,2900.0,435.0000000000002,435.0,3074.0,吳秉茵,Female,48,新北市,金融業和房地產,2018.0,3.0,30.0,1.0,40
ID04021,AC1702139,F014,大化妝包-黑,配件,1740.0,2.0,2018-04-05,3480.0,863.04,180.95999999999998,3688.8,錢榮昇,Male,36,宜蘭縣,金融業和房地產,2018.0,4.0,5.0,2.0,30
ID04022,AC1703331,F014,大化妝包-黑,配件,1740.0,2.0,2018-04-05,3480.0,863.04,180.95999999999998,3688.8,吳佩育,Male,40,基隆市,金融業和房地產,2018.0,4.0,5.0,2.0,40
ID04023,AC1702114,F008,法蘭絨格紋襯衫-黑,女裝,1800.0,2.0,2018-04-05,3600.0,594.0,486.00000000000006,3816.0,張嘉瑤,Female,33,新北市,金融業和房地產,2018.0,4.0,5.0,2.0,30
ID04024,AC1701124,F025,雙向層架式書桌-咖,家俱,2900.0,1.0,2018-03-30,2900.0,435.0000000000002,435.0,3074.0,黃惠富,Female,20,新北市,其他,2018.0,3.0,30.0,1.0,20
ID04025,AC1703881,F037,耐磨L型沙發-咖,家俱,17400.0,1.0,2018-03-30,17400.0,2610.0,2610.0,18444.0,廖偉蘋,Female,46,臺北市,其他,2018.0,3.0,30.0,1.0,40
ID04026,AC1703392,F014,大化妝包-黑,配件,1740.0,2.0,2018-04-05,3480.0,863.04,180.95999999999998,3688.8,洪虹元,Male,47,基隆市,住宿和餐飲業,2018.0,4.0,5.0,2.0,40
ID04027,AC1703836,F014,大化妝包-黑,配件,1740.0,2.0,2018-04-05,3480.0,863.04,180.95999999999998,3688.8,吳孟桓,Female,46,臺北市,其他,2018.0,4.0,5.0,2.0,40
ID04028,AC1702301,F009,大化妝包-深藍,配件,2100.0,2.0,2018-04-05,4200.0,1041.6,218.39999999999998,4452.0,張新毓,Male,58,桃園市,其他,2018.0,4.0,5.0,2.0,50
ID04029,AC1703473,F009,大化妝包-深藍,配件,2100.0,2.0,2018-04-05,4200.0,1041.6,218.39999999999998,4452.0,鄧琪芳,Female,28,基隆市,金融業和房地產,2018.0,4.0,5.0,2.0,20
ID04030,AC1701054,F025,雙向層架式書桌-咖,家俱,2900.0,1.0,2018-03-30,2900.0,435.0000000000002,435.0,3074.0,貢惟雅,Male,32,新北市,其他,2018.0,3.0,30.0,1.0,30
ID04031,AC1700373,F025,雙向層架式書桌-咖,家俱,2900.0,1.0,2018-03-30,2900.0,435.0000000000002,435.0,3074.0,游延萱,Female,46,新北市,金融業和房地產,2018.0,3.0,30.0,1.0,40
ID04032,AC1703579,F007,運動潮流連帽外套男裝-灰,男裝,1450.0,3.0,2018-04-05,4350.0,835.2,469.8,4611.0,黃儀新,Female,38,基隆市,其他,2018.0,4.0,5.0,2.0,30
ID04033,AC1701210,F007,運動潮流連帽外套男裝-灰,男裝,1450.0,3.0,2018-04-05,4350.0,835.2,469.8,4611.0,張書伸,Female,46,新北市,金融業和房地產,2018.0,4.0,5.0,2.0,40
ID04034,AC1700603,F007,運動潮流連帽外套男裝-灰,男裝,1450.0,3.0,2018-04-05,4350.0,835.2,469.8,4611.0,賴宛玲,Female,30,新北市,金融業和房地產,2018.0,4.0,5.0,2.0,30
ID04035,AC1701362,F007,運動潮流連帽外套男裝-灰,男裝,1450.0,3.0,2018-04-05,4350.0,835.2,469.8,4611.0,謝芃佩,Female,38,宜蘭縣,其他,2018.0,4.0,5.0,2.0,30
ID04036,AC1702126,F022,短夾-紅,皮件,2900.0,3.0,2018-04-05,8700.0,1983.6,626.4,9222.0,鄭玉玲,Female,36,宜蘭縣,住宿和餐飲業,2018.0,4.0,5.0,2.0,30
ID04037,AC1700746,F022,短夾-紅,皮件,2900.0,3.0,2018-04-05,8700.0,1983.6,626.4,9222.0,胡建佑,Male,39,新北市,住宿和餐飲業,2018.0,4.0,5.0,2.0,30
ID04038,AC1700576,F022,短夾-紅,皮件,2900.0,3.0,2018-04-05,8700.0,1983.6,626.4,9222.0,邱雅芳,Female,36,新北市,金融業和房地產,2018.0,4.0,5.0,2.0,30
ID04039,AC1701345,F022,短夾-紅,皮件,2900.0,3.0,2018-04-05,8700.0,1983.6,626.4,9222.0,許志宏,Male,40,宜蘭縣,金融業和房地產,2018.0,4.0,5.0,2.0,40
ID04040,AC1701663,F025,雙向層架式書桌-咖,家俱,2900.0,1.0,2018-03-30,2900.0,435.0000000000002,435.0,3074.0,王佩儒,Female,23,新北市,金融業和房地產,2018.0,3.0,30.0,1.0,20
ID04041,AC1703568,F025,雙向層架式書桌-咖,家俱,2900.0,1.0,2018-03-30,2900.0,435.0000000000002,435.0,3074.0,楊艾毓,Male,41,基隆市,金融業和房地產,2018.0,3.0,30.0,1.0,40
ID04042,AC1700429,F001,運動潮流連帽外套女裝-白,女裝,1450.0,1.0,2018-04-05,1450.0,239.2500000000001,195.75,1537.0,林建瑋,Male,23,新北市,金融業和房地產,2018.0,4.0,5.0,2.0,20
ID04043,AC1703344,F033,高機能伸縮衣架-黑,家俱,600.0,1.0,2018-04-05,600.0,90.0,90.0,636.0,黎凱心,Female,23,基隆市,金融業和房地產,2018.0,4.0,5.0,2.0,20
ID04044,AC1700417,F017,大學T男裝-灰,男裝,1200.0,1.0,2018-04-05,1200.0,230.4,129.6,1272.0,陳麗恬,Female,38,新北市,金融業和房地產,2018.0,4.0,5.0,2.0,30
ID04045,AC1703268,F003,印圖大學T男裝-藍,男裝,750.0,1.0,2018-04-05,750.0,144.0,81.0,795.0,張建智,Male,52,桃園市,住宿和餐飲業,2018.0,4.0,5.0,2.0,50
ID04046,AC1701358,F013,潮感印條連帽外套-男裝,男裝,1740.0,1.0,2018-04-05,1740.0,334.08000000000004,187.92,1844.4,陳世昌,Male,24,宜蘭縣,金融業和房地產,2018.0,4.0,5.0,2.0,20
ID04047,AC1703708,F001,運動潮流連帽外套女裝-白,女裝,1450.0,1.0,2018-04-05,1450.0,239.2500000000001,195.75,1537.0,胡冠儒,Male,47,基隆市,住宿和餐飲業,2018.0,4.0,5.0,2.0,40
ID04048,AC1700136,F002,運動潮流直筒棉褲男童-白,童裝,930.0,1.0,2018-04-05,930.0,163.68,115.32,985.8000000000001,宗志銘,Male,49,基隆市,農林漁牧業,2018.0,4.0,5.0,2.0,40
ID04049,AC1700097,F001,運動潮流連帽外套女裝-白,女裝,1450.0,1.0,2018-04-05,1450.0,239.2500000000001,195.75,1537.0,陳紫丞,Male,61,新北市,金融業和房地產,2018.0,4.0,5.0,2.0,60
ID04050,AC1703436,F016,後背包-藍,配件,890.0,1.0,2018-04-05,890.0,220.72,46.28,943.4000000000001,張雅雲,Female,42,基隆市,其他,2018.0,4.0,5.0,2.0,40
ID04051,AC1700217,F016,後背包-藍,配件,890.0,1.0,2018-04-05,890.0,220.72,46.28,943.4000000000001,黃瓊慧,Female,29,臺北市,農林漁牧業,2018.0,4.0,5.0,2.0,20
ID04052,AC1702536,F016,後背包-藍,配件,890.0,1.0,2018-04-05,890.0,220.72,46.28,943.4000000000001,楊易妃,Female,49,桃園市,其他,2018.0,4.0,5.0,2.0,40
ID04053,AC1701079,F016,後背包-藍,配件,890.0,1.0,2018-04-05,890.0,220.72,46.28,943.4000000000001,韓湘婷,Female,39,新北市,金融業和房地產,2018.0,4.0,5.0,2.0,30
ID04054,AC1703264,F016,後背包-藍,配件,890.0,1.0,2018-04-05,890.0,220.72,46.28,943.4000000000001,鐘華利,Male,53,桃園市,住宿和餐飲業,2018.0,4.0,5.0,2.0,50
ID04055,AC1700665,F038,經典美式純POLO-黑,女裝,980.0,1.0,2018-04-05,980.0,161.7,132.3,1038.8,劉瓊瑤,Male,30,新北市,金融業和房地產,2018.0,4.0,5.0,2.0,30
ID04056,AC1701728,F016,後背包-藍,配件,890.0,1.0,2018-04-05,890.0,220.72,46.28,943.4000000000001,陳劭孝,Female,42,新北市,金融業和房地產,2018.0,4.0,5.0,2.0,40
ID04057,AC1702068,F002,運動潮流直筒棉褲男童-白,童裝,930.0,1.0,2018-04-05,930.0,163.68,115.32,985.8000000000001,黃毓亦,Male,36,宜蘭縣,金融業和房地產,2018.0,4.0,5.0,2.0,30
ID04058,AC1703505,F002,運動潮流直筒棉褲男童-白,童裝,930.0,1.0,2018-04-05,930.0,163.68,115.32,985.8000000000001,許宛臻,Female,21,基隆市,金融業和房地產,2018.0,4.0,5.0,2.0,20
ID04059,AC1703867,F020,萬用包-黑,皮件,2900.0,1.0,2018-04-05,2900.0,661.2000000000003,208.79999999999998,3074.0,周俊憲,Male,39,臺北市,金融業和房地產,2018.0,4.0,5.0,2.0,30
ID04060,AC1700758,F010,中夾-紅,皮件,2610.0,1.0,2018-04-05,2610.0,595.0800000000003,187.92,2766.6000000000004,陳晉盛,Male,27,新北市,金融業和房地產,2018.0,4.0,5.0,2.0,20
ID04061,AC1702684,F017,大學T男裝-灰,男裝,1200.0,2.0,2018-04-05,2400.0,460.8,259.2,2544.0,黃秀美,Female,59,桃園市,農林漁牧業,2018.0,4.0,5.0,2.0,50
ID04062,AC1703754,F020,萬用包-黑,皮件,2900.0,1.0,2018-04-05,2900.0,661.2000000000003,208.79999999999998,3074.0,侯佳慧,Female,48,基隆市,金融業和房地產,2018.0,4.0,5.0,2.0,40
ID04063,AC1700958,F025,雙向層架式書桌-咖,家俱,2900.0,1.0,2018-04-05,2900.0,435.0000000000002,435.0,3074.0,張靖男,Female,44,新北市,其他,2018.0,4.0,5.0,2.0,40
ID04064,AC1702478,F025,雙向層架式書桌-咖,家俱,2900.0,1.0,2018-04-05,2900.0,435.0000000000002,435.0,3074.0,蔡韋志,Male,44,桃園市,金融業和房地產,2018.0,4.0,5.0,2.0,40
ID04065,AC1700458,F014,大化妝包-黑,配件,1740.0,2.0,2018-04-05,3480.0,863.04,180.95999999999998,3688.8,黃彥治,Male,30,新北市,金融業和房地產,2018.0,4.0,5.0,2.0,30
ID04066,AC1703873,F014,大化妝包-黑,配件,1740.0,2.0,2018-04-05,3480.0,863.04,180.95999999999998,3688.8,陳致坤,Male,44,臺北市,金融業和房地產,2018.0,4.0,5.0,2.0,40
ID04067,AC1701164,F008,法蘭絨格紋襯衫-黑,女裝,1800.0,2.0,2018-04-05,3600.0,594.0,486.00000000000006,3816.0,魏冠儒,Female,31,新北市,其他,2018.0,4.0,5.0,2.0,30
ID04068,AC1703636,F025,雙向層架式書桌-咖,家俱,2900.0,1.0,2018-04-05,2900.0,435.0000000000002,435.0,3074.0,潘郁婷,Female,31,基隆市,住宿和餐飲業,2018.0,4.0,5.0,2.0,30
ID04069,AC1703866,F025,雙向層架式書桌-咖,家俱,2900.0,1.0,2018-04-05,2900.0,435.0000000000002,435.0,3074.0,鄧凱鈞,Male,52,臺北市,金融業和房地產,2018.0,4.0,5.0,2.0,50
ID04070,AC1703841,F014,大化妝包-黑,配件,1740.0,2.0,2018-04-05,3480.0,863.04,180.95999999999998,3688.8,陳廷齊,Female,38,臺北市,其他,2018.0,4.0,5.0,2.0,30
ID04071,AC1703605,F014,大化妝包-黑,配件,1740.0,2.0,2018-04-05,3480.0,863.04,180.95999999999998,3688.8,張旻妤,Female,20,基隆市,其他,2018.0,4.0,5.0,2.0,20
ID04072,AC1702901,F009,大化妝包-深藍,配件,2100.0,2.0,2018-04-05,4200.0,1041.6,218.39999999999998,4452.0,趙怡廷,Female,49,桃園市,其他,2018.0,4.0,5.0,2.0,40
ID04073,AC1702491,F009,大化妝包-深藍,配件,2100.0,2.0,2018-04-05,4200.0,1041.6,218.39999999999998,4452.0,陳昱毓,Male,43,桃園市,住宿和餐飲業,2018.0,4.0,5.0,2.0,40
ID04074,AC1700750,F015,法蘭絨格紋襯衫-紅,女裝,1740.0,2.0,2018-04-05,3480.0,574.2,469.8,3688.8,陳宛瑞,Female,38,新北市,其他,2018.0,4.0,5.0,2.0,30
ID04075,AC1701013,F015,法蘭絨格紋襯衫-紅,女裝,1740.0,2.0,2018-04-05,3480.0,574.2,469.8,3688.8,陳思潔,Male,41,新北市,金融業和房地產,2018.0,4.0,5.0,2.0,40
ID04076,AC1701569,F007,運動潮流連帽外套男裝-灰,男裝,1450.0,3.0,2018-04-05,4350.0,835.2,469.8,4611.0,蕭佳雯,Female,34,宜蘭縣,其他,2018.0,4.0,5.0,2.0,30
ID04077,AC1700822,F007,運動潮流連帽外套男裝-灰,男裝,1450.0,3.0,2018-04-05,4350.0,835.2,469.8,4611.0,顏宗翰,Male,33,新北市,教育體育文化,2018.0,4.0,5.0,2.0,30
ID04078,AC1700279,F007,運動潮流連帽外套男裝-灰,男裝,1450.0,3.0,2018-04-05,4350.0,835.2,469.8,4611.0,王淑康,Male,31,新北市,住宿和餐飲業,2018.0,4.0,5.0,2.0,30
ID04079,AC1700118,F007,運動潮流連帽外套男裝-灰,男裝,1450.0,3.0,2018-04-05,4350.0,835.2,469.8,4611.0,曹姿妤,Female,47,新北市,金融業和房地產,2018.0,4.0,5.0,2.0,40
ID04080,AC1701857,F022,短夾-紅,皮件,2900.0,3.0,2018-04-05,8700.0,1983.6,626.4,9222.0,林淑娟,Female,42,新北市,金融業和房地產,2018.0,4.0,5.0,2.0,40
ID04081,AC1701705,F022,短夾-紅,皮件,2900.0,3.0,2018-04-05,8700.0,1983.6,626.4,9222.0,魏金鳳,Male,41,宜蘭縣,住宿和餐飲業,2018.0,4.0,5.0,2.0,40
ID04082,AC1701688,F022,短夾-紅,皮件,2900.0,3.0,2018-04-05,8700.0,1983.6,626.4,9222.0,楊孟哲,Male,37,宜蘭縣,金融業和房地產,2018.0,4.0,5.0,2.0,30
ID04083,AC1703161,F022,短夾-紅,皮件,2900.0,3.0,2018-04-05,8700.0,1983.6,626.4,9222.0,白志成,Male,43,桃園市,住宿和餐飲業,2018.0,4.0,5.0,2.0,40
ID04084,AC1701969,F015,法蘭絨格紋襯衫-紅,女裝,1740.0,2.0,2018-04-05,3480.0,574.2,469.8,3688.8,駱婉如,Female,36,宜蘭縣,其他,2018.0,4.0,5.0,2.0,30
ID04085,AC1700458,F015,法蘭絨格紋襯衫-紅,女裝,1740.0,2.0,2018-04-05,3480.0,574.2,469.8,3688.8,黃彥治,Male,30,新北市,金融業和房地產,2018.0,4.0,5.0,2.0,30
ID04086,AC1702160,F001,運動潮流連帽外套女裝-白,女裝,1450.0,1.0,2018-04-05,1450.0,239.2500000000001,195.75,1537.0,李秀和,Female,48,桃園市,教育體育文化,2018.0,4.0,5.0,2.0,40
ID04087,AC1703402,F033,高機能伸縮衣架-黑,家俱,600.0,1.0,2018-04-05,600.0,90.0,90.0,636.0,郭美珠,Female,28,基隆市,住宿和餐飲業,2018.0,4.0,5.0,2.0,20
ID04088,AC1700345,F017,大學T男裝-灰,男裝,1200.0,1.0,2018-04-05,1200.0,230.4,129.6,1272.0,邱孝娥,Female,45,新北市,金融業和房地產,2018.0,4.0,5.0,2.0,40
ID04089,AC1703259,F003,印圖大學T男裝-藍,男裝,750.0,1.0,2018-04-05,750.0,144.0,81.0,795.0,王嘉玲,Female,39,桃園市,教育體育文化,2018.0,4.0,5.0,2.0,30
ID04090,AC1702971,F013,潮感印條連帽外套-男裝,男裝,1740.0,1.0,2018-04-05,1740.0,334.08000000000004,187.92,1844.4,周幼昇,Male,48,桃園市,其他,2018.0,4.0,5.0,2.0,40
ID04091,AC1703824,F001,運動潮流連帽外套女裝-白,女裝,1450.0,1.0,2018-04-05,1450.0,239.2500000000001,195.75,1537.0,李明州,Male,42,臺北市,金融業和房地產,2018.0,4.0,5.0,2.0,40
ID04092,AC1702447,F002,運動潮流直筒棉褲男童-白,童裝,930.0,1.0,2018-04-05,930.0,163.68,115.32,985.8000000000001,郭俊偉,Male,41,桃園市,住宿和餐飲業,2018.0,4.0,5.0,2.0,40
ID04093,AC1703958,F001,運動潮流連帽外套女裝-白,女裝,1450.0,1.0,2018-04-05,1450.0,239.2500000000001,195.75,1537.0,林志豪,Male,44,臺北市,其他,2018.0,4.0,5.0,2.0,40
ID04094,AC1702537,F016,後背包-藍,配件,890.0,1.0,2018-04-05,890.0,220.72,46.28,943.4000000000001,李怡臻,Male,51,桃園市,其他,2018.0,4.0,5.0,2.0,50
ID04095,AC1701495,F016,後背包-藍,配件,890.0,1.0,2018-04-05,890.0,220.72,46.28,943.4000000000001,林辛紫,Female,32,新北市,金融業和房地產,2018.0,4.0,5.0,2.0,30
ID04096,AC1701272,F016,後背包-藍,配件,890.0,1.0,2018-04-05,890.0,220.72,46.28,943.4000000000001,楊松明,Female,38,新北市,其他,2018.0,4.0,5.0,2.0,30
ID04097,AC1700601,F016,後背包-藍,配件,890.0,1.0,2018-04-05,890.0,220.72,46.28,943.4000000000001,李秀慧,Female,34,新北市,其他,2018.0,4.0,5.0,2.0,30
ID04098,AC1703443,F016,後背包-藍,配件,890.0,1.0,2018-04-05,890.0,220.72,46.28,943.4000000000001,吳宣典,Male,38,基隆市,金融業和房地產,2018.0,4.0,5.0,2.0,30
ID04099,AC1703424,F038,經典美式純POLO-黑,女裝,980.0,1.0,2018-04-05,980.0,161.7,132.3,1038.8,林可青,Female,45,基隆市,金融業和房地產,2018.0,4.0,5.0,2.0,40
ID04100,AC1703111,F016,後背包-藍,配件,890.0,1.0,2018-04-05,890.0,220.72,46.28,943.4000000000001,盧仰方,Male,42,桃園市,教育體育文化,2018.0,4.0,5.0,2.0,40
ID04101,AC1703158,F002,運動潮流直筒棉褲男童-白,童裝,930.0,1.0,2018-04-05,930.0,163.68,115.32,985.8000000000001,王聖凱,Male,44,桃園市,住宿和餐飲業,2018.0,4.0,5.0,2.0,40
ID04102,AC1701231,F002,運動潮流直筒棉褲男童-白,童裝,930.0,1.0,2018-04-05,930.0,163.68,115.32,985.8000000000001,蔡苡琴,Male,28,新北市,金融業和房地產,2018.0,4.0,5.0,2.0,20
ID04103,AC1700042,F020,萬用包-黑,皮件,2900.0,1.0,2018-04-05,2900.0,661.2000000000003,208.79999999999998,3074.0,陳慶旺,Male,49,基隆市,金融業和房地產,2018.0,4.0,5.0,2.0,40
ID04104,AC1700859,F010,中夾-紅,皮件,2610.0,1.0,2018-04-05,2610.0,595.0800000000003,187.92,2766.6000000000004,陳育維,Male,44,新北市,金融業和房地產,2018.0,4.0,5.0,2.0,40
ID04105,AC1701415,F017,大學T男裝-灰,男裝,1200.0,2.0,2018-04-05,2400.0,460.8,259.2,2544.0,林志州,Male,35,宜蘭縣,金融業和房地產,2018.0,4.0,5.0,2.0,30
ID04106,AC1702210,F020,萬用包-黑,皮件,2900.0,1.0,2018-04-05,2900.0,661.2000000000003,208.79999999999998,3074.0,楊宜君,Female,41,桃園市,其他,2018.0,4.0,5.0,2.0,40
ID04107,AC1701575,F025,雙向層架式書桌-咖,家俱,2900.0,1.0,2018-04-05,2900.0,435.0000000000002,435.0,3074.0,吳佳雯,Female,29,新北市,住宿和餐飲業,2018.0,4.0,5.0,2.0,20
ID04108,AC1703826,F025,雙向層架式書桌-咖,家俱,2900.0,1.0,2018-04-05,2900.0,435.0000000000002,435.0,3074.0,黃國琇,Female,38,臺北市,其他,2018.0,4.0,5.0,2.0,30
ID04109,AC1701794,F014,大化妝包-黑,配件,1740.0,2.0,2018-04-05,3480.0,863.04,180.95999999999998,3688.8,李仲枝,Male,35,宜蘭縣,住宿和餐飲業,2018.0,4.0,5.0,2.0,30
ID04110,AC1703938,F014,大化妝包-黑,配件,1740.0,2.0,2018-04-05,3480.0,863.04,180.95999999999998,3688.8,陳書瑋,Male,70,臺北市,其他,2018.0,4.0,5.0,2.0,70
ID04111,AC1700940,F008,法蘭絨格紋襯衫-黑,女裝,1800.0,2.0,2018-04-05,3600.0,594.0,486.00000000000006,3816.0,黃牧淑,Female,32,新北市,金融業和房地產,2018.0,4.0,5.0,2.0,30
ID04112,AC1700057,F025,雙向層架式書桌-咖,家俱,2900.0,1.0,2018-04-05,2900.0,435.0000000000002,435.0,3074.0,方雅琪,Female,45,基隆市,金融業和房地產,2018.0,4.0,5.0,2.0,40
ID04113,AC1702738,F025,雙向層架式書桌-咖,家俱,2900.0,1.0,2018-04-05,2900.0,435.0000000000002,435.0,3074.0,郭合治,Male,50,桃園市,其他,2018.0,4.0,5.0,2.0,50
ID04114,AC1700056,F014,大化妝包-黑,配件,1740.0,2.0,2018-04-05,3480.0,863.04,180.95999999999998,3688.8,黃雅文,Female,53,基隆市,其他,2018.0,4.0,5.0,2.0,50
ID04115,AC1702868,F014,大化妝包-黑,配件,1740.0,2.0,2018-04-05,3480.0,863.04,180.95999999999998,3688.8,洪偉順,Male,60,桃園市,住宿和餐飲業,2018.0,4.0,5.0,2.0,60
ID04116,AC1700108,F009,大化妝包-深藍,配件,2100.0,2.0,2018-04-05,4200.0,1041.6,218.39999999999998,4452.0,楊睿以,Male,47,新北市,教育體育文化,2018.0,4.0,5.0,2.0,40
ID04117,AC1702878,F009,大化妝包-深藍,配件,2100.0,2.0,2018-04-05,4200.0,1041.6,218.39999999999998,4452.0,陳宜裕,Male,52,桃園市,其他,2018.0,4.0,5.0,2.0,50
ID04118,AC1701403,F015,法蘭絨格紋襯衫-紅,女裝,1740.0,2.0,2018-04-05,3480.0,574.2,469.8,3688.8,鄭志成,Male,45,宜蘭縣,其他,2018.0,4.0,5.0,2.0,40
ID04119,AC1701007,F015,法蘭絨格紋襯衫-紅,女裝,1740.0,2.0,2018-04-05,3480.0,574.2,469.8,3688.8,林慧柏,Male,31,新北市,住宿和餐飲業,2018.0,4.0,5.0,2.0,30
ID04120,AC1700022,F007,運動潮流連帽外套男裝-灰,男裝,1450.0,3.0,2018-04-05,4350.0,835.2,469.8,4611.0,杜靜怡,Female,50,臺北市,金融業和房地產,2018.0,4.0,5.0,2.0,50
ID04121,AC1703226,F007,運動潮流連帽外套男裝-灰,男裝,1450.0,3.0,2018-04-05,4350.0,835.2,469.8,4611.0,黃馥禾,Male,49,桃園市,其他,2018.0,4.0,5.0,2.0,40
ID04122,AC1703235,F007,運動潮流連帽外套男裝-灰,男裝,1450.0,3.0,2018-04-05,4350.0,835.2,469.8,4611.0,楊喬霖,Male,61,桃園市,住宿和餐飲業,2018.0,4.0,5.0,2.0,60
ID04123,AC1701991,F007,運動潮流連帽外套男裝-灰,男裝,1450.0,3.0,2018-04-05,4350.0,835.2,469.8,4611.0,楊兆珍,Female,28,新北市,住宿和餐飲業,2018.0,4.0,5.0,2.0,20
ID04124,AC1701485,F022,短夾-紅,皮件,2900.0,3.0,2018-04-05,8700.0,1983.6,626.4,9222.0,陳志燦,Male,38,宜蘭縣,其他,2018.0,4.0,5.0,2.0,30
ID04125,AC1703016,F022,短夾-紅,皮件,2900.0,3.0,2018-04-05,8700.0,1983.6,626.4,9222.0,曹惟谷,Male,52,桃園市,住宿和餐飲業,2018.0,4.0,5.0,2.0,50
ID04126,AC1701123,F022,短夾-紅,皮件,2900.0,3.0,2018-04-05,8700.0,1983.6,626.4,9222.0,魏雅惠,Male,48,新北市,金融業和房地產,2018.0,4.0,5.0,2.0,40
ID04127,AC1702341,F022,短夾-紅,皮件,2900.0,3.0,2018-04-05,8700.0,1983.6,626.4,9222.0,許郁愛,Female,52,桃園市,其他,2018.0,4.0,5.0,2.0,50
ID04128,AC1702944,F015,法蘭絨格紋襯衫-紅,女裝,1740.0,2.0,2018-04-05,3480.0,574.2,469.8,3688.8,陳雅琳,Female,57,桃園市,其他,2018.0,4.0,5.0,2.0,50
ID04129,AC1700566,F015,法蘭絨格紋襯衫-紅,女裝,1740.0,2.0,2018-04-05,3480.0,574.2,469.8,3688.8,黃嘉堯,Male,43,新北市,金融業和房地產,2018.0,4.0,5.0,2.0,40
ID04130,AC1703271,F001,運動潮流連帽外套女裝-白,女裝,1450.0,1.0,2018-04-05,1450.0,239.2500000000001,195.75,1537.0,連俊豪,Female,44,桃園市,其他,2018.0,4.0,5.0,2.0,40
ID04131,AC1702523,F033,高機能伸縮衣架-黑,家俱,600.0,1.0,2018-04-05,600.0,90.0,90.0,636.0,蔡哲桂,Male,50,桃園市,金融業和房地產,2018.0,4.0,5.0,2.0,50
ID04132,AC1700753,F017,大學T男裝-灰,男裝,1200.0,1.0,2018-04-05,1200.0,230.4,129.6,1272.0,徐順宜,Male,31,新北市,金融業和房地產,2018.0,4.0,5.0,2.0,30
ID04133,AC1700374,F003,印圖大學T男裝-藍,男裝,750.0,1.0,2018-04-05,750.0,144.0,81.0,795.0,沈茹琦,Female,63,新北市,金融業和房地產,2018.0,4.0,5.0,2.0,60
ID04134,AC1701618,F013,潮感印條連帽外套-男裝,男裝,1740.0,1.0,2018-04-05,1740.0,334.08000000000004,187.92,1844.4,林容東,Male,43,宜蘭縣,金融業和房地產,2018.0,4.0,5.0,2.0,40
ID04135,AC1700638,F001,運動潮流連帽外套女裝-白,女裝,1450.0,1.0,2018-04-05,1450.0,239.2500000000001,195.75,1537.0,闕長嬌,Female,34,新北市,金融業和房地產,2018.0,4.0,5.0,2.0,30
ID04136,AC1702601,F002,運動潮流直筒棉褲男童-白,童裝,930.0,1.0,2018-04-05,930.0,163.68,115.32,985.8000000000001,林財玄,Female,54,桃園市,其他,2018.0,4.0,5.0,2.0,50
ID04137,AC1701678,F001,運動潮流連帽外套女裝-白,女裝,1450.0,1.0,2018-04-05,1450.0,239.2500000000001,195.75,1537.0,陳慶郁,Male,31,宜蘭縣,其他,2018.0,4.0,5.0,2.0,30
ID04138,AC1701750,F016,後背包-藍,配件,890.0,1.0,2018-04-05,890.0,220.72,46.28,943.4000000000001,陳禹芃,Female,32,新北市,金融業和房地產,2018.0,4.0,5.0,2.0,30
ID04139,AC1703727,F016,後背包-藍,配件,890.0,1.0,2018-04-05,890.0,220.72,46.28,943.4000000000001,林怡智,Male,42,基隆市,金融業和房地產,2018.0,4.0,5.0,2.0,40
ID04140,AC1701776,F016,後背包-藍,配件,890.0,1.0,2018-04-05,890.0,220.72,46.28,943.4000000000001,楊嬌韻,Female,40,新北市,其他,2018.0,4.0,5.0,2.0,40
ID04141,AC1702443,F016,後背包-藍,配件,890.0,1.0,2018-04-05,890.0,220.72,46.28,943.4000000000001,吳雅雯,Female,55,桃園市,其他,2018.0,4.0,5.0,2.0,50
ID04142,AC1701998,F016,後背包-藍,配件,890.0,1.0,2018-04-05,890.0,220.72,46.28,943.4000000000001,黃彥琳,Female,26,新北市,金融業和房地產,2018.0,4.0,5.0,2.0,20
ID04143,AC1701452,F038,經典美式純POLO-黑,女裝,980.0,1.0,2018-04-05,980.0,161.7,132.3,1038.8,蕭孟哲,Male,30,宜蘭縣,金融業和房地產,2018.0,4.0,5.0,2.0,30
ID04144,AC1701245,F016,後背包-藍,配件,890.0,1.0,2018-04-05,890.0,220.72,46.28,943.4000000000001,馮志鴻,Male,30,新北市,金融業和房地產,2018.0,4.0,5.0,2.0,30
ID04145,AC1701260,F002,運動潮流直筒棉褲男童-白,童裝,930.0,1.0,2018-04-05,930.0,163.68,115.32,985.8000000000001,郭奇淑,Male,34,新北市,金融業和房地產,2018.0,4.0,5.0,2.0,30
ID04146,AC1701257,F002,運動潮流直筒棉褲男童-白,童裝,930.0,1.0,2018-04-05,930.0,163.68,115.32,985.8000000000001,林東年,Female,38,新北市,金融業和房地產,2018.0,4.0,5.0,2.0,30
ID04147,AC1701013,F020,萬用包-黑,皮件,2900.0,1.0,2018-04-05,2900.0,661.2000000000003,208.79999999999998,3074.0,陳思潔,Male,41,新北市,金融業和房地產,2018.0,4.0,5.0,2.0,40
ID04148,AC1703574,F010,中夾-紅,皮件,2610.0,1.0,2018-04-05,2610.0,595.0800000000003,187.92,2766.6000000000004,陳郁一,Male,34,基隆市,金融業和房地產,2018.0,4.0,5.0,2.0,30
ID04149,AC1700606,F017,大學T男裝-灰,男裝,1200.0,2.0,2018-04-05,2400.0,460.8,259.2,2544.0,劉美惠,Female,33,新北市,其他,2018.0,4.0,5.0,2.0,30
ID04150,AC1702064,F020,萬用包-黑,皮件,2900.0,1.0,2018-04-05,2900.0,661.2000000000003,208.79999999999998,3074.0,陳亭靖,Male,28,宜蘭縣,住宿和餐飲業,2018.0,4.0,5.0,2.0,20
ID04151,AC1702448,F025,雙向層架式書桌-咖,家俱,2900.0,1.0,2018-04-05,2900.0,435.0000000000002,435.0,3074.0,吳佳純,Male,45,桃園市,住宿和餐飲業,2018.0,4.0,5.0,2.0,40
ID04152,AC1703241,F025,雙向層架式書桌-咖,家俱,2900.0,1.0,2018-04-05,2900.0,435.0000000000002,435.0,3074.0,藍哲嘉,Male,48,桃園市,住宿和餐飲業,2018.0,4.0,5.0,2.0,40
ID04153,AC1703991,F014,大化妝包-黑,配件,1740.0,2.0,2018-04-05,3480.0,863.04,180.95999999999998,3688.8,蔡宗亞,Female,63,臺北市,金融業和房地產,2018.0,4.0,5.0,2.0,60
ID04154,AC1701757,F014,大化妝包-黑,配件,1740.0,2.0,2018-04-05,3480.0,863.04,180.95999999999998,3688.8,金奇琇,Female,53,新北市,其他,2018.0,4.0,5.0,2.0,50
ID04155,AC1703314,F008,法蘭絨格紋襯衫-黑,女裝,1800.0,2.0,2018-04-05,3600.0,594.0,486.00000000000006,3816.0,胡欣怡,Female,42,基隆市,住宿和餐飲業,2018.0,4.0,5.0,2.0,40
ID04156,AC1700595,F025,雙向層架式書桌-咖,家俱,2900.0,1.0,2018-04-05,2900.0,435.0000000000002,435.0,3074.0,林君來,Male,58,新北市,金融業和房地產,2018.0,4.0,5.0,2.0,50
ID04157,AC1703055,F025,雙向層架式書桌-咖,家俱,2900.0,1.0,2018-04-05,2900.0,435.0000000000002,435.0,3074.0,王剛源,Male,51,桃園市,住宿和餐飲業,2018.0,4.0,5.0,2.0,50
ID04158,AC1701857,F014,大化妝包-黑,配件,1740.0,2.0,2018-04-05,3480.0,863.04,180.95999999999998,3688.8,林淑娟,Female,42,新北市,金融業和房地產,2018.0,4.0,5.0,2.0,40
ID04159,AC1702563,F014,大化妝包-黑,配件,1740.0,2.0,2018-04-05,3480.0,863.04,180.95999999999998,3688.8,翁君以,Male,53,桃園市,其他,2018.0,4.0,5.0,2.0,50
ID04160,AC1700650,F009,大化妝包-深藍,配件,2100.0,2.0,2018-04-05,4200.0,1041.6,218.39999999999998,4452.0,蔡光琇,Male,43,新北市,金融業和房地產,2018.0,4.0,5.0,2.0,40
ID04161,AC1703769,F009,大化妝包-深藍,配件,2100.0,2.0,2018-04-05,4200.0,1041.6,218.39999999999998,4452.0,陳彥宏,Male,35,基隆市,其他,2018.0,4.0,5.0,2.0,30
ID04162,AC1703282,F015,法蘭絨格紋襯衫-紅,女裝,1740.0,2.0,2018-04-05,3480.0,574.2,469.8,3688.8,陳麗君,Female,51,桃園市,住宿和餐飲業,2018.0,4.0,5.0,2.0,50
ID04163,AC1702394,F015,法蘭絨格紋襯衫-紅,女裝,1740.0,2.0,2018-04-05,3480.0,574.2,469.8,3688.8,陳振萍,Female,49,桃園市,住宿和餐飲業,2018.0,4.0,5.0,2.0,40
ID04164,AC1702109,F007,運動潮流連帽外套男裝-灰,男裝,1450.0,3.0,2018-04-05,4350.0,835.2,469.8,4611.0,邱春妹,Female,32,宜蘭縣,金融業和房地產,2018.0,4.0,5.0,2.0,30
ID04165,AC1700712,F007,運動潮流連帽外套男裝-灰,男裝,1450.0,3.0,2018-04-05,4350.0,835.2,469.8,4611.0,林長芳,Female,39,新北市,金融業和房地產,2018.0,4.0,5.0,2.0,30
ID04166,AC1701218,F007,運動潮流連帽外套男裝-灰,男裝,1450.0,3.0,2018-04-05,4350.0,835.2,469.8,4611.0,李子妃,Male,33,新北市,金融業和房地產,2018.0,4.0,5.0,2.0,30
ID04167,AC1703606,F007,運動潮流連帽外套男裝-灰,男裝,1450.0,3.0,2018-04-05,4350.0,835.2,469.8,4611.0,洪馨儀,Female,35,基隆市,住宿和餐飲業,2018.0,4.0,5.0,2.0,30
ID04168,AC1702348,F022,短夾-紅,皮件,2900.0,3.0,2018-04-05,8700.0,1983.6,626.4,9222.0,陳雅容,Female,60,桃園市,其他,2018.0,4.0,5.0,2.0,60
ID04169,AC1702791,F022,短夾-紅,皮件,2900.0,3.0,2018-04-05,8700.0,1983.6,626.4,9222.0,邱玉娟,Female,61,桃園市,住宿和餐飲業,2018.0,4.0,5.0,2.0,60
ID04170,AC1701852,F022,短夾-紅,皮件,2900.0,3.0,2018-04-05,8700.0,1983.6,626.4,9222.0,林嘉虹,Female,42,新北市,金融業和房地產,2018.0,4.0,5.0,2.0,40
ID04171,AC1700517,F022,短夾-紅,皮件,2900.0,3.0,2018-04-05,8700.0,1983.6,626.4,9222.0,陳奕傑,Male,47,新北市,教育體育文化,2018.0,4.0,5.0,2.0,40
ID04172,AC1703255,F015,法蘭絨格紋襯衫-紅,女裝,1740.0,2.0,2018-04-05,3480.0,574.2,469.8,3688.8,潘冠宇,Male,41,桃園市,住宿和餐飲業,2018.0,4.0,5.0,2.0,40
ID04173,AC1700515,F015,法蘭絨格紋襯衫-紅,女裝,1740.0,2.0,2018-04-05,3480.0,574.2,469.8,3688.8,施白貴,Male,30,新北市,教育體育文化,2018.0,4.0,5.0,2.0,30
ID04174,AC1703385,F001,運動潮流連帽外套女裝-白,女裝,1450.0,1.0,2018-04-05,1450.0,239.2500000000001,195.75,1537.0,陳慧彥,Female,30,基隆市,金融業和房地產,2018.0,4.0,5.0,2.0,30
ID04175,AC1700750,F033,高機能伸縮衣架-黑,家俱,600.0,1.0,2018-04-05,600.0,90.0,90.0,636.0,陳宛瑞,Female,38,新北市,其他,2018.0,4.0,5.0,2.0,30
ID04176,AC1701787,F017,大學T男裝-灰,男裝,1200.0,1.0,2018-04-05,1200.0,230.4,129.6,1272.0,林若合,Male,34,宜蘭縣,住宿和餐飲業,2018.0,4.0,5.0,2.0,30
ID04177,AC1700028,F003,印圖大學T男裝-藍,男裝,750.0,1.0,2018-04-05,750.0,144.0,81.0,795.0,顏漢學,Male,52,臺北市,其他,2018.0,4.0,5.0,2.0,50
ID04178,AC1702961,F013,潮感印條連帽外套-男裝,男裝,1740.0,1.0,2018-04-05,1740.0,334.08000000000004,187.92,1844.4,郭淑元,Male,55,桃園市,住宿和餐飲業,2018.0,4.0,5.0,2.0,50
ID04179,AC1701141,F001,運動潮流連帽外套女裝-白,女裝,1450.0,1.0,2018-04-05,1450.0,239.2500000000001,195.75,1537.0,謝大平,Male,46,新北市,金融業和房地產,2018.0,4.0,5.0,2.0,40
ID04180,AC1701152,F002,運動潮流直筒棉褲男童-白,童裝,930.0,1.0,2018-04-05,930.0,163.68,115.32,985.8000000000001,韓函富,Male,34,新北市,金融業和房地產,2018.0,4.0,5.0,2.0,30
ID04181,AC1703035,F001,運動潮流連帽外套女裝-白,女裝,1450.0,1.0,2018-04-05,1450.0,239.2500000000001,195.75,1537.0,張宗毅,Male,58,桃園市,住宿和餐飲業,2018.0,4.0,5.0,2.0,50
ID04182,AC1701108,F016,後背包-藍,配件,890.0,1.0,2018-04-05,890.0,220.72,46.28,943.4000000000001,王怡婷,Female,28,新北市,金融業和房地產,2018.0,4.0,5.0,2.0,20
ID04183,AC1700945,F016,後背包-藍,配件,890.0,1.0,2018-04-05,890.0,220.72,46.28,943.4000000000001,李志郁,Female,35,新北市,金融業和房地產,2018.0,4.0,5.0,2.0,30
ID04184,AC1703290,F016,後背包-藍,配件,890.0,1.0,2018-04-05,890.0,220.72,46.28,943.4000000000001,陳嘉玲,Female,36,基隆市,金融業和房地產,2018.0,4.0,5.0,2.0,30
ID04185,AC1702546,F016,後背包-藍,配件,890.0,1.0,2018-04-05,890.0,220.72,46.28,943.4000000000001,謝怡文,Male,44,桃園市,住宿和餐飲業,2018.0,4.0,5.0,2.0,40
ID04186,AC1702497,F016,後背包-藍,配件,890.0,1.0,2018-04-05,890.0,220.72,46.28,943.4000000000001,鄧筱婷,Male,55,桃園市,其他,2018.0,4.0,5.0,2.0,50
ID04187,AC1700902,F038,經典美式純POLO-黑,女裝,980.0,1.0,2018-04-05,980.0,161.7,132.3,1038.8,童仁豪,Female,47,新北市,金融業和房地產,2018.0,4.0,5.0,2.0,40
ID04188,AC1703033,F016,後背包-藍,配件,890.0,1.0,2018-04-05,890.0,220.72,46.28,943.4000000000001,楊筱涵,Female,51,桃園市,住宿和餐飲業,2018.0,4.0,5.0,2.0,50
ID04189,AC1703405,F002,運動潮流直筒棉褲男童-白,童裝,930.0,1.0,2018-04-05,930.0,163.68,115.32,985.8000000000001,陳姿汝,Female,38,基隆市,住宿和餐飲業,2018.0,4.0,5.0,2.0,30
ID04190,AC1701430,F002,運動潮流直筒棉褲男童-白,童裝,930.0,1.0,2018-04-05,930.0,163.68,115.32,985.8000000000001,李之威,Male,29,宜蘭縣,金融業和房地產,2018.0,4.0,5.0,2.0,20
ID04191,AC1702185,F020,萬用包-黑,皮件,2900.0,1.0,2018-04-05,2900.0,661.2000000000003,208.79999999999998,3074.0,蔡忠翰,Male,51,桃園市,住宿和餐飲業,2018.0,4.0,5.0,2.0,50
ID04192,AC1702518,F010,中夾-紅,皮件,2610.0,1.0,2018-04-05,2610.0,595.0800000000003,187.92,2766.6000000000004,陳海竹,Female,45,桃園市,其他,2018.0,4.0,5.0,2.0,40
ID04193,AC1701910,F017,大學T男裝-灰,男裝,1200.0,2.0,2018-04-05,2400.0,460.8,259.2,2544.0,陳建宇,Male,51,宜蘭縣,金融業和房地產,2018.0,4.0,5.0,2.0,50
ID04194,AC1701916,F020,萬用包-黑,皮件,2900.0,1.0,2018-04-05,2900.0,661.2000000000003,208.79999999999998,3074.0,蔡冠陽,Male,39,宜蘭縣,金融業和房地產,2018.0,4.0,5.0,2.0,30
ID04195,AC1703154,F025,雙向層架式書桌-咖,家俱,2900.0,1.0,2018-04-05,2900.0,435.0000000000002,435.0,3074.0,王仕勇,Female,56,桃園市,住宿和餐飲業,2018.0,4.0,5.0,2.0,50
ID04196,AC1702995,F025,雙向層架式書桌-咖,家俱,2900.0,1.0,2018-04-05,2900.0,435.0000000000002,435.0,3074.0,曾初宸,Male,52,桃園市,金融業和房地產,2018.0,4.0,5.0,2.0,50
ID04197,AC1702024,F014,大化妝包-黑,配件,1740.0,2.0,2018-04-05,3480.0,863.04,180.95999999999998,3688.8,林子翔,Male,26,宜蘭縣,教育體育文化,2018.0,4.0,5.0,2.0,20
ID04198,AC1702457,F014,大化妝包-黑,配件,1740.0,2.0,2018-04-05,3480.0,863.04,180.95999999999998,3688.8,徐雅雯,Female,49,桃園市,其他,2018.0,4.0,5.0,2.0,40
ID04199,AC1700299,F008,法蘭絨格紋襯衫-黑,女裝,1800.0,2.0,2018-04-05,3600.0,594.0,486.00000000000006,3816.0,霍思潔,Female,63,新北市,金融業和房地產,2018.0,4.0,5.0,2.0,60
ID04200,AC1703085,F025,雙向層架式書桌-咖,家俱,2900.0,1.0,2018-04-05,2900.0,435.0000000000002,435.0,3074.0,林秀妏,Female,61,桃園市,住宿和餐飲業,2018.0,4.0,5.0,2.0,60
ID04201,AC1701619,F025,雙向層架式書桌-咖,家俱,2900.0,1.0,2018-04-05,2900.0,435.0000000000002,435.0,3074.0,昌蘭安,Female,32,新北市,金融業和房地產,2018.0,4.0,5.0,2.0,30
ID04202,AC1702538,F014,大化妝包-黑,配件,1740.0,2.0,2018-04-05,3480.0,863.04,180.95999999999998,3688.8,鄭冠蘭,Female,52,桃園市,住宿和餐飲業,2018.0,4.0,5.0,2.0,50
ID04203,AC1702278,F014,大化妝包-黑,配件,1740.0,2.0,2018-04-05,3480.0,863.04,180.95999999999998,3688.8,林靜怡,Male,51,桃園市,住宿和餐飲業,2018.0,4.0,5.0,2.0,50
ID04204,AC1703114,F009,大化妝包-深藍,配件,2100.0,2.0,2018-04-05,4200.0,1041.6,218.39999999999998,4452.0,李淑麟,Female,53,桃園市,其他,2018.0,4.0,5.0,2.0,50
ID04205,AC1703635,F009,大化妝包-深藍,配件,2100.0,2.0,2018-04-05,4200.0,1041.6,218.39999999999998,4452.0,宋凱忠,Female,31,基隆市,其他,2018.0,4.0,5.0,2.0,30
ID04206,AC1702329,F015,法蘭絨格紋襯衫-紅,女裝,1740.0,2.0,2018-04-05,3480.0,574.2,469.8,3688.8,林家希,Male,53,桃園市,住宿和餐飲業,2018.0,4.0,5.0,2.0,50
ID04207,AC1701290,F015,法蘭絨格紋襯衫-紅,女裝,1740.0,2.0,2018-04-05,3480.0,574.2,469.8,3688.8,楊玉萍,Female,37,宜蘭縣,住宿和餐飲業,2018.0,4.0,5.0,2.0,30
ID04208,AC1701549,F007,運動潮流連帽外套男裝-灰,男裝,1450.0,3.0,2018-04-05,4350.0,835.2,469.8,4611.0,蔡夙燕,Female,36,新北市,金融業和房地產,2018.0,4.0,5.0,2.0,30
ID04209,AC1703940,F007,運動潮流連帽外套男裝-灰,男裝,1450.0,3.0,2018-04-05,4350.0,835.2,469.8,4611.0,林美麗,Female,51,臺北市,住宿和餐飲業,2018.0,4.0,5.0,2.0,50
ID04210,AC1702391,F007,運動潮流連帽外套男裝-灰,男裝,1450.0,3.0,2018-04-05,4350.0,835.2,469.8,4611.0,李威廷,Male,54,桃園市,住宿和餐飲業,2018.0,4.0,5.0,2.0,50
ID04211,AC1700005,F007,運動潮流連帽外套男裝-灰,男裝,1450.0,3.0,2018-04-05,4350.0,835.2,469.8,4611.0,袁劭彥,Male,42,臺北市,金融業和房地產,2018.0,4.0,5.0,2.0,40
ID04212,AC1702582,F022,短夾-紅,皮件,2900.0,3.0,2018-04-05,8700.0,1983.6,626.4,9222.0,安麗君,Male,49,桃園市,住宿和餐飲業,2018.0,4.0,5.0,2.0,40
ID04213,AC1701225,F022,短夾-紅,皮件,2900.0,3.0,2018-04-05,8700.0,1983.6,626.4,9222.0,王雅嵐,Female,41,新北市,其他,2018.0,4.0,5.0,2.0,40
ID04214,AC1702100,F022,短夾-紅,皮件,2900.0,3.0,2018-04-05,8700.0,1983.6,626.4,9222.0,吳士潔,Female,39,新北市,住宿和餐飲業,2018.0,4.0,5.0,2.0,30
ID04215,AC1703655,F022,短夾-紅,皮件,2900.0,3.0,2018-04-05,8700.0,1983.6,626.4,9222.0,駱凱元,Female,36,基隆市,金融業和房地產,2018.0,4.0,5.0,2.0,30
ID04216,AC1700390,F001,運動潮流連帽外套女裝-白,女裝,1450.0,1.0,2018-05-08,1450.0,239.2500000000001,195.75,1537.0,陳家慶,Male,48,新北市,其他,2018.0,5.0,8.0,2.0,40
ID04217,AC1700886,F003,印圖大學T男裝-藍,男裝,750.0,1.0,2018-05-08,750.0,144.0,81.0,795.0,張雪志,Male,38,新北市,金融業和房地產,2018.0,5.0,8.0,2.0,30
ID04218,AC1700247,F013,潮感印條連帽外套-男裝,男裝,1740.0,1.0,2018-05-08,1740.0,334.08000000000004,187.92,1844.4,羅信毓,Female,36,臺北市,金融業和房地產,2018.0,5.0,8.0,2.0,30
ID04219,AC1702333,F001,運動潮流連帽外套女裝-白,女裝,1450.0,1.0,2018-05-08,1450.0,239.2500000000001,195.75,1537.0,黃靖彬,Male,38,桃園市,金融業和房地產,2018.0,5.0,8.0,2.0,30
ID04220,AC1702529,F001,運動潮流連帽外套女裝-白,女裝,1450.0,1.0,2018-05-08,1450.0,239.2500000000001,195.75,1537.0,毛可喜,Female,56,桃園市,其他,2018.0,5.0,8.0,2.0,50
ID04221,AC1701916,F001,運動潮流連帽外套女裝-白,女裝,1450.0,1.0,2018-05-08,1450.0,239.2500000000001,195.75,1537.0,蔡冠陽,Male,39,宜蘭縣,金融業和房地產,2018.0,5.0,8.0,2.0,30
ID04222,AC1703624,F003,印圖大學T男裝-藍,男裝,750.0,1.0,2018-05-08,750.0,144.0,81.0,795.0,賴鳳白,Male,39,基隆市,其他,2018.0,5.0,8.0,2.0,30
ID04223,AC1703919,F013,潮感印條連帽外套-男裝,男裝,1740.0,1.0,2018-05-08,1740.0,334.08000000000004,187.92,1844.4,林俊穎,Female,44,臺北市,其他,2018.0,5.0,8.0,2.0,40
ID04224,AC1702897,F004,大化妝包-桃粉,配件,1600.0,1.0,2018-05-08,1600.0,396.8,83.2,1696.0,陳思婷,Female,52,桃園市,其他,2018.0,5.0,8.0,2.0,50
ID04225,AC1703888,F032,抽繩束口風褲-男童,童裝,4060.0,1.0,2018-05-08,4060.0,714.56,503.44,4303.6,陳孟倫,Female,49,臺北市,其他,2018.0,5.0,8.0,2.0,40
ID04226,AC1701696,F008,法蘭絨格紋襯衫-黑,女裝,1800.0,1.0,2018-05-08,1800.0,297.0,243.00000000000003,1908.0,朱政翰,Male,44,宜蘭縣,金融業和房地產,2018.0,5.0,8.0,2.0,40
ID04227,AC1700581,F004,大化妝包-桃粉,配件,1600.0,1.0,2018-05-08,1600.0,396.8,83.2,1696.0,余宜蓁,Female,41,新北市,金融業和房地產,2018.0,5.0,8.0,2.0,40
ID04228,AC1703817,F004,大化妝包-桃粉,配件,1600.0,1.0,2018-05-08,1600.0,396.8,83.2,1696.0,張吉然,Female,44,臺北市,其他,2018.0,5.0,8.0,2.0,40
ID04229,AC1701433,F015,法蘭絨格紋襯衫-紅,女裝,1740.0,2.0,2018-04-05,3480.0,574.2,469.8,3688.8,施健娥,Female,35,新北市,金融業和房地產,2018.0,4.0,5.0,2.0,30
ID04230,AC1702805,F015,法蘭絨格紋襯衫-紅,女裝,1740.0,2.0,2018-04-05,3480.0,574.2,469.8,3688.8,蕭怡如,Male,53,桃園市,住宿和餐飲業,2018.0,4.0,5.0,2.0,50
ID04231,AC1702691,F017,大學T男裝-灰,男裝,1200.0,1.0,2018-04-05,1200.0,230.4,129.6,1272.0,楊偉倫,Male,34,桃園市,其他,2018.0,4.0,5.0,2.0,30
ID04232,AC1702042,F002,運動潮流直筒棉褲男童-白,童裝,930.0,1.0,2018-04-05,930.0,163.68,115.32,985.8000000000001,張雅婷,Female,29,宜蘭縣,金融業和房地產,2018.0,4.0,5.0,2.0,20
ID04233,AC1702444,F002,運動潮流直筒棉褲男童-白,童裝,930.0,1.0,2018-04-05,930.0,163.68,115.32,985.8000000000001,黃文來,Female,57,桃園市,住宿和餐飲業,2018.0,4.0,5.0,2.0,50
ID04234,AC1702744,F002,運動潮流直筒棉褲男童-白,童裝,930.0,1.0,2018-04-05,930.0,163.68,115.32,985.8000000000001,郭士豪,Male,59,桃園市,金融業和房地產,2018.0,4.0,5.0,2.0,50
ID04235,AC1701015,F010,中夾-紅,皮件,2610.0,1.0,2018-04-05,2610.0,595.0800000000003,187.92,2766.6000000000004,阮詩婷,Male,26,新北市,金融業和房地產,2018.0,4.0,5.0,2.0,20
ID04236,AC1703795,F017,大學T男裝-灰,男裝,1200.0,2.0,2018-04-05,2400.0,460.8,259.2,2544.0,陳寶映,Male,55,基隆市,金融業和房地產,2018.0,4.0,5.0,2.0,50
ID04237,AC1703441,F009,大化妝包-深藍,配件,2100.0,2.0,2018-05-08,4200.0,1041.6,218.39999999999998,4452.0,陳宥迪,Female,33,基隆市,住宿和餐飲業,2018.0,5.0,8.0,2.0,30
ID04238,AC1701359,F009,大化妝包-深藍,配件,2100.0,2.0,2018-05-08,4200.0,1041.6,218.39999999999998,4452.0,鄭美玲,Female,22,新北市,金融業和房地產,2018.0,5.0,8.0,2.0,20
ID04239,AC1700482,F009,大化妝包-深藍,配件,2100.0,2.0,2018-05-08,4200.0,1041.6,218.39999999999998,4452.0,李逸鑫,Male,43,新北市,住宿和餐飲業,2018.0,5.0,8.0,2.0,40
ID04240,AC1702710,F008,法蘭絨格紋襯衫-黑,女裝,1800.0,2.0,2018-05-08,3600.0,594.0,486.00000000000006,3816.0,謝依孜,Male,52,桃園市,其他,2018.0,5.0,8.0,2.0,50
ID04241,AC1700599,F008,法蘭絨格紋襯衫-黑,女裝,1800.0,2.0,2018-05-08,3600.0,594.0,486.00000000000006,3816.0,宋惠玲,Female,30,新北市,住宿和餐飲業,2018.0,5.0,8.0,2.0,30
ID04242,AC1703699,F009,大化妝包-深藍,配件,2100.0,2.0,2018-05-08,4200.0,1041.6,218.39999999999998,4452.0,林俊博,Female,40,基隆市,金融業和房地產,2018.0,5.0,8.0,2.0,40
ID04243,AC1701109,F009,大化妝包-深藍,配件,2100.0,2.0,2018-05-08,4200.0,1041.6,218.39999999999998,4452.0,廖豐卉,Female,36,新北市,教育體育文化,2018.0,5.0,8.0,2.0,30
ID04244,AC1701103,F009,大化妝包-深藍,配件,2100.0,2.0,2018-05-08,4200.0,1041.6,218.39999999999998,4452.0,何麗娟,Female,42,新北市,金融業和房地產,2018.0,5.0,8.0,2.0,40
ID04245,AC1703177,F001,運動潮流連帽外套女裝-白,女裝,1450.0,1.0,2018-05-08,1450.0,239.2500000000001,195.75,1537.0,白禹宸,Male,57,桃園市,住宿和餐飲業,2018.0,5.0,8.0,2.0,50
ID04246,AC1702881,F003,印圖大學T男裝-藍,男裝,750.0,1.0,2018-05-08,750.0,144.0,81.0,795.0,林家慶,Male,58,桃園市,住宿和餐飲業,2018.0,5.0,8.0,2.0,50
ID04247,AC1703281,F013,潮感印條連帽外套-男裝,男裝,1740.0,1.0,2018-05-08,1740.0,334.08000000000004,187.92,1844.4,施少枝,Female,50,桃園市,其他,2018.0,5.0,8.0,2.0,50
ID04248,AC1701899,F001,運動潮流連帽外套女裝-白,女裝,1450.0,1.0,2018-05-08,1450.0,239.2500000000001,195.75,1537.0,林曉亦,Male,20,宜蘭縣,其他,2018.0,5.0,8.0,2.0,20
ID04249,AC1702820,F001,運動潮流連帽外套女裝-白,女裝,1450.0,1.0,2018-05-08,1450.0,239.2500000000001,195.75,1537.0,高政儒,Female,58,桃園市,其他,2018.0,5.0,8.0,2.0,50
ID04250,AC1700755,F001,運動潮流連帽外套女裝-白,女裝,1450.0,1.0,2018-05-08,1450.0,239.2500000000001,195.75,1537.0,陳孟穎,Male,41,新北市,金融業和房地產,2018.0,5.0,8.0,2.0,40
ID04251,AC1702057,F003,印圖大學T男裝-藍,男裝,750.0,1.0,2018-05-08,750.0,144.0,81.0,795.0,劉翔能,Female,34,新北市,住宿和餐飲業,2018.0,5.0,8.0,2.0,30
ID04252,AC1702024,F013,潮感印條連帽外套-男裝,男裝,1740.0,1.0,2018-05-08,1740.0,334.08000000000004,187.92,1844.4,林子翔,Male,26,宜蘭縣,教育體育文化,2018.0,5.0,8.0,2.0,20
ID04253,AC1703199,F004,大化妝包-桃粉,配件,1600.0,1.0,2018-05-08,1600.0,396.8,83.2,1696.0,滕初為,Male,57,桃園市,住宿和餐飲業,2018.0,5.0,8.0,2.0,50
ID04254,AC1700933,F008,法蘭絨格紋襯衫-黑,女裝,1800.0,1.0,2018-05-08,1800.0,297.0,243.00000000000003,1908.0,楊玟欣,Male,27,新北市,金融業和房地產,2018.0,5.0,8.0,2.0,20
ID04255,AC1702588,F008,法蘭絨格紋襯衫-黑,女裝,1800.0,1.0,2018-05-08,1800.0,297.0,243.00000000000003,1908.0,劉行歡,Male,55,桃園市,住宿和餐飲業,2018.0,5.0,8.0,2.0,50
ID04256,AC1702588,F004,大化妝包-桃粉,配件,1600.0,1.0,2018-05-08,1600.0,396.8,83.2,1696.0,劉行歡,Male,55,桃園市,住宿和餐飲業,2018.0,5.0,8.0,2.0,50
ID04257,AC1703422,F004,大化妝包-桃粉,配件,1600.0,1.0,2018-05-08,1600.0,396.8,83.2,1696.0,蘇培倫,Female,38,基隆市,住宿和餐飲業,2018.0,5.0,8.0,2.0,30
ID04258,AC1703246,F025,雙向層架式書桌-咖,家俱,2900.0,1.0,2018-04-05,2900.0,435.0000000000002,435.0,3074.0,陳嘉春,Female,56,桃園市,教育體育文化,2018.0,4.0,5.0,2.0,50
ID04259,AC1702991,F025,雙向層架式書桌-咖,家俱,2900.0,1.0,2018-04-05,2900.0,435.0000000000002,435.0,3074.0,蕭蕙一,Female,56,桃園市,其他,2018.0,4.0,5.0,2.0,50
ID04260,AC1702867,F025,雙向層架式書桌-咖,家俱,2900.0,1.0,2018-04-05,2900.0,435.0000000000002,435.0,3074.0,滑宗霖,Female,52,桃園市,住宿和餐飲業,2018.0,4.0,5.0,2.0,50
ID04261,AC1702141,F025,雙向層架式書桌-咖,家俱,2900.0,1.0,2018-04-05,2900.0,435.0000000000002,435.0,3074.0,洪亦治,Male,35,宜蘭縣,金融業和房地產,2018.0,4.0,5.0,2.0,30
ID04262,AC1701306,F015,法蘭絨格紋襯衫-紅,女裝,1740.0,2.0,2018-04-05,3480.0,574.2,469.8,3688.8,陳惠娟,Female,33,宜蘭縣,住宿和餐飲業,2018.0,4.0,5.0,2.0,30
ID04263,AC1702387,F015,法蘭絨格紋襯衫-紅,女裝,1740.0,2.0,2018-04-05,3480.0,574.2,469.8,3688.8,林瑋婷,Female,55,桃園市,其他,2018.0,4.0,5.0,2.0,50
ID04264,AC1702867,F015,法蘭絨格紋襯衫-紅,女裝,1740.0,2.0,2018-04-05,3480.0,574.2,469.8,3688.8,滑宗霖,Female,52,桃園市,住宿和餐飲業,2018.0,4.0,5.0,2.0,50
ID04265,AC1700335,F015,法蘭絨格紋襯衫-紅,女裝,1740.0,2.0,2018-04-05,3480.0,574.2,469.8,3688.8,潘敏強,Female,55,新北市,金融業和房地產,2018.0,4.0,5.0,2.0,50
ID04266,AC1700021,F009,大化妝包-深藍,配件,2100.0,2.0,2018-05-08,4200.0,1041.6,218.39999999999998,4452.0,洪以倩,Female,42,臺北市,住宿和餐飲業,2018.0,5.0,8.0,2.0,40
ID04267,AC1702401,F009,大化妝包-深藍,配件,2100.0,2.0,2018-05-08,4200.0,1041.6,218.39999999999998,4452.0,翁木珊,Male,56,桃園市,住宿和餐飲業,2018.0,5.0,8.0,2.0,50
ID04268,AC1700326,F009,大化妝包-深藍,配件,2100.0,2.0,2018-05-08,4200.0,1041.6,218.39999999999998,4452.0,吳文陽,Male,40,新北市,其他,2018.0,5.0,8.0,2.0,40
ID04269,AC1700923,F008,法蘭絨格紋襯衫-黑,女裝,1800.0,2.0,2018-05-08,3600.0,594.0,486.00000000000006,3816.0,李雅玲,Male,35,新北市,其他,2018.0,5.0,8.0,2.0,30
ID04270,AC1701508,F008,法蘭絨格紋襯衫-黑,女裝,1800.0,2.0,2018-05-08,3600.0,594.0,486.00000000000006,3816.0,林義岳,Female,30,新北市,金融業和房地產,2018.0,5.0,8.0,2.0,30
ID04271,AC1702091,F009,大化妝包-深藍,配件,2100.0,2.0,2018-05-08,4200.0,1041.6,218.39999999999998,4452.0,喬春忠,Male,37,宜蘭縣,金融業和房地產,2018.0,5.0,8.0,2.0,30
ID04272,AC1700288,F009,大化妝包-深藍,配件,2100.0,2.0,2018-05-08,4200.0,1041.6,218.39999999999998,4452.0,張順嬌,Female,50,新北市,住宿和餐飲業,2018.0,5.0,8.0,2.0,50
ID04273,AC1700676,F009,大化妝包-深藍,配件,2100.0,2.0,2018-05-08,4200.0,1041.6,218.39999999999998,4452.0,陳家偉,Male,37,新北市,金融業和房地產,2018.0,5.0,8.0,2.0,30
ID04274,AC1701850,F001,運動潮流連帽外套女裝-白,女裝,1450.0,1.0,2018-05-08,1450.0,239.2500000000001,195.75,1537.0,張薇旭,Female,24,新北市,金融業和房地產,2018.0,5.0,8.0,2.0,20
ID04275,AC1701159,F003,印圖大學T男裝-藍,男裝,750.0,1.0,2018-05-08,750.0,144.0,81.0,795.0,楊淑芬,Male,24,新北市,金融業和房地產,2018.0,5.0,8.0,2.0,20
ID04276,AC1702804,F013,潮感印條連帽外套-男裝,男裝,1740.0,1.0,2018-05-08,1740.0,334.08000000000004,187.92,1844.4,黃佳琪,Male,64,桃園市,住宿和餐飲業,2018.0,5.0,8.0,2.0,60
ID04277,AC1701411,F001,運動潮流連帽外套女裝-白,女裝,1450.0,1.0,2018-05-08,1450.0,239.2500000000001,195.75,1537.0,周淑玲,Female,54,新北市,金融業和房地產,2018.0,5.0,8.0,2.0,50
ID04278,AC1700437,F001,運動潮流連帽外套女裝-白,女裝,1450.0,1.0,2018-05-08,1450.0,239.2500000000001,195.75,1537.0,葉欣宜,Female,41,新北市,金融業和房地產,2018.0,5.0,8.0,2.0,40
ID04279,AC1702052,F001,運動潮流連帽外套女裝-白,女裝,1450.0,1.0,2018-05-08,1450.0,239.2500000000001,195.75,1537.0,童偉哲,Male,36,宜蘭縣,金融業和房地產,2018.0,5.0,8.0,2.0,30
ID04280,AC1703380,F003,印圖大學T男裝-藍,男裝,750.0,1.0,2018-05-08,750.0,144.0,81.0,795.0,王美俐,Female,33,基隆市,金融業和房地產,2018.0,5.0,8.0,2.0,30
ID04281,AC1701782,F013,潮感印條連帽外套-男裝,男裝,1740.0,1.0,2018-05-08,1740.0,334.08000000000004,187.92,1844.4,蔡淑玲,Female,38,宜蘭縣,金融業和房地產,2018.0,5.0,8.0,2.0,30
ID04282,AC1702284,F004,大化妝包-桃粉,配件,1600.0,1.0,2018-05-08,1600.0,396.8,83.2,1696.0,謝佳諭,Male,41,桃園市,金融業和房地產,2018.0,5.0,8.0,2.0,40
ID04283,AC1702282,F008,法蘭絨格紋襯衫-黑,女裝,1800.0,1.0,2018-05-08,1800.0,297.0,243.00000000000003,1908.0,陳建良,Male,51,桃園市,住宿和餐飲業,2018.0,5.0,8.0,2.0,50
ID04284,AC1703913,F008,法蘭絨格紋襯衫-黑,女裝,1800.0,1.0,2018-05-08,1800.0,297.0,243.00000000000003,1908.0,蔡孟富,Female,46,臺北市,其他,2018.0,5.0,8.0,2.0,40
ID04285,AC1701911,F004,大化妝包-桃粉,配件,1600.0,1.0,2018-05-08,1600.0,396.8,83.2,1696.0,簡欣希,Female,31,新北市,教育體育文化,2018.0,5.0,8.0,2.0,30
ID04286,AC1703469,F004,大化妝包-桃粉,配件,1600.0,1.0,2018-05-08,1600.0,396.8,83.2,1696.0,李承東,Female,38,基隆市,金融業和房地產,2018.0,5.0,8.0,2.0,30
ID04287,AC1701628,F010,中夾-紅,皮件,2610.0,1.0,2018-05-08,2610.0,595.0800000000003,187.92,2766.6000000000004,楊人豪,Male,30,宜蘭縣,金融業和房地產,2018.0,5.0,8.0,2.0,30
ID04288,AC1703342,F010,中夾-紅,皮件,2610.0,1.0,2018-05-08,2610.0,595.0800000000003,187.92,2766.6000000000004,馬怡臻,Female,24,基隆市,金融業和房地產,2018.0,5.0,8.0,2.0,20
ID04289,AC1702791,F010,中夾-紅,皮件,2610.0,1.0,2018-05-08,2610.0,595.0800000000003,187.92,2766.6000000000004,邱玉娟,Female,61,桃園市,住宿和餐飲業,2018.0,5.0,8.0,2.0,60
ID04290,AC1701018,F010,中夾-紅,皮件,2610.0,1.0,2018-05-08,2610.0,595.0800000000003,187.92,2766.6000000000004,林柏宜,Male,41,新北市,金融業和房地產,2018.0,5.0,8.0,2.0,40
ID04291,AC1700778,F010,中夾-紅,皮件,2610.0,1.0,2018-05-08,2610.0,595.0800000000003,187.92,2766.6000000000004,林雅筑,Male,51,新北市,住宿和餐飲業,2018.0,5.0,8.0,2.0,50
ID04292,AC1703073,F010,中夾-紅,皮件,2610.0,1.0,2018-05-08,2610.0,595.0800000000003,187.92,2766.6000000000004,曾明倫,Male,55,桃園市,住宿和餐飲業,2018.0,5.0,8.0,2.0,50
ID04293,AC1701770,F010,中夾-紅,皮件,2610.0,1.0,2018-05-08,2610.0,595.0800000000003,187.92,2766.6000000000004,弓文月,Female,35,新北市,其他,2018.0,5.0,8.0,2.0,30
ID04294,AC1701721,F010,中夾-紅,皮件,2610.0,1.0,2018-05-08,2610.0,595.0800000000003,187.92,2766.6000000000004,蔡凱元,Male,43,宜蘭縣,金融業和房地產,2018.0,5.0,8.0,2.0,40
ID04295,AC1702990,F009,大化妝包-深藍,配件,2100.0,2.0,2018-05-08,4200.0,1041.6,218.39999999999998,4452.0,李漢來,Female,39,桃園市,其他,2018.0,5.0,8.0,2.0,30
ID04296,AC1701395,F009,大化妝包-深藍,配件,2100.0,2.0,2018-05-08,4200.0,1041.6,218.39999999999998,4452.0,林筱謙,Male,34,宜蘭縣,金融業和房地產,2018.0,5.0,8.0,2.0,30
ID04297,AC1702588,F009,大化妝包-深藍,配件,2100.0,2.0,2018-05-08,4200.0,1041.6,218.39999999999998,4452.0,劉行歡,Male,55,桃園市,住宿和餐飲業,2018.0,5.0,8.0,2.0,50
ID04298,AC1702428,F008,法蘭絨格紋襯衫-黑,女裝,1800.0,2.0,2018-05-08,3600.0,594.0,486.00000000000006,3816.0,陳品惟,Male,56,桃園市,其他,2018.0,5.0,8.0,2.0,50
ID04299,AC1700718,F008,法蘭絨格紋襯衫-黑,女裝,1800.0,2.0,2018-05-08,3600.0,594.0,486.00000000000006,3816.0,張琇琳,Female,29,新北市,其他,2018.0,5.0,8.0,2.0,20
ID04300,AC1702132,F009,大化妝包-深藍,配件,2100.0,2.0,2018-05-08,4200.0,1041.6,218.39999999999998,4452.0,李翰仲,Female,40,新北市,金融業和房地產,2018.0,5.0,8.0,2.0,40
ID04301,AC1703548,F009,大化妝包-深藍,配件,2100.0,2.0,2018-05-08,4200.0,1041.6,218.39999999999998,4452.0,陳惠敏,Female,27,基隆市,其他,2018.0,5.0,8.0,2.0,20
ID04302,AC1701152,F009,大化妝包-深藍,配件,2100.0,2.0,2018-05-08,4200.0,1041.6,218.39999999999998,4452.0,韓函富,Male,34,新北市,金融業和房地產,2018.0,5.0,8.0,2.0,30
ID04303,AC1702732,F001,運動潮流連帽外套女裝-白,女裝,1450.0,1.0,2018-05-08,1450.0,239.2500000000001,195.75,1537.0,余聖凱,Female,51,桃園市,其他,2018.0,5.0,8.0,2.0,50
ID04304,AC1700667,F003,印圖大學T男裝-藍,男裝,750.0,1.0,2018-05-08,750.0,144.0,81.0,795.0,張博誠,Female,38,新北市,金融業和房地產,2018.0,5.0,8.0,2.0,30
ID04305,AC1702371,F013,潮感印條連帽外套-男裝,男裝,1740.0,1.0,2018-05-08,1740.0,334.08000000000004,187.92,1844.4,林吟昌,Male,34,桃園市,住宿和餐飲業,2018.0,5.0,8.0,2.0,30
ID04306,AC1702089,F001,運動潮流連帽外套女裝-白,女裝,1450.0,1.0,2018-05-08,1450.0,239.2500000000001,195.75,1537.0,方聖玉,Female,36,新北市,教育體育文化,2018.0,5.0,8.0,2.0,30
ID04307,AC1703985,F001,運動潮流連帽外套女裝-白,女裝,1450.0,1.0,2018-05-08,1450.0,239.2500000000001,195.75,1537.0,吳家友,Male,46,臺北市,金融業和房地產,2018.0,5.0,8.0,2.0,40
ID04308,AC1702321,F001,運動潮流連帽外套女裝-白,女裝,1450.0,1.0,2018-05-08,1450.0,239.2500000000001,195.75,1537.0,楊為芸,Male,48,桃園市,住宿和餐飲業,2018.0,5.0,8.0,2.0,40
ID04309,AC1700448,F003,印圖大學T男裝-藍,男裝,750.0,1.0,2018-05-08,750.0,144.0,81.0,795.0,許家侑,Female,34,新北市,其他,2018.0,5.0,8.0,2.0,30
ID04310,AC1701563,F013,潮感印條連帽外套-男裝,男裝,1740.0,1.0,2018-05-08,1740.0,334.08000000000004,187.92,1844.4,蔡文宸,Female,43,新北市,金融業和房地產,2018.0,5.0,8.0,2.0,40
ID04311,AC1702459,F004,大化妝包-桃粉,配件,1600.0,1.0,2018-05-08,1600.0,396.8,83.2,1696.0,張佳伶,Male,57,桃園市,住宿和餐飲業,2018.0,5.0,8.0,2.0,50
ID04312,AC1700838,F008,法蘭絨格紋襯衫-黑,女裝,1800.0,1.0,2018-05-08,1800.0,297.0,243.00000000000003,1908.0,陳怡旺,Male,40,新北市,金融業和房地產,2018.0,5.0,8.0,2.0,40
ID04313,AC1702118,F008,法蘭絨格紋襯衫-黑,女裝,1800.0,1.0,2018-05-08,1800.0,297.0,243.00000000000003,1908.0,蔡鴻學,Male,27,宜蘭縣,金融業和房地產,2018.0,5.0,8.0,2.0,20
ID04314,AC1700858,F004,大化妝包-桃粉,配件,1600.0,1.0,2018-05-08,1600.0,396.8,83.2,1696.0,黃詩涵,Female,30,新北市,金融業和房地產,2018.0,5.0,8.0,2.0,30
ID04315,AC1703347,F004,大化妝包-桃粉,配件,1600.0,1.0,2018-05-08,1600.0,396.8,83.2,1696.0,蔡婉婷,Female,35,基隆市,其他,2018.0,5.0,8.0,2.0,30
ID04316,AC1700765,F010,中夾-紅,皮件,2610.0,1.0,2018-05-08,2610.0,595.0800000000003,187.92,2766.6000000000004,阮舒璇,Female,34,新北市,其他,2018.0,5.0,8.0,2.0,30
ID04317,AC1700113,F010,中夾-紅,皮件,2610.0,1.0,2018-05-08,2610.0,595.0800000000003,187.92,2766.6000000000004,林文映,Male,46,新北市,金融業和房地產,2018.0,5.0,8.0,2.0,40
ID04318,AC1703266,F010,中夾-紅,皮件,2610.0,1.0,2018-05-08,2610.0,595.0800000000003,187.92,2766.6000000000004,吳昆羽,Female,37,桃園市,教育體育文化,2018.0,5.0,8.0,2.0,30
ID04319,AC1701732,F010,中夾-紅,皮件,2610.0,1.0,2018-05-08,2610.0,595.0800000000003,187.92,2766.6000000000004,林大福,Female,36,新北市,金融業和房地產,2018.0,5.0,8.0,2.0,30
ID04320,AC1701216,F010,中夾-紅,皮件,2610.0,1.0,2018-05-08,2610.0,595.0800000000003,187.92,2766.6000000000004,陳俊凱,Male,30,新北市,其他,2018.0,5.0,8.0,2.0,30
ID04321,AC1700578,F010,中夾-紅,皮件,2610.0,1.0,2018-05-08,2610.0,595.0800000000003,187.92,2766.6000000000004,劉恒桓,Female,55,新北市,金融業和房地產,2018.0,5.0,8.0,2.0,50
ID04322,AC1700534,F010,中夾-紅,皮件,2610.0,1.0,2018-05-08,2610.0,595.0800000000003,187.92,2766.6000000000004,王元龍,Male,36,新北市,其他,2018.0,5.0,8.0,2.0,30
ID04323,AC1703649,F010,中夾-紅,皮件,2610.0,1.0,2018-05-08,2610.0,595.0800000000003,187.92,2766.6000000000004,陳孟軒,Male,35,基隆市,住宿和餐飲業,2018.0,5.0,8.0,2.0,30
ID04324,AC1701466,F009,大化妝包-深藍,配件,2100.0,2.0,2018-05-08,4200.0,1041.6,218.39999999999998,4452.0,呂右馨,Male,32,宜蘭縣,金融業和房地產,2018.0,5.0,8.0,2.0,30
ID04325,AC1703229,F009,大化妝包-深藍,配件,2100.0,2.0,2018-05-08,4200.0,1041.6,218.39999999999998,4452.0,李雅竹,Male,54,桃園市,住宿和餐飲業,2018.0,5.0,8.0,2.0,50
ID04326,AC1700218,F009,大化妝包-深藍,配件,2100.0,2.0,2018-05-08,4200.0,1041.6,218.39999999999998,4452.0,葛仲萱,Female,32,臺北市,金融業和房地產,2018.0,5.0,8.0,2.0,30
ID04327,AC1701972,F008,法蘭絨格紋襯衫-黑,女裝,1800.0,2.0,2018-05-08,3600.0,594.0,486.00000000000006,3816.0,黃文欣,Female,33,新北市,金融業和房地產,2018.0,5.0,8.0,2.0,30
ID04328,AC1701785,F008,法蘭絨格紋襯衫-黑,女裝,1800.0,2.0,2018-05-08,3600.0,594.0,486.00000000000006,3816.0,李文竹,Male,40,宜蘭縣,農林漁牧業,2018.0,5.0,8.0,2.0,40
ID04329,AC1703664,F009,大化妝包-深藍,配件,2100.0,2.0,2018-05-08,4200.0,1041.6,218.39999999999998,4452.0,李岳茵,Male,39,基隆市,住宿和餐飲業,2018.0,5.0,8.0,2.0,30
ID04330,AC1701580,F009,大化妝包-深藍,配件,2100.0,2.0,2018-05-08,4200.0,1041.6,218.39999999999998,4452.0,張瑞能,Female,30,新北市,金融業和房地產,2018.0,5.0,8.0,2.0,30
ID04331,AC1703247,F009,大化妝包-深藍,配件,2100.0,2.0,2018-05-08,4200.0,1041.6,218.39999999999998,4452.0,陳惠芝,Female,37,桃園市,教育體育文化,2018.0,5.0,8.0,2.0,30
ID04332,AC1702904,F001,運動潮流連帽外套女裝-白,女裝,1450.0,1.0,2018-05-08,1450.0,239.2500000000001,195.75,1537.0,陳政峰,Female,50,桃園市,其他,2018.0,5.0,8.0,2.0,50
ID04333,AC1702561,F003,印圖大學T男裝-藍,男裝,750.0,1.0,2018-05-08,750.0,144.0,81.0,795.0,吳明其,Male,51,桃園市,其他,2018.0,5.0,8.0,2.0,50
ID04334,AC1703188,F013,潮感印條連帽外套-男裝,男裝,1740.0,1.0,2018-05-08,1740.0,334.08000000000004,187.92,1844.4,張馨臻,Male,54,桃園市,住宿和餐飲業,2018.0,5.0,8.0,2.0,50
ID04335,AC1700068,F001,運動潮流連帽外套女裝-白,女裝,1450.0,1.0,2018-05-08,1450.0,239.2500000000001,195.75,1537.0,陳希坤,Male,54,基隆市,教育體育文化,2018.0,5.0,8.0,2.0,50
ID04336,AC1702703,F001,運動潮流連帽外套女裝-白,女裝,1450.0,1.0,2018-05-08,1450.0,239.2500000000001,195.75,1537.0,蔣岳旭,Female,45,桃園市,金融業和房地產,2018.0,5.0,8.0,2.0,40
ID04337,AC1702449,F001,運動潮流連帽外套女裝-白,女裝,1450.0,1.0,2018-05-08,1450.0,239.2500000000001,195.75,1537.0,黃家泰,Male,49,桃園市,住宿和餐飲業,2018.0,5.0,8.0,2.0,40
ID04338,AC1702920,F003,印圖大學T男裝-藍,男裝,750.0,1.0,2018-05-08,750.0,144.0,81.0,795.0,黃宗謙,Female,43,桃園市,住宿和餐飲業,2018.0,5.0,8.0,2.0,40
ID04339,AC1703537,F013,潮感印條連帽外套-男裝,男裝,1740.0,1.0,2018-05-08,1740.0,334.08000000000004,187.92,1844.4,張永妮,Female,36,基隆市,金融業和房地產,2018.0,5.0,8.0,2.0,30
ID04340,AC1701415,F004,大化妝包-桃粉,配件,1600.0,1.0,2018-05-08,1600.0,396.8,83.2,1696.0,林志州,Male,35,宜蘭縣,金融業和房地產,2018.0,5.0,8.0,2.0,30
ID04341,AC1700230,F008,法蘭絨格紋襯衫-黑,女裝,1800.0,1.0,2018-05-08,1800.0,297.0,243.00000000000003,1908.0,陳佳謙,Female,43,臺北市,住宿和餐飲業,2018.0,5.0,8.0,2.0,40
ID04342,AC1700988,F008,法蘭絨格紋襯衫-黑,女裝,1800.0,1.0,2018-05-08,1800.0,297.0,243.00000000000003,1908.0,陳盈忠,Male,37,新北市,其他,2018.0,5.0,8.0,2.0,30
ID04343,AC1703775,F004,大化妝包-桃粉,配件,1600.0,1.0,2018-05-08,1600.0,396.8,83.2,1696.0,賴建志,Female,52,基隆市,金融業和房地產,2018.0,5.0,8.0,2.0,50
ID04344,AC1702549,F004,大化妝包-桃粉,配件,1600.0,1.0,2018-05-08,1600.0,396.8,83.2,1696.0,曹裕珠,Female,32,桃園市,其他,2018.0,5.0,8.0,2.0,30
ID04345,AC1703646,F010,中夾-紅,皮件,2610.0,1.0,2018-05-08,2610.0,595.0800000000003,187.92,2766.6000000000004,李姿帆,Female,31,基隆市,住宿和餐飲業,2018.0,5.0,8.0,2.0,30
ID04346,AC1701740,F010,中夾-紅,皮件,2610.0,1.0,2018-05-08,2610.0,595.0800000000003,187.92,2766.6000000000004,陳芸平,Female,42,宜蘭縣,金融業和房地產,2018.0,5.0,8.0,2.0,40
ID04347,AC1701103,F010,中夾-紅,皮件,2610.0,1.0,2018-05-08,2610.0,595.0800000000003,187.92,2766.6000000000004,何麗娟,Female,42,新北市,金融業和房地產,2018.0,5.0,8.0,2.0,40
ID04348,AC1703414,F010,中夾-紅,皮件,2610.0,1.0,2018-05-08,2610.0,595.0800000000003,187.92,2766.6000000000004,馮堯弘,Female,25,基隆市,住宿和餐飲業,2018.0,5.0,8.0,2.0,20
ID04349,AC1701119,F010,中夾-紅,皮件,2610.0,1.0,2018-05-08,2610.0,595.0800000000003,187.92,2766.6000000000004,羅佳蓉,Male,45,新北市,住宿和餐飲業,2018.0,5.0,8.0,2.0,40
ID04350,AC1703256,F010,中夾-紅,皮件,2610.0,1.0,2018-05-08,2610.0,595.0800000000003,187.92,2766.6000000000004,袁建文,Male,51,桃園市,住宿和餐飲業,2018.0,5.0,8.0,2.0,50
ID04351,AC1702743,F010,中夾-紅,皮件,2610.0,1.0,2018-05-08,2610.0,595.0800000000003,187.92,2766.6000000000004,黎嘉偉,Male,46,桃園市,其他,2018.0,5.0,8.0,2.0,40
ID04352,AC1703935,F010,中夾-紅,皮件,2610.0,1.0,2018-05-08,2610.0,595.0800000000003,187.92,2766.6000000000004,伊柏鈞,Male,54,臺北市,金融業和房地產,2018.0,5.0,8.0,2.0,50
ID04353,AC1702271,F009,大化妝包-深藍,配件,2100.0,2.0,2018-05-08,4200.0,1041.6,218.39999999999998,4452.0,楊千慧,Female,39,桃園市,住宿和餐飲業,2018.0,5.0,8.0,2.0,30
ID04354,AC1702609,F009,大化妝包-深藍,配件,2100.0,2.0,2018-05-08,4200.0,1041.6,218.39999999999998,4452.0,王彥舜,Male,55,桃園市,住宿和餐飲業,2018.0,5.0,8.0,2.0,50
ID04355,AC1701073,F009,大化妝包-深藍,配件,2100.0,2.0,2018-05-08,4200.0,1041.6,218.39999999999998,4452.0,張雅惠,Female,39,新北市,金融業和房地產,2018.0,5.0,8.0,2.0,30
ID04356,AC1700753,F008,法蘭絨格紋襯衫-黑,女裝,1800.0,2.0,2018-05-08,3600.0,594.0,486.00000000000006,3816.0,徐順宜,Male,31,新北市,金融業和房地產,2018.0,5.0,8.0,2.0,30
ID04357,AC1703050,F008,法蘭絨格紋襯衫-黑,女裝,1800.0,2.0,2018-05-08,3600.0,594.0,486.00000000000006,3816.0,曾怡璇,Female,43,桃園市,其他,2018.0,5.0,8.0,2.0,40
ID04358,AC1700278,F009,大化妝包-深藍,配件,2100.0,2.0,2018-05-08,4200.0,1041.6,218.39999999999998,4452.0,錢先芃,Female,24,新北市,其他,2018.0,5.0,8.0,2.0,20
ID04359,AC1701923,F009,大化妝包-深藍,配件,2100.0,2.0,2018-05-08,4200.0,1041.6,218.39999999999998,4452.0,胡美惠,Female,33,新北市,金融業和房地產,2018.0,5.0,8.0,2.0,30
ID04360,AC1703050,F009,大化妝包-深藍,配件,2100.0,2.0,2018-05-08,4200.0,1041.6,218.39999999999998,4452.0,曾怡璇,Female,43,桃園市,其他,2018.0,5.0,8.0,2.0,40
ID04361,AC1702914,F004,大化妝包-桃粉,配件,1600.0,1.0,2018-05-10,1600.0,396.8,83.2,1696.0,洪家豪,Male,52,桃園市,住宿和餐飲業,2018.0,5.0,10.0,2.0,50
ID04362,AC1701732,F008,法蘭絨格紋襯衫-黑,女裝,1800.0,1.0,2018-05-10,1800.0,297.0,243.00000000000003,1908.0,林大福,Female,36,新北市,金融業和房地產,2018.0,5.0,10.0,2.0,30
ID04363,AC1701800,F004,大化妝包-桃粉,配件,1600.0,1.0,2018-05-10,1600.0,396.8,83.2,1696.0,劉勝傑,Female,28,新北市,金融業和房地產,2018.0,5.0,10.0,2.0,20
ID04364,AC1703451,F004,大化妝包-桃粉,配件,1600.0,1.0,2018-05-10,1600.0,396.8,83.2,1696.0,蘇聖傑,Female,26,基隆市,農林漁牧業,2018.0,5.0,10.0,2.0,20
ID04365,AC1700560,F008,法蘭絨格紋襯衫-黑,女裝,1800.0,1.0,2018-05-10,1800.0,297.0,243.00000000000003,1908.0,林建良,Male,22,新北市,金融業和房地產,2018.0,5.0,10.0,2.0,20
ID04366,AC1703222,F004,大化妝包-桃粉,配件,1600.0,1.0,2018-05-10,1600.0,396.8,83.2,1696.0,林佩君,Female,53,桃園市,教育體育文化,2018.0,5.0,10.0,2.0,50
ID04367,AC1701515,F004,大化妝包-桃粉,配件,1600.0,1.0,2018-05-10,1600.0,396.8,83.2,1696.0,陳惠婷,Female,45,宜蘭縣,其他,2018.0,5.0,10.0,2.0,40
ID04368,AC1701670,F008,法蘭絨格紋襯衫-黑,女裝,1800.0,1.0,2018-05-10,1800.0,297.0,243.00000000000003,1908.0,鄭惠敏,Female,41,新北市,金融業和房地產,2018.0,5.0,10.0,2.0,40
ID04369,AC1702715,F004,大化妝包-桃粉,配件,1600.0,1.0,2018-05-10,1600.0,396.8,83.2,1696.0,解志杰,Female,44,桃園市,其他,2018.0,5.0,10.0,2.0,40
ID04370,AC1703427,F004,大化妝包-桃粉,配件,1600.0,1.0,2018-05-10,1600.0,396.8,83.2,1696.0,蔡佩海,Male,35,基隆市,住宿和餐飲業,2018.0,5.0,10.0,2.0,30
ID04371,AC1702512,F008,法蘭絨格紋襯衫-黑,女裝,1800.0,1.0,2018-05-10,1800.0,297.0,243.00000000000003,1908.0,葉靖延,Male,34,桃園市,住宿和餐飲業,2018.0,5.0,10.0,2.0,30
ID04372,AC1703731,F004,大化妝包-桃粉,配件,1600.0,1.0,2018-05-10,1600.0,396.8,83.2,1696.0,姚雅如,Female,30,基隆市,金融業和房地產,2018.0,5.0,10.0,2.0,30
ID04373,AC1702145,F004,大化妝包-桃粉,配件,1600.0,1.0,2018-05-10,1600.0,396.8,83.2,1696.0,王聖生,Female,35,新北市,住宿和餐飲業,2018.0,5.0,10.0,2.0,30
ID04374,AC1703911,F008,法蘭絨格紋襯衫-黑,女裝,1800.0,1.0,2018-05-10,1800.0,297.0,243.00000000000003,1908.0,趙康麟,Male,50,臺北市,金融業和房地產,2018.0,5.0,10.0,2.0,50
ID04375,AC1700398,F004,大化妝包-桃粉,配件,1600.0,1.0,2018-05-10,1600.0,396.8,83.2,1696.0,錢宜婷,Female,44,新北市,金融業和房地產,2018.0,5.0,10.0,2.0,40
ID04376,AC1702434,F001,運動潮流連帽外套女裝-白,女裝,1450.0,1.0,2018-06-06,1450.0,239.2500000000001,195.75,1537.0,張昀博,Female,43,桃園市,其他,2018.0,6.0,6.0,2.0,40
ID04377,AC1701547,F016,後背包-藍,配件,890.0,1.0,2018-06-06,890.0,220.72,46.28,943.4000000000001,陳賢新,Female,52,新北市,金融業和房地產,2018.0,6.0,6.0,2.0,50
ID04378,AC1703799,F010,中夾-紅,皮件,2610.0,1.0,2018-05-08,2610.0,595.0800000000003,187.92,2766.6000000000004,白合文,Female,49,臺北市,教育體育文化,2018.0,5.0,8.0,2.0,40
ID04379,AC1702690,F010,中夾-紅,皮件,2610.0,1.0,2018-05-08,2610.0,595.0800000000003,187.92,2766.6000000000004,黃世昆,Female,49,桃園市,金融業和房地產,2018.0,5.0,8.0,2.0,40
ID04380,AC1701419,F009,大化妝包-深藍,配件,2100.0,2.0,2018-06-06,4200.0,1041.6,218.39999999999998,4452.0,汪方春,Female,38,新北市,其他,2018.0,6.0,6.0,2.0,30
ID04381,AC1701473,F009,大化妝包-深藍,配件,2100.0,2.0,2018-06-06,4200.0,1041.6,218.39999999999998,4452.0,林欣義,Male,38,宜蘭縣,金融業和房地產,2018.0,6.0,6.0,2.0,30
ID04382,AC1701023,F009,大化妝包-深藍,配件,2100.0,2.0,2018-06-06,4200.0,1041.6,218.39999999999998,4452.0,張俊嘉,Male,26,新北市,金融業和房地產,2018.0,6.0,6.0,2.0,20
ID04383,AC1701420,F009,大化妝包-深藍,配件,2100.0,2.0,2018-06-06,4200.0,1041.6,218.39999999999998,4452.0,涂宜芳,Female,30,新北市,金融業和房地產,2018.0,6.0,6.0,2.0,30
ID04384,AC1700822,F012,托特包-白,配件,1740.0,2.0,2018-06-06,3480.0,863.04,180.95999999999998,3688.8,顏宗翰,Male,33,新北市,教育體育文化,2018.0,6.0,6.0,2.0,30
ID04385,AC1700891,F012,托特包-白,配件,1740.0,2.0,2018-06-06,3480.0,863.04,180.95999999999998,3688.8,陳淑芬,Male,47,新北市,金融業和房地產,2018.0,6.0,6.0,2.0,40
ID04386,AC1702192,F010,中夾-紅,皮件,2610.0,1.0,2018-05-08,2610.0,595.0800000000003,187.92,2766.6000000000004,陳誠全,Male,48,桃園市,住宿和餐飲業,2018.0,5.0,8.0,2.0,40
ID04387,AC1702162,F010,中夾-紅,皮件,2610.0,1.0,2018-05-08,2610.0,595.0800000000003,187.92,2766.6000000000004,張芃生,Female,31,桃園市,其他,2018.0,5.0,8.0,2.0,30
ID04388,AC1700625,F012,托特包-白,配件,1740.0,3.0,2018-06-06,5220.0,1294.5600000000004,271.44,5533.200000000001,馮佳宏,Male,31,新北市,金融業和房地產,2018.0,6.0,6.0,2.0,30
ID04389,AC1701222,F012,托特包-白,配件,1740.0,3.0,2018-06-06,5220.0,1294.5600000000004,271.44,5533.200000000001,陳靜怡,Male,34,新北市,住宿和餐飲業,2018.0,6.0,6.0,2.0,30
ID04390,AC1702637,F033,高機能伸縮衣架-黑,家俱,600.0,7.0,2018-06-06,4200.0,630.0,630.0,4452.0,陳文珮,Male,34,桃園市,金融業和房地產,2018.0,6.0,6.0,2.0,30
ID04391,AC1703364,F013,潮感印條連帽外套-男裝,男裝,1740.0,8.0,2018-06-06,13920.0,2672.6400000000003,1503.36,14755.2,張文姍,Female,42,基隆市,金融業和房地產,2018.0,6.0,6.0,2.0,40
ID04392,AC1700714,F003,印圖大學T男裝-藍,男裝,750.0,8.0,2018-06-06,6000.0,1152.0,648.0,6360.0,陳慧茹,Male,36,新北市,金融業和房地產,2018.0,6.0,6.0,2.0,30
ID04393,AC1700835,F010,中夾-紅,皮件,2610.0,1.0,2018-05-08,2610.0,595.0800000000003,187.92,2766.6000000000004,陳柏宇,Female,34,新北市,金融業和房地產,2018.0,5.0,8.0,2.0,30
ID04394,AC1700051,F001,運動潮流連帽外套女裝-白,女裝,1450.0,1.0,2018-06-06,1450.0,239.2500000000001,195.75,1537.0,黃淳云,Female,39,基隆市,金融業和房地產,2018.0,6.0,6.0,2.0,30
ID04395,AC1701925,F016,後背包-藍,配件,890.0,1.0,2018-06-06,890.0,220.72,46.28,943.4000000000001,林淑惠,Female,39,宜蘭縣,金融業和房地產,2018.0,6.0,6.0,2.0,30
ID04396,AC1700072,F010,中夾-紅,皮件,2610.0,1.0,2018-05-08,2610.0,595.0800000000003,187.92,2766.6000000000004,蔡玲穎,Female,56,基隆市,金融業和房地產,2018.0,5.0,8.0,2.0,50
ID04397,AC1702471,F010,中夾-紅,皮件,2610.0,1.0,2018-05-08,2610.0,595.0800000000003,187.92,2766.6000000000004,黃宇翔,Male,42,桃園市,其他,2018.0,5.0,8.0,2.0,40
ID04398,AC1701999,F009,大化妝包-深藍,配件,2100.0,2.0,2018-06-06,4200.0,1041.6,218.39999999999998,4452.0,李佩雄,Female,35,新北市,金融業和房地產,2018.0,6.0,6.0,2.0,30
ID04399,AC1703471,F009,大化妝包-深藍,配件,2100.0,2.0,2018-06-06,4200.0,1041.6,218.39999999999998,4452.0,林惠珍,Female,40,基隆市,其他,2018.0,6.0,6.0,2.0,40
ID04400,AC1703710,F009,大化妝包-深藍,配件,2100.0,2.0,2018-06-06,4200.0,1041.6,218.39999999999998,4452.0,吳怡雄,Female,26,基隆市,金融業和房地產,2018.0,6.0,6.0,2.0,20
ID04401,AC1701729,F009,大化妝包-深藍,配件,2100.0,2.0,2018-06-06,4200.0,1041.6,218.39999999999998,4452.0,陳靜雯,Female,37,新北市,金融業和房地產,2018.0,6.0,6.0,2.0,30
ID04402,AC1701721,F012,托特包-白,配件,1740.0,2.0,2018-06-06,3480.0,863.04,180.95999999999998,3688.8,蔡凱元,Male,43,宜蘭縣,金融業和房地產,2018.0,6.0,6.0,2.0,40
ID04403,AC1700163,F012,托特包-白,配件,1740.0,2.0,2018-06-06,3480.0,863.04,180.95999999999998,3688.8,滑志偉,Male,51,新北市,金融業和房地產,2018.0,6.0,6.0,2.0,50
ID04404,AC1703602,F010,中夾-紅,皮件,2610.0,1.0,2018-05-08,2610.0,595.0800000000003,187.92,2766.6000000000004,曾泰駿,Female,36,基隆市,金融業和房地產,2018.0,5.0,8.0,2.0,30
ID04405,AC1703847,F010,中夾-紅,皮件,2610.0,1.0,2018-05-08,2610.0,595.0800000000003,187.92,2766.6000000000004,吳俊廷,Male,28,臺北市,金融業和房地產,2018.0,5.0,8.0,2.0,20
ID04406,AC1702733,F012,托特包-白,配件,1740.0,3.0,2018-06-06,5220.0,1294.5600000000004,271.44,5533.200000000001,鄭俊賢,Female,48,桃園市,其他,2018.0,6.0,6.0,2.0,40
ID04407,AC1703185,F012,托特包-白,配件,1740.0,3.0,2018-06-06,5220.0,1294.5600000000004,271.44,5533.200000000001,林天胤,Male,52,桃園市,住宿和餐飲業,2018.0,6.0,6.0,2.0,50
ID04408,AC1701757,F033,高機能伸縮衣架-黑,家俱,600.0,7.0,2018-06-06,4200.0,630.0,630.0,4452.0,金奇琇,Female,53,新北市,其他,2018.0,6.0,6.0,2.0,50
ID04409,AC1700877,F013,潮感印條連帽外套-男裝,男裝,1740.0,8.0,2018-06-06,13920.0,2672.6400000000003,1503.36,14755.2,沈武歡,Female,41,新北市,金融業和房地產,2018.0,6.0,6.0,2.0,40
ID04410,AC1703157,F003,印圖大學T男裝-藍,男裝,750.0,8.0,2018-06-06,6000.0,1152.0,648.0,6360.0,謝靜怡,Male,48,桃園市,其他,2018.0,6.0,6.0,2.0,40
ID04411,AC1701637,F010,中夾-紅,皮件,2610.0,1.0,2018-05-08,2610.0,595.0800000000003,187.92,2766.6000000000004,王竣桂,Male,27,宜蘭縣,金融業和房地產,2018.0,5.0,8.0,2.0,20
ID04412,AC1701805,F001,運動潮流連帽外套女裝-白,女裝,1450.0,1.0,2018-06-06,1450.0,239.2500000000001,195.75,1537.0,沙文欣,Male,20,宜蘭縣,其他,2018.0,6.0,6.0,2.0,20
ID04413,AC1703360,F016,後背包-藍,配件,890.0,1.0,2018-06-06,890.0,220.72,46.28,943.4000000000001,王忠韋,Male,31,基隆市,金融業和房地產,2018.0,6.0,6.0,2.0,30
ID04414,AC1700124,F010,中夾-紅,皮件,2610.0,1.0,2018-05-08,2610.0,595.0800000000003,187.92,2766.6000000000004,張珮瑜,Female,44,新北市,農林漁牧業,2018.0,5.0,8.0,2.0,40
ID04415,AC1700038,F010,中夾-紅,皮件,2610.0,1.0,2018-05-08,2610.0,595.0800000000003,187.92,2766.6000000000004,黃怡如,Female,62,基隆市,金融業和房地產,2018.0,5.0,8.0,2.0,60
ID04416,AC1702908,F009,大化妝包-深藍,配件,2100.0,2.0,2018-06-06,4200.0,1041.6,218.39999999999998,4452.0,張淑如,Male,53,桃園市,其他,2018.0,6.0,6.0,2.0,50
ID04417,AC1702365,F009,大化妝包-深藍,配件,2100.0,2.0,2018-06-06,4200.0,1041.6,218.39999999999998,4452.0,林家豪,Male,22,桃園市,住宿和餐飲業,2018.0,6.0,6.0,2.0,20
ID04418,AC1701728,F009,大化妝包-深藍,配件,2100.0,2.0,2018-06-06,4200.0,1041.6,218.39999999999998,4452.0,陳劭孝,Female,42,新北市,金融業和房地產,2018.0,6.0,6.0,2.0,40
ID04419,AC1702335,F009,大化妝包-深藍,配件,2100.0,2.0,2018-06-06,4200.0,1041.6,218.39999999999998,4452.0,蔡宜淳,Male,52,桃園市,住宿和餐飲業,2018.0,6.0,6.0,2.0,50
ID04420,AC1702645,F012,托特包-白,配件,1740.0,2.0,2018-06-06,3480.0,863.04,180.95999999999998,3688.8,曾則芃,Female,52,桃園市,住宿和餐飲業,2018.0,6.0,6.0,2.0,50
ID04421,AC1701763,F012,托特包-白,配件,1740.0,2.0,2018-06-06,3480.0,863.04,180.95999999999998,3688.8,張建宏,Female,30,新北市,金融業和房地產,2018.0,6.0,6.0,2.0,30
ID04422,AC1700096,F010,中夾-紅,皮件,2610.0,1.0,2018-05-08,2610.0,595.0800000000003,187.92,2766.6000000000004,黃岳軍,Female,51,新北市,金融業和房地產,2018.0,5.0,8.0,2.0,50
ID04423,AC1701944,F010,中夾-紅,皮件,2610.0,1.0,2018-05-08,2610.0,595.0800000000003,187.92,2766.6000000000004,詹法蓮,Female,23,新北市,金融業和房地產,2018.0,5.0,8.0,2.0,20
ID04424,AC1701208,F012,托特包-白,配件,1740.0,3.0,2018-06-06,5220.0,1294.5600000000004,271.44,5533.200000000001,林婉如,Female,33,新北市,金融業和房地產,2018.0,6.0,6.0,2.0,30
ID04425,AC1702981,F012,托特包-白,配件,1740.0,3.0,2018-06-06,5220.0,1294.5600000000004,271.44,5533.200000000001,楊淑婷,Male,33,桃園市,金融業和房地產,2018.0,6.0,6.0,2.0,30
ID04426,AC1701611,F033,高機能伸縮衣架-黑,家俱,600.0,7.0,2018-06-06,4200.0,630.0,630.0,4452.0,張景凌,Female,43,新北市,其他,2018.0,6.0,6.0,2.0,40
ID04427,AC1700518,F013,潮感印條連帽外套-男裝,男裝,1740.0,8.0,2018-06-06,13920.0,2672.6400000000003,1503.36,14755.2,林宗毅,Male,43,新北市,金融業和房地產,2018.0,6.0,6.0,2.0,40
ID04428,AC1702832,F003,印圖大學T男裝-藍,男裝,750.0,8.0,2018-06-06,6000.0,1152.0,648.0,6360.0,張哲宇,Male,50,桃園市,住宿和餐飲業,2018.0,6.0,6.0,2.0,50
ID04429,AC1700640,F010,中夾-紅,皮件,2610.0,1.0,2018-05-08,2610.0,595.0800000000003,187.92,2766.6000000000004,吳伊婷,Female,35,新北市,金融業和房地產,2018.0,5.0,8.0,2.0,30
ID04430,AC1703304,F001,運動潮流連帽外套女裝-白,女裝,1450.0,1.0,2018-06-06,1450.0,239.2500000000001,195.75,1537.0,袁穎苓,Male,38,基隆市,住宿和餐飲業,2018.0,6.0,6.0,2.0,30
ID04431,AC1702328,F016,後背包-藍,配件,890.0,1.0,2018-06-06,890.0,220.72,46.28,943.4000000000001,趙修賢,Male,52,桃園市,住宿和餐飲業,2018.0,6.0,6.0,2.0,50
ID04432,AC1703612,F010,中夾-紅,皮件,2610.0,1.0,2018-05-08,2610.0,595.0800000000003,187.92,2766.6000000000004,賴庭瑤,Female,39,基隆市,金融業和房地產,2018.0,5.0,8.0,2.0,30
ID04433,AC1703842,F025,雙向層架式書桌-咖,家俱,2900.0,1.0,2018-06-06,2900.0,435.0000000000002,435.0,3074.0,朱家豪,Female,39,臺北市,其他,2018.0,6.0,6.0,2.0,30
ID04434,AC1703660,F009,大化妝包-深藍,配件,2100.0,2.0,2018-06-06,4200.0,1041.6,218.39999999999998,4452.0,黃凱文,Female,36,基隆市,其他,2018.0,6.0,6.0,2.0,30
ID04435,AC1703513,F009,大化妝包-深藍,配件,2100.0,2.0,2018-06-06,4200.0,1041.6,218.39999999999998,4452.0,林友發,Male,28,基隆市,金融業和房地產,2018.0,6.0,6.0,2.0,20
ID04436,AC1700201,F009,大化妝包-深藍,配件,2100.0,2.0,2018-06-06,4200.0,1041.6,218.39999999999998,4452.0,王淑玲,Female,34,臺北市,農林漁牧業,2018.0,6.0,6.0,2.0,30
ID04437,AC1703631,F009,大化妝包-深藍,配件,2100.0,2.0,2018-06-06,4200.0,1041.6,218.39999999999998,4452.0,潘欣怡,Female,23,基隆市,金融業和房地產,2018.0,6.0,6.0,2.0,20
ID04438,AC1703646,F012,托特包-白,配件,1740.0,2.0,2018-06-06,3480.0,863.04,180.95999999999998,3688.8,李姿帆,Female,31,基隆市,住宿和餐飲業,2018.0,6.0,6.0,2.0,30
ID04439,AC1701458,F012,托特包-白,配件,1740.0,2.0,2018-06-06,3480.0,863.04,180.95999999999998,3688.8,駱瓊榮,Male,34,宜蘭縣,住宿和餐飲業,2018.0,6.0,6.0,2.0,30
ID04440,AC1702830,F025,雙向層架式書桌-咖,家俱,2900.0,1.0,2018-06-06,2900.0,435.0000000000002,435.0,3074.0,王艾丞,Male,45,桃園市,其他,2018.0,6.0,6.0,2.0,40
ID04441,AC1700635,F017,大學T男裝-灰,男裝,1200.0,3.0,2018-06-06,3600.0,691.2,388.8,3816.0,林奇舜,Female,26,新北市,金融業和房地產,2018.0,6.0,6.0,2.0,20
ID04442,AC1703837,F012,托特包-白,配件,1740.0,3.0,2018-06-06,5220.0,1294.5600000000004,271.44,5533.200000000001,張永群,Female,45,臺北市,住宿和餐飲業,2018.0,6.0,6.0,2.0,40
ID04443,AC1700936,F012,托特包-白,配件,1740.0,3.0,2018-06-06,5220.0,1294.5600000000004,271.44,5533.200000000001,林禎芬,Female,30,新北市,金融業和房地產,2018.0,6.0,6.0,2.0,30
ID04444,AC1702428,F033,高機能伸縮衣架-黑,家俱,600.0,7.0,2018-06-06,4200.0,630.0,630.0,4452.0,陳品惟,Male,56,桃園市,其他,2018.0,6.0,6.0,2.0,50
ID04445,AC1701861,F013,潮感印條連帽外套-男裝,男裝,1740.0,8.0,2018-06-06,13920.0,2672.6400000000003,1503.36,14755.2,龍書盈,Female,44,新北市,其他,2018.0,6.0,6.0,2.0,40
ID04446,AC1703558,F003,印圖大學T男裝-藍,男裝,750.0,8.0,2018-06-06,6000.0,1152.0,648.0,6360.0,謝佩吉,Female,33,基隆市,金融業和房地產,2018.0,6.0,6.0,2.0,30
ID04447,AC1700766,F017,大學T男裝-灰,男裝,1200.0,3.0,2018-06-06,3600.0,691.2,388.8,3816.0,陳韻然,Male,36,新北市,金融業和房地產,2018.0,6.0,6.0,2.0,30
ID04448,AC1701648,F001,運動潮流連帽外套女裝-白,女裝,1450.0,1.0,2018-06-06,1450.0,239.2500000000001,195.75,1537.0,許喬桂,Female,39,宜蘭縣,金融業和房地產,2018.0,6.0,6.0,2.0,30
ID04449,AC1702400,F016,後背包-藍,配件,890.0,1.0,2018-06-06,890.0,220.72,46.28,943.4000000000001,鄧淑卿,Female,43,桃園市,其他,2018.0,6.0,6.0,2.0,40
ID04450,AC1702639,F025,雙向層架式書桌-咖,家俱,2900.0,5.0,2018-06-06,14500.0,2175.0,2175.0,15370.0,黃俊康,Female,60,桃園市,農林漁牧業,2018.0,6.0,6.0,2.0,60
ID04451,AC1703460,F025,雙向層架式書桌-咖,家俱,2900.0,1.0,2018-06-06,2900.0,435.0000000000002,435.0,3074.0,黃潔喬,Female,39,基隆市,教育體育文化,2018.0,6.0,6.0,2.0,30
ID04452,AC1702345,F009,大化妝包-深藍,配件,2100.0,2.0,2018-06-06,4200.0,1041.6,218.39999999999998,4452.0,林宜旭,Male,44,桃園市,其他,2018.0,6.0,6.0,2.0,40
ID04453,AC1703021,F009,大化妝包-深藍,配件,2100.0,2.0,2018-06-06,4200.0,1041.6,218.39999999999998,4452.0,鄭佳慧,Female,49,桃園市,住宿和餐飲業,2018.0,6.0,6.0,2.0,40
ID04454,AC1703223,F009,大化妝包-深藍,配件,2100.0,2.0,2018-06-06,4200.0,1041.6,218.39999999999998,4452.0,白香齊,Male,42,桃園市,教育體育文化,2018.0,6.0,6.0,2.0,40
ID04455,AC1701367,F009,大化妝包-深藍,配件,2100.0,2.0,2018-06-06,4200.0,1041.6,218.39999999999998,4452.0,黃雅惠,Female,39,宜蘭縣,金融業和房地產,2018.0,6.0,6.0,2.0,30
ID04456,AC1701808,F012,托特包-白,配件,1740.0,2.0,2018-06-06,3480.0,863.04,180.95999999999998,3688.8,劉馥泰,Male,47,宜蘭縣,金融業和房地產,2018.0,6.0,6.0,2.0,40
ID04457,AC1701303,F012,托特包-白,配件,1740.0,2.0,2018-06-06,3480.0,863.04,180.95999999999998,3688.8,姚雅文,Female,30,宜蘭縣,金融業和房地產,2018.0,6.0,6.0,2.0,30
ID04458,AC1702507,F025,雙向層架式書桌-咖,家俱,2900.0,1.0,2018-06-06,2900.0,435.0000000000002,435.0,3074.0,黃靖松,Female,63,桃園市,住宿和餐飲業,2018.0,6.0,6.0,2.0,60
ID04459,AC1702499,F017,大學T男裝-灰,男裝,1200.0,3.0,2018-06-06,3600.0,691.2,388.8,3816.0,李添士,Male,55,桃園市,金融業和房地產,2018.0,6.0,6.0,2.0,50
ID04460,AC1701182,F012,托特包-白,配件,1740.0,3.0,2018-06-06,5220.0,1294.5600000000004,271.44,5533.200000000001,葉怡城,Female,45,新北市,金融業和房地產,2018.0,6.0,6.0,2.0,40
ID04461,AC1701250,F012,托特包-白,配件,1740.0,3.0,2018-06-06,5220.0,1294.5600000000004,271.44,5533.200000000001,陳民政,Male,41,新北市,金融業和房地產,2018.0,6.0,6.0,2.0,40
ID04462,AC1701101,F033,高機能伸縮衣架-黑,家俱,600.0,7.0,2018-06-06,4200.0,630.0,630.0,4452.0,徐誠宇,Male,28,新北市,其他,2018.0,6.0,6.0,2.0,20
ID04463,AC1703144,F013,潮感印條連帽外套-男裝,男裝,1740.0,8.0,2018-06-06,13920.0,2672.6400000000003,1503.36,14755.2,蔡英茜,Female,49,桃園市,住宿和餐飲業,2018.0,6.0,6.0,2.0,40
ID04464,AC1703588,F003,印圖大學T男裝-藍,男裝,750.0,8.0,2018-06-06,6000.0,1152.0,648.0,6360.0,楊伯能,Female,28,基隆市,住宿和餐飲業,2018.0,6.0,6.0,2.0,20
ID04465,AC1702744,F017,大學T男裝-灰,男裝,1200.0,3.0,2018-06-06,3600.0,691.2,388.8,3816.0,郭士豪,Male,59,桃園市,金融業和房地產,2018.0,6.0,6.0,2.0,50
ID04466,AC1703201,F025,雙向層架式書桌-咖,家俱,2900.0,5.0,2018-06-06,14500.0,2175.0,2175.0,15370.0,尹昆霖,Male,49,桃園市,其他,2018.0,6.0,6.0,2.0,40
ID04467,AC1700233,F008,法蘭絨格紋襯衫-黑,女裝,1800.0,1.0,2018-06-15,1800.0,297.0,243.00000000000003,1908.0,郭恩霖,Male,43,臺北市,住宿和餐飲業,2018.0,6.0,15.0,2.0,40
ID04468,AC1700069,F012,托特包-白,配件,1740.0,1.0,2018-06-15,1740.0,431.52,90.47999999999999,1844.4,邱筱潔,Female,42,基隆市,金融業和房地產,2018.0,6.0,15.0,2.0,40
ID04469,AC1703575,F025,雙向層架式書桌-咖,家俱,2900.0,1.0,2018-06-06,2900.0,435.0000000000002,435.0,3074.0,劉枝雯,Female,34,基隆市,金融業和房地產,2018.0,6.0,6.0,2.0,30
ID04470,AC1700685,F008,法蘭絨格紋襯衫-黑,女裝,1800.0,1.0,2018-06-15,1800.0,297.0,243.00000000000003,1908.0,邱建彰,Male,44,新北市,金融業和房地產,2018.0,6.0,15.0,2.0,40
ID04471,AC1703687,F012,托特包-白,配件,1740.0,1.0,2018-06-15,1740.0,431.52,90.47999999999999,1844.4,王家瑜,Female,40,基隆市,金融業和房地產,2018.0,6.0,15.0,2.0,40
ID04472,AC1702662,F009,大化妝包-深藍,配件,2100.0,1.0,2018-06-15,2100.0,520.8,109.19999999999999,2226.0,郭宜珊,Female,62,桃園市,其他,2018.0,6.0,15.0,2.0,60
ID04473,AC1700357,F012,托特包-白,配件,1740.0,1.0,2018-06-15,1740.0,431.52,90.47999999999999,1844.4,吳榮淳,Female,53,新北市,金融業和房地產,2018.0,6.0,15.0,2.0,50
ID04474,AC1700700,F025,雙向層架式書桌-咖,家俱,2900.0,1.0,2018-06-06,2900.0,435.0000000000002,435.0,3074.0,葉志鴻,Male,49,新北市,金融業和房地產,2018.0,6.0,6.0,2.0,40
ID04475,AC1701706,F009,大化妝包-深藍,配件,2100.0,1.0,2018-06-15,2100.0,520.8,109.19999999999999,2226.0,賴佩君,Female,45,宜蘭縣,金融業和房地產,2018.0,6.0,15.0,2.0,40
ID04476,AC1700513,F012,托特包-白,配件,1740.0,1.0,2018-06-15,1740.0,431.52,90.47999999999999,1844.4,趙素聿,Male,28,新北市,金融業和房地產,2018.0,6.0,15.0,2.0,20
ID04477,AC1702251,F017,大學T男裝-灰,男裝,1200.0,3.0,2018-06-06,3600.0,691.2,388.8,3816.0,楊惠真,Male,53,桃園市,住宿和餐飲業,2018.0,6.0,6.0,2.0,50
ID04478,AC1703275,F017,大學T男裝-灰,男裝,1200.0,3.0,2018-06-06,3600.0,691.2,388.8,3816.0,黎紋珮,Female,53,桃園市,住宿和餐飲業,2018.0,6.0,6.0,2.0,50
ID04479,AC1703456,F025,雙向層架式書桌-咖,家俱,2900.0,5.0,2018-06-06,14500.0,2175.0,2175.0,15370.0,張俊明,Male,48,基隆市,其他,2018.0,6.0,6.0,2.0,40
ID04480,AC1700699,F025,雙向層架式書桌-咖,家俱,2900.0,1.0,2018-06-06,2900.0,435.0000000000002,435.0,3074.0,張玉迪,Female,30,新北市,其他,2018.0,6.0,6.0,2.0,30
ID04481,AC1702226,F025,雙向層架式書桌-咖,家俱,2900.0,1.0,2018-06-06,2900.0,435.0000000000002,435.0,3074.0,陳佩誠,Male,42,桃園市,其他,2018.0,6.0,6.0,2.0,40
ID04482,AC1701485,F017,大學T男裝-灰,男裝,1200.0,3.0,2018-06-06,3600.0,691.2,388.8,3816.0,陳志燦,Male,38,宜蘭縣,其他,2018.0,6.0,6.0,2.0,30
ID04483,AC1702177,F017,大學T男裝-灰,男裝,1200.0,3.0,2018-06-06,3600.0,691.2,388.8,3816.0,管佳蓉,Male,61,桃園市,農林漁牧業,2018.0,6.0,6.0,2.0,60
ID04484,AC1703436,F025,雙向層架式書桌-咖,家俱,2900.0,5.0,2018-06-06,14500.0,2175.0,2175.0,15370.0,張雅雲,Female,42,基隆市,其他,2018.0,6.0,6.0,2.0,40
ID04485,AC1703810,F025,雙向層架式書桌-咖,家俱,2900.0,1.0,2018-06-06,2900.0,435.0000000000002,435.0,3074.0,林麗娟,Female,43,臺北市,其他,2018.0,6.0,6.0,2.0,40
ID04486,AC1701642,F025,雙向層架式書桌-咖,家俱,2900.0,1.0,2018-06-06,2900.0,435.0000000000002,435.0,3074.0,邱家豪,Male,25,宜蘭縣,金融業和房地產,2018.0,6.0,6.0,2.0,20
ID04487,AC1702417,F004,大化妝包-桃粉,配件,1600.0,2.0,2018-06-15,3200.0,793.6,166.4,3392.0,李宜珍,Female,40,桃園市,金融業和房地產,2018.0,6.0,15.0,2.0,40
ID04488,AC1700963,F017,大學T男裝-灰,男裝,1200.0,3.0,2018-06-06,3600.0,691.2,388.8,3816.0,李筱惟,Female,34,新北市,金融業和房地產,2018.0,6.0,6.0,2.0,30
ID04489,AC1702556,F017,大學T男裝-灰,男裝,1200.0,3.0,2018-06-06,3600.0,691.2,388.8,3816.0,盧紀柏,Male,56,桃園市,住宿和餐飲業,2018.0,6.0,6.0,2.0,50
ID04490,AC1701322,F025,雙向層架式書桌-咖,家俱,2900.0,5.0,2018-06-06,14500.0,2175.0,2175.0,15370.0,謝郁涵,Female,41,宜蘭縣,金融業和房地產,2018.0,6.0,6.0,2.0,40
ID04491,AC1700912,F015,法蘭絨格紋襯衫-紅,女裝,1740.0,1.0,2018-06-15,1740.0,287.1,234.9,1844.4,涂聿,Female,40,新北市,金融業和房地產,2018.0,6.0,15.0,2.0,40
ID04492,AC1703706,F008,法蘭絨格紋襯衫-黑,女裝,1800.0,1.0,2018-06-15,1800.0,297.0,243.00000000000003,1908.0,李俞伸,Male,27,基隆市,金融業和房地產,2018.0,6.0,15.0,2.0,20
ID04493,AC1701675,F012,托特包-白,配件,1740.0,1.0,2018-06-15,1740.0,431.52,90.47999999999999,1844.4,黃偉翔,Male,32,宜蘭縣,住宿和餐飲業,2018.0,6.0,15.0,2.0,30
ID04494,AC1700991,F015,法蘭絨格紋襯衫-紅,女裝,1740.0,1.0,2018-06-15,1740.0,287.1,234.9,1844.4,倪淑君,Female,41,新北市,金融業和房地產,2018.0,6.0,15.0,2.0,40
ID04495,AC1703846,F008,法蘭絨格紋襯衫-黑,女裝,1800.0,1.0,2018-06-15,1800.0,297.0,243.00000000000003,1908.0,辛宗翰,Female,46,臺北市,住宿和餐飲業,2018.0,6.0,15.0,2.0,40
ID04496,AC1703037,F012,托特包-白,配件,1740.0,1.0,2018-06-15,1740.0,431.52,90.47999999999999,1844.4,連雅婷,Female,30,桃園市,其他,2018.0,6.0,15.0,2.0,30
ID04497,AC1701268,F009,大化妝包-深藍,配件,2100.0,1.0,2018-06-15,2100.0,520.8,109.19999999999999,2226.0,黃筱婷,Female,22,新北市,住宿和餐飲業,2018.0,6.0,15.0,2.0,20
ID04498,AC1701767,F012,托特包-白,配件,1740.0,1.0,2018-06-15,1740.0,431.52,90.47999999999999,1844.4,王亞蓁,Male,41,宜蘭縣,金融業和房地產,2018.0,6.0,15.0,2.0,40
ID04499,AC1703451,F015,法蘭絨格紋襯衫-紅,女裝,1740.0,1.0,2018-06-15,1740.0,287.1,234.9,1844.4,蘇聖傑,Female,26,基隆市,農林漁牧業,2018.0,6.0,15.0,2.0,20
ID04500,AC1701950,F009,大化妝包-深藍,配件,2100.0,1.0,2018-06-15,2100.0,520.8,109.19999999999999,2226.0,陳維哲,Male,26,宜蘭縣,其他,2018.0,6.0,15.0,2.0,20
ID04501,AC1703161,F012,托特包-白,配件,1740.0,1.0,2018-06-15,1740.0,431.52,90.47999999999999,1844.4,白志成,Male,43,桃園市,住宿和餐飲業,2018.0,6.0,15.0,2.0,40
ID04502,AC1700344,F010,中夾-紅,皮件,2610.0,1.0,2018-06-15,2610.0,595.0800000000003,187.92,2766.6000000000004,黃盛白,Female,47,新北市,其他,2018.0,6.0,15.0,2.0,40
ID04503,AC1700742,F010,中夾-紅,皮件,2610.0,1.0,2018-06-15,2610.0,595.0800000000003,187.92,2766.6000000000004,駱穎威,Female,37,新北市,金融業和房地產,2018.0,6.0,15.0,2.0,30
ID04504,AC1703878,F010,中夾-紅,皮件,2610.0,1.0,2018-06-15,2610.0,595.0800000000003,187.92,2766.6000000000004,杜緯君,Female,37,臺北市,金融業和房地產,2018.0,6.0,15.0,2.0,30
ID04505,AC1703964,F010,中夾-紅,皮件,2610.0,1.0,2018-06-15,2610.0,595.0800000000003,187.92,2766.6000000000004,楊欣儀,Female,50,臺北市,其他,2018.0,6.0,15.0,2.0,50
ID04506,AC1703133,F002,運動潮流直筒棉褲男童-白,童裝,930.0,2.0,2018-06-15,1860.0,327.36,230.64,1971.6000000000001,吳奕廷,Male,48,桃園市,住宿和餐飲業,2018.0,6.0,15.0,2.0,40
ID04507,AC1703649,F002,運動潮流直筒棉褲男童-白,童裝,930.0,2.0,2018-06-15,1860.0,327.36,230.64,1971.6000000000001,陳孟軒,Male,35,基隆市,住宿和餐飲業,2018.0,6.0,15.0,2.0,30
ID04508,AC1702549,F005,運動潮流連帽外套男裝-灰,男裝,1450.0,2.0,2018-06-15,2900.0,556.8000000000002,313.2,3074.0,曹裕珠,Female,32,桃園市,其他,2018.0,6.0,15.0,2.0,30
ID04509,AC1701583,F002,運動潮流直筒棉褲男童-白,童裝,930.0,2.0,2018-06-15,1860.0,327.36,230.64,1971.6000000000001,李佳安,Female,56,新北市,金融業和房地產,2018.0,6.0,15.0,2.0,50
ID04510,AC1701175,F002,運動潮流直筒棉褲男童-白,童裝,930.0,2.0,2018-06-15,1860.0,327.36,230.64,1971.6000000000001,張耀凌,Female,43,新北市,金融業和房地產,2018.0,6.0,15.0,2.0,40
ID04511,AC1701722,F005,運動潮流連帽外套男裝-灰,男裝,1450.0,2.0,2018-06-15,2900.0,556.8000000000002,313.2,3074.0,黃琇鈺,Male,34,宜蘭縣,住宿和餐飲業,2018.0,6.0,15.0,2.0,30
ID04512,AC1703414,F004,大化妝包-桃粉,配件,1600.0,2.0,2018-06-15,3200.0,793.6,166.4,3392.0,馮堯弘,Female,25,基隆市,住宿和餐飲業,2018.0,6.0,15.0,2.0,20
ID04513,AC1702036,F025,雙向層架式書桌-咖,家俱,2900.0,2.0,2018-06-15,5800.0,870.0000000000005,870.0,6148.0,周文婷,Female,35,宜蘭縣,教育體育文化,2018.0,6.0,15.0,2.0,30
ID04514,AC1701321,F025,雙向層架式書桌-咖,家俱,2900.0,2.0,2018-06-15,5800.0,870.0000000000005,870.0,6148.0,張凱珠,Female,39,宜蘭縣,金融業和房地產,2018.0,6.0,15.0,2.0,30
ID04515,AC1700159,F025,雙向層架式書桌-咖,家俱,2900.0,2.0,2018-06-15,5800.0,870.0000000000005,870.0,6148.0,張怡君,Female,46,新北市,農林漁牧業,2018.0,6.0,15.0,2.0,40
ID04516,AC1702856,F015,法蘭絨格紋襯衫-紅,女裝,1740.0,1.0,2018-06-15,1740.0,287.1,234.9,1844.4,馮俊偉,Male,58,桃園市,住宿和餐飲業,2018.0,6.0,15.0,2.0,50
ID04517,AC1701057,F008,法蘭絨格紋襯衫-黑,女裝,1800.0,1.0,2018-06-15,1800.0,297.0,243.00000000000003,1908.0,劉彥芷,Male,44,新北市,金融業和房地產,2018.0,6.0,15.0,2.0,40
ID04518,AC1702471,F012,托特包-白,配件,1740.0,1.0,2018-06-15,1740.0,431.52,90.47999999999999,1844.4,黃宇翔,Male,42,桃園市,其他,2018.0,6.0,15.0,2.0,40
ID04519,AC1703394,F015,法蘭絨格紋襯衫-紅,女裝,1740.0,1.0,2018-06-15,1740.0,287.1,234.9,1844.4,許雅亞,Male,28,基隆市,其他,2018.0,6.0,15.0,2.0,20
ID04520,AC1702662,F008,法蘭絨格紋襯衫-黑,女裝,1800.0,1.0,2018-06-15,1800.0,297.0,243.00000000000003,1908.0,郭宜珊,Female,62,桃園市,其他,2018.0,6.0,15.0,2.0,60
ID04521,AC1703976,F012,托特包-白,配件,1740.0,1.0,2018-06-15,1740.0,431.52,90.47999999999999,1844.4,劉佳蓉,Female,58,臺北市,其他,2018.0,6.0,15.0,2.0,50
ID04522,AC1703464,F009,大化妝包-深藍,配件,2100.0,1.0,2018-06-15,2100.0,520.8,109.19999999999999,2226.0,歐陽中貴,Male,30,基隆市,住宿和餐飲業,2018.0,6.0,15.0,2.0,30
ID04523,AC1700346,F012,托特包-白,配件,1740.0,1.0,2018-06-15,1740.0,431.52,90.47999999999999,1844.4,杜欣瑜,Male,47,新北市,其他,2018.0,6.0,15.0,2.0,40
ID04524,AC1701333,F015,法蘭絨格紋襯衫-紅,女裝,1740.0,1.0,2018-06-15,1740.0,287.1,234.9,1844.4,黃千惠,Female,41,新北市,住宿和餐飲業,2018.0,6.0,15.0,2.0,40
ID04525,AC1700179,F009,大化妝包-深藍,配件,2100.0,1.0,2018-06-15,2100.0,520.8,109.19999999999999,2226.0,張嘉蘋,Female,45,臺北市,金融業和房地產,2018.0,6.0,15.0,2.0,40
ID04526,AC1703011,F012,托特包-白,配件,1740.0,1.0,2018-06-15,1740.0,431.52,90.47999999999999,1844.4,李宛然,Male,58,桃園市,住宿和餐飲業,2018.0,6.0,15.0,2.0,50
ID04527,AC1700315,F010,中夾-紅,皮件,2610.0,1.0,2018-06-15,2610.0,595.0800000000003,187.92,2766.6000000000004,沈珈函,Female,67,新北市,住宿和餐飲業,2018.0,6.0,15.0,2.0,60
ID04528,AC1702076,F010,中夾-紅,皮件,2610.0,1.0,2018-06-15,2610.0,595.0800000000003,187.92,2766.6000000000004,林柏勳,Male,26,宜蘭縣,其他,2018.0,6.0,15.0,2.0,20
ID04529,AC1700266,F010,中夾-紅,皮件,2610.0,1.0,2018-06-15,2610.0,595.0800000000003,187.92,2766.6000000000004,郭方年,Male,41,新北市,金融業和房地產,2018.0,6.0,15.0,2.0,40
ID04530,AC1703517,F010,中夾-紅,皮件,2610.0,1.0,2018-06-15,2610.0,595.0800000000003,187.92,2766.6000000000004,張文賢,Female,33,基隆市,金融業和房地產,2018.0,6.0,15.0,2.0,30
ID04531,AC1703167,F002,運動潮流直筒棉褲男童-白,童裝,930.0,2.0,2018-06-15,1860.0,327.36,230.64,1971.6000000000001,許大俐,Female,53,桃園市,其他,2018.0,6.0,15.0,2.0,50
ID04532,AC1700770,F002,運動潮流直筒棉褲男童-白,童裝,930.0,2.0,2018-06-15,1860.0,327.36,230.64,1971.6000000000001,黃郁修,Female,26,新北市,金融業和房地產,2018.0,6.0,15.0,2.0,20
ID04533,AC1703433,F005,運動潮流連帽外套男裝-灰,男裝,1450.0,2.0,2018-06-15,2900.0,556.8000000000002,313.2,3074.0,王怡然,Female,33,基隆市,其他,2018.0,6.0,15.0,2.0,30
ID04534,AC1703223,F002,運動潮流直筒棉褲男童-白,童裝,930.0,2.0,2018-06-15,1860.0,327.36,230.64,1971.6000000000001,白香齊,Male,42,桃園市,教育體育文化,2018.0,6.0,15.0,2.0,40
ID04535,AC1703583,F002,運動潮流直筒棉褲男童-白,童裝,930.0,2.0,2018-06-15,1860.0,327.36,230.64,1971.6000000000001,陳一寶,Female,35,基隆市,金融業和房地產,2018.0,6.0,15.0,2.0,30
ID04536,AC1701613,F005,運動潮流連帽外套男裝-灰,男裝,1450.0,2.0,2018-06-15,2900.0,556.8000000000002,313.2,3074.0,葉淑貞,Female,24,宜蘭縣,金融業和房地產,2018.0,6.0,15.0,2.0,20
ID04537,AC1701801,F004,大化妝包-桃粉,配件,1600.0,2.0,2018-06-15,3200.0,793.6,166.4,3392.0,陳美桓,Female,25,宜蘭縣,其他,2018.0,6.0,15.0,2.0,20
ID04538,AC1701730,F025,雙向層架式書桌-咖,家俱,2900.0,2.0,2018-06-15,5800.0,870.0000000000005,870.0,6148.0,鄭靜怡,Female,34,宜蘭縣,其他,2018.0,6.0,15.0,2.0,30
ID04539,AC1702395,F025,雙向層架式書桌-咖,家俱,2900.0,2.0,2018-06-15,5800.0,870.0000000000005,870.0,6148.0,張曜宇,Female,35,桃園市,其他,2018.0,6.0,15.0,2.0,30
ID04540,AC1703244,F025,雙向層架式書桌-咖,家俱,2900.0,2.0,2018-06-15,5800.0,870.0000000000005,870.0,6148.0,賴宜君,Male,30,桃園市,教育體育文化,2018.0,6.0,15.0,2.0,30
ID04541,AC1702661,F015,法蘭絨格紋襯衫-紅,女裝,1740.0,1.0,2018-06-15,1740.0,287.1,234.9,1844.4,劉季仁,Male,53,桃園市,農林漁牧業,2018.0,6.0,15.0,2.0,50
ID04542,AC1703173,F008,法蘭絨格紋襯衫-黑,女裝,1800.0,1.0,2018-06-15,1800.0,297.0,243.00000000000003,1908.0,林怡樺,Female,50,桃園市,其他,2018.0,6.0,15.0,2.0,50
ID04543,AC1701577,F012,托特包-白,配件,1740.0,1.0,2018-06-15,1740.0,431.52,90.47999999999999,1844.4,林郁利,Female,31,新北市,其他,2018.0,6.0,15.0,2.0,30
ID04544,AC1703796,F015,法蘭絨格紋襯衫-紅,女裝,1740.0,1.0,2018-06-15,1740.0,287.1,234.9,1844.4,陳惠雯,Female,49,基隆市,教育體育文化,2018.0,6.0,15.0,2.0,40
ID04545,AC1700498,F008,法蘭絨格紋襯衫-黑,女裝,1800.0,1.0,2018-06-15,1800.0,297.0,243.00000000000003,1908.0,賴品茂,Male,24,新北市,金融業和房地產,2018.0,6.0,15.0,2.0,20
ID04546,AC1703900,F012,托特包-白,配件,1740.0,1.0,2018-06-15,1740.0,431.52,90.47999999999999,1844.4,曹品丞,Male,23,臺北市,住宿和餐飲業,2018.0,6.0,15.0,2.0,20
ID04547,AC1700209,F009,大化妝包-深藍,配件,2100.0,1.0,2018-06-15,2100.0,520.8,109.19999999999999,2226.0,陳志明,Male,45,臺北市,農林漁牧業,2018.0,6.0,15.0,2.0,40
ID04548,AC1703675,F012,托特包-白,配件,1740.0,1.0,2018-06-15,1740.0,431.52,90.47999999999999,1844.4,林冠廷,Female,36,基隆市,金融業和房地產,2018.0,6.0,15.0,2.0,30
ID04549,AC1700717,F015,法蘭絨格紋襯衫-紅,女裝,1740.0,1.0,2018-06-15,1740.0,287.1,234.9,1844.4,張志寧,Female,41,新北市,金融業和房地產,2018.0,6.0,15.0,2.0,40
ID04550,AC1703203,F009,大化妝包-深藍,配件,2100.0,1.0,2018-06-15,2100.0,520.8,109.19999999999999,2226.0,閔淑芳,Female,40,桃園市,其他,2018.0,6.0,15.0,2.0,40
ID04551,AC1700397,F012,托特包-白,配件,1740.0,1.0,2018-06-15,1740.0,431.52,90.47999999999999,1844.4,陳重喬,Female,40,新北市,金融業和房地產,2018.0,6.0,15.0,2.0,40
ID04552,AC1701202,F010,中夾-紅,皮件,2610.0,1.0,2018-06-15,2610.0,595.0800000000003,187.92,2766.6000000000004,黃國華,Male,37,新北市,金融業和房地產,2018.0,6.0,15.0,2.0,30
ID04553,AC1702086,F010,中夾-紅,皮件,2610.0,1.0,2018-06-15,2610.0,595.0800000000003,187.92,2766.6000000000004,邱華怡,Female,33,新北市,住宿和餐飲業,2018.0,6.0,15.0,2.0,30
ID04554,AC1703884,F010,中夾-紅,皮件,2610.0,1.0,2018-06-15,2610.0,595.0800000000003,187.92,2766.6000000000004,林建士,Female,54,臺北市,其他,2018.0,6.0,15.0,2.0,50
ID04555,AC1703379,F010,中夾-紅,皮件,2610.0,1.0,2018-06-15,2610.0,595.0800000000003,187.92,2766.6000000000004,陳京彬,Female,33,基隆市,金融業和房地產,2018.0,6.0,15.0,2.0,30
ID04556,AC1700552,F002,運動潮流直筒棉褲男童-白,童裝,930.0,2.0,2018-06-15,1860.0,327.36,230.64,1971.6000000000001,侯姿吟,Female,33,新北市,金融業和房地產,2018.0,6.0,15.0,2.0,30
ID04557,AC1703526,F002,運動潮流直筒棉褲男童-白,童裝,930.0,2.0,2018-06-15,1860.0,327.36,230.64,1971.6000000000001,陳文霞,Female,48,基隆市,金融業和房地產,2018.0,6.0,15.0,2.0,40
ID04558,AC1703196,F005,運動潮流連帽外套男裝-灰,男裝,1450.0,2.0,2018-06-15,2900.0,556.8000000000002,313.2,3074.0,賴上蓁,Male,57,桃園市,住宿和餐飲業,2018.0,6.0,15.0,2.0,50
ID04559,AC1701004,F002,運動潮流直筒棉褲男童-白,童裝,930.0,2.0,2018-06-15,1860.0,327.36,230.64,1971.6000000000001,楊志原,Male,48,新北市,金融業和房地產,2018.0,6.0,15.0,2.0,40
ID04560,AC1702292,F002,運動潮流直筒棉褲男童-白,童裝,930.0,2.0,2018-06-15,1860.0,327.36,230.64,1971.6000000000001,簡琦芳,Female,44,桃園市,住宿和餐飲業,2018.0,6.0,15.0,2.0,40
ID04561,AC1701834,F005,運動潮流連帽外套男裝-灰,男裝,1450.0,2.0,2018-06-15,2900.0,556.8000000000002,313.2,3074.0,郭志明,Male,36,宜蘭縣,其他,2018.0,6.0,15.0,2.0,30
ID04562,AC1702327,F004,大化妝包-桃粉,配件,1600.0,2.0,2018-06-15,3200.0,793.6,166.4,3392.0,林千榮,Male,45,桃園市,其他,2018.0,6.0,15.0,2.0,40
ID04563,AC1700820,F025,雙向層架式書桌-咖,家俱,2900.0,2.0,2018-06-15,5800.0,870.0000000000005,870.0,6148.0,陳剛韋,Female,27,新北市,其他,2018.0,6.0,15.0,2.0,20
ID04564,AC1703468,F025,雙向層架式書桌-咖,家俱,2900.0,2.0,2018-06-15,5800.0,870.0000000000005,870.0,6148.0,陳怡伶,Female,47,基隆市,金融業和房地產,2018.0,6.0,15.0,2.0,40
ID04565,AC1700083,F025,雙向層架式書桌-咖,家俱,2900.0,2.0,2018-06-15,5800.0,870.0000000000005,870.0,6148.0,陳筱涵,Female,55,基隆市,農林漁牧業,2018.0,6.0,15.0,2.0,50
ID04566,AC1703345,F015,法蘭絨格紋襯衫-紅,女裝,1740.0,1.0,2018-06-15,1740.0,287.1,234.9,1844.4,洪千慧,Female,23,基隆市,住宿和餐飲業,2018.0,6.0,15.0,2.0,20
ID04567,AC1702043,F008,法蘭絨格紋襯衫-黑,女裝,1800.0,1.0,2018-06-15,1800.0,297.0,243.00000000000003,1908.0,黃麗佩,Female,36,新北市,金融業和房地產,2018.0,6.0,15.0,2.0,30
ID04568,AC1700788,F012,托特包-白,配件,1740.0,1.0,2018-06-15,1740.0,431.52,90.47999999999999,1844.4,楊雅威,Female,25,新北市,金融業和房地產,2018.0,6.0,15.0,2.0,20
ID04569,AC1701065,F015,法蘭絨格紋襯衫-紅,女裝,1740.0,1.0,2018-06-15,1740.0,287.1,234.9,1844.4,林孟璇,Male,34,新北市,金融業和房地產,2018.0,6.0,15.0,2.0,30
ID04570,AC1700799,F008,法蘭絨格紋襯衫-黑,女裝,1800.0,1.0,2018-06-15,1800.0,297.0,243.00000000000003,1908.0,倪人法,Female,37,新北市,金融業和房地產,2018.0,6.0,15.0,2.0,30
ID04571,AC1701332,F012,托特包-白,配件,1740.0,1.0,2018-06-15,1740.0,431.52,90.47999999999999,1844.4,林乃宜,Female,39,新北市,金融業和房地產,2018.0,6.0,15.0,2.0,30
ID04572,AC1701625,F009,大化妝包-深藍,配件,2100.0,1.0,2018-06-15,2100.0,520.8,109.19999999999999,2226.0,李哲嘉,Male,37,宜蘭縣,其他,2018.0,6.0,15.0,2.0,30
ID04573,AC1702053,F012,托特包-白,配件,1740.0,1.0,2018-06-15,1740.0,431.52,90.47999999999999,1844.4,廖建廷,Male,44,宜蘭縣,住宿和餐飲業,2018.0,6.0,15.0,2.0,40
ID04574,AC1703390,F015,法蘭絨格紋襯衫-紅,女裝,1740.0,1.0,2018-06-15,1740.0,287.1,234.9,1844.4,王東木,Male,31,基隆市,金融業和房地產,2018.0,6.0,15.0,2.0,30
ID04575,AC1702496,F009,大化妝包-深藍,配件,2100.0,1.0,2018-06-15,2100.0,520.8,109.19999999999999,2226.0,謝柏毅,Male,41,桃園市,住宿和餐飲業,2018.0,6.0,15.0,2.0,40
ID04576,AC1703410,F012,托特包-白,配件,1740.0,1.0,2018-06-15,1740.0,431.52,90.47999999999999,1844.4,秦緯容,Female,29,基隆市,金融業和房地產,2018.0,6.0,15.0,2.0,20
ID04577,AC1702333,F010,中夾-紅,皮件,2610.0,1.0,2018-06-15,2610.0,595.0800000000003,187.92,2766.6000000000004,黃靖彬,Male,38,桃園市,金融業和房地產,2018.0,6.0,15.0,2.0,30
ID04578,AC1701949,F010,中夾-紅,皮件,2610.0,1.0,2018-06-15,2610.0,595.0800000000003,187.92,2766.6000000000004,葉萬弘,Male,34,宜蘭縣,金融業和房地產,2018.0,6.0,15.0,2.0,30
ID04579,AC1703764,F010,中夾-紅,皮件,2610.0,1.0,2018-06-15,2610.0,595.0800000000003,187.92,2766.6000000000004,楊惠堅,Male,34,基隆市,金融業和房地產,2018.0,6.0,15.0,2.0,30
ID04580,AC1701088,F010,中夾-紅,皮件,2610.0,1.0,2018-06-15,2610.0,595.0800000000003,187.92,2766.6000000000004,蔡政財,Male,36,新北市,住宿和餐飲業,2018.0,6.0,15.0,2.0,30
ID04581,AC1702529,F002,運動潮流直筒棉褲男童-白,童裝,930.0,2.0,2018-06-15,1860.0,327.36,230.64,1971.6000000000001,毛可喜,Female,56,桃園市,其他,2018.0,6.0,15.0,2.0,50
ID04582,AC1701244,F002,運動潮流直筒棉褲男童-白,童裝,930.0,2.0,2018-06-15,1860.0,327.36,230.64,1971.6000000000001,孫駿岑,Male,33,新北市,金融業和房地產,2018.0,6.0,15.0,2.0,30
ID04583,AC1700971,F005,運動潮流連帽外套男裝-灰,男裝,1450.0,2.0,2018-06-15,2900.0,556.8000000000002,313.2,3074.0,倪麗娟,Male,33,新北市,金融業和房地產,2018.0,6.0,15.0,2.0,30
ID04584,AC1702124,F002,運動潮流直筒棉褲男童-白,童裝,930.0,2.0,2018-06-15,1860.0,327.36,230.64,1971.6000000000001,王祐辛,Female,44,新北市,教育體育文化,2018.0,6.0,15.0,2.0,40
ID04585,AC1702128,F002,運動潮流直筒棉褲男童-白,童裝,930.0,2.0,2018-06-15,1860.0,327.36,230.64,1971.6000000000001,邱淑正,Male,43,宜蘭縣,金融業和房地產,2018.0,6.0,15.0,2.0,40
ID04586,AC1700109,F005,運動潮流連帽外套男裝-灰,男裝,1450.0,2.0,2018-06-15,2900.0,556.8000000000002,313.2,3074.0,李婉岳,Female,53,新北市,金融業和房地產,2018.0,6.0,15.0,2.0,50
ID04587,AC1701818,F004,大化妝包-桃粉,配件,1600.0,2.0,2018-06-15,3200.0,793.6,166.4,3392.0,林慧萍,Female,38,宜蘭縣,金融業和房地產,2018.0,6.0,15.0,2.0,30
ID04588,AC1701677,F025,雙向層架式書桌-咖,家俱,2900.0,2.0,2018-06-15,5800.0,870.0000000000005,870.0,6148.0,謝伶羽,Female,44,新北市,金融業和房地產,2018.0,6.0,15.0,2.0,40
ID04589,AC1700417,F025,雙向層架式書桌-咖,家俱,2900.0,2.0,2018-06-15,5800.0,870.0000000000005,870.0,6148.0,陳麗恬,Female,38,新北市,金融業和房地產,2018.0,6.0,15.0,2.0,30
ID04590,AC1700206,F025,雙向層架式書桌-咖,家俱,2900.0,2.0,2018-06-15,5800.0,870.0000000000005,870.0,6148.0,曹定郁,Male,40,臺北市,金融業和房地產,2018.0,6.0,15.0,2.0,40
ID04591,AC1702239,F015,法蘭絨格紋襯衫-紅,女裝,1740.0,1.0,2018-06-15,1740.0,287.1,234.9,1844.4,鄭俊毅,Male,56,桃園市,住宿和餐飲業,2018.0,6.0,15.0,2.0,50
ID04592,AC1703848,F016,後背包-藍,配件,890.0,1.0,2018-07-06,890.0,220.72,46.28,943.4000000000001,林怡秀,Female,35,臺北市,金融業和房地產,2018.0,7.0,6.0,3.0,30
ID04593,AC1701167,F015,法蘭絨格紋襯衫-紅,女裝,1740.0,1.0,2018-06-15,1740.0,287.1,234.9,1844.4,梁睿漢,Male,51,新北市,住宿和餐飲業,2018.0,6.0,15.0,2.0,50
ID04594,AC1700822,F015,法蘭絨格紋襯衫-紅,女裝,1740.0,1.0,2018-06-15,1740.0,287.1,234.9,1844.4,顏宗翰,Male,33,新北市,教育體育文化,2018.0,6.0,15.0,2.0,30
ID04595,AC1701911,F010,中夾-紅,皮件,2610.0,1.0,2018-06-15,2610.0,595.0800000000003,187.92,2766.6000000000004,簡欣希,Female,31,新北市,教育體育文化,2018.0,6.0,15.0,2.0,30
ID04596,AC1703469,F010,中夾-紅,皮件,2610.0,1.0,2018-06-15,2610.0,595.0800000000003,187.92,2766.6000000000004,李承東,Female,38,基隆市,金融業和房地產,2018.0,6.0,15.0,2.0,30
ID04597,AC1701628,F010,中夾-紅,皮件,2610.0,1.0,2018-06-15,2610.0,595.0800000000003,187.92,2766.6000000000004,楊人豪,Male,30,宜蘭縣,金融業和房地產,2018.0,6.0,15.0,2.0,30
ID04598,AC1703342,F010,中夾-紅,皮件,2610.0,1.0,2018-06-15,2610.0,595.0800000000003,187.92,2766.6000000000004,馬怡臻,Female,24,基隆市,金融業和房地產,2018.0,6.0,15.0,2.0,20
ID04599,AC1702791,F002,運動潮流直筒棉褲男童-白,童裝,930.0,2.0,2018-06-15,1860.0,327.36,230.64,1971.6000000000001,邱玉娟,Female,61,桃園市,住宿和餐飲業,2018.0,6.0,15.0,2.0,60
ID04600,AC1701018,F016,後背包-藍,配件,890.0,1.0,2018-07-06,890.0,220.72,46.28,943.4000000000001,林柏宜,Male,41,新北市,金融業和房地產,2018.0,7.0,6.0,3.0,40
ID04601,AC1700778,F002,運動潮流直筒棉褲男童-白,童裝,930.0,2.0,2018-06-15,1860.0,327.36,230.64,1971.6000000000001,林雅筑,Male,51,新北市,住宿和餐飲業,2018.0,6.0,15.0,2.0,50
ID04602,AC1703073,F005,運動潮流連帽外套男裝-灰,男裝,1450.0,2.0,2018-06-15,2900.0,556.8000000000002,313.2,3074.0,曾明倫,Male,55,桃園市,住宿和餐飲業,2018.0,6.0,15.0,2.0,50
ID04603,AC1701770,F002,運動潮流直筒棉褲男童-白,童裝,930.0,2.0,2018-06-15,1860.0,327.36,230.64,1971.6000000000001,弓文月,Female,35,新北市,其他,2018.0,6.0,15.0,2.0,30
ID04604,AC1701721,F002,運動潮流直筒棉褲男童-白,童裝,930.0,2.0,2018-06-15,1860.0,327.36,230.64,1971.6000000000001,蔡凱元,Male,43,宜蘭縣,金融業和房地產,2018.0,6.0,15.0,2.0,40
ID04605,AC1702990,F005,運動潮流連帽外套男裝-灰,男裝,1450.0,2.0,2018-06-15,2900.0,556.8000000000002,313.2,3074.0,李漢來,Female,39,桃園市,其他,2018.0,6.0,15.0,2.0,30
ID04606,AC1701395,F025,雙向層架式書桌-咖,家俱,2900.0,2.0,2018-06-15,5800.0,870.0000000000005,870.0,6148.0,林筱謙,Male,34,宜蘭縣,金融業和房地產,2018.0,6.0,15.0,2.0,30
ID04607,AC1702588,F025,雙向層架式書桌-咖,家俱,2900.0,2.0,2018-06-15,5800.0,870.0000000000005,870.0,6148.0,劉行歡,Male,55,桃園市,住宿和餐飲業,2018.0,6.0,15.0,2.0,50
ID04608,AC1702428,F016,後背包-藍,配件,890.0,1.0,2018-07-06,890.0,220.72,46.28,943.4000000000001,陳品惟,Male,56,桃園市,其他,2018.0,7.0,6.0,3.0,50
ID04609,AC1700718,F025,雙向層架式書桌-咖,家俱,2900.0,2.0,2018-06-15,5800.0,870.0000000000005,870.0,6148.0,張琇琳,Female,29,新北市,其他,2018.0,6.0,15.0,2.0,20
ID04610,AC1702132,F005,運動潮流連帽外套男裝-灰,男裝,1450.0,1.0,2018-07-06,1450.0,278.4000000000001,156.6,1537.0,李翰仲,Female,40,新北市,金融業和房地產,2018.0,7.0,6.0,3.0,40
ID04611,AC1703548,F005,運動潮流連帽外套男裝-灰,男裝,1450.0,1.0,2018-07-06,1450.0,278.4000000000001,156.6,1537.0,陳惠敏,Female,27,基隆市,其他,2018.0,7.0,6.0,3.0,20
ID04612,AC1701152,F015,法蘭絨格紋襯衫-紅,女裝,1740.0,1.0,2018-07-06,1740.0,287.1,234.9,1844.4,韓函富,Male,34,新北市,金融業和房地產,2018.0,7.0,6.0,3.0,30
ID04613,AC1703678,F025,雙向層架式書桌-咖,家俱,2900.0,1.0,2018-07-06,2900.0,435.0000000000002,435.0,3074.0,林靜怡,Female,43,基隆市,金融業和房地產,2018.0,7.0,6.0,3.0,40
ID04614,AC1702682,F025,雙向層架式書桌-咖,家俱,2900.0,1.0,2018-07-06,2900.0,435.0000000000002,435.0,3074.0,廖婉倫,Male,43,桃園市,住宿和餐飲業,2018.0,7.0,6.0,3.0,40
ID04615,AC1701877,F025,雙向層架式書桌-咖,家俱,2900.0,1.0,2018-07-06,2900.0,435.0000000000002,435.0,3074.0,邱世傑,Female,40,新北市,金融業和房地產,2018.0,7.0,6.0,3.0,40
ID04616,AC1700014,F016,後背包-藍,配件,890.0,1.0,2018-07-06,890.0,220.72,46.28,943.4000000000001,周聿綠,Female,57,基隆市,金融業和房地產,2018.0,7.0,6.0,3.0,50
ID04617,AC1702835,F025,雙向層架式書桌-咖,家俱,2900.0,1.0,2018-07-06,2900.0,435.0000000000002,435.0,3074.0,闕倍妍,Male,53,桃園市,住宿和餐飲業,2018.0,7.0,6.0,3.0,50
ID04618,AC1702736,F005,運動潮流連帽外套男裝-灰,男裝,1450.0,1.0,2018-07-06,1450.0,278.4000000000001,156.6,1537.0,周淑芬,Female,48,桃園市,住宿和餐飲業,2018.0,7.0,6.0,3.0,40
ID04619,AC1702457,F005,運動潮流連帽外套男裝-灰,男裝,1450.0,1.0,2018-07-06,1450.0,278.4000000000001,156.6,1537.0,徐雅雯,Female,49,桃園市,其他,2018.0,7.0,6.0,3.0,40
ID04620,AC1702433,F015,法蘭絨格紋襯衫-紅,女裝,1740.0,1.0,2018-07-06,1740.0,287.1,234.9,1844.4,陳威坤,Female,61,桃園市,其他,2018.0,7.0,6.0,3.0,60
ID04621,AC1701310,F025,雙向層架式書桌-咖,家俱,2900.0,1.0,2018-07-06,2900.0,435.0000000000002,435.0,3074.0,陳素剛,Female,24,新北市,金融業和房地產,2018.0,7.0,6.0,3.0,20
ID04622,AC1701978,F025,雙向層架式書桌-咖,家俱,2900.0,1.0,2018-07-06,2900.0,435.0000000000002,435.0,3074.0,何俊毅,Female,25,新北市,其他,2018.0,7.0,6.0,3.0,20
ID04623,AC1700996,F025,雙向層架式書桌-咖,家俱,2900.0,1.0,2018-07-06,2900.0,435.0000000000002,435.0,3074.0,陳金綠,Male,40,新北市,住宿和餐飲業,2018.0,7.0,6.0,3.0,40
ID04624,AC1700111,F016,後背包-藍,配件,890.0,1.0,2018-07-06,890.0,220.72,46.28,943.4000000000001,蔡宗穎,Female,41,新北市,農林漁牧業,2018.0,7.0,6.0,3.0,40
ID04625,AC1702443,F025,雙向層架式書桌-咖,家俱,2900.0,1.0,2018-07-06,2900.0,435.0000000000002,435.0,3074.0,吳雅雯,Female,55,桃園市,其他,2018.0,7.0,6.0,3.0,50
ID04626,AC1703334,F005,運動潮流連帽外套男裝-灰,男裝,1450.0,1.0,2018-07-06,1450.0,278.4000000000001,156.6,1537.0,王恆韋,Male,27,基隆市,金融業和房地產,2018.0,7.0,6.0,3.0,20
ID04627,AC1701863,F005,運動潮流連帽外套男裝-灰,男裝,1450.0,1.0,2018-07-06,1450.0,278.4000000000001,156.6,1537.0,王雅亞,Male,33,宜蘭縣,金融業和房地產,2018.0,7.0,6.0,3.0,30
ID04628,AC1701341,F015,法蘭絨格紋襯衫-紅,女裝,1740.0,1.0,2018-07-06,1740.0,287.1,234.9,1844.4,張婷婷,Female,29,宜蘭縣,金融業和房地產,2018.0,7.0,6.0,3.0,20
ID04629,AC1700352,F025,雙向層架式書桌-咖,家俱,2900.0,1.0,2018-07-06,2900.0,435.0000000000002,435.0,3074.0,黃志軍,Male,47,新北市,金融業和房地產,2018.0,7.0,6.0,3.0,40
ID04630,AC1702921,F025,雙向層架式書桌-咖,家俱,2900.0,1.0,2018-07-06,2900.0,435.0000000000002,435.0,3074.0,劉采卿,Female,50,桃園市,住宿和餐飲業,2018.0,7.0,6.0,3.0,50
ID04631,AC1702584,F025,雙向層架式書桌-咖,家俱,2900.0,1.0,2018-07-06,2900.0,435.0000000000002,435.0,3074.0,夏孟儒,Male,43,桃園市,住宿和餐飲業,2018.0,7.0,6.0,3.0,40
ID04632,AC1703527,F025,雙向層架式書桌-咖,家俱,2900.0,1.0,2018-07-06,2900.0,435.0000000000002,435.0,3074.0,陳詩雅,Female,48,基隆市,金融業和房地產,2018.0,7.0,6.0,3.0,40
ID04633,AC1702017,F005,運動潮流連帽外套男裝-灰,男裝,1450.0,1.0,2018-07-06,1450.0,278.4000000000001,156.6,1537.0,林秀枝,Female,34,新北市,教育體育文化,2018.0,7.0,6.0,3.0,30
ID04634,AC1703137,F005,運動潮流連帽外套男裝-灰,男裝,1450.0,1.0,2018-07-06,1450.0,278.4000000000001,156.6,1537.0,黃千智,Female,46,桃園市,其他,2018.0,7.0,6.0,3.0,40
ID04635,AC1703644,F015,法蘭絨格紋襯衫-紅,女裝,1740.0,1.0,2018-07-06,1740.0,287.1,234.9,1844.4,王雪芬,Female,48,基隆市,金融業和房地產,2018.0,7.0,6.0,3.0,40
ID04636,AC1700436,F013,潮感印條連帽外套-男裝,男裝,1740.0,1.0,2018-07-24,1740.0,334.08000000000004,187.92,1844.4,蔡樂一,Male,27,新北市,金融業和房地產,2018.0,7.0,24.0,3.0,20
ID04637,AC1701553,F025,雙向層架式書桌-咖,家俱,2900.0,1.0,2018-07-06,2900.0,435.0000000000002,435.0,3074.0,李孟心,Female,28,宜蘭縣,金融業和房地產,2018.0,7.0,6.0,3.0,20
ID04638,AC1703416,F033,高機能伸縮衣架-黑,家俱,600.0,1.0,2018-07-24,600.0,90.0,90.0,636.0,鄭易銘,Female,29,基隆市,其他,2018.0,7.0,24.0,3.0,20
ID04639,AC1702618,F028,大學T男童-藍,童裝,1750.0,1.0,2018-07-24,1750.0,308.0,217.0,1855.0,張奕翔,Male,55,桃園市,住宿和餐飲業,2018.0,7.0,24.0,3.0,50
ID04640,AC1700153,F028,大學T男童-藍,童裝,1750.0,1.0,2018-07-24,1750.0,308.0,217.0,1855.0,邱杰珮,Female,40,新北市,金融業和房地產,2018.0,7.0,24.0,3.0,40
ID04641,AC1701520,F009,大化妝包-深藍,配件,2100.0,1.0,2018-07-24,2100.0,520.8,109.19999999999999,2226.0,林美娟,Female,31,新北市,金融業和房地產,2018.0,7.0,24.0,3.0,30
ID04642,AC1703283,F012,托特包-白,配件,1740.0,1.0,2018-07-24,1740.0,431.52,90.47999999999999,1844.4,黃嘉琪,Female,32,基隆市,金融業和房地產,2018.0,7.0,24.0,3.0,30
ID04643,AC1700001,F012,托特包-白,配件,1740.0,1.0,2018-07-24,1740.0,431.52,90.47999999999999,1844.4,李國發,Male,21,新北市,金融業和房地產,2018.0,7.0,24.0,3.0,20
ID04644,AC1700243,F012,托特包-白,配件,1740.0,1.0,2018-07-24,1740.0,431.52,90.47999999999999,1844.4,彭子湖,Male,44,臺北市,農林漁牧業,2018.0,7.0,24.0,3.0,40
ID04645,AC1702746,F025,雙向層架式書桌-咖,家俱,2900.0,1.0,2018-07-06,2900.0,435.0000000000002,435.0,3074.0,張嘉光,Female,47,桃園市,其他,2018.0,7.0,6.0,3.0,40
ID04646,AC1702666,F025,雙向層架式書桌-咖,家俱,2900.0,1.0,2018-07-06,2900.0,435.0000000000002,435.0,3074.0,李庭緯,Male,58,桃園市,其他,2018.0,7.0,6.0,3.0,50
ID04647,AC1702059,F013,潮感印條連帽外套-男裝,男裝,1740.0,1.0,2018-07-24,1740.0,334.08000000000004,187.92,1844.4,陳威強,Male,36,宜蘭縣,金融業和房地產,2018.0,7.0,24.0,3.0,30
ID04648,AC1702552,F025,雙向層架式書桌-咖,家俱,2900.0,1.0,2018-07-06,2900.0,435.0000000000002,435.0,3074.0,陳怡菁,Male,55,桃園市,其他,2018.0,7.0,6.0,3.0,50
ID04649,AC1701019,F033,高機能伸縮衣架-黑,家俱,600.0,1.0,2018-07-24,600.0,90.0,90.0,636.0,林文谷,Male,27,新北市,其他,2018.0,7.0,24.0,3.0,20
ID04650,AC1703565,F028,大學T男童-藍,童裝,1750.0,1.0,2018-07-24,1750.0,308.0,217.0,1855.0,徐翠妹,Female,24,基隆市,金融業和房地產,2018.0,7.0,24.0,3.0,20
ID04651,AC1702199,F028,大學T男童-藍,童裝,1750.0,1.0,2018-07-24,1750.0,308.0,217.0,1855.0,楊怡君,Female,51,桃園市,住宿和餐飲業,2018.0,7.0,24.0,3.0,50
ID04652,AC1700026,F009,大化妝包-深藍,配件,2100.0,1.0,2018-07-24,2100.0,520.8,109.19999999999999,2226.0,林素松,Female,44,臺北市,住宿和餐飲業,2018.0,7.0,24.0,3.0,40
ID04653,AC1702094,F012,托特包-白,配件,1740.0,1.0,2018-07-24,1740.0,431.52,90.47999999999999,1844.4,李仁杰,Male,38,宜蘭縣,金融業和房地產,2018.0,7.0,24.0,3.0,30
ID04654,AC1702643,F012,托特包-白,配件,1740.0,1.0,2018-07-24,1740.0,431.52,90.47999999999999,1844.4,余淑娟,Female,43,桃園市,住宿和餐飲業,2018.0,7.0,24.0,3.0,40
ID04655,AC1702685,F012,托特包-白,配件,1740.0,1.0,2018-07-24,1740.0,431.52,90.47999999999999,1844.4,張依榮,Female,55,桃園市,其他,2018.0,7.0,24.0,3.0,50
ID04656,AC1703867,F005,運動潮流連帽外套男裝-灰,男裝,1450.0,1.0,2018-07-06,1450.0,278.4000000000001,156.6,1537.0,周俊憲,Male,39,臺北市,金融業和房地產,2018.0,7.0,6.0,3.0,30
ID04657,AC1702140,F005,運動潮流連帽外套男裝-灰,男裝,1450.0,1.0,2018-07-06,1450.0,278.4000000000001,156.6,1537.0,黃泰生,Male,35,宜蘭縣,金融業和房地產,2018.0,7.0,6.0,3.0,30
ID04658,AC1703789,F013,潮感印條連帽外套-男裝,男裝,1740.0,1.0,2018-07-24,1740.0,334.08000000000004,187.92,1844.4,周辰丞,Female,51,基隆市,住宿和餐飲業,2018.0,7.0,24.0,3.0,50
ID04659,AC1703864,F015,法蘭絨格紋襯衫-紅,女裝,1740.0,1.0,2018-07-06,1740.0,287.1,234.9,1844.4,王予舜,Female,60,臺北市,其他,2018.0,7.0,6.0,3.0,60
ID04660,AC1702984,F033,高機能伸縮衣架-黑,家俱,600.0,1.0,2018-07-24,600.0,90.0,90.0,636.0,黃芸博,Male,44,桃園市,住宿和餐飲業,2018.0,7.0,24.0,3.0,40
ID04661,AC1703723,F028,大學T男童-藍,童裝,1750.0,1.0,2018-07-24,1750.0,308.0,217.0,1855.0,廖婉珊,Female,28,基隆市,金融業和房地產,2018.0,7.0,24.0,3.0,20
ID04662,AC1703447,F028,大學T男童-藍,童裝,1750.0,1.0,2018-07-24,1750.0,308.0,217.0,1855.0,郭家榮,Female,44,基隆市,金融業和房地產,2018.0,7.0,24.0,3.0,40
ID04663,AC1703553,F009,大化妝包-深藍,配件,2100.0,1.0,2018-07-24,2100.0,520.8,109.19999999999999,2226.0,黃佳琳,Female,26,基隆市,其他,2018.0,7.0,24.0,3.0,20
ID04664,AC1702516,F012,托特包-白,配件,1740.0,1.0,2018-07-24,1740.0,431.52,90.47999999999999,1844.4,張靜怡,Male,40,桃園市,住宿和餐飲業,2018.0,7.0,24.0,3.0,40
ID04665,AC1700340,F012,托特包-白,配件,1740.0,1.0,2018-07-24,1740.0,431.52,90.47999999999999,1844.4,吳文忠,Female,48,新北市,金融業和房地產,2018.0,7.0,24.0,3.0,40
ID04666,AC1701349,F012,托特包-白,配件,1740.0,1.0,2018-07-24,1740.0,431.52,90.47999999999999,1844.4,黃志杰,Female,31,新北市,其他,2018.0,7.0,24.0,3.0,30
ID04667,AC1701128,F025,雙向層架式書桌-咖,家俱,2900.0,1.0,2018-07-06,2900.0,435.0000000000002,435.0,3074.0,黃智柏,Male,40,新北市,其他,2018.0,7.0,6.0,3.0,40
ID04668,AC1703675,F025,雙向層架式書桌-咖,家俱,2900.0,1.0,2018-07-06,2900.0,435.0000000000002,435.0,3074.0,林冠廷,Female,36,基隆市,金融業和房地產,2018.0,7.0,6.0,3.0,30
ID04669,AC1703637,F013,潮感印條連帽外套-男裝,男裝,1740.0,1.0,2018-07-24,1740.0,334.08000000000004,187.92,1844.4,周凱倫,Male,36,基隆市,住宿和餐飲業,2018.0,7.0,24.0,3.0,30
ID04670,AC1702328,F025,雙向層架式書桌-咖,家俱,2900.0,1.0,2018-07-06,2900.0,435.0000000000002,435.0,3074.0,趙修賢,Male,52,桃園市,住宿和餐飲業,2018.0,7.0,6.0,3.0,50
ID04671,AC1700769,F033,高機能伸縮衣架-黑,家俱,600.0,1.0,2018-07-24,600.0,90.0,90.0,636.0,喻善仰,Male,27,新北市,金融業和房地產,2018.0,7.0,24.0,3.0,20
ID04672,AC1702913,F028,大學T男童-藍,童裝,1750.0,1.0,2018-07-24,1750.0,308.0,217.0,1855.0,許雅嵐,Female,43,桃園市,其他,2018.0,7.0,24.0,3.0,40
ID04673,AC1703705,F028,大學T男童-藍,童裝,1750.0,1.0,2018-07-24,1750.0,308.0,217.0,1855.0,王欣怡,Female,39,基隆市,金融業和房地產,2018.0,7.0,24.0,3.0,30
ID04674,AC1702531,F009,大化妝包-深藍,配件,2100.0,1.0,2018-07-24,2100.0,520.8,109.19999999999999,2226.0,賴科忠,Male,55,桃園市,住宿和餐飲業,2018.0,7.0,24.0,3.0,50
ID04675,AC1700832,F012,托特包-白,配件,1740.0,1.0,2018-07-24,1740.0,431.52,90.47999999999999,1844.4,謝世昌,Female,28,新北市,金融業和房地產,2018.0,7.0,24.0,3.0,20
ID04676,AC1702097,F012,托特包-白,配件,1740.0,1.0,2018-07-24,1740.0,431.52,90.47999999999999,1844.4,童志成,Male,29,宜蘭縣,其他,2018.0,7.0,24.0,3.0,20
ID04677,AC1701830,F012,托特包-白,配件,1740.0,1.0,2018-07-24,1740.0,431.52,90.47999999999999,1844.4,蔡翰妏,Female,25,新北市,金融業和房地產,2018.0,7.0,24.0,3.0,20
ID04678,AC1700374,F025,雙向層架式書桌-咖,家俱,2900.0,1.0,2018-07-06,2900.0,435.0000000000002,435.0,3074.0,沈茹琦,Female,63,新北市,金融業和房地產,2018.0,7.0,6.0,3.0,60
ID04679,AC1702828,F017,大學T男裝-灰,男裝,1200.0,1.0,2018-07-15,1200.0,230.4,129.6,1272.0,柯家銘,Male,40,桃園市,住宿和餐飲業,2018.0,7.0,15.0,3.0,40
ID04680,AC1702367,F013,潮感印條連帽外套-男裝,男裝,1740.0,1.0,2018-07-24,1740.0,334.08000000000004,187.92,1844.4,王呈梅,Female,46,桃園市,金融業和房地產,2018.0,7.0,24.0,3.0,40
ID04681,AC1700902,F017,大學T男裝-灰,男裝,1200.0,1.0,2018-07-15,1200.0,230.4,129.6,1272.0,童仁豪,Female,47,新北市,金融業和房地產,2018.0,7.0,15.0,3.0,40
ID04682,AC1703497,F033,高機能伸縮衣架-黑,家俱,600.0,1.0,2018-07-24,600.0,90.0,90.0,636.0,林姿瑩,Female,47,基隆市,金融業和房地產,2018.0,7.0,24.0,3.0,40
ID04683,AC1703940,F028,大學T男童-藍,童裝,1750.0,1.0,2018-07-24,1750.0,308.0,217.0,1855.0,林美麗,Female,51,臺北市,住宿和餐飲業,2018.0,7.0,24.0,3.0,50
ID04684,AC1703482,F028,大學T男童-藍,童裝,1750.0,1.0,2018-07-24,1750.0,308.0,217.0,1855.0,李佩凌,Female,28,基隆市,金融業和房地產,2018.0,7.0,24.0,3.0,20
ID04685,AC1700677,F009,大化妝包-深藍,配件,2100.0,1.0,2018-07-24,2100.0,520.8,109.19999999999999,2226.0,許家慧,Female,40,新北市,金融業和房地產,2018.0,7.0,24.0,3.0,40
ID04686,AC1702376,F012,托特包-白,配件,1740.0,1.0,2018-07-24,1740.0,431.52,90.47999999999999,1844.4,林尚凡,Male,55,桃園市,住宿和餐飲業,2018.0,7.0,24.0,3.0,50
ID04687,AC1701580,F012,托特包-白,配件,1740.0,1.0,2018-07-24,1740.0,431.52,90.47999999999999,1844.4,張瑞能,Female,30,新北市,金融業和房地產,2018.0,7.0,24.0,3.0,30
ID04688,AC1702107,F012,托特包-白,配件,1740.0,1.0,2018-07-24,1740.0,431.52,90.47999999999999,1844.4,張珮為,Female,40,新北市,教育體育文化,2018.0,7.0,24.0,3.0,40
ID04689,AC1701911,F017,大學T男裝-灰,男裝,1200.0,1.0,2018-07-15,1200.0,230.4,129.6,1272.0,簡欣希,Female,31,新北市,教育體育文化,2018.0,7.0,15.0,3.0,30
ID04690,AC1703469,F017,大學T男裝-灰,男裝,1200.0,1.0,2018-07-15,1200.0,230.4,129.6,1272.0,李承東,Female,38,基隆市,金融業和房地產,2018.0,7.0,15.0,3.0,30
ID04691,AC1701628,F017,大學T男裝-灰,男裝,1200.0,1.0,2018-07-15,1200.0,230.4,129.6,1272.0,楊人豪,Male,30,宜蘭縣,金融業和房地產,2018.0,7.0,15.0,3.0,30
ID04692,AC1703342,F028,大學T男童-藍,童裝,1750.0,1.0,2018-07-30,1750.0,308.0,217.0,1855.0,馬怡臻,Female,24,基隆市,金融業和房地產,2018.0,7.0,30.0,3.0,20
ID04693,AC1702791,F005,運動潮流連帽外套男裝-灰,男裝,1450.0,1.0,2018-07-24,1450.0,278.4000000000001,156.6,1537.0,邱玉娟,Female,61,桃園市,住宿和餐飲業,2018.0,7.0,24.0,3.0,60
ID04694,AC1701018,F028,大學T男童-藍,童裝,1750.0,1.0,2018-07-30,1750.0,308.0,217.0,1855.0,林柏宜,Male,41,新北市,金融業和房地產,2018.0,7.0,30.0,3.0,40
ID04695,AC1700778,F010,中夾-紅,皮件,2610.0,1.0,2018-07-24,2610.0,595.0800000000003,187.92,2766.6000000000004,林雅筑,Male,51,新北市,住宿和餐飲業,2018.0,7.0,24.0,3.0,50
ID04696,AC1703073,F005,運動潮流連帽外套男裝-灰,男裝,1450.0,2.0,2018-07-24,2900.0,556.8000000000002,313.2,3074.0,曾明倫,Male,55,桃園市,住宿和餐飲業,2018.0,7.0,24.0,3.0,50
ID04697,AC1701770,F005,運動潮流連帽外套男裝-灰,男裝,1450.0,1.0,2018-07-24,1450.0,278.4000000000001,156.6,1537.0,弓文月,Female,35,新北市,其他,2018.0,7.0,24.0,3.0,30
ID04698,AC1701721,F010,中夾-紅,皮件,2610.0,1.0,2018-07-24,2610.0,595.0800000000003,187.92,2766.6000000000004,蔡凱元,Male,43,宜蘭縣,金融業和房地產,2018.0,7.0,24.0,3.0,40
ID04699,AC1702990,F011,經典高領多彩T恤男裝-白,男裝,1200.0,1.0,2018-07-30,1200.0,230.4,129.6,1272.0,李漢來,Female,39,桃園市,其他,2018.0,7.0,30.0,3.0,30
ID04700,AC1701395,F005,運動潮流連帽外套男裝-灰,男裝,1450.0,2.0,2018-07-24,2900.0,556.8000000000002,313.2,3074.0,林筱謙,Male,34,宜蘭縣,金融業和房地產,2018.0,7.0,24.0,3.0,30
ID04701,AC1702588,F005,運動潮流連帽外套男裝-灰,男裝,1450.0,1.0,2018-07-24,1450.0,278.4000000000001,156.6,1537.0,劉行歡,Male,55,桃園市,住宿和餐飲業,2018.0,7.0,24.0,3.0,50
ID04702,AC1702428,F010,中夾-紅,皮件,2610.0,1.0,2018-07-24,2610.0,595.0800000000003,187.92,2766.6000000000004,陳品惟,Male,56,桃園市,其他,2018.0,7.0,24.0,3.0,50
ID04703,AC1700718,F026,機能運動風褲女童-粉藍,童裝,560.0,1.0,2018-07-30,560.0,98.56,69.44,593.6,張琇琳,Female,29,新北市,其他,2018.0,7.0,30.0,3.0,20
ID04704,AC1702132,F005,運動潮流連帽外套男裝-灰,男裝,1450.0,2.0,2018-07-24,2900.0,556.8000000000002,313.2,3074.0,李翰仲,Female,40,新北市,金融業和房地產,2018.0,7.0,24.0,3.0,40
ID04705,AC1703548,F016,後背包-藍,配件,890.0,5.0,2018-07-30,4450.0,1103.6,231.39999999999998,4717.0,陳惠敏,Female,27,基隆市,其他,2018.0,7.0,30.0,3.0,20
ID04706,AC1701152,F005,運動潮流連帽外套男裝-灰,男裝,1450.0,1.0,2018-07-24,1450.0,278.4000000000001,156.6,1537.0,韓函富,Male,34,新北市,金融業和房地產,2018.0,7.0,24.0,3.0,30
ID04707,AC1701737,F028,大學T男童-藍,童裝,1750.0,1.0,2018-07-30,1750.0,308.0,217.0,1855.0,林佳瑩,Female,39,新北市,住宿和餐飲業,2018.0,7.0,30.0,3.0,30
ID04708,AC1703211,F010,中夾-紅,皮件,2610.0,1.0,2018-07-24,2610.0,595.0800000000003,187.92,2766.6000000000004,張怡蓁,Female,49,桃園市,教育體育文化,2018.0,7.0,24.0,3.0,40
ID04709,AC1701905,F028,大學T男童-藍,童裝,1750.0,1.0,2018-07-30,1750.0,308.0,217.0,1855.0,陳淑娟,Female,40,新北市,金融業和房地產,2018.0,7.0,30.0,3.0,40
ID04710,AC1703343,F005,運動潮流連帽外套男裝-灰,男裝,1450.0,2.0,2018-07-24,2900.0,556.8000000000002,313.2,3074.0,張政峰,Female,36,基隆市,金融業和房地產,2018.0,7.0,24.0,3.0,30
ID04711,AC1700690,F005,運動潮流連帽外套男裝-灰,男裝,1450.0,1.0,2018-07-24,1450.0,278.4000000000001,156.6,1537.0,羅亭萍,Male,37,新北市,金融業和房地產,2018.0,7.0,24.0,3.0,30
ID04712,AC1700337,F010,中夾-紅,皮件,2610.0,1.0,2018-07-24,2610.0,595.0800000000003,187.92,2766.6000000000004,楊清沛,Male,57,新北市,金融業和房地產,2018.0,7.0,24.0,3.0,50
ID04713,AC1703162,F005,運動潮流連帽外套男裝-灰,男裝,1450.0,2.0,2018-07-24,2900.0,556.8000000000002,313.2,3074.0,王長典,Male,52,桃園市,其他,2018.0,7.0,24.0,3.0,50
ID04714,AC1702623,F011,經典高領多彩T恤男裝-白,男裝,1200.0,1.0,2018-07-30,1200.0,230.4,129.6,1272.0,袁俊凱,Female,43,桃園市,其他,2018.0,7.0,30.0,3.0,40
ID04715,AC1703689,F005,運動潮流連帽外套男裝-灰,男裝,1450.0,1.0,2018-07-30,1450.0,278.4000000000001,156.6,1537.0,洪淑勇,Female,38,基隆市,金融業和房地產,2018.0,7.0,30.0,3.0,30
ID04716,AC1701248,F024,運動潮流直筒棉褲男童-灰,童裝,2030.0,1.0,2018-07-30,2030.0,357.28,251.72,2151.8,楊文茵,Male,27,新北市,住宿和餐飲業,2018.0,7.0,30.0,3.0,20
ID04717,AC1703387,F005,運動潮流連帽外套男裝-灰,男裝,1450.0,1.0,2018-07-30,1450.0,278.4000000000001,156.6,1537.0,張雅玲,Female,32,基隆市,金融業和房地產,2018.0,7.0,30.0,3.0,30
ID04718,AC1700894,F026,機能運動風褲女童-粉藍,童裝,560.0,1.0,2018-07-30,560.0,98.56,69.44,593.6,楊詠禮,Male,20,新北市,其他,2018.0,7.0,30.0,3.0,20
ID04719,AC1701077,F005,運動潮流連帽外套男裝-灰,男裝,1450.0,1.0,2018-07-30,1450.0,278.4000000000001,156.6,1537.0,賴淑敏,Female,37,新北市,金融業和房地產,2018.0,7.0,30.0,3.0,30
ID04720,AC1703970,F016,後背包-藍,配件,890.0,5.0,2018-07-30,4450.0,1103.6,231.39999999999998,4717.0,張淑幸,Female,61,臺北市,其他,2018.0,7.0,30.0,3.0,60
ID04721,AC1703493,F005,運動潮流連帽外套男裝-灰,男裝,1450.0,1.0,2018-07-30,1450.0,278.4000000000001,156.6,1537.0,陳秀娟,Female,47,基隆市,其他,2018.0,7.0,30.0,3.0,40
ID04722,AC1703039,F028,大學T男童-藍,童裝,1750.0,1.0,2018-07-30,1750.0,308.0,217.0,1855.0,李彥玫,Male,58,桃園市,住宿和餐飲業,2018.0,7.0,30.0,3.0,50
ID04723,AC1702576,F005,運動潮流連帽外套男裝-灰,男裝,1450.0,1.0,2018-07-30,1450.0,278.4000000000001,156.6,1537.0,賴玫信,Male,56,桃園市,其他,2018.0,7.0,30.0,3.0,50
ID04724,AC1701698,F028,大學T男童-藍,童裝,1750.0,1.0,2018-07-30,1750.0,308.0,217.0,1855.0,楊奎慈,Male,45,宜蘭縣,金融業和房地產,2018.0,7.0,30.0,3.0,40
ID04725,AC1703954,F024,運動潮流直筒棉褲男童-灰,童裝,2030.0,1.0,2018-07-30,2030.0,357.28,251.72,2151.8,邱漢玲,Female,42,臺北市,其他,2018.0,7.0,30.0,3.0,40
ID04726,AC1701172,F005,運動潮流連帽外套男裝-灰,男裝,1450.0,1.0,2018-07-30,1450.0,278.4000000000001,156.6,1537.0,王世豪,Male,51,新北市,金融業和房地產,2018.0,7.0,30.0,3.0,50
ID04727,AC1701415,F025,雙向層架式書桌-咖,家俱,2900.0,1.0,2018-07-30,2900.0,435.0000000000002,435.0,3074.0,林志州,Male,35,宜蘭縣,金融業和房地產,2018.0,7.0,30.0,3.0,30
ID04728,AC1702014,F025,雙向層架式書桌-咖,家俱,2900.0,1.0,2018-07-30,2900.0,435.0000000000002,435.0,3074.0,許昌茂,Male,33,宜蘭縣,金融業和房地產,2018.0,7.0,30.0,3.0,30
ID04729,AC1703739,F011,經典高領多彩T恤男裝-白,男裝,1200.0,1.0,2018-07-30,1200.0,230.4,129.6,1272.0,方玲孝,Female,29,基隆市,住宿和餐飲業,2018.0,7.0,30.0,3.0,20
ID04730,AC1700546,F005,運動潮流連帽外套男裝-灰,男裝,1450.0,1.0,2018-07-30,1450.0,278.4000000000001,156.6,1537.0,陳賢心,Male,27,新北市,金融業和房地產,2018.0,7.0,30.0,3.0,20
ID04731,AC1700304,F024,運動潮流直筒棉褲男童-灰,童裝,2030.0,1.0,2018-07-30,2030.0,357.28,251.72,2151.8,楊昭添,Female,46,新北市,金融業和房地產,2018.0,7.0,30.0,3.0,40
ID04732,AC1701464,F005,運動潮流連帽外套男裝-灰,男裝,1450.0,1.0,2018-07-30,1450.0,278.4000000000001,156.6,1537.0,王靜宜,Female,30,新北市,金融業和房地產,2018.0,7.0,30.0,3.0,30
ID04733,AC1703076,F026,機能運動風褲女童-粉藍,童裝,560.0,1.0,2018-07-30,560.0,98.56,69.44,593.6,張紫迪,Male,47,桃園市,住宿和餐飲業,2018.0,7.0,30.0,3.0,40
ID04734,AC1702142,F005,運動潮流連帽外套男裝-灰,男裝,1450.0,1.0,2018-07-30,1450.0,278.4000000000001,156.6,1537.0,陳奕仁,Male,25,宜蘭縣,金融業和房地產,2018.0,7.0,30.0,3.0,20
ID04735,AC1702512,F016,後背包-藍,配件,890.0,5.0,2018-07-30,4450.0,1103.6,231.39999999999998,4717.0,葉靖延,Male,34,桃園市,住宿和餐飲業,2018.0,7.0,30.0,3.0,30
ID04736,AC1703714,F005,運動潮流連帽外套男裝-灰,男裝,1450.0,1.0,2018-07-30,1450.0,278.4000000000001,156.6,1537.0,簡健銘,Female,34,基隆市,其他,2018.0,7.0,30.0,3.0,30
ID04737,AC1700045,F028,大學T男童-藍,童裝,1750.0,1.0,2018-07-30,1750.0,308.0,217.0,1855.0,蕭語愛,Female,46,基隆市,住宿和餐飲業,2018.0,7.0,30.0,3.0,40
ID04738,AC1701267,F005,運動潮流連帽外套男裝-灰,男裝,1450.0,1.0,2018-07-30,1450.0,278.4000000000001,156.6,1537.0,趙鈺婷,Male,31,新北市,住宿和餐飲業,2018.0,7.0,30.0,3.0,30
ID04739,AC1700882,F028,大學T男童-藍,童裝,1750.0,1.0,2018-07-30,1750.0,308.0,217.0,1855.0,曾韋志,Female,28,新北市,金融業和房地產,2018.0,7.0,30.0,3.0,20
ID04740,AC1701226,F024,運動潮流直筒棉褲男童-灰,童裝,2030.0,1.0,2018-07-30,2030.0,357.28,251.72,2151.8,劉思妤,Female,32,新北市,金融業和房地產,2018.0,7.0,30.0,3.0,30
ID04741,AC1700763,F005,運動潮流連帽外套男裝-灰,男裝,1450.0,1.0,2018-07-30,1450.0,278.4000000000001,156.6,1537.0,謝之軍,Male,35,新北市,金融業和房地產,2018.0,7.0,30.0,3.0,30
ID04742,AC1702641,F025,雙向層架式書桌-咖,家俱,2900.0,1.0,2018-07-30,2900.0,435.0000000000002,435.0,3074.0,黃筱婷,Female,61,桃園市,住宿和餐飲業,2018.0,7.0,30.0,3.0,60
ID04743,AC1702116,F025,雙向層架式書桌-咖,家俱,2900.0,1.0,2018-07-30,2900.0,435.0000000000002,435.0,3074.0,陳靖禎,Female,37,新北市,金融業和房地產,2018.0,7.0,30.0,3.0,30
ID04744,AC1702679,F011,經典高領多彩T恤男裝-白,男裝,1200.0,1.0,2018-07-30,1200.0,230.4,129.6,1272.0,劉耀賢,Male,50,桃園市,其他,2018.0,7.0,30.0,3.0,50
ID04745,AC1703852,F005,運動潮流連帽外套男裝-灰,男裝,1450.0,1.0,2018-07-30,1450.0,278.4000000000001,156.6,1537.0,鐘禹婷,Female,48,臺北市,金融業和房地產,2018.0,7.0,30.0,3.0,40
ID04746,AC1702067,F024,運動潮流直筒棉褲男童-灰,童裝,2030.0,1.0,2018-07-30,2030.0,357.28,251.72,2151.8,賴宜欣,Female,37,宜蘭縣,住宿和餐飲業,2018.0,7.0,30.0,3.0,30
ID04747,AC1700992,F005,運動潮流連帽外套男裝-灰,男裝,1450.0,1.0,2018-07-30,1450.0,278.4000000000001,156.6,1537.0,蔡宛義,Male,50,新北市,金融業和房地產,2018.0,7.0,30.0,3.0,50
ID04748,AC1703676,F026,機能運動風褲女童-粉藍,童裝,560.0,1.0,2018-07-30,560.0,98.56,69.44,593.6,楊慈孝,Female,25,基隆市,金融業和房地產,2018.0,7.0,30.0,3.0,20
ID04749,AC1701554,F005,運動潮流連帽外套男裝-灰,男裝,1450.0,1.0,2018-07-30,1450.0,278.4000000000001,156.6,1537.0,黃百茹,Female,29,宜蘭縣,金融業和房地產,2018.0,7.0,30.0,3.0,20
ID04750,AC1702986,F016,後背包-藍,配件,890.0,5.0,2018-07-30,4450.0,1103.6,231.39999999999998,4717.0,魏吉汝,Male,61,桃園市,住宿和餐飲業,2018.0,7.0,30.0,3.0,60
ID04751,AC1702513,F005,運動潮流連帽外套男裝-灰,男裝,1450.0,1.0,2018-07-30,1450.0,278.4000000000001,156.6,1537.0,丁美君,Female,55,桃園市,其他,2018.0,7.0,30.0,3.0,50
ID04752,AC1700521,F028,大學T男童-藍,童裝,1750.0,1.0,2018-07-30,1750.0,308.0,217.0,1855.0,楊延勳,Female,26,新北市,其他,2018.0,7.0,30.0,3.0,20
ID04753,AC1700843,F005,運動潮流連帽外套男裝-灰,男裝,1450.0,1.0,2018-07-30,1450.0,278.4000000000001,156.6,1537.0,倪雯芬,Male,35,新北市,教育體育文化,2018.0,7.0,30.0,3.0,30
ID04754,AC1701772,F028,大學T男童-藍,童裝,1750.0,1.0,2018-07-30,1750.0,308.0,217.0,1855.0,林木韋,Female,35,新北市,其他,2018.0,7.0,30.0,3.0,30
ID04755,AC1700158,F024,運動潮流直筒棉褲男童-灰,童裝,2030.0,1.0,2018-07-30,2030.0,357.28,251.72,2151.8,童銘珮,Female,58,新北市,金融業和房地產,2018.0,7.0,30.0,3.0,50
ID04756,AC1702772,F005,運動潮流連帽外套男裝-灰,男裝,1450.0,1.0,2018-07-30,1450.0,278.4000000000001,156.6,1537.0,謝孟軒,Female,55,桃園市,其他,2018.0,7.0,30.0,3.0,50
ID04757,AC1702880,F025,雙向層架式書桌-咖,家俱,2900.0,1.0,2018-07-30,2900.0,435.0000000000002,435.0,3074.0,胡治華,Male,55,桃園市,其他,2018.0,7.0,30.0,3.0,50
ID04758,AC1701864,F025,雙向層架式書桌-咖,家俱,2900.0,1.0,2018-07-30,2900.0,435.0000000000002,435.0,3074.0,袁珮瑜,Female,29,宜蘭縣,住宿和餐飲業,2018.0,7.0,30.0,3.0,20
ID04759,AC1702055,F011,經典高領多彩T恤男裝-白,男裝,1200.0,1.0,2018-07-30,1200.0,230.4,129.6,1272.0,黃柏翔,Male,28,宜蘭縣,其他,2018.0,7.0,30.0,3.0,20
ID04760,AC1700293,F005,運動潮流連帽外套男裝-灰,男裝,1450.0,1.0,2018-07-30,1450.0,278.4000000000001,156.6,1537.0,陳聿元,Female,48,新北市,金融業和房地產,2018.0,7.0,30.0,3.0,40
ID04761,AC1700580,F024,運動潮流直筒棉褲男童-灰,童裝,2030.0,1.0,2018-07-30,2030.0,357.28,251.72,2151.8,連婉菁,Female,36,新北市,金融業和房地產,2018.0,7.0,30.0,3.0,30
ID04762,AC1701495,F005,運動潮流連帽外套男裝-灰,男裝,1450.0,1.0,2018-07-30,1450.0,278.4000000000001,156.6,1537.0,林辛紫,Female,32,新北市,金融業和房地產,2018.0,7.0,30.0,3.0,30
ID04763,AC1703017,F026,機能運動風褲女童-粉藍,童裝,560.0,1.0,2018-07-30,560.0,98.56,69.44,593.6,陳筱婷,Male,51,桃園市,住宿和餐飲業,2018.0,7.0,30.0,3.0,50
ID04764,AC1702997,F005,運動潮流連帽外套男裝-灰,男裝,1450.0,1.0,2018-07-30,1450.0,278.4000000000001,156.6,1537.0,張琪琦,Female,49,桃園市,其他,2018.0,7.0,30.0,3.0,40
ID04765,AC1700218,F022,短夾-紅,皮件,2900.0,5.0,2018-07-30,14500.0,3306.0,1044.0,15370.0,葛仲萱,Female,32,臺北市,金融業和房地產,2018.0,7.0,30.0,3.0,30
ID04766,AC1700903,F005,運動潮流連帽外套男裝-灰,男裝,1450.0,1.0,2018-07-30,1450.0,278.4000000000001,156.6,1537.0,陳淑君,Male,34,新北市,金融業和房地產,2018.0,7.0,30.0,3.0,30
ID04767,AC1701681,F005,運動潮流連帽外套男裝-灰,男裝,1450.0,1.0,2018-07-30,1450.0,278.4000000000001,156.6,1537.0,孫詩婷,Female,29,宜蘭縣,金融業和房地產,2018.0,7.0,30.0,3.0,20
ID04768,AC1703629,F024,運動潮流直筒棉褲男童-灰,童裝,2030.0,1.0,2018-07-30,2030.0,357.28,251.72,2151.8,崔欣怡,Female,46,基隆市,金融業和房地產,2018.0,7.0,30.0,3.0,40
ID04769,AC1703581,F005,運動潮流連帽外套男裝-灰,男裝,1450.0,1.0,2018-07-30,1450.0,278.4000000000001,156.6,1537.0,陳俊宏,Female,44,基隆市,金融業和房地產,2018.0,7.0,30.0,3.0,40
ID04770,AC1703511,F025,雙向層架式書桌-咖,家俱,2900.0,1.0,2018-07-30,2900.0,435.0000000000002,435.0,3074.0,楊向谷,Female,45,基隆市,其他,2018.0,7.0,30.0,3.0,40
ID04771,AC1702367,F003,印圖大學T男裝-藍,男裝,750.0,1.0,2018-08-05,750.0,144.0,81.0,795.0,王呈梅,Female,46,桃園市,金融業和房地產,2018.0,8.0,5.0,3.0,40
ID04772,AC1702001,F013,潮感印條連帽外套-男裝,男裝,1740.0,1.0,2018-08-05,1740.0,334.08000000000004,187.92,1844.4,劉寶宏,Male,38,宜蘭縣,其他,2018.0,8.0,5.0,3.0,30
ID04773,AC1700631,F001,運動潮流連帽外套女裝-白,女裝,1450.0,1.0,2018-08-05,1450.0,239.2500000000001,195.75,1537.0,洪偉孜,Female,40,新北市,住宿和餐飲業,2018.0,8.0,5.0,3.0,40
ID04774,AC1701134,F016,後背包-藍,配件,890.0,1.0,2018-08-05,890.0,220.72,46.28,943.4000000000001,蔣仰義,Male,26,新北市,金融業和房地產,2018.0,8.0,5.0,3.0,20
ID04775,AC1700841,F016,後背包-藍,配件,890.0,1.0,2018-08-05,890.0,220.72,46.28,943.4000000000001,林方均,Female,31,新北市,金融業和房地產,2018.0,8.0,5.0,3.0,30
ID04776,AC1701011,F036,經典美式純POLO-藍,女裝,980.0,1.0,2018-08-05,980.0,161.7,132.3,1038.8,李靜任,Male,36,新北市,金融業和房地產,2018.0,8.0,5.0,3.0,30
ID04777,AC1703625,F025,雙向層架式書桌-咖,家俱,2900.0,1.0,2018-07-30,2900.0,435.0000000000002,435.0,3074.0,趙廷利,Female,38,基隆市,金融業和房地產,2018.0,7.0,30.0,3.0,30
ID04778,AC1702007,F020,萬用包-黑,皮件,2900.0,1.0,2018-08-05,2900.0,661.2000000000003,208.79999999999998,3074.0,陳明康,Male,36,宜蘭縣,金融業和房地產,2018.0,8.0,5.0,3.0,30
ID04779,AC1700166,F005,運動潮流連帽外套男裝-灰,男裝,1450.0,1.0,2018-07-30,1450.0,278.4000000000001,156.6,1537.0,李育凌,Male,56,新北市,住宿和餐飲業,2018.0,7.0,30.0,3.0,50
ID04780,AC1703779,F020,萬用包-黑,皮件,2900.0,1.0,2018-08-05,2900.0,661.2000000000003,208.79999999999998,3074.0,黃郁婷,Female,49,基隆市,金融業和房地產,2018.0,8.0,5.0,3.0,40
ID04781,AC1700851,F014,大化妝包-黑,配件,1740.0,2.0,2018-08-05,3480.0,863.04,180.95999999999998,3688.8,徐筠依,Male,26,新北市,金融業和房地產,2018.0,8.0,5.0,3.0,20
ID04782,AC1702683,F009,大化妝包-深藍,配件,2100.0,2.0,2018-08-05,4200.0,1041.6,218.39999999999998,4452.0,黃文裕,Female,50,桃園市,農林漁牧業,2018.0,8.0,5.0,3.0,50
ID04783,AC1703467,F009,大化妝包-深藍,配件,2100.0,2.0,2018-08-05,4200.0,1041.6,218.39999999999998,4452.0,常偉木,Male,37,基隆市,金融業和房地產,2018.0,8.0,5.0,3.0,30
ID04784,AC1701178,F024,運動潮流直筒棉褲男童-灰,童裝,2030.0,1.0,2018-07-30,2030.0,357.28,251.72,2151.8,黃心城,Male,43,新北市,金融業和房地產,2018.0,7.0,30.0,3.0,40
ID04785,AC1700083,F005,運動潮流連帽外套男裝-灰,男裝,1450.0,1.0,2018-07-30,1450.0,278.4000000000001,156.6,1537.0,陳筱涵,Female,55,基隆市,農林漁牧業,2018.0,7.0,30.0,3.0,50
ID04786,AC1702179,F014,大化妝包-黑,配件,1740.0,2.0,2018-08-05,3480.0,863.04,180.95999999999998,3688.8,吳秋揚,Male,45,桃園市,其他,2018.0,8.0,5.0,3.0,40
ID04787,AC1701088,F014,大化妝包-黑,配件,1740.0,2.0,2018-08-05,3480.0,863.04,180.95999999999998,3688.8,蔡政財,Male,36,新北市,住宿和餐飲業,2018.0,8.0,5.0,3.0,30
ID04788,AC1703572,F012,托特包-白,配件,1740.0,2.0,2018-08-05,3480.0,863.04,180.95999999999998,3688.8,陳育維,Female,34,基隆市,其他,2018.0,8.0,5.0,3.0,30
ID04789,AC1702583,F008,法蘭絨格紋襯衫-黑,女裝,1800.0,2.0,2018-08-05,3600.0,594.0,486.00000000000006,3816.0,姜惠玲,Female,45,桃園市,其他,2018.0,8.0,5.0,3.0,40
ID04790,AC1700553,F005,運動潮流連帽外套男裝-灰,男裝,1450.0,1.0,2018-07-30,1450.0,278.4000000000001,156.6,1537.0,謝緯妹,Female,29,新北市,金融業和房地產,2018.0,7.0,30.0,3.0,20
ID04791,AC1704000,F005,運動潮流連帽外套男裝-灰,男裝,1450.0,1.0,2018-07-30,1450.0,278.4000000000001,156.6,1537.0,黃雅君,Female,20,臺北市,其他,2018.0,7.0,30.0,3.0,20
ID04792,AC1701438,F007,運動潮流連帽外套男裝-灰,男裝,1450.0,3.0,2018-08-05,4350.0,835.2,469.8,4611.0,陳筱霖,Female,33,新北市,金融業和房地產,2018.0,8.0,5.0,3.0,30
ID04793,AC1700370,F007,運動潮流連帽外套男裝-灰,男裝,1450.0,3.0,2018-08-05,4350.0,835.2,469.8,4611.0,錢逸彬,Male,47,新北市,金融業和房地產,2018.0,8.0,5.0,3.0,40
ID04794,AC1703680,F007,運動潮流連帽外套男裝-灰,男裝,1450.0,3.0,2018-08-05,4350.0,835.2,469.8,4611.0,蔡盈秀,Female,34,基隆市,金融業和房地產,2018.0,8.0,5.0,3.0,30
ID04795,AC1703022,F007,運動潮流連帽外套男裝-灰,男裝,1450.0,3.0,2018-08-05,4350.0,835.2,469.8,4611.0,林盈萱,Female,41,桃園市,住宿和餐飲業,2018.0,8.0,5.0,3.0,40
ID04796,AC1702750,F022,短夾-紅,皮件,2900.0,3.0,2018-08-05,8700.0,1983.6,626.4,9222.0,李致昇,Male,45,桃園市,住宿和餐飲業,2018.0,8.0,5.0,3.0,40
ID04797,AC1702824,F022,短夾-紅,皮件,2900.0,3.0,2018-08-05,8700.0,1983.6,626.4,9222.0,謝玟辰,Male,43,桃園市,住宿和餐飲業,2018.0,8.0,5.0,3.0,40
ID04798,AC1702102,F022,短夾-紅,皮件,2900.0,3.0,2018-08-05,8700.0,1983.6,626.4,9222.0,蔡宣謙,Male,33,宜蘭縣,金融業和房地產,2018.0,8.0,5.0,3.0,30
ID04799,AC1702644,F022,短夾-紅,皮件,2900.0,3.0,2018-08-05,8700.0,1983.6,626.4,9222.0,伊宥柏,Male,53,桃園市,住宿和餐飲業,2018.0,8.0,5.0,3.0,50
ID04800,AC1702786,F005,運動潮流連帽外套男裝-灰,男裝,1450.0,1.0,2018-07-30,1450.0,278.4000000000001,156.6,1537.0,李肇吉,Female,50,桃園市,其他,2018.0,7.0,30.0,3.0,50
ID04801,AC1701689,F024,運動潮流直筒棉褲男童-灰,童裝,2030.0,1.0,2018-07-30,2030.0,357.28,251.72,2151.8,林雅如,Female,29,宜蘭縣,住宿和餐飲業,2018.0,7.0,30.0,3.0,20
ID04802,AC1702974,F005,運動潮流連帽外套男裝-灰,男裝,1450.0,1.0,2018-07-30,1450.0,278.4000000000001,156.6,1537.0,戴梅儒,Male,31,桃園市,住宿和餐飲業,2018.0,7.0,30.0,3.0,30
ID04803,AC1701997,F025,雙向層架式書桌-咖,家俱,2900.0,1.0,2018-07-30,2900.0,435.0000000000002,435.0,3074.0,劉國華,Male,36,宜蘭縣,金融業和房地產,2018.0,7.0,30.0,3.0,30
ID04804,AC1703449,F025,雙向層架式書桌-咖,家俱,2900.0,1.0,2018-07-30,2900.0,435.0000000000002,435.0,3074.0,張偉誠,Female,44,基隆市,金融業和房地產,2018.0,7.0,30.0,3.0,40
ID04805,AC1700654,F003,印圖大學T男裝-藍,男裝,750.0,1.0,2018-08-05,750.0,144.0,81.0,795.0,楊盈秀,Male,43,新北市,金融業和房地產,2018.0,8.0,5.0,3.0,40
ID04806,AC1701002,F013,潮感印條連帽外套-男裝,男裝,1740.0,1.0,2018-08-05,1740.0,334.08000000000004,187.92,1844.4,林逸如,Female,31,新北市,金融業和房地產,2018.0,8.0,5.0,3.0,30
ID04807,AC1700615,F001,運動潮流連帽外套女裝-白,女裝,1450.0,1.0,2018-08-05,1450.0,239.2500000000001,195.75,1537.0,賴雅文,Female,29,新北市,金融業和房地產,2018.0,8.0,5.0,3.0,20
ID04808,AC1701657,F016,後背包-藍,配件,890.0,1.0,2018-08-05,890.0,220.72,46.28,943.4000000000001,洪嘉柏,Male,32,宜蘭縣,金融業和房地產,2018.0,8.0,5.0,3.0,30
ID04809,AC1700588,F016,後背包-藍,配件,890.0,1.0,2018-08-05,890.0,220.72,46.28,943.4000000000001,王睿潔,Female,22,新北市,住宿和餐飲業,2018.0,8.0,5.0,3.0,20
ID04810,AC1702316,F036,經典美式純POLO-藍,女裝,980.0,1.0,2018-08-05,980.0,161.7,132.3,1038.8,宮幼以,Male,53,桃園市,其他,2018.0,8.0,5.0,3.0,50
ID04811,AC1701976,F017,大學T男裝-灰,男裝,1200.0,1.0,2018-08-05,1200.0,230.4,129.6,1272.0,張敬倩,Female,47,新北市,金融業和房地產,2018.0,8.0,5.0,3.0,40
ID04812,AC1703338,F020,萬用包-黑,皮件,2900.0,1.0,2018-08-05,2900.0,661.2000000000003,208.79999999999998,3074.0,鄭傑琬,Female,23,基隆市,住宿和餐飲業,2018.0,8.0,5.0,3.0,20
ID04813,AC1702851,F017,大學T男裝-灰,男裝,1200.0,1.0,2018-08-05,1200.0,230.4,129.6,1272.0,倪宛珠,Male,61,桃園市,其他,2018.0,8.0,5.0,3.0,60
ID04814,AC1703059,F020,萬用包-黑,皮件,2900.0,1.0,2018-08-05,2900.0,661.2000000000003,208.79999999999998,3074.0,陳雅玲,Male,26,桃園市,住宿和餐飲業,2018.0,8.0,5.0,3.0,20
ID04815,AC1700531,F014,大化妝包-黑,配件,1740.0,2.0,2018-08-05,3480.0,863.04,180.95999999999998,3688.8,吳新紹,Female,41,新北市,金融業和房地產,2018.0,8.0,5.0,3.0,40
ID04816,AC1703369,F009,大化妝包-深藍,配件,2100.0,2.0,2018-08-05,4200.0,1041.6,218.39999999999998,4452.0,平怡菁,Female,26,基隆市,住宿和餐飲業,2018.0,8.0,5.0,3.0,20
ID04817,AC1700045,F009,大化妝包-深藍,配件,2100.0,2.0,2018-08-05,4200.0,1041.6,218.39999999999998,4452.0,蕭語愛,Female,46,基隆市,住宿和餐飲業,2018.0,8.0,5.0,3.0,40
ID04818,AC1703724,F002,運動潮流直筒棉褲男童-白,童裝,930.0,1.0,2018-08-05,930.0,163.68,115.32,985.8000000000001,陳怡琬,Female,35,基隆市,金融業和房地產,2018.0,8.0,5.0,3.0,30
ID04819,AC1700294,F017,大學T男裝-灰,男裝,1200.0,1.0,2018-08-05,1200.0,230.4,129.6,1272.0,王志宏,Male,56,新北市,金融業和房地產,2018.0,8.0,5.0,3.0,50
ID04820,AC1703911,F014,大化妝包-黑,配件,1740.0,2.0,2018-08-05,3480.0,863.04,180.95999999999998,3688.8,趙康麟,Male,50,臺北市,金融業和房地產,2018.0,8.0,5.0,3.0,50
ID04821,AC1701010,F014,大化妝包-黑,配件,1740.0,2.0,2018-08-05,3480.0,863.04,180.95999999999998,3688.8,劉偉倫,Male,34,新北市,住宿和餐飲業,2018.0,8.0,5.0,3.0,30
ID04822,AC1703189,F012,托特包-白,配件,1740.0,2.0,2018-08-05,3480.0,863.04,180.95999999999998,3688.8,謝秀英,Female,53,桃園市,其他,2018.0,8.0,5.0,3.0,50
ID04823,AC1703871,F008,法蘭絨格紋襯衫-黑,女裝,1800.0,2.0,2018-08-05,3600.0,594.0,486.00000000000006,3816.0,王政儒,Female,44,臺北市,其他,2018.0,8.0,5.0,3.0,40
ID04824,AC1701940,F024,運動潮流直筒棉褲男童-灰,童裝,2030.0,1.0,2018-08-05,2030.0,357.28,251.72,2151.8,吳承恩,Male,38,宜蘭縣,教育體育文化,2018.0,8.0,5.0,3.0,30
ID04825,AC1702623,F002,運動潮流直筒棉褲男童-白,童裝,930.0,2.0,2018-08-05,1860.0,327.36,230.64,1971.6000000000001,袁俊凱,Female,43,桃園市,其他,2018.0,8.0,5.0,3.0,40
ID04826,AC1702127,F007,運動潮流連帽外套男裝-灰,男裝,1450.0,3.0,2018-08-05,4350.0,835.2,469.8,4611.0,侯欣怡,Female,42,宜蘭縣,金融業和房地產,2018.0,8.0,5.0,3.0,40
ID04827,AC1700041,F007,運動潮流連帽外套男裝-灰,男裝,1450.0,3.0,2018-08-05,4350.0,835.2,469.8,4611.0,盧虹學,Female,51,基隆市,其他,2018.0,8.0,5.0,3.0,50
ID04828,AC1700712,F007,運動潮流連帽外套男裝-灰,男裝,1450.0,3.0,2018-08-05,4350.0,835.2,469.8,4611.0,林長芳,Female,39,新北市,金融業和房地產,2018.0,8.0,5.0,3.0,30
ID04829,AC1702223,F007,運動潮流連帽外套男裝-灰,男裝,1450.0,3.0,2018-08-05,4350.0,835.2,469.8,4611.0,郭偉翔,Male,61,桃園市,住宿和餐飲業,2018.0,8.0,5.0,3.0,60
ID04830,AC1702214,F022,短夾-紅,皮件,2900.0,3.0,2018-08-05,8700.0,1983.6,626.4,9222.0,黃茂興,Male,55,桃園市,其他,2018.0,8.0,5.0,3.0,50
ID04831,AC1701695,F022,短夾-紅,皮件,2900.0,3.0,2018-08-05,8700.0,1983.6,626.4,9222.0,韓姿君,Female,50,新北市,金融業和房地產,2018.0,8.0,5.0,3.0,50
ID04832,AC1700144,F022,短夾-紅,皮件,2900.0,3.0,2018-08-05,8700.0,1983.6,626.4,9222.0,許承穎,Male,54,新北市,住宿和餐飲業,2018.0,8.0,5.0,3.0,50
ID04833,AC1702098,F022,短夾-紅,皮件,2900.0,3.0,2018-08-05,8700.0,1983.6,626.4,9222.0,蔡明凱,Male,37,宜蘭縣,金融業和房地產,2018.0,8.0,5.0,3.0,30
ID04834,AC1702227,F025,雙向層架式書桌-咖,家俱,2900.0,1.0,2018-08-05,2900.0,435.0000000000002,435.0,3074.0,陳嘉鴻,Male,46,桃園市,住宿和餐飲業,2018.0,8.0,5.0,3.0,40
ID04835,AC1701383,F015,法蘭絨格紋襯衫-紅,女裝,1740.0,2.0,2018-08-05,3480.0,574.2,469.8,3688.8,黃志豪,Male,35,宜蘭縣,金融業和房地產,2018.0,8.0,5.0,3.0,30
ID04836,AC1703659,F015,法蘭絨格紋襯衫-紅,女裝,1740.0,2.0,2018-08-05,3480.0,574.2,469.8,3688.8,李亮紫,Male,41,基隆市,其他,2018.0,8.0,5.0,3.0,40
ID04837,AC1700728,F015,法蘭絨格紋襯衫-紅,女裝,1740.0,2.0,2018-08-05,3480.0,574.2,469.8,3688.8,劉嘉鴻,Female,35,新北市,金融業和房地產,2018.0,8.0,5.0,3.0,30
ID04838,AC1703357,F015,法蘭絨格紋襯衫-紅,女裝,1740.0,2.0,2018-08-05,3480.0,574.2,469.8,3688.8,冉政廷,Female,33,基隆市,金融業和房地產,2018.0,8.0,5.0,3.0,30
ID04839,AC1703867,F003,印圖大學T男裝-藍,男裝,750.0,1.0,2018-08-05,750.0,144.0,81.0,795.0,周俊憲,Male,39,臺北市,金融業和房地產,2018.0,8.0,5.0,3.0,30
ID04840,AC1700358,F013,潮感印條連帽外套-男裝,男裝,1740.0,1.0,2018-08-05,1740.0,334.08000000000004,187.92,1844.4,謝憲,Male,54,新北市,金融業和房地產,2018.0,8.0,5.0,3.0,50
ID04841,AC1702463,F001,運動潮流連帽外套女裝-白,女裝,1450.0,1.0,2018-08-05,1450.0,239.2500000000001,195.75,1537.0,黃于靖,Male,47,桃園市,住宿和餐飲業,2018.0,8.0,5.0,3.0,40
ID04842,AC1701708,F016,後背包-藍,配件,890.0,1.0,2018-08-05,890.0,220.72,46.28,943.4000000000001,吳翰倫,Male,31,宜蘭縣,金融業和房地產,2018.0,8.0,5.0,3.0,30
ID04843,AC1703587,F016,後背包-藍,配件,890.0,1.0,2018-08-05,890.0,220.72,46.28,943.4000000000001,劉雅嵐,Female,43,基隆市,住宿和餐飲業,2018.0,8.0,5.0,3.0,40
ID04844,AC1703765,F036,經典美式純POLO-藍,女裝,980.0,1.0,2018-08-05,980.0,161.7,132.3,1038.8,駱重歡,Female,39,基隆市,其他,2018.0,8.0,5.0,3.0,30
ID04845,AC1701433,F017,大學T男裝-灰,男裝,1200.0,1.0,2018-08-05,1200.0,230.4,129.6,1272.0,施健娥,Female,35,新北市,金融業和房地產,2018.0,8.0,5.0,3.0,30
ID04846,AC1701797,F020,萬用包-黑,皮件,2900.0,1.0,2018-08-05,2900.0,661.2000000000003,208.79999999999998,3074.0,王文齊,Female,42,新北市,金融業和房地產,2018.0,8.0,5.0,3.0,40
ID04847,AC1701176,F017,大學T男裝-灰,男裝,1200.0,1.0,2018-08-05,1200.0,230.4,129.6,1272.0,黃柏勳,Male,27,新北市,金融業和房地產,2018.0,8.0,5.0,3.0,20
ID04848,AC1701745,F020,萬用包-黑,皮件,2900.0,1.0,2018-08-05,2900.0,661.2000000000003,208.79999999999998,3074.0,陳怡婷,Female,43,宜蘭縣,金融業和房地產,2018.0,8.0,5.0,3.0,40
ID04849,AC1702995,F014,大化妝包-黑,配件,1740.0,2.0,2018-08-05,3480.0,863.04,180.95999999999998,3688.8,曾初宸,Male,52,桃園市,金融業和房地產,2018.0,8.0,5.0,3.0,50
ID04850,AC1703808,F009,大化妝包-深藍,配件,2100.0,2.0,2018-08-05,4200.0,1041.6,218.39999999999998,4452.0,陳秋珊,Female,52,臺北市,其他,2018.0,8.0,5.0,3.0,50
ID04851,AC1703801,F009,大化妝包-深藍,配件,2100.0,2.0,2018-08-05,4200.0,1041.6,218.39999999999998,4452.0,許世昌,Female,37,臺北市,其他,2018.0,8.0,5.0,3.0,30
ID04852,AC1703160,F002,運動潮流直筒棉褲男童-白,童裝,930.0,1.0,2018-08-05,930.0,163.68,115.32,985.8000000000001,黃佳欣,Male,48,桃園市,金融業和房地產,2018.0,8.0,5.0,3.0,40
ID04853,AC1703381,F017,大學T男裝-灰,男裝,1200.0,1.0,2018-08-05,1200.0,230.4,129.6,1272.0,竇士凱,Female,31,基隆市,金融業和房地產,2018.0,8.0,5.0,3.0,30
ID04854,AC1700085,F014,大化妝包-黑,配件,1740.0,2.0,2018-08-05,3480.0,863.04,180.95999999999998,3688.8,吳又志,Male,38,基隆市,金融業和房地產,2018.0,8.0,5.0,3.0,30
ID04855,AC1703690,F014,大化妝包-黑,配件,1740.0,2.0,2018-08-05,3480.0,863.04,180.95999999999998,3688.8,吳勝以,Male,27,基隆市,金融業和房地產,2018.0,8.0,5.0,3.0,20
ID04856,AC1702106,F012,托特包-白,配件,1740.0,2.0,2018-08-05,3480.0,863.04,180.95999999999998,3688.8,沈雅琪,Female,36,宜蘭縣,教育體育文化,2018.0,8.0,5.0,3.0,30
ID04857,AC1700499,F008,法蘭絨格紋襯衫-黑,女裝,1800.0,2.0,2018-08-05,3600.0,594.0,486.00000000000006,3816.0,林鈺瑋,Female,37,新北市,金融業和房地產,2018.0,8.0,5.0,3.0,30
ID04858,AC1700307,F024,運動潮流直筒棉褲男童-灰,童裝,2030.0,1.0,2018-08-05,2030.0,357.28,251.72,2151.8,盧明憲,Male,51,新北市,住宿和餐飲業,2018.0,8.0,5.0,3.0,50
ID04859,AC1702233,F002,運動潮流直筒棉褲男童-白,童裝,930.0,2.0,2018-08-05,1860.0,327.36,230.64,1971.6000000000001,蔡宜誠,Male,44,桃園市,其他,2018.0,8.0,5.0,3.0,40
ID04860,AC1701757,F007,運動潮流連帽外套男裝-灰,男裝,1450.0,3.0,2018-08-05,4350.0,835.2,469.8,4611.0,金奇琇,Female,53,新北市,其他,2018.0,8.0,5.0,3.0,50
ID04861,AC1703680,F007,運動潮流連帽外套男裝-灰,男裝,1450.0,3.0,2018-08-05,4350.0,835.2,469.8,4611.0,蔡盈秀,Female,34,基隆市,金融業和房地產,2018.0,8.0,5.0,3.0,30
ID04862,AC1700974,F007,運動潮流連帽外套男裝-灰,男裝,1450.0,3.0,2018-08-05,4350.0,835.2,469.8,4611.0,謝常紋,Male,23,新北市,金融業和房地產,2018.0,8.0,5.0,3.0,20
ID04863,AC1700763,F007,運動潮流連帽外套男裝-灰,男裝,1450.0,3.0,2018-08-05,4350.0,835.2,469.8,4611.0,謝之軍,Male,35,新北市,金融業和房地產,2018.0,8.0,5.0,3.0,30
ID04864,AC1703680,F022,短夾-紅,皮件,2900.0,3.0,2018-08-05,8700.0,1983.6,626.4,9222.0,蔡盈秀,Female,34,基隆市,金融業和房地產,2018.0,8.0,5.0,3.0,30
ID04865,AC1703559,F022,短夾-紅,皮件,2900.0,3.0,2018-08-05,8700.0,1983.6,626.4,9222.0,鄭雅婷,Female,31,基隆市,其他,2018.0,8.0,5.0,3.0,30
ID04866,AC1702598,F022,短夾-紅,皮件,2900.0,3.0,2018-08-05,8700.0,1983.6,626.4,9222.0,葉紫義,Male,31,桃園市,金融業和房地產,2018.0,8.0,5.0,3.0,30
ID04867,AC1702696,F022,短夾-紅,皮件,2900.0,3.0,2018-08-05,8700.0,1983.6,626.4,9222.0,胡歡春,Male,42,桃園市,住宿和餐飲業,2018.0,8.0,5.0,3.0,40
ID04868,AC1703254,F025,雙向層架式書桌-咖,家俱,2900.0,1.0,2018-08-05,2900.0,435.0000000000002,435.0,3074.0,陳德芬,Female,54,桃園市,教育體育文化,2018.0,8.0,5.0,3.0,50
ID04869,AC1700910,F015,法蘭絨格紋襯衫-紅,女裝,1740.0,2.0,2018-08-05,3480.0,574.2,469.8,3688.8,陳怡廷,Male,28,新北市,住宿和餐飲業,2018.0,8.0,5.0,3.0,20
ID04870,AC1700391,F015,法蘭絨格紋襯衫-紅,女裝,1740.0,2.0,2018-08-05,3480.0,574.2,469.8,3688.8,李佩洋,Male,50,新北市,金融業和房地產,2018.0,8.0,5.0,3.0,50
ID04871,AC1701875,F015,法蘭絨格紋襯衫-紅,女裝,1740.0,2.0,2018-08-05,3480.0,574.2,469.8,3688.8,蔡佩合,Male,29,宜蘭縣,金融業和房地產,2018.0,8.0,5.0,3.0,20
ID04872,AC1701647,F015,法蘭絨格紋襯衫-紅,女裝,1740.0,2.0,2018-08-05,3480.0,574.2,469.8,3688.8,許宜靜,Female,46,新北市,住宿和餐飲業,2018.0,8.0,5.0,3.0,40
ID04873,AC1701002,F003,印圖大學T男裝-藍,男裝,750.0,1.0,2018-08-05,750.0,144.0,81.0,795.0,林逸如,Female,31,新北市,金融業和房地產,2018.0,8.0,5.0,3.0,30
ID04874,AC1701692,F013,潮感印條連帽外套-男裝,男裝,1740.0,1.0,2018-08-05,1740.0,334.08000000000004,187.92,1844.4,謝予皓,Female,31,新北市,金融業和房地產,2018.0,8.0,5.0,3.0,30
ID04875,AC1701722,F001,運動潮流連帽外套女裝-白,女裝,1450.0,1.0,2018-08-05,1450.0,239.2500000000001,195.75,1537.0,黃琇鈺,Male,34,宜蘭縣,住宿和餐飲業,2018.0,8.0,5.0,3.0,30
ID04876,AC1701991,F016,後背包-藍,配件,890.0,1.0,2018-08-05,890.0,220.72,46.28,943.4000000000001,楊兆珍,Female,28,新北市,住宿和餐飲業,2018.0,8.0,5.0,3.0,20
ID04877,AC1701124,F016,後背包-藍,配件,890.0,1.0,2018-08-05,890.0,220.72,46.28,943.4000000000001,黃惠富,Female,20,新北市,其他,2018.0,8.0,5.0,3.0,20
ID04878,AC1702155,F036,經典美式純POLO-藍,女裝,980.0,1.0,2018-08-05,980.0,161.7,132.3,1038.8,柯承穎,Female,28,新北市,住宿和餐飲業,2018.0,8.0,5.0,3.0,20
ID04879,AC1701482,F017,大學T男裝-灰,男裝,1200.0,1.0,2018-08-05,1200.0,230.4,129.6,1272.0,陳薇美,Female,33,新北市,金融業和房地產,2018.0,8.0,5.0,3.0,30
ID04880,AC1703288,F020,萬用包-黑,皮件,2900.0,1.0,2018-08-05,2900.0,661.2000000000003,208.79999999999998,3074.0,李宜山,Female,41,基隆市,金融業和房地產,2018.0,8.0,5.0,3.0,40
ID04881,AC1702484,F017,大學T男裝-灰,男裝,1200.0,1.0,2018-08-05,1200.0,230.4,129.6,1272.0,曹美君,Male,60,桃園市,住宿和餐飲業,2018.0,8.0,5.0,3.0,60
ID04882,AC1702839,F020,萬用包-黑,皮件,2900.0,1.0,2018-08-05,2900.0,661.2000000000003,208.79999999999998,3074.0,林怡容,Female,51,桃園市,其他,2018.0,8.0,5.0,3.0,50
ID04883,AC1701474,F014,大化妝包-黑,配件,1740.0,2.0,2018-08-05,3480.0,863.04,180.95999999999998,3688.8,黃尚淳,Female,29,新北市,其他,2018.0,8.0,5.0,3.0,20
ID04884,AC1703704,F009,大化妝包-深藍,配件,2100.0,2.0,2018-08-05,4200.0,1041.6,218.39999999999998,4452.0,王維哲,Female,42,基隆市,住宿和餐飲業,2018.0,8.0,5.0,3.0,40
ID04885,AC1702308,F009,大化妝包-深藍,配件,2100.0,2.0,2018-08-05,4200.0,1041.6,218.39999999999998,4452.0,林家豪,Male,45,桃園市,金融業和房地產,2018.0,8.0,5.0,3.0,40
ID04886,AC1703460,F002,運動潮流直筒棉褲男童-白,童裝,930.0,1.0,2018-08-05,930.0,163.68,115.32,985.8000000000001,黃潔喬,Female,39,基隆市,教育體育文化,2018.0,8.0,5.0,3.0,30
ID04887,AC1701427,F017,大學T男裝-灰,男裝,1200.0,1.0,2018-08-05,1200.0,230.4,129.6,1272.0,周昆蘭,Female,44,宜蘭縣,住宿和餐飲業,2018.0,8.0,5.0,3.0,40
ID04888,AC1700149,F014,大化妝包-黑,配件,1740.0,2.0,2018-08-05,3480.0,863.04,180.95999999999998,3688.8,黃大瑄,Male,54,新北市,住宿和餐飲業,2018.0,8.0,5.0,3.0,50
ID04889,AC1703702,F014,大化妝包-黑,配件,1740.0,2.0,2018-08-05,3480.0,863.04,180.95999999999998,3688.8,張羽如,Female,42,基隆市,金融業和房地產,2018.0,8.0,5.0,3.0,40
ID04890,AC1700966,F012,托特包-白,配件,1740.0,2.0,2018-08-05,3480.0,863.04,180.95999999999998,3688.8,毛琬婷,Male,33,新北市,金融業和房地產,2018.0,8.0,5.0,3.0,30
ID04891,AC1702855,F008,法蘭絨格紋襯衫-黑,女裝,1800.0,2.0,2018-08-05,3600.0,594.0,486.00000000000006,3816.0,許惠文,Female,52,桃園市,其他,2018.0,8.0,5.0,3.0,50
ID04892,AC1703444,F024,運動潮流直筒棉褲男童-灰,童裝,2030.0,1.0,2018-08-05,2030.0,357.28,251.72,2151.8,陳惠蘋,Female,36,基隆市,金融業和房地產,2018.0,8.0,5.0,3.0,30
ID04893,AC1703953,F002,運動潮流直筒棉褲男童-白,童裝,930.0,2.0,2018-08-05,1860.0,327.36,230.64,1971.6000000000001,宋蕙書,Female,39,臺北市,其他,2018.0,8.0,5.0,3.0,30
ID04894,AC1701035,F007,運動潮流連帽外套男裝-灰,男裝,1450.0,3.0,2018-08-05,4350.0,835.2,469.8,4611.0,溫胤均,Female,38,新北市,金融業和房地產,2018.0,8.0,5.0,3.0,30
ID04895,AC1700045,F007,運動潮流連帽外套男裝-灰,男裝,1450.0,3.0,2018-08-05,4350.0,835.2,469.8,4611.0,蕭語愛,Female,46,基隆市,住宿和餐飲業,2018.0,8.0,5.0,3.0,40
ID04896,AC1702553,F007,運動潮流連帽外套男裝-灰,男裝,1450.0,3.0,2018-08-05,4350.0,835.2,469.8,4611.0,陳憲以,Female,50,桃園市,其他,2018.0,8.0,5.0,3.0,50
ID04897,AC1700291,F007,運動潮流連帽外套男裝-灰,男裝,1450.0,3.0,2018-08-05,4350.0,835.2,469.8,4611.0,徐林凌,Female,48,新北市,金融業和房地產,2018.0,8.0,5.0,3.0,40
ID04898,AC1701567,F022,短夾-紅,皮件,2900.0,3.0,2018-08-05,8700.0,1983.6,626.4,9222.0,姚登財,Male,46,宜蘭縣,金融業和房地產,2018.0,8.0,5.0,3.0,40
ID04899,AC1700936,F022,短夾-紅,皮件,2900.0,3.0,2018-08-05,8700.0,1983.6,626.4,9222.0,林禎芬,Female,30,新北市,金融業和房地產,2018.0,8.0,5.0,3.0,30
ID04900,AC1700583,F022,短夾-紅,皮件,2900.0,3.0,2018-08-05,8700.0,1983.6,626.4,9222.0,馮志豪,Male,32,新北市,金融業和房地產,2018.0,8.0,5.0,3.0,30
ID04901,AC1702155,F022,短夾-紅,皮件,2900.0,3.0,2018-08-05,8700.0,1983.6,626.4,9222.0,柯承穎,Female,28,新北市,住宿和餐飲業,2018.0,8.0,5.0,3.0,20
ID04902,AC1701962,F025,雙向層架式書桌-咖,家俱,2900.0,1.0,2018-08-05,2900.0,435.0000000000002,435.0,3074.0,洪信豪,Male,32,宜蘭縣,住宿和餐飲業,2018.0,8.0,5.0,3.0,30
ID04903,AC1703853,F015,法蘭絨格紋襯衫-紅,女裝,1740.0,2.0,2018-08-05,3480.0,574.2,469.8,3688.8,許瓊甫,Female,34,臺北市,其他,2018.0,8.0,5.0,3.0,30
ID04904,AC1700053,F015,法蘭絨格紋襯衫-紅,女裝,1740.0,2.0,2018-08-05,3480.0,574.2,469.8,3688.8,江俊銘,Male,50,基隆市,金融業和房地產,2018.0,8.0,5.0,3.0,50
ID04905,AC1700144,F015,法蘭絨格紋襯衫-紅,女裝,1740.0,2.0,2018-08-05,3480.0,574.2,469.8,3688.8,許承穎,Male,54,新北市,住宿和餐飲業,2018.0,8.0,5.0,3.0,50
ID04906,AC1700008,F015,法蘭絨格紋襯衫-紅,女裝,1740.0,2.0,2018-08-05,3480.0,574.2,469.8,3688.8,邱孝信,Male,39,臺北市,金融業和房地產,2018.0,8.0,5.0,3.0,30
ID04907,AC1702282,F003,印圖大學T男裝-藍,男裝,750.0,1.0,2018-08-05,750.0,144.0,81.0,795.0,陳建良,Male,51,桃園市,住宿和餐飲業,2018.0,8.0,5.0,3.0,50
ID04908,AC1703312,F013,潮感印條連帽外套-男裝,男裝,1740.0,1.0,2018-08-05,1740.0,334.08000000000004,187.92,1844.4,陳宜欣,Female,44,基隆市,其他,2018.0,8.0,5.0,3.0,40
ID04909,AC1702998,F001,運動潮流連帽外套女裝-白,女裝,1450.0,1.0,2018-08-05,1450.0,239.2500000000001,195.75,1537.0,王佩君,Female,31,桃園市,其他,2018.0,8.0,5.0,3.0,30
ID04910,AC1703835,F016,後背包-藍,配件,890.0,1.0,2018-08-05,890.0,220.72,46.28,943.4000000000001,杜文豪,Female,52,臺北市,其他,2018.0,8.0,5.0,3.0,50
ID04911,AC1703643,F016,後背包-藍,配件,890.0,1.0,2018-08-05,890.0,220.72,46.28,943.4000000000001,林憶榮,Female,37,基隆市,金融業和房地產,2018.0,8.0,5.0,3.0,30
ID04912,AC1703025,F036,經典美式純POLO-藍,女裝,980.0,1.0,2018-08-05,980.0,161.7,132.3,1038.8,吳姿伯,Male,48,桃園市,住宿和餐飲業,2018.0,8.0,5.0,3.0,40
ID04913,AC1700289,F017,大學T男裝-灰,男裝,1200.0,1.0,2018-08-05,1200.0,230.4,129.6,1272.0,林曉雯,Female,66,新北市,金融業和房地產,2018.0,8.0,5.0,3.0,60
ID04914,AC1702581,F020,萬用包-黑,皮件,2900.0,1.0,2018-08-05,2900.0,661.2000000000003,208.79999999999998,3074.0,涂夙蘋,Female,57,桃園市,住宿和餐飲業,2018.0,8.0,5.0,3.0,50
ID04915,AC1703533,F017,大學T男裝-灰,男裝,1200.0,1.0,2018-08-05,1200.0,230.4,129.6,1272.0,林佑揚,Female,48,基隆市,金融業和房地產,2018.0,8.0,5.0,3.0,40
ID04916,AC1700183,F020,萬用包-黑,皮件,2900.0,1.0,2018-08-05,2900.0,661.2000000000003,208.79999999999998,3074.0,陳靜柏,Female,45,臺北市,住宿和餐飲業,2018.0,8.0,5.0,3.0,40
ID04917,AC1700653,F014,大化妝包-黑,配件,1740.0,2.0,2018-08-05,3480.0,863.04,180.95999999999998,3688.8,張俊吉,Male,37,新北市,金融業和房地產,2018.0,8.0,5.0,3.0,30
ID04918,AC1700871,F009,大化妝包-深藍,配件,2100.0,2.0,2018-08-05,4200.0,1041.6,218.39999999999998,4452.0,何思妤,Female,41,新北市,金融業和房地產,2018.0,8.0,5.0,3.0,40
ID04919,AC1701413,F009,大化妝包-深藍,配件,2100.0,2.0,2018-08-05,4200.0,1041.6,218.39999999999998,4452.0,張瑞齊,Female,27,新北市,住宿和餐飲業,2018.0,8.0,5.0,3.0,20
ID04920,AC1701440,F002,運動潮流直筒棉褲男童-白,童裝,930.0,1.0,2018-08-05,930.0,163.68,115.32,985.8000000000001,林郁瑜,Female,26,宜蘭縣,住宿和餐飲業,2018.0,8.0,5.0,3.0,20
ID04921,AC1703639,F017,大學T男裝-灰,男裝,1200.0,1.0,2018-08-05,1200.0,230.4,129.6,1272.0,張嘉俐,Male,41,基隆市,其他,2018.0,8.0,5.0,3.0,40
ID04922,AC1703618,F014,大化妝包-黑,配件,1740.0,2.0,2018-08-05,3480.0,863.04,180.95999999999998,3688.8,吳盈卉,Female,37,基隆市,金融業和房地產,2018.0,8.0,5.0,3.0,30
ID04923,AC1700081,F014,大化妝包-黑,配件,1740.0,2.0,2018-08-05,3480.0,863.04,180.95999999999998,3688.8,謝少昇,Female,58,基隆市,金融業和房地產,2018.0,8.0,5.0,3.0,50
ID04924,AC1700787,F012,托特包-白,配件,1740.0,2.0,2018-08-05,3480.0,863.04,180.95999999999998,3688.8,劉海雯,Male,26,新北市,金融業和房地產,2018.0,8.0,5.0,3.0,20
ID04925,AC1702785,F008,法蘭絨格紋襯衫-黑,女裝,1800.0,2.0,2018-08-05,3600.0,594.0,486.00000000000006,3816.0,游柏翔,Female,51,桃園市,其他,2018.0,8.0,5.0,3.0,50
ID04926,AC1701765,F024,運動潮流直筒棉褲男童-灰,童裝,2030.0,1.0,2018-08-05,2030.0,357.28,251.72,2151.8,高秉勳,Male,29,宜蘭縣,金融業和房地產,2018.0,8.0,5.0,3.0,20
ID04927,AC1702482,F002,運動潮流直筒棉褲男童-白,童裝,930.0,2.0,2018-08-05,1860.0,327.36,230.64,1971.6000000000001,陳怡君,Female,46,桃園市,其他,2018.0,8.0,5.0,3.0,40
ID04928,AC1703574,F007,運動潮流連帽外套男裝-灰,男裝,1450.0,3.0,2018-08-05,4350.0,835.2,469.8,4611.0,陳郁一,Male,34,基隆市,金融業和房地產,2018.0,8.0,5.0,3.0,30
ID04929,AC1703055,F007,運動潮流連帽外套男裝-灰,男裝,1450.0,3.0,2018-08-05,4350.0,835.2,469.8,4611.0,王剛源,Male,51,桃園市,住宿和餐飲業,2018.0,8.0,5.0,3.0,50
ID04930,AC1702733,F007,運動潮流連帽外套男裝-灰,男裝,1450.0,3.0,2018-08-05,4350.0,835.2,469.8,4611.0,鄭俊賢,Female,48,桃園市,其他,2018.0,8.0,5.0,3.0,40
ID04931,AC1702508,F007,運動潮流連帽外套男裝-灰,男裝,1450.0,3.0,2018-08-05,4350.0,835.2,469.8,4611.0,陳智秋,Female,59,桃園市,其他,2018.0,8.0,5.0,3.0,50
ID04932,AC1701238,F022,短夾-紅,皮件,2900.0,3.0,2018-08-05,8700.0,1983.6,626.4,9222.0,溫婉書,Male,40,新北市,金融業和房地產,2018.0,8.0,5.0,3.0,40
ID04933,AC1700696,F022,短夾-紅,皮件,2900.0,3.0,2018-08-05,8700.0,1983.6,626.4,9222.0,黃玉純,Male,33,新北市,教育體育文化,2018.0,8.0,5.0,3.0,30
ID04934,AC1700657,F022,短夾-紅,皮件,2900.0,3.0,2018-08-05,8700.0,1983.6,626.4,9222.0,林怡雯,Female,32,新北市,金融業和房地產,2018.0,8.0,5.0,3.0,30
ID04935,AC1703564,F022,短夾-紅,皮件,2900.0,3.0,2018-08-05,8700.0,1983.6,626.4,9222.0,陳添倩,Female,41,基隆市,住宿和餐飲業,2018.0,8.0,5.0,3.0,40
ID04936,AC1700474,F036,經典美式純POLO-藍,女裝,980.0,1.0,2018-08-24,980.0,161.7,132.3,1038.8,蘇嘉玄,Female,32,新北市,金融業和房地產,2018.0,8.0,24.0,3.0,30
ID04937,AC1703207,F036,經典美式純POLO-藍,女裝,980.0,1.0,2018-08-24,980.0,161.7,132.3,1038.8,陳郁洋,Male,25,桃園市,住宿和餐飲業,2018.0,8.0,24.0,3.0,20
ID04938,AC1701290,F036,經典美式純POLO-藍,女裝,980.0,1.0,2018-08-24,980.0,161.7,132.3,1038.8,楊玉萍,Female,37,宜蘭縣,住宿和餐飲業,2018.0,8.0,24.0,3.0,30
ID04939,AC1701579,F036,經典美式純POLO-藍,女裝,980.0,1.0,2018-08-24,980.0,161.7,132.3,1038.8,楊曉雯,Female,32,新北市,金融業和房地產,2018.0,8.0,24.0,3.0,30
ID04940,AC1700232,F036,經典美式純POLO-藍,女裝,980.0,1.0,2018-08-24,980.0,161.7,132.3,1038.8,張泓法,Male,34,臺北市,農林漁牧業,2018.0,8.0,24.0,3.0,30
ID04941,AC1702923,F025,雙向層架式書桌-咖,家俱,2900.0,1.0,2018-08-05,2900.0,435.0000000000002,435.0,3074.0,歐巧念,Male,59,桃園市,住宿和餐飲業,2018.0,8.0,5.0,3.0,50
ID04942,AC1702742,F011,經典高領多彩T恤男裝-白,男裝,1200.0,1.0,2018-08-30,1200.0,230.4,129.6,1272.0,林登辛,Female,44,桃園市,其他,2018.0,8.0,30.0,3.0,40
ID04943,AC1702177,F028,大學T男童-藍,童裝,1750.0,1.0,2018-08-30,1750.0,308.0,217.0,1855.0,管佳蓉,Male,61,桃園市,農林漁牧業,2018.0,8.0,30.0,3.0,60
ID04944,AC1702110,F011,經典高領多彩T恤男裝-白,男裝,1200.0,1.0,2018-08-30,1200.0,230.4,129.6,1272.0,朱昱倩,Female,34,新北市,金融業和房地產,2018.0,8.0,30.0,3.0,30
ID04945,AC1702815,F015,法蘭絨格紋襯衫-紅,女裝,1740.0,2.0,2018-08-05,3480.0,574.2,469.8,3688.8,朱建宇,Male,37,桃園市,住宿和餐飲業,2018.0,8.0,5.0,3.0,30
ID04946,AC1700210,F015,法蘭絨格紋襯衫-紅,女裝,1740.0,2.0,2018-08-05,3480.0,574.2,469.8,3688.8,陳欣凌,Male,27,臺北市,農林漁牧業,2018.0,8.0,5.0,3.0,20
ID04947,AC1702959,F015,法蘭絨格紋襯衫-紅,女裝,1740.0,2.0,2018-08-05,3480.0,574.2,469.8,3688.8,邱欣儀,Male,52,桃園市,其他,2018.0,8.0,5.0,3.0,50
ID04948,AC1701205,F015,法蘭絨格紋襯衫-紅,女裝,1740.0,2.0,2018-08-05,3480.0,574.2,469.8,3688.8,蔡佳穎,Male,33,新北市,金融業和房地產,2018.0,8.0,5.0,3.0,30
ID04949,AC1702145,F017,大學T男裝-灰,男裝,1200.0,1.0,2018-08-05,1200.0,230.4,129.6,1272.0,王聖生,Female,35,新北市,住宿和餐飲業,2018.0,8.0,5.0,3.0,30
ID04950,AC1703297,F017,大學T男裝-灰,男裝,1200.0,1.0,2018-08-05,1200.0,230.4,129.6,1272.0,蔣哲銘,Female,27,基隆市,其他,2018.0,8.0,5.0,3.0,20
ID04951,AC1700990,F002,運動潮流直筒棉褲男童-白,童裝,930.0,1.0,2018-08-05,930.0,163.68,115.32,985.8000000000001,黃伯花,Male,31,新北市,金融業和房地產,2018.0,8.0,5.0,3.0,30
ID04952,AC1701254,F026,機能運動風褲女童-粉藍,童裝,560.0,5.0,2018-08-30,2800.0,492.80000000000024,347.2,2968.0,李心怡,Female,28,新北市,金融業和房地產,2018.0,8.0,30.0,3.0,20
ID04953,AC1703016,F017,大學T男裝-灰,男裝,1200.0,1.0,2018-08-05,1200.0,230.4,129.6,1272.0,曹惟谷,Male,52,桃園市,住宿和餐飲業,2018.0,8.0,5.0,3.0,50
ID04954,AC1702355,F016,後背包-藍,配件,890.0,5.0,2018-08-30,4450.0,1103.6,231.39999999999998,4717.0,楊家欣,Male,56,桃園市,住宿和餐飲業,2018.0,8.0,30.0,3.0,50
ID04955,AC1700826,F026,機能運動風褲女童-粉藍,童裝,560.0,5.0,2018-08-30,2800.0,492.80000000000024,347.2,2968.0,黃金鳳,Female,36,新北市,金融業和房地產,2018.0,8.0,30.0,3.0,30
ID04956,AC1700469,F024,運動潮流直筒棉褲男童-灰,童裝,2030.0,1.0,2018-08-05,2030.0,357.28,251.72,2151.8,郭家慧,Male,33,新北市,金融業和房地產,2018.0,8.0,5.0,3.0,30
ID04957,AC1701147,F002,運動潮流直筒棉褲男童-白,童裝,930.0,2.0,2018-08-05,1860.0,327.36,230.64,1971.6000000000001,黃淑山,Female,31,新北市,住宿和餐飲業,2018.0,8.0,5.0,3.0,30
ID04958,AC1700905,F025,雙向層架式書桌-咖,家俱,2900.0,1.0,2018-08-05,2900.0,435.0000000000002,435.0,3074.0,柳詩雅,Male,31,新北市,金融業和房地產,2018.0,8.0,5.0,3.0,30
ID04959,AC1701185,F011,經典高領多彩T恤男裝-白,男裝,1200.0,1.0,2018-08-30,1200.0,230.4,129.6,1272.0,李宣諭,Male,40,新北市,住宿和餐飲業,2018.0,8.0,30.0,3.0,40
ID04960,AC1703439,F028,大學T男童-藍,童裝,1750.0,1.0,2018-08-30,1750.0,308.0,217.0,1855.0,林民弘,Female,38,基隆市,金融業和房地產,2018.0,8.0,30.0,3.0,30
ID04961,AC1703171,F011,經典高領多彩T恤男裝-白,男裝,1200.0,1.0,2018-08-30,1200.0,230.4,129.6,1272.0,郭孟哲,Male,54,桃園市,住宿和餐飲業,2018.0,8.0,30.0,3.0,50
ID04962,AC1700469,F015,法蘭絨格紋襯衫-紅,女裝,1740.0,2.0,2018-08-05,3480.0,574.2,469.8,3688.8,郭家慧,Male,33,新北市,金融業和房地產,2018.0,8.0,5.0,3.0,30
ID04963,AC1702289,F015,法蘭絨格紋襯衫-紅,女裝,1740.0,2.0,2018-08-05,3480.0,574.2,469.8,3688.8,林逸萍,Male,46,桃園市,住宿和餐飲業,2018.0,8.0,5.0,3.0,40
ID04964,AC1703452,F015,法蘭絨格紋襯衫-紅,女裝,1740.0,2.0,2018-08-05,3480.0,574.2,469.8,3688.8,林瑋妤,Female,43,基隆市,金融業和房地產,2018.0,8.0,5.0,3.0,40
ID04965,AC1701650,F015,法蘭絨格紋襯衫-紅,女裝,1740.0,2.0,2018-08-05,3480.0,574.2,469.8,3688.8,李肇吟,Male,32,宜蘭縣,金融業和房地產,2018.0,8.0,5.0,3.0,30
ID04966,AC1700218,F024,運動潮流直筒棉褲男童-灰,童裝,2030.0,1.0,2018-08-30,2030.0,357.28,251.72,2151.8,葛仲萱,Female,32,臺北市,金融業和房地產,2018.0,8.0,30.0,3.0,30
ID04967,AC1703183,F024,運動潮流直筒棉褲男童-灰,童裝,2030.0,1.0,2018-08-30,2030.0,357.28,251.72,2151.8,周立勇,Male,49,桃園市,其他,2018.0,8.0,30.0,3.0,40
ID04968,AC1701757,F025,雙向層架式書桌-咖,家俱,2900.0,1.0,2018-08-30,2900.0,435.0000000000002,435.0,3074.0,金奇琇,Female,53,新北市,其他,2018.0,8.0,30.0,3.0,50
ID04969,AC1701384,F026,機能運動風褲女童-粉藍,童裝,560.0,5.0,2018-08-30,2800.0,492.80000000000024,347.2,2968.0,屈語琪,Female,46,新北市,住宿和餐飲業,2018.0,8.0,30.0,3.0,40
ID04970,AC1703994,F025,雙向層架式書桌-咖,家俱,2900.0,1.0,2018-08-30,2900.0,435.0000000000002,435.0,3074.0,鐘佩珊,Female,44,臺北市,住宿和餐飲業,2018.0,8.0,30.0,3.0,40
ID04971,AC1700225,F016,後背包-藍,配件,890.0,5.0,2018-08-30,4450.0,1103.6,231.39999999999998,4717.0,林俊豪,Female,40,臺北市,金融業和房地產,2018.0,8.0,30.0,3.0,40
ID04972,AC1703968,F026,機能運動風褲女童-粉藍,童裝,560.0,5.0,2018-08-30,2800.0,492.80000000000024,347.2,2968.0,蘇長紋,Female,39,臺北市,金融業和房地產,2018.0,8.0,30.0,3.0,30
ID04973,AC1703281,F025,雙向層架式書桌-咖,家俱,2900.0,1.0,2018-08-30,2900.0,435.0000000000002,435.0,3074.0,施少枝,Female,50,桃園市,其他,2018.0,8.0,30.0,3.0,50
ID04974,AC1703052,F025,雙向層架式書桌-咖,家俱,2900.0,1.0,2018-08-30,2900.0,435.0000000000002,435.0,3074.0,黃維倫,Male,50,桃園市,其他,2018.0,8.0,30.0,3.0,50
ID04975,AC1703708,F025,雙向層架式書桌-咖,家俱,2900.0,1.0,2018-08-30,2900.0,435.0000000000002,435.0,3074.0,胡冠儒,Male,47,基隆市,住宿和餐飲業,2018.0,8.0,30.0,3.0,40
ID04976,AC1702183,F011,經典高領多彩T恤男裝-白,男裝,1200.0,1.0,2018-08-30,1200.0,230.4,129.6,1272.0,林珊志,Male,40,桃園市,住宿和餐飲業,2018.0,8.0,30.0,3.0,40
ID04977,AC1700207,F028,大學T男童-藍,童裝,1750.0,1.0,2018-08-30,1750.0,308.0,217.0,1855.0,謝淑芬,Female,21,臺北市,金融業和房地產,2018.0,8.0,30.0,3.0,20
ID04978,AC1703378,F011,經典高領多彩T恤男裝-白,男裝,1200.0,1.0,2018-08-30,1200.0,230.4,129.6,1272.0,童美慧,Female,36,基隆市,其他,2018.0,8.0,30.0,3.0,30
ID04979,AC1701666,F024,運動潮流直筒棉褲男童-灰,童裝,2030.0,5.0,2018-08-30,10150.0,1786.4,1258.6,10759.0,柯天珮,Female,25,新北市,其他,2018.0,8.0,30.0,3.0,20
ID04980,AC1702945,F024,運動潮流直筒棉褲男童-灰,童裝,2030.0,5.0,2018-08-30,10150.0,1786.4,1258.6,10759.0,陳信松,Male,43,桃園市,住宿和餐飲業,2018.0,8.0,30.0,3.0,40
ID04981,AC1703778,F024,運動潮流直筒棉褲男童-灰,童裝,2030.0,5.0,2018-08-30,10150.0,1786.4,1258.6,10759.0,陳皇蓉,Female,47,基隆市,金融業和房地產,2018.0,8.0,30.0,3.0,40
ID04982,AC1702008,F024,運動潮流直筒棉褲男童-灰,童裝,2030.0,5.0,2018-08-30,10150.0,1786.4,1258.6,10759.0,張淑芷,Female,45,新北市,金融業和房地產,2018.0,8.0,30.0,3.0,40
ID04983,AC1703406,F024,運動潮流直筒棉褲男童-灰,童裝,2030.0,1.0,2018-08-30,2030.0,357.28,251.72,2151.8,張天憲,Male,41,基隆市,金融業和房地產,2018.0,8.0,30.0,3.0,40
ID04984,AC1700802,F024,運動潮流直筒棉褲男童-灰,童裝,2030.0,1.0,2018-08-30,2030.0,357.28,251.72,2151.8,陳永倫,Female,24,新北市,金融業和房地產,2018.0,8.0,30.0,3.0,20
ID04985,AC1700401,F025,雙向層架式書桌-咖,家俱,2900.0,1.0,2018-08-30,2900.0,435.0000000000002,435.0,3074.0,詹苡一,Female,46,新北市,住宿和餐飲業,2018.0,8.0,30.0,3.0,40
ID04986,AC1702986,F026,機能運動風褲女童-粉藍,童裝,560.0,5.0,2018-08-30,2800.0,492.80000000000024,347.2,2968.0,魏吉汝,Male,61,桃園市,住宿和餐飲業,2018.0,8.0,30.0,3.0,60
ID04987,AC1701537,F025,雙向層架式書桌-咖,家俱,2900.0,1.0,2018-08-30,2900.0,435.0000000000002,435.0,3074.0,謝初桓,Female,40,新北市,其他,2018.0,8.0,30.0,3.0,40
ID04988,AC1701520,F016,後背包-藍,配件,890.0,5.0,2018-08-30,4450.0,1103.6,231.39999999999998,4717.0,林美娟,Female,31,新北市,金融業和房地產,2018.0,8.0,30.0,3.0,30
ID04989,AC1703614,F026,機能運動風褲女童-粉藍,童裝,560.0,5.0,2018-08-30,2800.0,492.80000000000024,347.2,2968.0,陳嘉琪,Female,36,基隆市,金融業和房地產,2018.0,8.0,30.0,3.0,30
ID04990,AC1702957,F025,雙向層架式書桌-咖,家俱,2900.0,1.0,2018-08-30,2900.0,435.0000000000002,435.0,3074.0,張宜臻,Male,47,桃園市,住宿和餐飲業,2018.0,8.0,30.0,3.0,40
ID04991,AC1703367,F025,雙向層架式書桌-咖,家俱,2900.0,1.0,2018-08-30,2900.0,435.0000000000002,435.0,3074.0,李伊任,Female,30,基隆市,金融業和房地產,2018.0,8.0,30.0,3.0,30
ID04992,AC1702184,F025,雙向層架式書桌-咖,家俱,2900.0,1.0,2018-08-30,2900.0,435.0000000000002,435.0,3074.0,盧雅惠,Female,56,桃園市,其他,2018.0,8.0,30.0,3.0,50
ID04993,AC1701765,F011,經典高領多彩T恤男裝-白,男裝,1200.0,1.0,2018-08-30,1200.0,230.4,129.6,1272.0,高秉勳,Male,29,宜蘭縣,金融業和房地產,2018.0,8.0,30.0,3.0,20
ID04994,AC1700696,F028,大學T男童-藍,童裝,1750.0,1.0,2018-08-30,1750.0,308.0,217.0,1855.0,黃玉純,Male,33,新北市,教育體育文化,2018.0,8.0,30.0,3.0,30
ID04995,AC1702177,F011,經典高領多彩T恤男裝-白,男裝,1200.0,1.0,2018-08-30,1200.0,230.4,129.6,1272.0,管佳蓉,Male,61,桃園市,農林漁牧業,2018.0,8.0,30.0,3.0,60
ID04996,AC1700142,F024,運動潮流直筒棉褲男童-灰,童裝,2030.0,5.0,2018-08-30,10150.0,1786.4,1258.6,10759.0,張志銘,Male,56,新北市,金融業和房地產,2018.0,8.0,30.0,3.0,50
ID04997,AC1702811,F024,運動潮流直筒棉褲男童-灰,童裝,2030.0,5.0,2018-08-30,10150.0,1786.4,1258.6,10759.0,蔡琪政,Male,50,桃園市,住宿和餐飲業,2018.0,8.0,30.0,3.0,50
ID04998,AC1702514,F024,運動潮流直筒棉褲男童-灰,童裝,2030.0,5.0,2018-08-30,10150.0,1786.4,1258.6,10759.0,楊妍誠,Male,49,桃園市,住宿和餐飲業,2018.0,8.0,30.0,3.0,40
ID04999,AC1700799,F024,運動潮流直筒棉褲男童-灰,童裝,2030.0,5.0,2018-08-30,10150.0,1786.4,1258.6,10759.0,倪人法,Female,37,新北市,金融業和房地產,2018.0,8.0,30.0,3.0,30
ID05000,AC1703746,F024,運動潮流直筒棉褲男童-灰,童裝,2030.0,1.0,2018-08-30,2030.0,357.28,251.72,2151.8,李馨堯,Female,31,基隆市,金融業和房地產,2018.0,8.0,30.0,3.0,30
ID05001,AC1702006,F024,運動潮流直筒棉褲男童-灰,童裝,2030.0,1.0,2018-08-30,2030.0,357.28,251.72,2151.8,林筱芸,Male,30,宜蘭縣,住宿和餐飲業,2018.0,8.0,30.0,3.0,30
ID05002,AC1701105,F025,雙向層架式書桌-咖,家俱,2900.0,1.0,2018-08-30,2900.0,435.0000000000002,435.0,3074.0,鄭偉智,Male,32,新北市,教育體育文化,2018.0,8.0,30.0,3.0,30
ID05003,AC1700636,F026,機能運動風褲女童-粉藍,童裝,560.0,5.0,2018-08-30,2800.0,492.80000000000024,347.2,2968.0,林建輝,Male,34,新北市,其他,2018.0,8.0,30.0,3.0,30
ID05004,AC1702991,F025,雙向層架式書桌-咖,家俱,2900.0,1.0,2018-08-30,2900.0,435.0000000000002,435.0,3074.0,蕭蕙一,Female,56,桃園市,其他,2018.0,8.0,30.0,3.0,50
ID05005,AC1700644,F016,後背包-藍,配件,890.0,5.0,2018-08-30,4450.0,1103.6,231.39999999999998,4717.0,榮勳合,Male,36,新北市,金融業和房地產,2018.0,8.0,30.0,3.0,30
ID05006,AC1703685,F026,機能運動風褲女童-粉藍,童裝,560.0,5.0,2018-08-30,2800.0,492.80000000000024,347.2,2968.0,姚世傑,Female,48,基隆市,其他,2018.0,8.0,30.0,3.0,40
ID05007,AC1702077,F025,雙向層架式書桌-咖,家俱,2900.0,1.0,2018-08-30,2900.0,435.0000000000002,435.0,3074.0,謝致舜,Male,29,宜蘭縣,金融業和房地產,2018.0,8.0,30.0,3.0,20
ID05008,AC1702342,F025,雙向層架式書桌-咖,家俱,2900.0,1.0,2018-08-30,2900.0,435.0000000000002,435.0,3074.0,王靜宜,Male,37,桃園市,其他,2018.0,8.0,30.0,3.0,30
ID05009,AC1703337,F025,雙向層架式書桌-咖,家俱,2900.0,1.0,2018-08-30,2900.0,435.0000000000002,435.0,3074.0,葉志偉,Male,31,基隆市,金融業和房地產,2018.0,8.0,30.0,3.0,30
ID05010,AC1701381,F011,經典高領多彩T恤男裝-白,男裝,1200.0,1.0,2018-08-30,1200.0,230.4,129.6,1272.0,劉菁為,Female,29,宜蘭縣,金融業和房地產,2018.0,8.0,30.0,3.0,20
ID05011,AC1703818,F028,大學T男童-藍,童裝,1750.0,1.0,2018-08-30,1750.0,308.0,217.0,1855.0,張文宜,Female,42,臺北市,金融業和房地產,2018.0,8.0,30.0,3.0,40
ID05012,AC1701967,F011,經典高領多彩T恤男裝-白,男裝,1200.0,1.0,2018-08-30,1200.0,230.4,129.6,1272.0,黃維英,Male,28,宜蘭縣,金融業和房地產,2018.0,8.0,30.0,3.0,20
ID05013,AC1701638,F024,運動潮流直筒棉褲男童-灰,童裝,2030.0,5.0,2018-08-30,10150.0,1786.4,1258.6,10759.0,黃宛臻,Female,38,新北市,金融業和房地產,2018.0,8.0,30.0,3.0,30
ID05014,AC1703360,F024,運動潮流直筒棉褲男童-灰,童裝,2030.0,5.0,2018-08-30,10150.0,1786.4,1258.6,10759.0,王忠韋,Male,31,基隆市,金融業和房地產,2018.0,8.0,30.0,3.0,30
ID05015,AC1700233,F024,運動潮流直筒棉褲男童-灰,童裝,2030.0,5.0,2018-08-30,10150.0,1786.4,1258.6,10759.0,郭恩霖,Male,43,臺北市,住宿和餐飲業,2018.0,8.0,30.0,3.0,40
ID05016,AC1701052,F024,運動潮流直筒棉褲男童-灰,童裝,2030.0,5.0,2018-08-30,10150.0,1786.4,1258.6,10759.0,張添恒,Male,36,新北市,金融業和房地產,2018.0,8.0,30.0,3.0,30
ID05017,AC1701256,F024,運動潮流直筒棉褲男童-灰,童裝,2030.0,1.0,2018-08-30,2030.0,357.28,251.72,2151.8,張嘉茹,Male,39,新北市,住宿和餐飲業,2018.0,8.0,30.0,3.0,30
ID05018,AC1701370,F024,運動潮流直筒棉褲男童-灰,童裝,2030.0,1.0,2018-08-30,2030.0,357.28,251.72,2151.8,謝萱惟,Female,37,新北市,金融業和房地產,2018.0,8.0,30.0,3.0,30
ID05019,AC1703841,F025,雙向層架式書桌-咖,家俱,2900.0,1.0,2018-08-30,2900.0,435.0000000000002,435.0,3074.0,陳廷齊,Female,38,臺北市,其他,2018.0,8.0,30.0,3.0,30
ID05020,AC1701142,F026,機能運動風褲女童-粉藍,童裝,560.0,5.0,2018-08-30,2800.0,492.80000000000024,347.2,2968.0,趙常州,Female,34,新北市,金融業和房地產,2018.0,8.0,30.0,3.0,30
ID05021,AC1702376,F025,雙向層架式書桌-咖,家俱,2900.0,1.0,2018-08-30,2900.0,435.0000000000002,435.0,3074.0,林尚凡,Male,55,桃園市,住宿和餐飲業,2018.0,8.0,30.0,3.0,50
ID05022,AC1702064,F016,後背包-藍,配件,890.0,5.0,2018-08-30,4450.0,1103.6,231.39999999999998,4717.0,陳亭靖,Male,28,宜蘭縣,住宿和餐飲業,2018.0,8.0,30.0,3.0,20
ID05023,AC1700465,F026,機能運動風褲女童-粉藍,童裝,560.0,5.0,2018-08-30,2800.0,492.80000000000024,347.2,2968.0,李雅婷,Female,32,新北市,其他,2018.0,8.0,30.0,3.0,30
ID05024,AC1700889,F025,雙向層架式書桌-咖,家俱,2900.0,1.0,2018-08-30,2900.0,435.0000000000002,435.0,3074.0,陳佳凌,Male,30,新北市,其他,2018.0,8.0,30.0,3.0,30
ID05025,AC1700561,F025,雙向層架式書桌-咖,家俱,2900.0,1.0,2018-08-30,2900.0,435.0000000000002,435.0,3074.0,高明憲,Male,36,新北市,金融業和房地產,2018.0,8.0,30.0,3.0,30
ID05026,AC1700669,F003,印圖大學T男裝-藍,男裝,750.0,1.0,2018-09-12,750.0,144.0,81.0,795.0,王牧和,Male,32,新北市,金融業和房地產,2018.0,9.0,12.0,3.0,30
ID05027,AC1703043,F013,潮感印條連帽外套-男裝,男裝,1740.0,1.0,2018-09-12,1740.0,334.08000000000004,187.92,1844.4,陳文彥,Male,57,桃園市,住宿和餐飲業,2018.0,9.0,12.0,3.0,50
ID05028,AC1702595,F025,雙向層架式書桌-咖,家俱,2900.0,1.0,2018-08-30,2900.0,435.0000000000002,435.0,3074.0,黃思延,Male,38,桃園市,住宿和餐飲業,2018.0,8.0,30.0,3.0,30
ID05029,AC1700469,F001,運動潮流連帽外套女裝-白,女裝,1450.0,1.0,2018-09-12,1450.0,239.2500000000001,195.75,1537.0,郭家慧,Male,33,新北市,金融業和房地產,2018.0,9.0,12.0,3.0,30
ID05030,AC1702196,F024,運動潮流直筒棉褲男童-灰,童裝,2030.0,5.0,2018-08-30,10150.0,1786.4,1258.6,10759.0,楊國偉,Male,57,桃園市,住宿和餐飲業,2018.0,8.0,30.0,3.0,50
ID05031,AC1701153,F008,法蘭絨格紋襯衫-黑,女裝,1800.0,1.0,2018-09-12,1800.0,297.0,243.00000000000003,1908.0,平曉雯,Male,34,新北市,金融業和房地產,2018.0,9.0,12.0,3.0,30
ID05032,AC1703114,F028,大學T男童-藍,童裝,1750.0,1.0,2018-09-12,1750.0,308.0,217.0,1855.0,李淑麟,Female,53,桃園市,其他,2018.0,9.0,12.0,3.0,50
ID05033,AC1700585,F028,大學T男童-藍,童裝,1750.0,1.0,2018-09-12,1750.0,308.0,217.0,1855.0,陳靜其,Female,35,新北市,金融業和房地產,2018.0,9.0,12.0,3.0,30
ID05034,AC1700483,F016,後背包-藍,配件,890.0,1.0,2018-09-12,890.0,220.72,46.28,943.4000000000001,楊小喬,Male,33,新北市,金融業和房地產,2018.0,9.0,12.0,3.0,30
ID05035,AC1702441,F004,大化妝包-桃粉,配件,1600.0,1.0,2018-09-12,1600.0,396.8,83.2,1696.0,葉淑娟,Female,60,桃園市,其他,2018.0,9.0,12.0,3.0,60
ID05036,AC1703118,F024,運動潮流直筒棉褲男童-灰,童裝,2030.0,5.0,2018-08-30,10150.0,1786.4,1258.6,10759.0,侯嘉鴻,Male,46,桃園市,住宿和餐飲業,2018.0,8.0,30.0,3.0,40
ID05037,AC1702402,F024,運動潮流直筒棉褲男童-灰,童裝,2030.0,5.0,2018-08-30,10150.0,1786.4,1258.6,10759.0,陳佳香,Male,54,桃園市,住宿和餐飲業,2018.0,8.0,30.0,3.0,50
ID05038,AC1700469,F008,法蘭絨格紋襯衫-黑,女裝,1800.0,2.0,2018-09-12,3600.0,594.0,486.00000000000006,3816.0,郭家慧,Male,33,新北市,金融業和房地產,2018.0,9.0,12.0,3.0,30
ID05039,AC1703429,F009,大化妝包-深藍,配件,2100.0,2.0,2018-09-12,4200.0,1041.6,218.39999999999998,4452.0,張永妤,Female,31,基隆市,住宿和餐飲業,2018.0,9.0,12.0,3.0,30
ID05040,AC1702346,F008,法蘭絨格紋襯衫-黑,女裝,1800.0,2.0,2018-09-12,3600.0,594.0,486.00000000000006,3816.0,王寶亮,Male,45,桃園市,其他,2018.0,9.0,12.0,3.0,40
ID05041,AC1700264,F009,大化妝包-深藍,配件,2100.0,2.0,2018-09-12,4200.0,1041.6,218.39999999999998,4452.0,陳惠航,Female,32,新北市,金融業和房地產,2018.0,9.0,12.0,3.0,30
ID05042,AC1700191,F003,印圖大學T男裝-藍,男裝,750.0,1.0,2018-09-12,750.0,144.0,81.0,795.0,李青娥,Female,57,臺北市,金融業和房地產,2018.0,9.0,12.0,3.0,50
ID05043,AC1702243,F013,潮感印條連帽外套-男裝,男裝,1740.0,1.0,2018-09-12,1740.0,334.08000000000004,187.92,1844.4,曹憲恆,Male,61,桃園市,農林漁牧業,2018.0,9.0,12.0,3.0,60
ID05044,AC1701366,F024,運動潮流直筒棉褲男童-灰,童裝,2030.0,5.0,2018-08-30,10150.0,1786.4,1258.6,10759.0,吳淑梅,Female,37,宜蘭縣,金融業和房地產,2018.0,8.0,30.0,3.0,30
ID05045,AC1702064,F001,運動潮流連帽外套女裝-白,女裝,1450.0,1.0,2018-09-12,1450.0,239.2500000000001,195.75,1537.0,陳亭靖,Male,28,宜蘭縣,住宿和餐飲業,2018.0,9.0,12.0,3.0,20
ID05046,AC1702893,F024,運動潮流直筒棉褲男童-灰,童裝,2030.0,1.0,2018-08-30,2030.0,357.28,251.72,2151.8,謝其蓮,Female,47,桃園市,其他,2018.0,8.0,30.0,3.0,40
ID05047,AC1700409,F008,法蘭絨格紋襯衫-黑,女裝,1800.0,1.0,2018-09-12,1800.0,297.0,243.00000000000003,1908.0,余宜祥,Male,45,新北市,住宿和餐飲業,2018.0,9.0,12.0,3.0,40
ID05048,AC1700882,F028,大學T男童-藍,童裝,1750.0,1.0,2018-09-12,1750.0,308.0,217.0,1855.0,曾韋志,Female,28,新北市,金融業和房地產,2018.0,9.0,12.0,3.0,20
ID05049,AC1702142,F028,大學T男童-藍,童裝,1750.0,1.0,2018-09-12,1750.0,308.0,217.0,1855.0,陳奕仁,Male,25,宜蘭縣,金融業和房地產,2018.0,9.0,12.0,3.0,20
ID05050,AC1700917,F016,後背包-藍,配件,890.0,1.0,2018-09-12,890.0,220.72,46.28,943.4000000000001,賴思紋,Male,27,新北市,住宿和餐飲業,2018.0,9.0,12.0,3.0,20
ID05051,AC1702066,F004,大化妝包-桃粉,配件,1600.0,1.0,2018-09-12,1600.0,396.8,83.2,1696.0,郭世豪,Male,27,宜蘭縣,金融業和房地產,2018.0,9.0,12.0,3.0,20
ID05052,AC1703988,F024,運動潮流直筒棉褲男童-灰,童裝,2030.0,1.0,2018-08-30,2030.0,357.28,251.72,2151.8,顏耀中,Male,49,臺北市,住宿和餐飲業,2018.0,8.0,30.0,3.0,40
ID05053,AC1703950,F025,雙向層架式書桌-咖,家俱,2900.0,1.0,2018-08-30,2900.0,435.0000000000002,435.0,3074.0,謝侑茜,Female,57,臺北市,住宿和餐飲業,2018.0,8.0,30.0,3.0,50
ID05054,AC1703027,F008,法蘭絨格紋襯衫-黑,女裝,1800.0,2.0,2018-09-12,3600.0,594.0,486.00000000000006,3816.0,吳少凱,Male,51,桃園市,住宿和餐飲業,2018.0,9.0,12.0,3.0,50
ID05055,AC1701250,F009,大化妝包-深藍,配件,2100.0,2.0,2018-09-12,4200.0,1041.6,218.39999999999998,4452.0,陳民政,Male,41,新北市,金融業和房地產,2018.0,9.0,12.0,3.0,40
ID05056,AC1700935,F008,法蘭絨格紋襯衫-黑,女裝,1800.0,2.0,2018-09-12,3600.0,594.0,486.00000000000006,3816.0,賴軒誠,Female,41,新北市,金融業和房地產,2018.0,9.0,12.0,3.0,40
ID05057,AC1703403,F009,大化妝包-深藍,配件,2100.0,2.0,2018-09-12,4200.0,1041.6,218.39999999999998,4452.0,吳雅斌,Female,36,基隆市,金融業和房地產,2018.0,9.0,12.0,3.0,30
ID05058,AC1700834,F003,印圖大學T男裝-藍,男裝,750.0,1.0,2018-09-12,750.0,144.0,81.0,795.0,張展純,Male,28,新北市,金融業和房地產,2018.0,9.0,12.0,3.0,20
ID05059,AC1701965,F013,潮感印條連帽外套-男裝,男裝,1740.0,1.0,2018-09-12,1740.0,334.08000000000004,187.92,1844.4,陳瑩堅,Male,42,宜蘭縣,金融業和房地產,2018.0,9.0,12.0,3.0,40
ID05060,AC1701950,F025,雙向層架式書桌-咖,家俱,2900.0,1.0,2018-08-30,2900.0,435.0000000000002,435.0,3074.0,陳維哲,Male,26,宜蘭縣,其他,2018.0,8.0,30.0,3.0,20
ID05061,AC1703431,F001,運動潮流連帽外套女裝-白,女裝,1450.0,1.0,2018-09-12,1450.0,239.2500000000001,195.75,1537.0,李怡沛,Female,46,基隆市,金融業和房地產,2018.0,9.0,12.0,3.0,40
ID05062,AC1701949,F025,雙向層架式書桌-咖,家俱,2900.0,1.0,2018-08-30,2900.0,435.0000000000002,435.0,3074.0,葉萬弘,Male,34,宜蘭縣,金融業和房地產,2018.0,8.0,30.0,3.0,30
ID05063,AC1703638,F008,法蘭絨格紋襯衫-黑,女裝,1800.0,1.0,2018-09-12,1800.0,297.0,243.00000000000003,1908.0,林峻仲,Male,35,基隆市,金融業和房地產,2018.0,9.0,12.0,3.0,30
ID05064,AC1700756,F028,大學T男童-藍,童裝,1750.0,1.0,2018-09-12,1750.0,308.0,217.0,1855.0,陳虹軒,Male,33,新北市,金融業和房地產,2018.0,9.0,12.0,3.0,30
ID05065,AC1703084,F028,大學T男童-藍,童裝,1750.0,1.0,2018-09-12,1750.0,308.0,217.0,1855.0,楊淑屏,Male,32,桃園市,住宿和餐飲業,2018.0,9.0,12.0,3.0,30
ID05066,AC1702782,F016,後背包-藍,配件,890.0,1.0,2018-09-12,890.0,220.72,46.28,943.4000000000001,阮陽佳,Male,45,桃園市,住宿和餐飲業,2018.0,9.0,12.0,3.0,40
ID05067,AC1702355,F004,大化妝包-桃粉,配件,1600.0,1.0,2018-09-12,1600.0,396.8,83.2,1696.0,楊家欣,Male,56,桃園市,住宿和餐飲業,2018.0,9.0,12.0,3.0,50
ID05068,AC1701532,F025,雙向層架式書桌-咖,家俱,2900.0,1.0,2018-08-30,2900.0,435.0000000000002,435.0,3074.0,楊志宇,Female,32,新北市,金融業和房地產,2018.0,8.0,30.0,3.0,30
ID05069,AC1700783,F025,雙向層架式書桌-咖,家俱,2900.0,1.0,2018-08-30,2900.0,435.0000000000002,435.0,3074.0,毛欣瑜,Male,26,新北市,金融業和房地產,2018.0,8.0,30.0,3.0,20
ID05070,AC1702140,F008,法蘭絨格紋襯衫-黑,女裝,1800.0,2.0,2018-09-12,3600.0,594.0,486.00000000000006,3816.0,黃泰生,Male,35,宜蘭縣,金融業和房地產,2018.0,9.0,12.0,3.0,30
ID05071,AC1701067,F009,大化妝包-深藍,配件,2100.0,2.0,2018-09-12,4200.0,1041.6,218.39999999999998,4452.0,林奕恆,Male,41,新北市,其他,2018.0,9.0,12.0,3.0,40
ID05072,AC1702488,F008,法蘭絨格紋襯衫-黑,女裝,1800.0,2.0,2018-09-12,3600.0,594.0,486.00000000000006,3816.0,曾淑昆,Female,49,桃園市,其他,2018.0,9.0,12.0,3.0,40
ID05073,AC1702462,F009,大化妝包-深藍,配件,2100.0,2.0,2018-09-12,4200.0,1041.6,218.39999999999998,4452.0,汪美玉,Male,48,桃園市,其他,2018.0,9.0,12.0,3.0,40
ID05074,AC1701650,F003,印圖大學T男裝-藍,男裝,750.0,1.0,2018-09-12,750.0,144.0,81.0,795.0,李肇吟,Male,32,宜蘭縣,金融業和房地產,2018.0,9.0,12.0,3.0,30
ID05075,AC1700928,F013,潮感印條連帽外套-男裝,男裝,1740.0,1.0,2018-09-12,1740.0,334.08000000000004,187.92,1844.4,林君劭,Female,34,新北市,金融業和房地產,2018.0,9.0,12.0,3.0,30
ID05076,AC1700234,F024,運動潮流直筒棉褲男童-灰,童裝,2030.0,5.0,2018-08-30,10150.0,1786.4,1258.6,10759.0,張哲中,Male,30,臺北市,其他,2018.0,8.0,30.0,3.0,30
ID05077,AC1701420,F001,運動潮流連帽外套女裝-白,女裝,1450.0,1.0,2018-09-12,1450.0,239.2500000000001,195.75,1537.0,涂宜芳,Female,30,新北市,金融業和房地產,2018.0,9.0,12.0,3.0,30
ID05078,AC1700100,F024,運動潮流直筒棉褲男童-灰,童裝,2030.0,5.0,2018-08-30,10150.0,1786.4,1258.6,10759.0,何兆辰,Male,47,新北市,金融業和房地產,2018.0,8.0,30.0,3.0,40
ID05079,AC1700637,F008,法蘭絨格紋襯衫-黑,女裝,1800.0,1.0,2018-09-12,1800.0,297.0,243.00000000000003,1908.0,林裕仁,Male,37,新北市,金融業和房地產,2018.0,9.0,12.0,3.0,30
ID05080,AC1702915,F028,大學T男童-藍,童裝,1750.0,1.0,2018-09-12,1750.0,308.0,217.0,1855.0,陳昌凌,Female,57,桃園市,其他,2018.0,9.0,12.0,3.0,50
ID05081,AC1703107,F028,大學T男童-藍,童裝,1750.0,1.0,2018-09-12,1750.0,308.0,217.0,1855.0,吳玉治,Male,43,桃園市,住宿和餐飲業,2018.0,9.0,12.0,3.0,40
ID05082,AC1701924,F016,後背包-藍,配件,890.0,1.0,2018-09-12,890.0,220.72,46.28,943.4000000000001,賴禎柏,Male,26,宜蘭縣,金融業和房地產,2018.0,9.0,12.0,3.0,20
ID05083,AC1700591,F004,大化妝包-桃粉,配件,1600.0,1.0,2018-09-12,1600.0,396.8,83.2,1696.0,婁冠宇,Male,26,新北市,金融業和房地產,2018.0,9.0,12.0,3.0,20
ID05084,AC1702509,F024,運動潮流直筒棉褲男童-灰,童裝,2030.0,5.0,2018-08-30,10150.0,1786.4,1258.6,10759.0,張小紹,Female,62,桃園市,其他,2018.0,8.0,30.0,3.0,60
ID05085,AC1701210,F024,運動潮流直筒棉褲男童-灰,童裝,2030.0,5.0,2018-08-30,10150.0,1786.4,1258.6,10759.0,張書伸,Female,46,新北市,金融業和房地產,2018.0,8.0,30.0,3.0,40
ID05086,AC1703043,F008,法蘭絨格紋襯衫-黑,女裝,1800.0,2.0,2018-09-12,3600.0,594.0,486.00000000000006,3816.0,陳文彥,Male,57,桃園市,住宿和餐飲業,2018.0,9.0,12.0,3.0,50
ID05087,AC1700566,F009,大化妝包-深藍,配件,2100.0,2.0,2018-09-12,4200.0,1041.6,218.39999999999998,4452.0,黃嘉堯,Male,43,新北市,金融業和房地產,2018.0,9.0,12.0,3.0,40
ID05088,AC1703424,F008,法蘭絨格紋襯衫-黑,女裝,1800.0,2.0,2018-09-12,3600.0,594.0,486.00000000000006,3816.0,林可青,Female,45,基隆市,金融業和房地產,2018.0,9.0,12.0,3.0,40
ID05089,AC1700074,F009,大化妝包-深藍,配件,2100.0,2.0,2018-09-12,4200.0,1041.6,218.39999999999998,4452.0,陳慧龍,Male,42,基隆市,金融業和房地產,2018.0,9.0,12.0,3.0,40
ID05090,AC1702320,F003,印圖大學T男裝-藍,男裝,750.0,1.0,2018-09-12,750.0,144.0,81.0,795.0,黃逸軍,Male,64,桃園市,住宿和餐飲業,2018.0,9.0,12.0,3.0,60
ID05091,AC1702793,F013,潮感印條連帽外套-男裝,男裝,1740.0,1.0,2018-09-12,1740.0,334.08000000000004,187.92,1844.4,黃柏禾,Male,42,桃園市,住宿和餐飲業,2018.0,9.0,12.0,3.0,40
ID05092,AC1701116,F017,大學T男裝-灰,男裝,1200.0,1.0,2018-09-12,1200.0,230.4,129.6,1272.0,吳淑娟,Female,28,新北市,金融業和房地產,2018.0,9.0,12.0,3.0,20
ID05093,AC1700317,F001,運動潮流連帽外套女裝-白,女裝,1450.0,1.0,2018-09-12,1450.0,239.2500000000001,195.75,1537.0,陳怡妏,Female,46,新北市,其他,2018.0,9.0,12.0,3.0,40
ID05094,AC1700664,F024,運動潮流直筒棉褲男童-灰,童裝,2030.0,1.0,2018-09-12,2030.0,357.28,251.72,2151.8,鄭宜珊,Male,35,新北市,金融業和房地產,2018.0,9.0,12.0,3.0,30
ID05095,AC1702300,F008,法蘭絨格紋襯衫-黑,女裝,1800.0,1.0,2018-09-12,1800.0,297.0,243.00000000000003,1908.0,林彥琪,Male,44,桃園市,住宿和餐飲業,2018.0,9.0,12.0,3.0,40
ID05096,AC1702063,F028,大學T男童-藍,童裝,1750.0,1.0,2018-09-12,1750.0,308.0,217.0,1855.0,徐儒岑,Male,34,宜蘭縣,住宿和餐飲業,2018.0,9.0,12.0,3.0,30
ID05097,AC1703564,F028,大學T男童-藍,童裝,1750.0,1.0,2018-09-12,1750.0,308.0,217.0,1855.0,陳添倩,Female,41,基隆市,住宿和餐飲業,2018.0,9.0,12.0,3.0,40
ID05098,AC1701484,F016,後背包-藍,配件,890.0,1.0,2018-09-12,890.0,220.72,46.28,943.4000000000001,張惠敏,Female,39,新北市,其他,2018.0,9.0,12.0,3.0,30
ID05099,AC1702719,F004,大化妝包-桃粉,配件,1600.0,1.0,2018-09-12,1600.0,396.8,83.2,1696.0,李珮喜,Male,46,桃園市,住宿和餐飲業,2018.0,9.0,12.0,3.0,40
ID05100,AC1701213,F010,中夾-紅,皮件,2610.0,1.0,2018-09-12,2610.0,595.0800000000003,187.92,2766.6000000000004,崔世傑,Female,45,新北市,其他,2018.0,9.0,12.0,3.0,40
ID05101,AC1702608,F010,中夾-紅,皮件,2610.0,1.0,2018-09-12,2610.0,595.0800000000003,187.92,2766.6000000000004,蔡郁文,Male,61,桃園市,其他,2018.0,9.0,12.0,3.0,60
ID05102,AC1701649,F008,法蘭絨格紋襯衫-黑,女裝,1800.0,2.0,2018-09-12,3600.0,594.0,486.00000000000006,3816.0,林淑芳,Male,29,宜蘭縣,住宿和餐飲業,2018.0,9.0,12.0,3.0,20
ID05103,AC1700195,F009,大化妝包-深藍,配件,2100.0,2.0,2018-09-12,4200.0,1041.6,218.39999999999998,4452.0,賴合恩,Male,57,臺北市,金融業和房地產,2018.0,9.0,12.0,3.0,50
ID05104,AC1701742,F008,法蘭絨格紋襯衫-黑,女裝,1800.0,2.0,2018-09-12,3600.0,594.0,486.00000000000006,3816.0,黃均馨,Female,36,宜蘭縣,其他,2018.0,9.0,12.0,3.0,30
ID05105,AC1701176,F009,大化妝包-深藍,配件,2100.0,2.0,2018-09-12,4200.0,1041.6,218.39999999999998,4452.0,黃柏勳,Male,27,新北市,金融業和房地產,2018.0,9.0,12.0,3.0,20
ID05106,AC1700739,F017,大學T男裝-灰,男裝,1200.0,1.0,2018-09-12,1200.0,230.4,129.6,1272.0,馮俊宏,Female,27,新北市,住宿和餐飲業,2018.0,9.0,12.0,3.0,20
ID05107,AC1703961,F024,運動潮流直筒棉褲男童-灰,童裝,2030.0,1.0,2018-09-12,2030.0,357.28,251.72,2151.8,李昕云,Female,46,臺北市,其他,2018.0,9.0,12.0,3.0,40
ID05108,AC1700404,F010,中夾-紅,皮件,2610.0,1.0,2018-09-12,2610.0,595.0800000000003,187.92,2766.6000000000004,黃鈺霞,Female,25,新北市,金融業和房地產,2018.0,9.0,12.0,3.0,20
ID05109,AC1703453,F038,經典美式純POLO-黑,女裝,980.0,1.0,2018-10-10,980.0,161.7,132.3,1038.8,陳淑君,Female,42,基隆市,金融業和房地產,2018.0,10.0,10.0,4.0,40
ID05110,AC1701464,F012,托特包-白,配件,1740.0,1.0,2018-10-10,1740.0,431.52,90.47999999999999,1844.4,王靜宜,Female,30,新北市,金融業和房地產,2018.0,10.0,10.0,4.0,30
ID05111,AC1702380,F012,托特包-白,配件,1740.0,1.0,2018-10-10,1740.0,431.52,90.47999999999999,1844.4,陳怡璇,Female,53,桃園市,金融業和房地產,2018.0,10.0,10.0,4.0,50
ID05112,AC1700482,F010,中夾-紅,皮件,2610.0,1.0,2018-09-12,2610.0,595.0800000000003,187.92,2766.6000000000004,李逸鑫,Male,43,新北市,住宿和餐飲業,2018.0,9.0,12.0,3.0,40
ID05113,AC1703136,F017,大學T男裝-灰,男裝,1200.0,1.0,2018-09-12,1200.0,230.4,129.6,1272.0,蔡雅雯,Female,48,桃園市,其他,2018.0,9.0,12.0,3.0,40
ID05114,AC1700673,F024,運動潮流直筒棉褲男童-灰,童裝,2030.0,1.0,2018-09-12,2030.0,357.28,251.72,2151.8,毛珮法,Male,37,新北市,教育體育文化,2018.0,9.0,12.0,3.0,30
ID05115,AC1702515,F016,後背包-藍,配件,890.0,1.0,2018-10-10,890.0,220.72,46.28,943.4000000000001,曾冠宇,Male,52,桃園市,住宿和餐飲業,2018.0,10.0,10.0,4.0,50
ID05116,AC1700104,F016,後背包-藍,配件,890.0,1.0,2018-10-10,890.0,220.72,46.28,943.4000000000001,黃宛凌,Female,57,新北市,金融業和房地產,2018.0,10.0,10.0,4.0,50
ID05117,AC1701399,F003,印圖大學T男裝-藍,男裝,750.0,2.0,2018-10-10,1500.0,288.0,162.0,1590.0,陳美玲,Female,24,新北市,其他,2018.0,10.0,10.0,4.0,20
ID05118,AC1701047,F013,潮感印條連帽外套-男裝,男裝,1740.0,1.0,2018-10-10,1740.0,334.08000000000004,187.92,1844.4,劉凱倫,Male,48,新北市,住宿和餐飲業,2018.0,10.0,10.0,4.0,40
ID05119,AC1700124,F003,印圖大學T男裝-藍,男裝,750.0,2.0,2018-10-10,1500.0,288.0,162.0,1590.0,張珮瑜,Female,44,新北市,農林漁牧業,2018.0,10.0,10.0,4.0,40
ID05120,AC1700055,F013,潮感印條連帽外套-男裝,男裝,1740.0,1.0,2018-10-10,1740.0,334.08000000000004,187.92,1844.4,王明旺,Male,38,基隆市,農林漁牧業,2018.0,10.0,10.0,4.0,30
ID05121,AC1700354,F010,中夾-紅,皮件,2610.0,1.0,2018-09-12,2610.0,595.0800000000003,187.92,2766.6000000000004,劉宗翰,Female,60,新北市,金融業和房地產,2018.0,9.0,12.0,3.0,60
ID05122,AC1701576,F010,中夾-紅,皮件,2610.0,1.0,2018-09-12,2610.0,595.0800000000003,187.92,2766.6000000000004,林名義,Female,44,新北市,住宿和餐飲業,2018.0,9.0,12.0,3.0,40
ID05123,AC1701045,F038,經典美式純POLO-黑,女裝,980.0,2.0,2018-10-10,1960.0,323.4,264.6,2077.6,陸雅玲,Female,28,新北市,金融業和房地產,2018.0,10.0,10.0,4.0,20
ID05124,AC1703474,F017,大學T男裝-灰,男裝,1200.0,1.0,2018-09-12,1200.0,230.4,129.6,1272.0,王信紋,Female,34,基隆市,金融業和房地產,2018.0,9.0,12.0,3.0,30
ID05125,AC1701616,F008,法蘭絨格紋襯衫-黑,女裝,1800.0,2.0,2018-10-10,3600.0,594.0,486.00000000000006,3816.0,蔡秉仰,Male,39,宜蘭縣,住宿和餐飲業,2018.0,10.0,10.0,4.0,30
ID05126,AC1701513,F012,托特包-白,配件,1740.0,2.0,2018-10-10,3480.0,863.04,180.95999999999998,3688.8,曾乃揚,Male,39,宜蘭縣,金融業和房地產,2018.0,10.0,10.0,4.0,30
ID05127,AC1702262,F014,大化妝包-黑,配件,1740.0,2.0,2018-10-10,3480.0,863.04,180.95999999999998,3688.8,陳浩鈺,Male,52,桃園市,其他,2018.0,10.0,10.0,4.0,50
ID05128,AC1700815,F033,高機能伸縮衣架-黑,家俱,600.0,3.0,2018-10-10,1800.0,270.0,270.0,1908.0,許伊禮,Female,29,新北市,金融業和房地產,2018.0,10.0,10.0,4.0,20
ID05129,AC1701109,F003,印圖大學T男裝-藍,男裝,750.0,3.0,2018-10-10,2250.0,432.0,243.0,2385.0,廖豐卉,Female,36,新北市,教育體育文化,2018.0,10.0,10.0,4.0,30
ID05130,AC1702545,F024,運動潮流直筒棉褲男童-灰,童裝,2030.0,1.0,2018-09-12,2030.0,357.28,251.72,2151.8,吳映定,Male,54,桃園市,住宿和餐飲業,2018.0,9.0,12.0,3.0,50
ID05131,AC1703923,F010,中夾-紅,皮件,2610.0,1.0,2018-09-12,2610.0,595.0800000000003,187.92,2766.6000000000004,吳冰鴻,Female,52,臺北市,金融業和房地產,2018.0,9.0,12.0,3.0,50
ID05132,AC1700244,F010,中夾-紅,皮件,2610.0,1.0,2018-09-12,2610.0,595.0800000000003,187.92,2766.6000000000004,王雅生,Female,34,臺北市,金融業和房地產,2018.0,9.0,12.0,3.0,30
ID05133,AC1700936,F038,經典美式純POLO-黑,女裝,980.0,1.0,2018-10-10,980.0,161.7,132.3,1038.8,林禎芬,Female,30,新北市,金融業和房地產,2018.0,10.0,10.0,4.0,30
ID05134,AC1703902,F012,托特包-白,配件,1740.0,1.0,2018-10-10,1740.0,431.52,90.47999999999999,1844.4,馬以年,Female,33,臺北市,住宿和餐飲業,2018.0,10.0,10.0,4.0,30
ID05135,AC1701914,F012,托特包-白,配件,1740.0,1.0,2018-10-10,1740.0,431.52,90.47999999999999,1844.4,王宛玲,Female,40,新北市,住宿和餐飲業,2018.0,10.0,10.0,4.0,40
ID05136,AC1702544,F017,大學T男裝-灰,男裝,1200.0,1.0,2018-09-12,1200.0,230.4,129.6,1272.0,黃宜欣,Male,55,桃園市,住宿和餐飲業,2018.0,9.0,12.0,3.0,50
ID05137,AC1702227,F024,運動潮流直筒棉褲男童-灰,童裝,2030.0,1.0,2018-09-12,2030.0,357.28,251.72,2151.8,陳嘉鴻,Male,46,桃園市,住宿和餐飲業,2018.0,9.0,12.0,3.0,40
ID05138,AC1701762,F010,中夾-紅,皮件,2610.0,1.0,2018-09-12,2610.0,595.0800000000003,187.92,2766.6000000000004,黃怡欣,Female,32,新北市,金融業和房地產,2018.0,9.0,12.0,3.0,30
ID05139,AC1701737,F016,後背包-藍,配件,890.0,1.0,2018-10-10,890.0,220.72,46.28,943.4000000000001,林佳瑩,Female,39,新北市,住宿和餐飲業,2018.0,10.0,10.0,4.0,30
ID05140,AC1703107,F016,後背包-藍,配件,890.0,1.0,2018-10-10,890.0,220.72,46.28,943.4000000000001,吳玉治,Male,43,桃園市,住宿和餐飲業,2018.0,10.0,10.0,4.0,40
ID05141,AC1702511,F003,印圖大學T男裝-藍,男裝,750.0,2.0,2018-10-10,1500.0,288.0,162.0,1590.0,葉政儒,Male,45,桃園市,住宿和餐飲業,2018.0,10.0,10.0,4.0,40
ID05142,AC1703360,F013,潮感印條連帽外套-男裝,男裝,1740.0,1.0,2018-10-10,1740.0,334.08000000000004,187.92,1844.4,王忠韋,Male,31,基隆市,金融業和房地產,2018.0,10.0,10.0,4.0,30
ID05143,AC1701553,F003,印圖大學T男裝-藍,男裝,750.0,2.0,2018-10-10,1500.0,288.0,162.0,1590.0,李孟心,Female,28,宜蘭縣,金融業和房地產,2018.0,10.0,10.0,4.0,20
ID05144,AC1703345,F013,潮感印條連帽外套-男裝,男裝,1740.0,1.0,2018-10-10,1740.0,334.08000000000004,187.92,1844.4,洪千慧,Female,23,基隆市,住宿和餐飲業,2018.0,10.0,10.0,4.0,20
ID05145,AC1702666,F010,中夾-紅,皮件,2610.0,1.0,2018-09-12,2610.0,595.0800000000003,187.92,2766.6000000000004,李庭緯,Male,58,桃園市,其他,2018.0,9.0,12.0,3.0,50
ID05146,AC1701276,F017,大學T男裝-灰,男裝,1200.0,1.0,2018-10-10,1200.0,230.4,129.6,1272.0,劉怡茜,Female,20,新北市,其他,2018.0,10.0,10.0,4.0,20
ID05147,AC1701566,F038,經典美式純POLO-黑,女裝,980.0,2.0,2018-10-10,1960.0,323.4,264.6,2077.6,曹鈺婷,Female,23,新北市,其他,2018.0,10.0,10.0,4.0,20
ID05148,AC1701440,F017,大學T男裝-灰,男裝,1200.0,1.0,2018-10-10,1200.0,230.4,129.6,1272.0,林郁瑜,Female,26,宜蘭縣,住宿和餐飲業,2018.0,10.0,10.0,4.0,20
ID05149,AC1703874,F008,法蘭絨格紋襯衫-黑,女裝,1800.0,2.0,2018-10-10,3600.0,594.0,486.00000000000006,3816.0,侯祖俐,Female,40,臺北市,住宿和餐飲業,2018.0,10.0,10.0,4.0,40
ID05150,AC1700139,F012,托特包-白,配件,1740.0,2.0,2018-10-10,3480.0,863.04,180.95999999999998,3688.8,黃文彬,Male,41,基隆市,農林漁牧業,2018.0,10.0,10.0,4.0,40
ID05151,AC1703896,F014,大化妝包-黑,配件,1740.0,2.0,2018-10-10,3480.0,863.04,180.95999999999998,3688.8,黃華靖,Female,21,臺北市,住宿和餐飲業,2018.0,10.0,10.0,4.0,20
ID05152,AC1701248,F033,高機能伸縮衣架-黑,家俱,600.0,3.0,2018-10-10,1800.0,270.0,270.0,1908.0,楊文茵,Male,27,新北市,住宿和餐飲業,2018.0,10.0,10.0,4.0,20
ID05153,AC1700665,F003,印圖大學T男裝-藍,男裝,750.0,3.0,2018-10-10,2250.0,432.0,243.0,2385.0,劉瓊瑤,Male,30,新北市,金融業和房地產,2018.0,10.0,10.0,4.0,30
ID05154,AC1702108,F017,大學T男裝-灰,男裝,1200.0,1.0,2018-10-10,1200.0,230.4,129.6,1272.0,黃筱雯,Female,49,宜蘭縣,金融業和房地產,2018.0,10.0,10.0,4.0,40
ID05155,AC1701162,F024,運動潮流直筒棉褲男童-灰,童裝,2030.0,1.0,2018-10-10,2030.0,357.28,251.72,2151.8,林承哲,Male,38,新北市,金融業和房地產,2018.0,10.0,10.0,4.0,30
ID05156,AC1703839,F024,運動潮流直筒棉褲男童-灰,童裝,2030.0,1.0,2018-10-10,2030.0,357.28,251.72,2151.8,王貴丹,Female,53,臺北市,其他,2018.0,10.0,10.0,4.0,50
ID05157,AC1703524,F038,經典美式純POLO-黑,女裝,980.0,1.0,2018-10-10,980.0,161.7,132.3,1038.8,張雅新,Female,35,基隆市,金融業和房地產,2018.0,10.0,10.0,4.0,30
ID05158,AC1701627,F012,托特包-白,配件,1740.0,1.0,2018-10-10,1740.0,431.52,90.47999999999999,1844.4,李苡歡,Female,35,新北市,住宿和餐飲業,2018.0,10.0,10.0,4.0,30
ID05159,AC1700838,F012,托特包-白,配件,1740.0,1.0,2018-10-10,1740.0,431.52,90.47999999999999,1844.4,陳怡旺,Male,40,新北市,金融業和房地產,2018.0,10.0,10.0,4.0,40
ID05160,AC1701654,F015,法蘭絨格紋襯衫-紅,女裝,1740.0,1.0,2018-10-10,1740.0,287.1,234.9,1844.4,黃俊廷,Male,37,宜蘭縣,金融業和房地產,2018.0,10.0,10.0,4.0,30
ID05161,AC1703535,F002,運動潮流直筒棉褲男童-白,童裝,930.0,2.0,2018-10-10,1860.0,327.36,230.64,1971.6000000000001,李誠豐,Male,41,基隆市,住宿和餐飲業,2018.0,10.0,10.0,4.0,40
ID05162,AC1702072,F025,雙向層架式書桌-咖,家俱,2900.0,1.0,2018-10-10,2900.0,435.0000000000002,435.0,3074.0,黃彥婷,Female,27,宜蘭縣,金融業和房地產,2018.0,10.0,10.0,4.0,20
ID05163,AC1701957,F016,後背包-藍,配件,890.0,1.0,2018-10-10,890.0,220.72,46.28,943.4000000000001,羅雅晴,Female,41,新北市,其他,2018.0,10.0,10.0,4.0,40
ID05164,AC1703467,F016,後背包-藍,配件,890.0,1.0,2018-10-10,890.0,220.72,46.28,943.4000000000001,常偉木,Male,37,基隆市,金融業和房地產,2018.0,10.0,10.0,4.0,30
ID05165,AC1701896,F003,印圖大學T男裝-藍,男裝,750.0,2.0,2018-10-10,1500.0,288.0,162.0,1590.0,楊昀書,Female,32,新北市,其他,2018.0,10.0,10.0,4.0,30
ID05166,AC1701637,F013,潮感印條連帽外套-男裝,男裝,1740.0,1.0,2018-10-10,1740.0,334.08000000000004,187.92,1844.4,王竣桂,Male,27,宜蘭縣,金融業和房地產,2018.0,10.0,10.0,4.0,20
ID05167,AC1702436,F003,印圖大學T男裝-藍,男裝,750.0,2.0,2018-10-10,1500.0,288.0,162.0,1590.0,賴秀齊,Female,57,桃園市,其他,2018.0,10.0,10.0,4.0,50
ID05168,AC1703137,F013,潮感印條連帽外套-男裝,男裝,1740.0,1.0,2018-10-10,1740.0,334.08000000000004,187.92,1844.4,黃千智,Female,46,桃園市,其他,2018.0,10.0,10.0,4.0,40
ID05169,AC1700463,F024,運動潮流直筒棉褲男童-灰,童裝,2030.0,2.0,2018-10-10,4060.0,714.56,503.44,4303.6,封景水,Male,32,新北市,住宿和餐飲業,2018.0,10.0,10.0,4.0,30
ID05170,AC1703281,F017,大學T男裝-灰,男裝,1200.0,1.0,2018-10-10,1200.0,230.4,129.6,1272.0,施少枝,Female,50,桃園市,其他,2018.0,10.0,10.0,4.0,50
ID05171,AC1701649,F038,經典美式純POLO-黑,女裝,980.0,2.0,2018-10-10,1960.0,323.4,264.6,2077.6,林淑芳,Male,29,宜蘭縣,住宿和餐飲業,2018.0,10.0,10.0,4.0,20
ID05172,AC1702466,F017,大學T男裝-灰,男裝,1200.0,1.0,2018-10-10,1200.0,230.4,129.6,1272.0,李雅芬,Female,43,桃園市,住宿和餐飲業,2018.0,10.0,10.0,4.0,40
ID05173,AC1701731,F008,法蘭絨格紋襯衫-黑,女裝,1800.0,2.0,2018-10-10,3600.0,594.0,486.00000000000006,3816.0,杜培帆,Male,36,宜蘭縣,金融業和房地產,2018.0,10.0,10.0,4.0,30
ID05174,AC1700723,F012,托特包-白,配件,1740.0,2.0,2018-10-10,3480.0,863.04,180.95999999999998,3688.8,林秀娟,Male,41,新北市,金融業和房地產,2018.0,10.0,10.0,4.0,40
ID05175,AC1703555,F014,大化妝包-黑,配件,1740.0,2.0,2018-10-10,3480.0,863.04,180.95999999999998,3688.8,羅陽洋,Male,32,基隆市,金融業和房地產,2018.0,10.0,10.0,4.0,30
ID05176,AC1703871,F033,高機能伸縮衣架-黑,家俱,600.0,3.0,2018-10-10,1800.0,270.0,270.0,1908.0,王政儒,Female,44,臺北市,其他,2018.0,10.0,10.0,4.0,40
ID05177,AC1702440,F003,印圖大學T男裝-藍,男裝,750.0,3.0,2018-10-10,2250.0,432.0,243.0,2385.0,陳婉瑜,Female,43,桃園市,住宿和餐飲業,2018.0,10.0,10.0,4.0,40
ID05178,AC1702090,F017,大學T男裝-灰,男裝,1200.0,1.0,2018-10-10,1200.0,230.4,129.6,1272.0,林盈甄,Male,40,宜蘭縣,金融業和房地產,2018.0,10.0,10.0,4.0,40
ID05179,AC1702764,F024,運動潮流直筒棉褲男童-灰,童裝,2030.0,1.0,2018-10-10,2030.0,357.28,251.72,2151.8,張育喬,Female,28,桃園市,住宿和餐飲業,2018.0,10.0,10.0,4.0,20
ID05180,AC1702344,F024,運動潮流直筒棉褲男童-灰,童裝,2030.0,1.0,2018-10-10,2030.0,357.28,251.72,2151.8,王穎恆,Male,23,桃園市,住宿和餐飲業,2018.0,10.0,10.0,4.0,20
ID05181,AC1702922,F038,經典美式純POLO-黑,女裝,980.0,1.0,2018-10-10,980.0,161.7,132.3,1038.8,林素喜,Female,53,桃園市,住宿和餐飲業,2018.0,10.0,10.0,4.0,50
ID05182,AC1701686,F012,托特包-白,配件,1740.0,1.0,2018-10-10,1740.0,431.52,90.47999999999999,1844.4,郭俊宏,Male,32,宜蘭縣,金融業和房地產,2018.0,10.0,10.0,4.0,30
ID05183,AC1702504,F012,托特包-白,配件,1740.0,1.0,2018-10-10,1740.0,431.52,90.47999999999999,1844.4,杜俊德,Male,47,桃園市,其他,2018.0,10.0,10.0,4.0,40
ID05184,AC1700968,F015,法蘭絨格紋襯衫-紅,女裝,1740.0,1.0,2018-10-10,1740.0,287.1,234.9,1844.4,詹蘭正,Male,32,新北市,金融業和房地產,2018.0,10.0,10.0,4.0,30
ID05185,AC1700678,F002,運動潮流直筒棉褲男童-白,童裝,930.0,2.0,2018-10-10,1860.0,327.36,230.64,1971.6000000000001,黃雅昀,Male,30,新北市,金融業和房地產,2018.0,10.0,10.0,4.0,30
ID05186,AC1700142,F025,雙向層架式書桌-咖,家俱,2900.0,1.0,2018-10-10,2900.0,435.0000000000002,435.0,3074.0,張志銘,Male,56,新北市,金融業和房地產,2018.0,10.0,10.0,4.0,50
ID05187,AC1700955,F016,後背包-藍,配件,890.0,1.0,2018-10-10,890.0,220.72,46.28,943.4000000000001,陳信宏,Female,31,新北市,住宿和餐飲業,2018.0,10.0,10.0,4.0,30
ID05188,AC1702161,F016,後背包-藍,配件,890.0,1.0,2018-10-10,890.0,220.72,46.28,943.4000000000001,許富真,Male,46,桃園市,其他,2018.0,10.0,10.0,4.0,40
ID05189,AC1702821,F003,印圖大學T男裝-藍,男裝,750.0,2.0,2018-10-10,1500.0,288.0,162.0,1590.0,楊群寶,Male,61,桃園市,住宿和餐飲業,2018.0,10.0,10.0,4.0,60
ID05190,AC1700247,F013,潮感印條連帽外套-男裝,男裝,1740.0,1.0,2018-10-10,1740.0,334.08000000000004,187.92,1844.4,羅信毓,Female,36,臺北市,金融業和房地產,2018.0,10.0,10.0,4.0,30
ID05191,AC1702525,F003,印圖大學T男裝-藍,男裝,750.0,2.0,2018-10-10,1500.0,288.0,162.0,1590.0,林美諭,Female,44,桃園市,其他,2018.0,10.0,10.0,4.0,40
ID05192,AC1701713,F013,潮感印條連帽外套-男裝,男裝,1740.0,1.0,2018-10-10,1740.0,334.08000000000004,187.92,1844.4,陸彥博,Male,39,宜蘭縣,住宿和餐飲業,2018.0,10.0,10.0,4.0,30
ID05193,AC1702280,F024,運動潮流直筒棉褲男童-灰,童裝,2030.0,2.0,2018-10-10,4060.0,714.56,503.44,4303.6,楊秀珍,Male,42,桃園市,住宿和餐飲業,2018.0,10.0,10.0,4.0,40
ID05194,AC1701100,F017,大學T男裝-灰,男裝,1200.0,1.0,2018-10-10,1200.0,230.4,129.6,1272.0,婁永正,Male,43,新北市,金融業和房地產,2018.0,10.0,10.0,4.0,40
ID05195,AC1700995,F038,經典美式純POLO-黑,女裝,980.0,2.0,2018-10-10,1960.0,323.4,264.6,2077.6,李詩婷,Male,41,新北市,住宿和餐飲業,2018.0,10.0,10.0,4.0,40
ID05196,AC1703022,F017,大學T男裝-灰,男裝,1200.0,1.0,2018-10-10,1200.0,230.4,129.6,1272.0,林盈萱,Female,41,桃園市,住宿和餐飲業,2018.0,10.0,10.0,4.0,40
ID05197,AC1700052,F008,法蘭絨格紋襯衫-黑,女裝,1800.0,2.0,2018-10-10,3600.0,594.0,486.00000000000006,3816.0,陳舒涵,Female,50,基隆市,金融業和房地產,2018.0,10.0,10.0,4.0,50
ID05198,AC1703861,F012,托特包-白,配件,1740.0,2.0,2018-10-10,3480.0,863.04,180.95999999999998,3688.8,李美玲,Female,53,臺北市,其他,2018.0,10.0,10.0,4.0,50
ID05199,AC1701522,F014,大化妝包-黑,配件,1740.0,2.0,2018-10-10,3480.0,863.04,180.95999999999998,3688.8,許智樺,Female,33,新北市,其他,2018.0,10.0,10.0,4.0,30
ID05200,AC1701886,F033,高機能伸縮衣架-黑,家俱,600.0,3.0,2018-10-10,1800.0,270.0,270.0,1908.0,葉智偉,Female,28,新北市,金融業和房地產,2018.0,10.0,10.0,4.0,20
ID05201,AC1703754,F003,印圖大學T男裝-藍,男裝,750.0,3.0,2018-10-10,2250.0,432.0,243.0,2385.0,侯佳慧,Female,48,基隆市,金融業和房地產,2018.0,10.0,10.0,4.0,40
ID05202,AC1702928,F017,大學T男裝-灰,男裝,1200.0,1.0,2018-10-10,1200.0,230.4,129.6,1272.0,馮台木,Female,59,桃園市,其他,2018.0,10.0,10.0,4.0,50
ID05203,AC1702992,F024,運動潮流直筒棉褲男童-灰,童裝,2030.0,1.0,2018-10-10,2030.0,357.28,251.72,2151.8,簡馥玉,Male,36,桃園市,住宿和餐飲業,2018.0,10.0,10.0,4.0,30
ID05204,AC1700999,F024,運動潮流直筒棉褲男童-灰,童裝,2030.0,1.0,2018-10-10,2030.0,357.28,251.72,2151.8,陳志元,Male,29,新北市,金融業和房地產,2018.0,10.0,10.0,4.0,20
ID05205,AC1701589,F038,經典美式純POLO-黑,女裝,980.0,1.0,2018-10-10,980.0,161.7,132.3,1038.8,袁延均,Male,42,宜蘭縣,金融業和房地產,2018.0,10.0,10.0,4.0,40
ID05206,AC1703323,F012,托特包-白,配件,1740.0,1.0,2018-10-10,1740.0,431.52,90.47999999999999,1844.4,陳雅芳,Female,26,基隆市,金融業和房地產,2018.0,10.0,10.0,4.0,20
ID05207,AC1700705,F012,托特包-白,配件,1740.0,1.0,2018-10-10,1740.0,431.52,90.47999999999999,1844.4,溫崇善,Female,30,新北市,金融業和房地產,2018.0,10.0,10.0,4.0,30
ID05208,AC1700788,F015,法蘭絨格紋襯衫-紅,女裝,1740.0,1.0,2018-10-10,1740.0,287.1,234.9,1844.4,楊雅威,Female,25,新北市,金融業和房地產,2018.0,10.0,10.0,4.0,20
ID05209,AC1702263,F002,運動潮流直筒棉褲男童-白,童裝,930.0,2.0,2018-10-10,1860.0,327.36,230.64,1971.6000000000001,張馨玲,Male,46,桃園市,住宿和餐飲業,2018.0,10.0,10.0,4.0,40
ID05210,AC1700574,F025,雙向層架式書桌-咖,家俱,2900.0,1.0,2018-10-10,2900.0,435.0000000000002,435.0,3074.0,吳辛玟,Female,35,新北市,金融業和房地產,2018.0,10.0,10.0,4.0,30
ID05211,AC1703528,F016,後背包-藍,配件,890.0,1.0,2018-10-10,890.0,220.72,46.28,943.4000000000001,林建宏,Female,34,基隆市,住宿和餐飲業,2018.0,10.0,10.0,4.0,30
ID05212,AC1702288,F016,後背包-藍,配件,890.0,1.0,2018-10-10,890.0,220.72,46.28,943.4000000000001,吳孝邦,Male,62,桃園市,住宿和餐飲業,2018.0,10.0,10.0,4.0,60
ID05213,AC1702047,F003,印圖大學T男裝-藍,男裝,750.0,2.0,2018-10-10,1500.0,288.0,162.0,1590.0,金堅輝,Male,40,宜蘭縣,金融業和房地產,2018.0,10.0,10.0,4.0,40
ID05214,AC1702050,F013,潮感印條連帽外套-男裝,男裝,1740.0,1.0,2018-10-10,1740.0,334.08000000000004,187.92,1844.4,蕭欣潔,Female,34,新北市,金融業和房地產,2018.0,10.0,10.0,4.0,30
ID05215,AC1701000,F003,印圖大學T男裝-藍,男裝,750.0,2.0,2018-10-10,1500.0,288.0,162.0,1590.0,嵇宛玟,Female,41,新北市,住宿和餐飲業,2018.0,10.0,10.0,4.0,40
ID05216,AC1702106,F013,潮感印條連帽外套-男裝,男裝,1740.0,1.0,2018-10-10,1740.0,334.08000000000004,187.92,1844.4,沈雅琪,Female,36,宜蘭縣,教育體育文化,2018.0,10.0,10.0,4.0,30
ID05217,AC1702994,F024,運動潮流直筒棉褲男童-灰,童裝,2030.0,2.0,2018-10-10,4060.0,714.56,503.44,4303.6,陳志峰,Female,48,桃園市,其他,2018.0,10.0,10.0,4.0,40
ID05218,AC1701994,F017,大學T男裝-灰,男裝,1200.0,1.0,2018-10-10,1200.0,230.4,129.6,1272.0,陳曉佩,Male,33,宜蘭縣,金融業和房地產,2018.0,10.0,10.0,4.0,30
ID05219,AC1703405,F038,經典美式純POLO-黑,女裝,980.0,2.0,2018-10-10,1960.0,323.4,264.6,2077.6,陳姿汝,Female,38,基隆市,住宿和餐飲業,2018.0,10.0,10.0,4.0,30
ID05220,AC1700379,F017,大學T男裝-灰,男裝,1200.0,1.0,2018-10-10,1200.0,230.4,129.6,1272.0,鄭宇夫,Male,44,新北市,住宿和餐飲業,2018.0,10.0,10.0,4.0,40
ID05221,AC1703008,F008,法蘭絨格紋襯衫-黑,女裝,1800.0,2.0,2018-10-10,3600.0,594.0,486.00000000000006,3816.0,鄭雅婷,Male,53,桃園市,住宿和餐飲業,2018.0,10.0,10.0,4.0,50
ID05222,AC1700179,F012,托特包-白,配件,1740.0,2.0,2018-10-10,3480.0,863.04,180.95999999999998,3688.8,張嘉蘋,Female,45,臺北市,金融業和房地產,2018.0,10.0,10.0,4.0,40
ID05223,AC1701968,F014,大化妝包-黑,配件,1740.0,2.0,2018-10-10,3480.0,863.04,180.95999999999998,3688.8,欒玉玲,Female,33,宜蘭縣,金融業和房地產,2018.0,10.0,10.0,4.0,30
ID05224,AC1700431,F033,高機能伸縮衣架-黑,家俱,600.0,3.0,2018-10-10,1800.0,270.0,270.0,1908.0,陳盈堯,Female,24,新北市,金融業和房地產,2018.0,10.0,10.0,4.0,20
ID05225,AC1702082,F003,印圖大學T男裝-藍,男裝,750.0,3.0,2018-10-10,2250.0,432.0,243.0,2385.0,張維娟,Female,35,新北市,住宿和餐飲業,2018.0,10.0,10.0,4.0,30
ID05226,AC1701157,F017,大學T男裝-灰,男裝,1200.0,1.0,2018-10-10,1200.0,230.4,129.6,1272.0,馮月沛,Female,44,新北市,金融業和房地產,2018.0,10.0,10.0,4.0,40
ID05227,AC1701936,F024,運動潮流直筒棉褲男童-灰,童裝,2030.0,1.0,2018-10-10,2030.0,357.28,251.72,2151.8,林秀彬,Male,33,宜蘭縣,教育體育文化,2018.0,10.0,10.0,4.0,30
ID05228,AC1701466,F024,運動潮流直筒棉褲男童-灰,童裝,2030.0,1.0,2018-10-10,2030.0,357.28,251.72,2151.8,呂右馨,Male,32,宜蘭縣,金融業和房地產,2018.0,10.0,10.0,4.0,30
ID05229,AC1703689,F012,托特包-白,配件,1740.0,1.0,2018-10-15,1740.0,431.52,90.47999999999999,1844.4,洪淑勇,Female,38,基隆市,金融業和房地產,2018.0,10.0,15.0,4.0,30
ID05230,AC1700489,F015,法蘭絨格紋襯衫-紅,女裝,1740.0,1.0,2018-10-10,1740.0,287.1,234.9,1844.4,鄭介儀,Female,32,新北市,住宿和餐飲業,2018.0,10.0,10.0,4.0,30
ID05231,AC1700298,F012,托特包-白,配件,1740.0,1.0,2018-10-15,1740.0,431.52,90.47999999999999,1844.4,陳巧蘋,Female,57,新北市,金融業和房地產,2018.0,10.0,15.0,4.0,50
ID05232,AC1700374,F002,運動潮流直筒棉褲男童-白,童裝,930.0,2.0,2018-10-10,1860.0,327.36,230.64,1971.6000000000001,沈茹琦,Female,63,新北市,金融業和房地產,2018.0,10.0,10.0,4.0,60
ID05233,AC1701145,F009,大化妝包-深藍,配件,2100.0,1.0,2018-10-15,2100.0,520.8,109.19999999999999,2226.0,李妙憲,Female,32,新北市,金融業和房地產,2018.0,10.0,15.0,4.0,30
ID05234,AC1701474,F012,托特包-白,配件,1740.0,1.0,2018-10-15,1740.0,431.52,90.47999999999999,1844.4,黃尚淳,Female,29,新北市,其他,2018.0,10.0,15.0,4.0,20
ID05235,AC1703929,F025,雙向層架式書桌-咖,家俱,2900.0,1.0,2018-10-10,2900.0,435.0000000000002,435.0,3074.0,吳蕙郁,Female,60,臺北市,其他,2018.0,10.0,10.0,4.0,60
ID05236,AC1702036,F024,運動潮流直筒棉褲男童-灰,童裝,2030.0,2.0,2018-10-10,4060.0,714.56,503.44,4303.6,周文婷,Female,35,宜蘭縣,教育體育文化,2018.0,10.0,10.0,4.0,30
ID05237,AC1702613,F017,大學T男裝-灰,男裝,1200.0,1.0,2018-10-10,1200.0,230.4,129.6,1272.0,諸子軒,Male,51,桃園市,其他,2018.0,10.0,10.0,4.0,50
ID05238,AC1701927,F017,大學T男裝-灰,男裝,1200.0,1.0,2018-10-10,1200.0,230.4,129.6,1272.0,郭彥伶,Female,27,宜蘭縣,住宿和餐飲業,2018.0,10.0,10.0,4.0,20
ID05239,AC1700861,F028,大學T男童-藍,童裝,1750.0,2.0,2018-10-15,3500.0,616.0,434.0,3710.0,鄧家榮,Female,34,新北市,金融業和房地產,2018.0,10.0,15.0,4.0,30
ID05240,AC1703020,F017,大學T男裝-灰,男裝,1200.0,1.0,2018-10-10,1200.0,230.4,129.6,1272.0,吳妙蕙,Female,45,桃園市,住宿和餐飲業,2018.0,10.0,10.0,4.0,40
ID05241,AC1700286,F024,運動潮流直筒棉褲男童-灰,童裝,2030.0,1.0,2018-10-10,2030.0,357.28,251.72,2151.8,黃政平,Male,38,新北市,農林漁牧業,2018.0,10.0,10.0,4.0,30
ID05242,AC1700978,F024,運動潮流直筒棉褲男童-灰,童裝,2030.0,1.0,2018-10-10,2030.0,357.28,251.72,2151.8,黃怡孜,Male,32,新北市,金融業和房地產,2018.0,10.0,10.0,4.0,30
ID05243,AC1703848,F015,法蘭絨格紋襯衫-紅,女裝,1740.0,1.0,2018-10-10,1740.0,287.1,234.9,1844.4,林怡秀,Female,35,臺北市,金融業和房地產,2018.0,10.0,10.0,4.0,30
ID05244,AC1703047,F002,運動潮流直筒棉褲男童-白,童裝,930.0,2.0,2018-10-10,1860.0,327.36,230.64,1971.6000000000001,駱佩蓉,Female,56,桃園市,其他,2018.0,10.0,10.0,4.0,50
ID05245,AC1704002,F025,雙向層架式書桌-咖,家俱,2900.0,1.0,2018-10-10,2900.0,435.0000000000002,435.0,3074.0,劉俊宏,Female,34,臺北市,住宿和餐飲業,2018.0,10.0,10.0,4.0,30
ID05246,AC1702137,F024,運動潮流直筒棉褲男童-灰,童裝,2030.0,2.0,2018-10-10,4060.0,714.56,503.44,4303.6,李瑋倫,Female,31,新北市,教育體育文化,2018.0,10.0,10.0,4.0,30
ID05247,AC1702463,F012,托特包-白,配件,1740.0,1.0,2018-10-15,1740.0,431.52,90.47999999999999,1844.4,黃于靖,Male,47,桃園市,住宿和餐飲業,2018.0,10.0,15.0,4.0,40
ID05248,AC1703310,F002,運動潮流直筒棉褲男童-白,童裝,930.0,1.0,2018-10-15,930.0,163.68,115.32,985.8000000000001,魏宗翰,Female,32,基隆市,金融業和房地產,2018.0,10.0,15.0,4.0,30
ID05249,AC1701396,F012,托特包-白,配件,1740.0,1.0,2018-10-15,1740.0,431.52,90.47999999999999,1844.4,李國蘋,Female,38,新北市,金融業和房地產,2018.0,10.0,15.0,4.0,30
ID05250,AC1700065,F015,法蘭絨格紋襯衫-紅,女裝,1740.0,1.0,2018-10-15,1740.0,287.1,234.9,1844.4,蔣舜昀,Male,52,基隆市,金融業和房地產,2018.0,10.0,15.0,4.0,50
ID05251,AC1702108,F009,大化妝包-深藍,配件,2100.0,1.0,2018-10-15,2100.0,520.8,109.19999999999999,2226.0,黃筱雯,Female,49,宜蘭縣,金融業和房地產,2018.0,10.0,15.0,4.0,40
ID05252,AC1702498,F012,托特包-白,配件,1740.0,1.0,2018-10-15,1740.0,431.52,90.47999999999999,1844.4,余盈君,Male,48,桃園市,住宿和餐飲業,2018.0,10.0,15.0,4.0,40
ID05253,AC1702674,F024,運動潮流直筒棉褲男童-灰,童裝,2030.0,1.0,2018-10-15,2030.0,357.28,251.72,2151.8,謝雅如,Male,46,桃園市,農林漁牧業,2018.0,10.0,15.0,4.0,40
ID05254,AC1700979,F015,法蘭絨格紋襯衫-紅,女裝,1740.0,1.0,2018-10-15,1740.0,287.1,234.9,1844.4,荀宏達,Female,29,新北市,金融業和房地產,2018.0,10.0,15.0,4.0,20
ID05255,AC1701200,F015,法蘭絨格紋襯衫-紅,女裝,1740.0,1.0,2018-10-15,1740.0,287.1,234.9,1844.4,姚心怡,Male,31,新北市,金融業和房地產,2018.0,10.0,15.0,4.0,30
ID05256,AC1702919,F015,法蘭絨格紋襯衫-紅,女裝,1740.0,1.0,2018-10-15,1740.0,287.1,234.9,1844.4,羅孝蓉,Male,64,桃園市,住宿和餐飲業,2018.0,10.0,15.0,4.0,60
ID05257,AC1703843,F028,大學T男童-藍,童裝,1750.0,2.0,2018-10-15,3500.0,616.0,434.0,3710.0,林維俊,Male,47,臺北市,住宿和餐飲業,2018.0,10.0,15.0,4.0,40
ID05258,AC1701547,F010,中夾-紅,皮件,2610.0,1.0,2018-10-15,2610.0,595.0800000000003,187.92,2766.6000000000004,陳賢新,Female,52,新北市,金融業和房地產,2018.0,10.0,15.0,4.0,50
ID05259,AC1702326,F010,中夾-紅,皮件,2610.0,1.0,2018-10-15,2610.0,595.0800000000003,187.92,2766.6000000000004,張雅君,Male,53,桃園市,住宿和餐飲業,2018.0,10.0,15.0,4.0,50
ID05260,AC1702576,F010,中夾-紅,皮件,2610.0,1.0,2018-10-15,2610.0,595.0800000000003,187.92,2766.6000000000004,賴玫信,Male,56,桃園市,其他,2018.0,10.0,15.0,4.0,50
ID05261,AC1702888,F005,運動潮流連帽外套男裝-灰,男裝,1450.0,2.0,2018-10-15,2900.0,556.8000000000002,313.2,3074.0,郭翔士,Female,51,桃園市,住宿和餐飲業,2018.0,10.0,15.0,4.0,50
ID05262,AC1702769,F025,雙向層架式書桌-咖,家俱,2900.0,2.0,2018-10-15,5800.0,870.0000000000005,870.0,6148.0,袁書豪,Male,43,桃園市,住宿和餐飲業,2018.0,10.0,15.0,4.0,40
ID05263,AC1703541,F025,雙向層架式書桌-咖,家俱,2900.0,2.0,2018-10-15,5800.0,870.0000000000005,870.0,6148.0,戴惠文,Male,29,基隆市,金融業和房地產,2018.0,10.0,15.0,4.0,20
ID05264,AC1702043,F025,雙向層架式書桌-咖,家俱,2900.0,2.0,2018-10-15,5800.0,870.0000000000005,870.0,6148.0,黃麗佩,Female,36,新北市,金融業和房地產,2018.0,10.0,15.0,4.0,30
ID05265,AC1700976,F012,托特包-白,配件,1740.0,1.0,2018-10-15,1740.0,431.52,90.47999999999999,1844.4,吳政盈,Male,37,新北市,金融業和房地產,2018.0,10.0,15.0,4.0,30
ID05266,AC1702464,F002,運動潮流直筒棉褲男童-白,童裝,930.0,1.0,2018-10-15,930.0,163.68,115.32,985.8000000000001,黃子芸,Male,47,桃園市,住宿和餐飲業,2018.0,10.0,15.0,4.0,40
ID05267,AC1700927,F012,托特包-白,配件,1740.0,1.0,2018-10-15,1740.0,431.52,90.47999999999999,1844.4,李雅惠,Female,38,新北市,其他,2018.0,10.0,15.0,4.0,30
ID05268,AC1700899,F015,法蘭絨格紋襯衫-紅,女裝,1740.0,1.0,2018-10-15,1740.0,287.1,234.9,1844.4,杜佳容,Male,26,新北市,其他,2018.0,10.0,15.0,4.0,20
ID05269,AC1701934,F009,大化妝包-深藍,配件,2100.0,1.0,2018-10-15,2100.0,520.8,109.19999999999999,2226.0,陳俊宏,Male,26,宜蘭縣,金融業和房地產,2018.0,10.0,15.0,4.0,20
ID05270,AC1700118,F012,托特包-白,配件,1740.0,1.0,2018-10-15,1740.0,431.52,90.47999999999999,1844.4,曹姿妤,Female,47,新北市,金融業和房地產,2018.0,10.0,15.0,4.0,40
ID05271,AC1702837,F024,運動潮流直筒棉褲男童-灰,童裝,2030.0,1.0,2018-10-15,2030.0,357.28,251.72,2151.8,張百中,Female,56,桃園市,其他,2018.0,10.0,15.0,4.0,50
ID05272,AC1703998,F015,法蘭絨格紋襯衫-紅,女裝,1740.0,1.0,2018-10-15,1740.0,287.1,234.9,1844.4,葉炳昕,Female,57,臺北市,教育體育文化,2018.0,10.0,15.0,4.0,50
ID05273,AC1701260,F015,法蘭絨格紋襯衫-紅,女裝,1740.0,1.0,2018-10-15,1740.0,287.1,234.9,1844.4,郭奇淑,Male,34,新北市,金融業和房地產,2018.0,10.0,15.0,4.0,30
ID05274,AC1702475,F015,法蘭絨格紋襯衫-紅,女裝,1740.0,1.0,2018-10-15,1740.0,287.1,234.9,1844.4,游佳芬,Female,61,桃園市,其他,2018.0,10.0,15.0,4.0,60
ID05275,AC1701439,F028,大學T男童-藍,童裝,1750.0,2.0,2018-10-15,3500.0,616.0,434.0,3710.0,朱宗書,Male,30,宜蘭縣,金融業和房地產,2018.0,10.0,15.0,4.0,30
ID05276,AC1702372,F010,中夾-紅,皮件,2610.0,1.0,2018-10-15,2610.0,595.0800000000003,187.92,2766.6000000000004,李雅竹,Male,37,桃園市,住宿和餐飲業,2018.0,10.0,15.0,4.0,30
ID05277,AC1703616,F010,中夾-紅,皮件,2610.0,1.0,2018-10-15,2610.0,595.0800000000003,187.92,2766.6000000000004,李勳筠,Female,44,基隆市,其他,2018.0,10.0,15.0,4.0,40
ID05278,AC1703915,F010,中夾-紅,皮件,2610.0,1.0,2018-10-15,2610.0,595.0800000000003,187.92,2766.6000000000004,吳欣樺,Female,56,臺北市,金融業和房地產,2018.0,10.0,15.0,4.0,50
ID05279,AC1700795,F005,運動潮流連帽外套男裝-灰,男裝,1450.0,2.0,2018-10-15,2900.0,556.8000000000002,313.2,3074.0,蔡綺綸,Male,34,新北市,金融業和房地產,2018.0,10.0,15.0,4.0,30
ID05280,AC1700639,F025,雙向層架式書桌-咖,家俱,2900.0,2.0,2018-10-15,5800.0,870.0000000000005,870.0,6148.0,楊安琪,Female,38,新北市,金融業和房地產,2018.0,10.0,15.0,4.0,30
ID05281,AC1703242,F025,雙向層架式書桌-咖,家俱,2900.0,2.0,2018-10-15,5800.0,870.0000000000005,870.0,6148.0,夏誠雪,Male,58,桃園市,住宿和餐飲業,2018.0,10.0,15.0,4.0,50
ID05282,AC1701789,F025,雙向層架式書桌-咖,家俱,2900.0,2.0,2018-10-15,5800.0,870.0000000000005,870.0,6148.0,陳昭帆,Female,22,新北市,住宿和餐飲業,2018.0,10.0,15.0,4.0,20
ID05283,AC1702862,F012,托特包-白,配件,1740.0,1.0,2018-10-15,1740.0,431.52,90.47999999999999,1844.4,邱武侑,Male,54,桃園市,住宿和餐飲業,2018.0,10.0,15.0,4.0,50
ID05284,AC1700456,F002,運動潮流直筒棉褲男童-白,童裝,930.0,1.0,2018-10-15,930.0,163.68,115.32,985.8000000000001,方婉婷,Female,49,新北市,金融業和房地產,2018.0,10.0,15.0,4.0,40
ID05285,AC1702582,F012,托特包-白,配件,1740.0,1.0,2018-10-15,1740.0,431.52,90.47999999999999,1844.4,安麗君,Male,49,桃園市,住宿和餐飲業,2018.0,10.0,15.0,4.0,40
ID05286,AC1701258,F015,法蘭絨格紋襯衫-紅,女裝,1740.0,1.0,2018-10-15,1740.0,287.1,234.9,1844.4,廖婉元,Male,37,新北市,金融業和房地產,2018.0,10.0,15.0,4.0,30
ID05287,AC1701847,F009,大化妝包-深藍,配件,2100.0,1.0,2018-10-15,2100.0,520.8,109.19999999999999,2226.0,陳玉雅,Female,32,新北市,金融業和房地產,2018.0,10.0,15.0,4.0,30
ID05288,AC1702713,F012,托特包-白,配件,1740.0,1.0,2018-10-15,1740.0,431.52,90.47999999999999,1844.4,陳承穎,Male,51,桃園市,住宿和餐飲業,2018.0,10.0,15.0,4.0,50
ID05289,AC1701578,F024,運動潮流直筒棉褲男童-灰,童裝,2030.0,1.0,2018-10-15,2030.0,357.28,251.72,2151.8,藍典俐,Male,30,宜蘭縣,住宿和餐飲業,2018.0,10.0,15.0,4.0,30
ID05290,AC1700365,F015,法蘭絨格紋襯衫-紅,女裝,1740.0,1.0,2018-10-15,1740.0,287.1,234.9,1844.4,許昀春,Male,61,新北市,金融業和房地產,2018.0,10.0,15.0,4.0,60
ID05291,AC1700476,F015,法蘭絨格紋襯衫-紅,女裝,1740.0,1.0,2018-10-15,1740.0,287.1,234.9,1844.4,張鈞瑋,Male,32,新北市,農林漁牧業,2018.0,10.0,15.0,4.0,30
ID05292,AC1702109,F015,法蘭絨格紋襯衫-紅,女裝,1740.0,1.0,2018-10-15,1740.0,287.1,234.9,1844.4,邱春妹,Female,32,宜蘭縣,金融業和房地產,2018.0,10.0,15.0,4.0,30
ID05293,AC1702485,F028,大學T男童-藍,童裝,1750.0,2.0,2018-10-15,3500.0,616.0,434.0,3710.0,朱冠定,Male,31,桃園市,住宿和餐飲業,2018.0,10.0,15.0,4.0,30
ID05294,AC1701244,F010,中夾-紅,皮件,2610.0,1.0,2018-10-15,2610.0,595.0800000000003,187.92,2766.6000000000004,孫駿岑,Male,33,新北市,金融業和房地產,2018.0,10.0,15.0,4.0,30
ID05295,AC1700922,F010,中夾-紅,皮件,2610.0,1.0,2018-10-15,2610.0,595.0800000000003,187.92,2766.6000000000004,何佳亨,Male,33,新北市,其他,2018.0,10.0,15.0,4.0,30
ID05296,AC1700505,F010,中夾-紅,皮件,2610.0,1.0,2018-10-15,2610.0,595.0800000000003,187.92,2766.6000000000004,洪怡君,Female,25,新北市,金融業和房地產,2018.0,10.0,15.0,4.0,20
ID05297,AC1702651,F005,運動潮流連帽外套男裝-灰,男裝,1450.0,2.0,2018-10-15,2900.0,556.8000000000002,313.2,3074.0,陳政哲,Male,51,桃園市,住宿和餐飲業,2018.0,10.0,15.0,4.0,50
ID05298,AC1702573,F025,雙向層架式書桌-咖,家俱,2900.0,2.0,2018-10-15,5800.0,870.0000000000005,870.0,6148.0,黃筱剛,Male,60,桃園市,其他,2018.0,10.0,15.0,4.0,60
ID05299,AC1701392,F025,雙向層架式書桌-咖,家俱,2900.0,2.0,2018-10-15,5800.0,870.0000000000005,870.0,6148.0,林育寶,Male,34,宜蘭縣,金融業和房地產,2018.0,10.0,15.0,4.0,30
ID05300,AC1702679,F025,雙向層架式書桌-咖,家俱,2900.0,2.0,2018-10-15,5800.0,870.0000000000005,870.0,6148.0,劉耀賢,Male,50,桃園市,其他,2018.0,10.0,15.0,4.0,50
ID05301,AC1702637,F012,托特包-白,配件,1740.0,1.0,2018-10-15,1740.0,431.52,90.47999999999999,1844.4,陳文珮,Male,34,桃園市,金融業和房地產,2018.0,10.0,15.0,4.0,30
ID05302,AC1700876,F002,運動潮流直筒棉褲男童-白,童裝,930.0,1.0,2018-10-15,930.0,163.68,115.32,985.8000000000001,袁淑琴,Male,26,新北市,金融業和房地產,2018.0,10.0,15.0,4.0,20
ID05303,AC1701290,F012,托特包-白,配件,1740.0,1.0,2018-10-15,1740.0,431.52,90.47999999999999,1844.4,楊玉萍,Female,37,宜蘭縣,住宿和餐飲業,2018.0,10.0,15.0,4.0,30
ID05304,AC1702525,F015,法蘭絨格紋襯衫-紅,女裝,1740.0,1.0,2018-10-15,1740.0,287.1,234.9,1844.4,林美諭,Female,44,桃園市,其他,2018.0,10.0,15.0,4.0,40
ID05305,AC1700520,F009,大化妝包-深藍,配件,2100.0,1.0,2018-10-15,2100.0,520.8,109.19999999999999,2226.0,楊崇利,Male,36,新北市,金融業和房地產,2018.0,10.0,15.0,4.0,30
ID05306,AC1702911,F012,托特包-白,配件,1740.0,1.0,2018-10-15,1740.0,431.52,90.47999999999999,1844.4,吳承夫,Male,55,桃園市,住宿和餐飲業,2018.0,10.0,15.0,4.0,50
ID05307,AC1700203,F024,運動潮流直筒棉褲男童-灰,童裝,2030.0,1.0,2018-10-15,2030.0,357.28,251.72,2151.8,劉于婷,Female,41,臺北市,金融業和房地產,2018.0,10.0,15.0,4.0,40
ID05308,AC1703188,F015,法蘭絨格紋襯衫-紅,女裝,1740.0,1.0,2018-10-15,1740.0,287.1,234.9,1844.4,張馨臻,Male,54,桃園市,住宿和餐飲業,2018.0,10.0,15.0,4.0,50
ID05309,AC1700093,F015,法蘭絨格紋襯衫-紅,女裝,1740.0,1.0,2018-10-15,1740.0,287.1,234.9,1844.4,楊宏偉,Male,44,新北市,金融業和房地產,2018.0,10.0,15.0,4.0,40
ID05310,AC1703691,F015,法蘭絨格紋襯衫-紅,女裝,1740.0,1.0,2018-10-15,1740.0,287.1,234.9,1844.4,吳雅琪,Female,50,基隆市,其他,2018.0,10.0,15.0,4.0,50
ID05311,AC1702402,F028,大學T男童-藍,童裝,1750.0,2.0,2018-10-15,3500.0,616.0,434.0,3710.0,陳佳香,Male,54,桃園市,住宿和餐飲業,2018.0,10.0,15.0,4.0,50
ID05312,AC1702230,F010,中夾-紅,皮件,2610.0,1.0,2018-10-15,2610.0,595.0800000000003,187.92,2766.6000000000004,陳宇軒,Male,52,桃園市,金融業和房地產,2018.0,10.0,15.0,4.0,50
ID05313,AC1700461,F010,中夾-紅,皮件,2610.0,1.0,2018-10-15,2610.0,595.0800000000003,187.92,2766.6000000000004,涂姵帆,Female,42,新北市,金融業和房地產,2018.0,10.0,15.0,4.0,40
ID05314,AC1701060,F010,中夾-紅,皮件,2610.0,1.0,2018-10-15,2610.0,595.0800000000003,187.92,2766.6000000000004,曹倩夫,Female,29,新北市,金融業和房地產,2018.0,10.0,15.0,4.0,20
ID05315,AC1700964,F005,運動潮流連帽外套男裝-灰,男裝,1450.0,2.0,2018-10-15,2900.0,556.8000000000002,313.2,3074.0,白伊娟,Female,34,新北市,金融業和房地產,2018.0,10.0,15.0,4.0,30
ID05316,AC1700940,F025,雙向層架式書桌-咖,家俱,2900.0,2.0,2018-10-15,5800.0,870.0000000000005,870.0,6148.0,黃牧淑,Female,32,新北市,金融業和房地產,2018.0,10.0,15.0,4.0,30
ID05317,AC1703638,F028,大學T男童-藍,童裝,1750.0,1.0,2018-11-30,1750.0,308.0,217.0,1855.0,林峻仲,Male,35,基隆市,金融業和房地產,2018.0,11.0,30.0,4.0,30
ID05318,AC1703695,F025,雙向層架式書桌-咖,家俱,2900.0,2.0,2018-10-15,5800.0,870.0000000000005,870.0,6148.0,金家火,Female,25,基隆市,金融業和房地產,2018.0,10.0,15.0,4.0,20
ID05319,AC1701577,F028,大學T男童-藍,童裝,1750.0,1.0,2018-11-30,1750.0,308.0,217.0,1855.0,林郁利,Female,31,新北市,其他,2018.0,11.0,30.0,4.0,30
ID05320,AC1703958,F025,雙向層架式書桌-咖,家俱,2900.0,2.0,2018-10-15,5800.0,870.0000000000005,870.0,6148.0,林志豪,Male,44,臺北市,其他,2018.0,10.0,15.0,4.0,40
ID05321,AC1702737,F002,運動潮流直筒棉褲男童-白,童裝,930.0,1.0,2018-10-15,930.0,163.68,115.32,985.8000000000001,邱淑皓,Male,45,桃園市,其他,2018.0,10.0,15.0,4.0,40
ID05322,AC1701654,F015,法蘭絨格紋襯衫-紅,女裝,1740.0,1.0,2018-10-15,1740.0,287.1,234.9,1844.4,黃俊廷,Male,37,宜蘭縣,金融業和房地產,2018.0,10.0,15.0,4.0,30
ID05323,AC1700206,F028,大學T男童-藍,童裝,1750.0,1.0,2018-11-30,1750.0,308.0,217.0,1855.0,曹定郁,Male,40,臺北市,金融業和房地產,2018.0,11.0,30.0,4.0,40
ID05324,AC1703253,F011,經典高領多彩T恤男裝-白,男裝,1200.0,1.0,2018-11-30,1200.0,230.4,129.6,1272.0,詹郁婷,Female,34,桃園市,住宿和餐飲業,2018.0,11.0,30.0,4.0,30
ID05325,AC1700170,F011,經典高領多彩T恤男裝-白,男裝,1200.0,1.0,2018-11-30,1200.0,230.4,129.6,1272.0,陳奕辰,Male,58,新北市,農林漁牧業,2018.0,11.0,30.0,4.0,50
ID05326,AC1703148,F011,經典高領多彩T恤男裝-白,男裝,1200.0,1.0,2018-11-30,1200.0,230.4,129.6,1272.0,黃嘉偉,Male,60,桃園市,其他,2018.0,11.0,30.0,4.0,60
ID05327,AC1703693,F011,經典高領多彩T恤男裝-白,男裝,1200.0,1.0,2018-11-30,1200.0,230.4,129.6,1272.0,葉中夢,Male,31,基隆市,金融業和房地產,2018.0,11.0,30.0,4.0,30
ID05328,AC1703074,F011,經典高領多彩T恤男裝-白,男裝,1200.0,1.0,2018-11-30,1200.0,230.4,129.6,1272.0,陳宏東,Male,48,桃園市,住宿和餐飲業,2018.0,11.0,30.0,4.0,40
ID05329,AC1700755,F011,經典高領多彩T恤男裝-白,男裝,1200.0,1.0,2018-11-30,1200.0,230.4,129.6,1272.0,陳孟穎,Male,41,新北市,金融業和房地產,2018.0,11.0,30.0,4.0,40
ID05330,AC1700737,F011,經典高領多彩T恤男裝-白,男裝,1200.0,1.0,2018-11-30,1200.0,230.4,129.6,1272.0,高彥宏,Male,36,新北市,金融業和房地產,2018.0,11.0,30.0,4.0,30
ID05331,AC1700299,F011,經典高領多彩T恤男裝-白,男裝,1200.0,1.0,2018-11-30,1200.0,230.4,129.6,1272.0,霍思潔,Female,63,新北市,金融業和房地產,2018.0,11.0,30.0,4.0,60
ID05332,AC1702863,F024,運動潮流直筒棉褲男童-灰,童裝,2030.0,1.0,2018-10-15,2030.0,357.28,251.72,2151.8,陳欣善,Female,60,桃園市,其他,2018.0,10.0,15.0,4.0,60
ID05333,AC1702691,F015,法蘭絨格紋襯衫-紅,女裝,1740.0,1.0,2018-10-15,1740.0,287.1,234.9,1844.4,楊偉倫,Male,34,桃園市,其他,2018.0,10.0,15.0,4.0,30
ID05334,AC1703362,F015,法蘭絨格紋襯衫-紅,女裝,1740.0,1.0,2018-10-15,1740.0,287.1,234.9,1844.4,許雪妃,Female,42,基隆市,其他,2018.0,10.0,15.0,4.0,40
ID05335,AC1702186,F015,法蘭絨格紋襯衫-紅,女裝,1740.0,1.0,2018-10-15,1740.0,287.1,234.9,1844.4,陳慶菱,Female,44,桃園市,金融業和房地產,2018.0,10.0,15.0,4.0,40
ID05336,AC1700074,F010,中夾-紅,皮件,2610.0,1.0,2018-10-15,2610.0,595.0800000000003,187.92,2766.6000000000004,陳慧龍,Male,42,基隆市,金融業和房地產,2018.0,10.0,15.0,4.0,40
ID05337,AC1701152,F010,中夾-紅,皮件,2610.0,1.0,2018-10-15,2610.0,595.0800000000003,187.92,2766.6000000000004,韓函富,Male,34,新北市,金融業和房地產,2018.0,10.0,15.0,4.0,30
ID05338,AC1703371,F016,後背包-藍,配件,890.0,5.0,2018-11-30,4450.0,1103.6,231.39999999999998,4717.0,謝耀文,Female,34,基隆市,金融業和房地產,2018.0,11.0,30.0,4.0,30
ID05339,AC1701572,F010,中夾-紅,皮件,2610.0,1.0,2018-10-15,2610.0,595.0800000000003,187.92,2766.6000000000004,蔡明勇,Female,48,新北市,金融業和房地產,2018.0,10.0,15.0,4.0,40
ID05340,AC1703645,F016,後背包-藍,配件,890.0,5.0,2018-11-30,4450.0,1103.6,231.39999999999998,4717.0,趙玄行,Male,42,基隆市,金融業和房地產,2018.0,11.0,30.0,4.0,40
ID05341,AC1700152,F016,後背包-藍,配件,890.0,5.0,2018-11-30,4450.0,1103.6,231.39999999999998,4717.0,白培凡,Male,44,新北市,金融業和房地產,2018.0,11.0,30.0,4.0,40
ID05342,AC1701714,F005,運動潮流連帽外套男裝-灰,男裝,1450.0,2.0,2018-10-15,2900.0,556.8000000000002,313.2,3074.0,楊玉萍,Female,42,宜蘭縣,金融業和房地產,2018.0,10.0,15.0,4.0,40
ID05343,AC1700310,F025,雙向層架式書桌-咖,家俱,2900.0,2.0,2018-10-15,5800.0,870.0000000000005,870.0,6148.0,林介堅,Female,57,新北市,其他,2018.0,10.0,15.0,4.0,50
ID05344,AC1702565,F016,後背包-藍,配件,890.0,5.0,2018-11-30,4450.0,1103.6,231.39999999999998,4717.0,張明堅,Female,53,桃園市,其他,2018.0,11.0,30.0,4.0,50
ID05345,AC1703026,F016,後背包-藍,配件,890.0,5.0,2018-11-30,4450.0,1103.6,231.39999999999998,4717.0,林協夫,Male,51,桃園市,其他,2018.0,11.0,30.0,4.0,50
ID05346,AC1700501,F025,雙向層架式書桌-咖,家俱,2900.0,2.0,2018-10-15,5800.0,870.0000000000005,870.0,6148.0,鄭仁杰,Female,32,新北市,金融業和房地產,2018.0,10.0,15.0,4.0,30
ID05347,AC1701449,F028,大學T男童-藍,童裝,1750.0,1.0,2018-11-30,1750.0,308.0,217.0,1855.0,劉祖軒,Male,45,宜蘭縣,金融業和房地產,2018.0,11.0,30.0,4.0,40
ID05348,AC1703751,F025,雙向層架式書桌-咖,家俱,2900.0,2.0,2018-10-15,5800.0,870.0000000000005,870.0,6148.0,宋育新,Female,24,基隆市,金融業和房地產,2018.0,10.0,15.0,4.0,20
ID05349,AC1702339,F028,大學T男童-藍,童裝,1750.0,1.0,2018-11-30,1750.0,308.0,217.0,1855.0,林柏翰,Male,53,桃園市,其他,2018.0,11.0,30.0,4.0,50
ID05350,AC1703311,F005,運動潮流連帽外套男裝-灰,男裝,1450.0,1.0,2018-11-30,1450.0,278.4000000000001,156.6,1537.0,陳姵辛,Female,44,基隆市,其他,2018.0,11.0,30.0,4.0,40
ID05351,AC1703901,F005,運動潮流連帽外套男裝-灰,男裝,1450.0,1.0,2018-11-30,1450.0,278.4000000000001,156.6,1537.0,趙志文,Male,30,臺北市,金融業和房地產,2018.0,11.0,30.0,4.0,30
ID05352,AC1703499,F005,運動潮流連帽外套男裝-灰,男裝,1450.0,1.0,2018-11-30,1450.0,278.4000000000001,156.6,1537.0,劉湖鳳,Female,49,基隆市,金融業和房地產,2018.0,11.0,30.0,4.0,40
ID05353,AC1700469,F028,大學T男童-藍,童裝,1750.0,1.0,2018-11-30,1750.0,308.0,217.0,1855.0,郭家慧,Male,33,新北市,金融業和房地產,2018.0,11.0,30.0,4.0,30
ID05354,AC1703812,F011,經典高領多彩T恤男裝-白,男裝,1200.0,1.0,2018-11-30,1200.0,230.4,129.6,1272.0,王方善,Female,51,臺北市,其他,2018.0,11.0,30.0,4.0,50
ID05355,AC1700699,F011,經典高領多彩T恤男裝-白,男裝,1200.0,1.0,2018-11-30,1200.0,230.4,129.6,1272.0,張玉迪,Female,30,新北市,其他,2018.0,11.0,30.0,4.0,30
ID05356,AC1703516,F011,經典高領多彩T恤男裝-白,男裝,1200.0,1.0,2018-11-30,1200.0,230.4,129.6,1272.0,謝宜伯,Male,39,基隆市,其他,2018.0,11.0,30.0,4.0,30
ID05357,AC1700343,F011,經典高領多彩T恤男裝-白,男裝,1200.0,1.0,2018-11-30,1200.0,230.4,129.6,1272.0,黃竹仁,Male,44,新北市,住宿和餐飲業,2018.0,11.0,30.0,4.0,40
ID05358,AC1702398,F011,經典高領多彩T恤男裝-白,男裝,1200.0,1.0,2018-11-30,1200.0,230.4,129.6,1272.0,陳羽尹,Female,42,桃園市,其他,2018.0,11.0,30.0,4.0,40
ID05359,AC1703872,F011,經典高領多彩T恤男裝-白,男裝,1200.0,1.0,2018-11-30,1200.0,230.4,129.6,1272.0,李政玫,Male,36,臺北市,金融業和房地產,2018.0,11.0,30.0,4.0,30
ID05360,AC1701100,F011,經典高領多彩T恤男裝-白,男裝,1200.0,1.0,2018-11-30,1200.0,230.4,129.6,1272.0,婁永正,Male,43,新北市,金融業和房地產,2018.0,11.0,30.0,4.0,40
ID05361,AC1703050,F011,經典高領多彩T恤男裝-白,男裝,1200.0,1.0,2018-11-30,1200.0,230.4,129.6,1272.0,曾怡璇,Female,43,桃園市,其他,2018.0,11.0,30.0,4.0,40
ID05362,AC1700670,F005,運動潮流連帽外套男裝-灰,男裝,1450.0,1.0,2018-11-30,1450.0,278.4000000000001,156.6,1537.0,陳嘉文,Female,28,新北市,金融業和房地產,2018.0,11.0,30.0,4.0,20
ID05363,AC1702848,F005,運動潮流連帽外套男裝-灰,男裝,1450.0,1.0,2018-11-30,1450.0,278.4000000000001,156.6,1537.0,李依妏,Male,58,桃園市,住宿和餐飲業,2018.0,11.0,30.0,4.0,50
ID05364,AC1700845,F025,雙向層架式書桌-咖,家俱,2900.0,1.0,2018-11-30,2900.0,435.0000000000002,435.0,3074.0,吳宗坤,Male,40,新北市,金融業和房地產,2018.0,11.0,30.0,4.0,40
ID05365,AC1701151,F025,雙向層架式書桌-咖,家俱,2900.0,1.0,2018-11-30,2900.0,435.0000000000002,435.0,3074.0,曾剛燦,Male,36,新北市,金融業和房地產,2018.0,11.0,30.0,4.0,30
ID05366,AC1700477,F025,雙向層架式書桌-咖,家俱,2900.0,1.0,2018-11-30,2900.0,435.0000000000002,435.0,3074.0,林凱韻,Female,25,新北市,其他,2018.0,11.0,30.0,4.0,20
ID05367,AC1703554,F025,雙向層架式書桌-咖,家俱,2900.0,1.0,2018-11-30,2900.0,435.0000000000002,435.0,3074.0,林宜傑,Male,42,基隆市,金融業和房地產,2018.0,11.0,30.0,4.0,40
ID05368,AC1702412,F016,後背包-藍,配件,890.0,5.0,2018-11-30,4450.0,1103.6,231.39999999999998,4717.0,李耀文,Female,60,桃園市,其他,2018.0,11.0,30.0,4.0,60
ID05369,AC1702350,F025,雙向層架式書桌-咖,家俱,2900.0,1.0,2018-11-30,2900.0,435.0000000000002,435.0,3074.0,連美倫,Female,48,桃園市,其他,2018.0,11.0,30.0,4.0,40
ID05370,AC1700197,F016,後背包-藍,配件,890.0,5.0,2018-11-30,4450.0,1103.6,231.39999999999998,4717.0,許志祥,Male,52,臺北市,住宿和餐飲業,2018.0,11.0,30.0,4.0,50
ID05371,AC1703421,F016,後背包-藍,配件,890.0,5.0,2018-11-30,4450.0,1103.6,231.39999999999998,4717.0,吳秉桓,Male,33,基隆市,金融業和房地產,2018.0,11.0,30.0,4.0,30
ID05372,AC1702796,F025,雙向層架式書桌-咖,家俱,2900.0,1.0,2018-11-30,2900.0,435.0000000000002,435.0,3074.0,陳奕城,Male,53,桃園市,其他,2018.0,11.0,30.0,4.0,50
ID05373,AC1700960,F024,運動潮流直筒棉褲男童-灰,童裝,2030.0,5.0,2018-11-30,10150.0,1786.4,1258.6,10759.0,連韻勇,Male,25,新北市,金融業和房地產,2018.0,11.0,30.0,4.0,20
ID05374,AC1701661,F016,後背包-藍,配件,890.0,5.0,2018-11-30,4450.0,1103.6,231.39999999999998,4717.0,林清茵,Female,44,宜蘭縣,金融業和房地產,2018.0,11.0,30.0,4.0,40
ID05375,AC1703685,F016,後背包-藍,配件,890.0,5.0,2018-11-30,4450.0,1103.6,231.39999999999998,4717.0,姚世傑,Female,48,基隆市,其他,2018.0,11.0,30.0,4.0,40
ID05376,AC1700325,F024,運動潮流直筒棉褲男童-灰,童裝,2030.0,5.0,2018-11-30,10150.0,1786.4,1258.6,10759.0,吳舒書,Male,50,新北市,金融業和房地產,2018.0,11.0,30.0,4.0,50
ID05377,AC1702916,F028,大學T男童-藍,童裝,1750.0,1.0,2018-11-30,1750.0,308.0,217.0,1855.0,柳智翔,Male,64,桃園市,住宿和餐飲業,2018.0,11.0,30.0,4.0,60
ID05378,AC1703846,F024,運動潮流直筒棉褲男童-灰,童裝,2030.0,5.0,2018-11-30,10150.0,1786.4,1258.6,10759.0,辛宗翰,Female,46,臺北市,住宿和餐飲業,2018.0,11.0,30.0,4.0,40
ID05379,AC1701575,F028,大學T男童-藍,童裝,1750.0,1.0,2018-11-30,1750.0,308.0,217.0,1855.0,吳佳雯,Female,29,新北市,住宿和餐飲業,2018.0,11.0,30.0,4.0,20
ID05380,AC1701903,F005,運動潮流連帽外套男裝-灰,男裝,1450.0,1.0,2018-11-30,1450.0,278.4000000000001,156.6,1537.0,倪月依,Female,32,新北市,金融業和房地產,2018.0,11.0,30.0,4.0,30
ID05381,AC1701470,F005,運動潮流連帽外套男裝-灰,男裝,1450.0,1.0,2018-11-30,1450.0,278.4000000000001,156.6,1537.0,林榮謙,Male,35,宜蘭縣,金融業和房地產,2018.0,11.0,30.0,4.0,30
ID05382,AC1700836,F005,運動潮流連帽外套男裝-灰,男裝,1450.0,1.0,2018-11-30,1450.0,278.4000000000001,156.6,1537.0,王柏豪,Male,23,新北市,其他,2018.0,11.0,30.0,4.0,20
ID05383,AC1700118,F028,大學T男童-藍,童裝,1750.0,1.0,2018-11-30,1750.0,308.0,217.0,1855.0,曹姿妤,Female,47,新北市,金融業和房地產,2018.0,11.0,30.0,4.0,40
ID05384,AC1702542,F011,經典高領多彩T恤男裝-白,男裝,1200.0,1.0,2018-11-30,1200.0,230.4,129.6,1272.0,許佑霖,Male,27,桃園市,住宿和餐飲業,2018.0,11.0,30.0,4.0,20
ID05385,AC1700118,F011,經典高領多彩T恤男裝-白,男裝,1200.0,1.0,2018-11-30,1200.0,230.4,129.6,1272.0,曹姿妤,Female,47,新北市,金融業和房地產,2018.0,11.0,30.0,4.0,40
ID05386,AC1702651,F011,經典高領多彩T恤男裝-白,男裝,1200.0,1.0,2018-11-30,1200.0,230.4,129.6,1272.0,陳政哲,Male,51,桃園市,住宿和餐飲業,2018.0,11.0,30.0,4.0,50
ID05387,AC1703352,F011,經典高領多彩T恤男裝-白,男裝,1200.0,1.0,2018-11-30,1200.0,230.4,129.6,1272.0,姜珮珊,Female,39,基隆市,金融業和房地產,2018.0,11.0,30.0,4.0,30
ID05388,AC1701188,F011,經典高領多彩T恤男裝-白,男裝,1200.0,1.0,2018-11-30,1200.0,230.4,129.6,1272.0,藍柏盈,Male,41,新北市,其他,2018.0,11.0,30.0,4.0,40
ID05389,AC1703932,F011,經典高領多彩T恤男裝-白,男裝,1200.0,1.0,2018-11-30,1200.0,230.4,129.6,1272.0,蘇義沛,Male,36,臺北市,金融業和房地產,2018.0,11.0,30.0,4.0,30
ID05390,AC1703587,F011,經典高領多彩T恤男裝-白,男裝,1200.0,1.0,2018-11-30,1200.0,230.4,129.6,1272.0,劉雅嵐,Female,43,基隆市,住宿和餐飲業,2018.0,11.0,30.0,4.0,40
ID05391,AC1702738,F011,經典高領多彩T恤男裝-白,男裝,1200.0,1.0,2018-11-30,1200.0,230.4,129.6,1272.0,郭合治,Male,50,桃園市,其他,2018.0,11.0,30.0,4.0,50
ID05392,AC1703325,F005,運動潮流連帽外套男裝-灰,男裝,1450.0,1.0,2018-11-30,1450.0,278.4000000000001,156.6,1537.0,毛辛馨,Female,23,基隆市,金融業和房地產,2018.0,11.0,30.0,4.0,20
ID05393,AC1702333,F005,運動潮流連帽外套男裝-灰,男裝,1450.0,1.0,2018-11-30,1450.0,278.4000000000001,156.6,1537.0,黃靖彬,Male,38,桃園市,金融業和房地產,2018.0,11.0,30.0,4.0,30
ID05394,AC1702763,F025,雙向層架式書桌-咖,家俱,2900.0,1.0,2018-11-30,2900.0,435.0000000000002,435.0,3074.0,夏蘋,Male,46,桃園市,住宿和餐飲業,2018.0,11.0,30.0,4.0,40
ID05395,AC1701203,F025,雙向層架式書桌-咖,家俱,2900.0,1.0,2018-11-30,2900.0,435.0000000000002,435.0,3074.0,胡冰維,Male,26,新北市,金融業和房地產,2018.0,11.0,30.0,4.0,20
ID05396,AC1701409,F025,雙向層架式書桌-咖,家俱,2900.0,1.0,2018-11-30,2900.0,435.0000000000002,435.0,3074.0,祝雅茹,Female,36,新北市,其他,2018.0,11.0,30.0,4.0,30
ID05397,AC1701381,F025,雙向層架式書桌-咖,家俱,2900.0,1.0,2018-11-30,2900.0,435.0000000000002,435.0,3074.0,劉菁為,Female,29,宜蘭縣,金融業和房地產,2018.0,11.0,30.0,4.0,20
ID05398,AC1700740,F016,後背包-藍,配件,890.0,5.0,2018-11-30,4450.0,1103.6,231.39999999999998,4717.0,王軒亦,Female,27,新北市,其他,2018.0,11.0,30.0,4.0,20
ID05399,AC1702112,F025,雙向層架式書桌-咖,家俱,2900.0,1.0,2018-11-30,2900.0,435.0000000000002,435.0,3074.0,秦佳芳,Female,31,宜蘭縣,其他,2018.0,11.0,30.0,4.0,30
ID05400,AC1701633,F016,後背包-藍,配件,890.0,5.0,2018-11-30,4450.0,1103.6,231.39999999999998,4717.0,曾欣年,Male,34,宜蘭縣,金融業和房地產,2018.0,11.0,30.0,4.0,30
ID05401,AC1700092,F016,後背包-藍,配件,890.0,5.0,2018-11-30,4450.0,1103.6,231.39999999999998,4717.0,吳綠儀,Male,48,基隆市,金融業和房地產,2018.0,11.0,30.0,4.0,40
ID05402,AC1701935,F025,雙向層架式書桌-咖,家俱,2900.0,1.0,2018-11-30,2900.0,435.0000000000002,435.0,3074.0,鄧晉茜,Male,30,宜蘭縣,金融業和房地產,2018.0,11.0,30.0,4.0,30
ID05403,AC1701311,F024,運動潮流直筒棉褲男童-灰,童裝,2030.0,5.0,2018-11-30,10150.0,1786.4,1258.6,10759.0,鄭協儒,Female,31,新北市,金融業和房地產,2018.0,11.0,30.0,4.0,30
ID05404,AC1702118,F016,後背包-藍,配件,890.0,5.0,2018-11-30,4450.0,1103.6,231.39999999999998,4717.0,蔡鴻學,Male,27,宜蘭縣,金融業和房地產,2018.0,11.0,30.0,4.0,20
ID05405,AC1703674,F016,後背包-藍,配件,890.0,5.0,2018-11-30,4450.0,1103.6,231.39999999999998,4717.0,房宗儒,Female,40,基隆市,金融業和房地產,2018.0,11.0,30.0,4.0,40
ID05406,AC1700443,F024,運動潮流直筒棉褲男童-灰,童裝,2030.0,5.0,2018-11-30,10150.0,1786.4,1258.6,10759.0,張佐為,Male,38,新北市,金融業和房地產,2018.0,11.0,30.0,4.0,30
ID05407,AC1701243,F028,大學T男童-藍,童裝,1750.0,1.0,2018-11-30,1750.0,308.0,217.0,1855.0,莊靖輝,Male,40,新北市,金融業和房地產,2018.0,11.0,30.0,4.0,40
ID05408,AC1701643,F024,運動潮流直筒棉褲男童-灰,童裝,2030.0,5.0,2018-11-30,10150.0,1786.4,1258.6,10759.0,郭仕倫,Male,34,宜蘭縣,金融業和房地產,2018.0,11.0,30.0,4.0,30
ID05409,AC1702800,F028,大學T男童-藍,童裝,1750.0,1.0,2018-11-30,1750.0,308.0,217.0,1855.0,劉萬妍,Male,45,桃園市,住宿和餐飲業,2018.0,11.0,30.0,4.0,40
ID05410,AC1702015,F005,運動潮流連帽外套男裝-灰,男裝,1450.0,1.0,2018-11-30,1450.0,278.4000000000001,156.6,1537.0,賴怡均,Male,35,宜蘭縣,金融業和房地產,2018.0,11.0,30.0,4.0,30
ID05411,AC1700102,F005,運動潮流連帽外套男裝-灰,男裝,1450.0,1.0,2018-11-30,1450.0,278.4000000000001,156.6,1537.0,謝大迪,Male,45,新北市,金融業和房地產,2018.0,11.0,30.0,4.0,40
ID05412,AC1701059,F005,運動潮流連帽外套男裝-灰,男裝,1450.0,1.0,2018-11-30,1450.0,278.4000000000001,156.6,1537.0,李志成,Male,25,新北市,金融業和房地產,2018.0,11.0,30.0,4.0,20
ID05413,AC1701673,F028,大學T男童-藍,童裝,1750.0,1.0,2018-11-30,1750.0,308.0,217.0,1855.0,吳子豪,Male,39,宜蘭縣,住宿和餐飲業,2018.0,11.0,30.0,4.0,30
ID05414,AC1700511,F011,經典高領多彩T恤男裝-白,男裝,1200.0,1.0,2018-11-30,1200.0,230.4,129.6,1272.0,李政來,Male,37,新北市,金融業和房地產,2018.0,11.0,30.0,4.0,30
ID05415,AC1701030,F011,經典高領多彩T恤男裝-白,男裝,1200.0,1.0,2018-11-30,1200.0,230.4,129.6,1272.0,柯凱靖,Male,27,新北市,其他,2018.0,11.0,30.0,4.0,20
ID05416,AC1701923,F011,經典高領多彩T恤男裝-白,男裝,1200.0,1.0,2018-11-30,1200.0,230.4,129.6,1272.0,胡美惠,Female,33,新北市,金融業和房地產,2018.0,11.0,30.0,4.0,30
ID05417,AC1703642,F011,經典高領多彩T恤男裝-白,男裝,1200.0,1.0,2018-11-30,1200.0,230.4,129.6,1272.0,陳合勇,Female,35,基隆市,金融業和房地產,2018.0,11.0,30.0,4.0,30
ID05418,AC1701866,F011,經典高領多彩T恤男裝-白,男裝,1200.0,1.0,2018-11-30,1200.0,230.4,129.6,1272.0,楊健良,Female,36,新北市,金融業和房地產,2018.0,11.0,30.0,4.0,30
ID05419,AC1702965,F011,經典高領多彩T恤男裝-白,男裝,1200.0,1.0,2018-11-30,1200.0,230.4,129.6,1272.0,陳文隆,Male,37,桃園市,金融業和房地產,2018.0,11.0,30.0,4.0,30
ID05420,AC1700223,F011,經典高領多彩T恤男裝-白,男裝,1200.0,1.0,2018-11-30,1200.0,230.4,129.6,1272.0,張宥薇,Female,30,臺北市,住宿和餐飲業,2018.0,11.0,30.0,4.0,30
ID05421,AC1703106,F011,經典高領多彩T恤男裝-白,男裝,1200.0,1.0,2018-11-30,1200.0,230.4,129.6,1272.0,張勳燕,Female,54,桃園市,其他,2018.0,11.0,30.0,4.0,50
ID05422,AC1702981,F005,運動潮流連帽外套男裝-灰,男裝,1450.0,1.0,2018-11-30,1450.0,278.4000000000001,156.6,1537.0,楊淑婷,Male,33,桃園市,金融業和房地產,2018.0,11.0,30.0,4.0,30
ID05423,AC1700276,F005,運動潮流連帽外套男裝-灰,男裝,1450.0,1.0,2018-11-30,1450.0,278.4000000000001,156.6,1537.0,柳瑤淑,Female,27,新北市,農林漁牧業,2018.0,11.0,30.0,4.0,20
ID05424,AC1700154,F025,雙向層架式書桌-咖,家俱,2900.0,1.0,2018-11-30,2900.0,435.0000000000002,435.0,3074.0,黃冠亦,Female,53,新北市,其他,2018.0,11.0,30.0,4.0,50
ID05425,AC1700848,F025,雙向層架式書桌-咖,家俱,2900.0,1.0,2018-11-30,2900.0,435.0000000000002,435.0,3074.0,劉玫勇,Female,39,新北市,金融業和房地產,2018.0,11.0,30.0,4.0,30
ID05426,AC1703213,F025,雙向層架式書桌-咖,家俱,2900.0,1.0,2018-11-30,2900.0,435.0000000000002,435.0,3074.0,林俊宏,Male,54,桃園市,住宿和餐飲業,2018.0,11.0,30.0,4.0,50
ID05427,AC1702920,F025,雙向層架式書桌-咖,家俱,2900.0,1.0,2018-11-30,2900.0,435.0000000000002,435.0,3074.0,黃宗謙,Female,43,桃園市,住宿和餐飲業,2018.0,11.0,30.0,4.0,40
ID05428,AC1701031,F016,後背包-藍,配件,890.0,5.0,2018-11-30,4450.0,1103.6,231.39999999999998,4717.0,黃雨歡,Male,43,新北市,金融業和房地產,2018.0,11.0,30.0,4.0,40
ID05429,AC1701302,F025,雙向層架式書桌-咖,家俱,2900.0,1.0,2018-11-30,2900.0,435.0000000000002,435.0,3074.0,李勳侑,Male,38,宜蘭縣,金融業和房地產,2018.0,11.0,30.0,4.0,30
ID05430,AC1702335,F016,後背包-藍,配件,890.0,5.0,2018-11-30,4450.0,1103.6,231.39999999999998,4717.0,蔡宜淳,Male,52,桃園市,住宿和餐飲業,2018.0,11.0,30.0,4.0,50
ID05431,AC1700307,F016,後背包-藍,配件,890.0,5.0,2018-11-30,4450.0,1103.6,231.39999999999998,4717.0,盧明憲,Male,51,新北市,住宿和餐飲業,2018.0,11.0,30.0,4.0,50
ID05432,AC1700754,F025,雙向層架式書桌-咖,家俱,2900.0,1.0,2018-11-30,2900.0,435.0000000000002,435.0,3074.0,李雅慧,Female,25,新北市,金融業和房地產,2018.0,11.0,30.0,4.0,20
ID05433,AC1703555,F024,運動潮流直筒棉褲男童-灰,童裝,2030.0,5.0,2018-11-30,10150.0,1786.4,1258.6,10759.0,羅陽洋,Male,32,基隆市,金融業和房地產,2018.0,11.0,30.0,4.0,30
ID05434,AC1700615,F016,後背包-藍,配件,890.0,5.0,2018-11-30,4450.0,1103.6,231.39999999999998,4717.0,賴雅文,Female,29,新北市,金融業和房地產,2018.0,11.0,30.0,4.0,20
ID05435,AC1703499,F016,後背包-藍,配件,890.0,5.0,2018-11-30,4450.0,1103.6,231.39999999999998,4717.0,劉湖鳳,Female,49,基隆市,金融業和房地產,2018.0,11.0,30.0,4.0,40
ID05436,AC1702843,F024,運動潮流直筒棉褲男童-灰,童裝,2030.0,5.0,2018-11-30,10150.0,1786.4,1258.6,10759.0,陳昭南,Male,52,桃園市,住宿和餐飲業,2018.0,11.0,30.0,4.0,50
ID05437,AC1703769,F028,大學T男童-藍,童裝,1750.0,1.0,2018-11-30,1750.0,308.0,217.0,1855.0,陳彥宏,Male,35,基隆市,其他,2018.0,11.0,30.0,4.0,30
ID05438,AC1701671,F024,運動潮流直筒棉褲男童-灰,童裝,2030.0,5.0,2018-11-30,10150.0,1786.4,1258.6,10759.0,謝惠雯,Female,25,宜蘭縣,金融業和房地產,2018.0,11.0,30.0,4.0,20
ID05439,AC1703333,F028,大學T男童-藍,童裝,1750.0,1.0,2018-11-30,1750.0,308.0,217.0,1855.0,盧俊虹,Female,31,基隆市,金融業和房地產,2018.0,11.0,30.0,4.0,30
ID05440,AC1702893,F005,運動潮流連帽外套男裝-灰,男裝,1450.0,1.0,2018-11-30,1450.0,278.4000000000001,156.6,1537.0,謝其蓮,Female,47,桃園市,其他,2018.0,11.0,30.0,4.0,40
ID05441,AC1700118,F005,運動潮流連帽外套男裝-灰,男裝,1450.0,1.0,2018-11-30,1450.0,278.4000000000001,156.6,1537.0,曹姿妤,Female,47,新北市,金融業和房地產,2018.0,11.0,30.0,4.0,40
ID05442,AC1700118,F005,運動潮流連帽外套男裝-灰,男裝,1450.0,1.0,2018-11-30,1450.0,278.4000000000001,156.6,1537.0,曹姿妤,Female,47,新北市,金融業和房地產,2018.0,11.0,30.0,4.0,40
ID05443,AC1700118,F028,大學T男童-藍,童裝,1750.0,1.0,2018-11-30,1750.0,308.0,217.0,1855.0,曹姿妤,Female,47,新北市,金融業和房地產,2018.0,11.0,30.0,4.0,40
ID05444,AC1700984,F011,經典高領多彩T恤男裝-白,男裝,1200.0,1.0,2018-11-30,1200.0,230.4,129.6,1272.0,袁彥瑄,Female,35,新北市,金融業和房地產,2018.0,11.0,30.0,4.0,30
ID05445,AC1702817,F011,經典高領多彩T恤男裝-白,男裝,1200.0,1.0,2018-11-30,1200.0,230.4,129.6,1272.0,黃淑青,Male,45,桃園市,住宿和餐飲業,2018.0,11.0,30.0,4.0,40
ID05446,AC1702183,F011,經典高領多彩T恤男裝-白,男裝,1200.0,1.0,2018-11-30,1200.0,230.4,129.6,1272.0,林珊志,Male,40,桃園市,住宿和餐飲業,2018.0,11.0,30.0,4.0,40
ID05447,AC1700620,F011,經典高領多彩T恤男裝-白,男裝,1200.0,1.0,2018-11-30,1200.0,230.4,129.6,1272.0,許惠定,Female,24,新北市,金融業和房地產,2018.0,11.0,30.0,4.0,20
ID05448,AC1700990,F011,經典高領多彩T恤男裝-白,男裝,1200.0,1.0,2018-11-30,1200.0,230.4,129.6,1272.0,黃伯花,Male,31,新北市,金融業和房地產,2018.0,11.0,30.0,4.0,30
ID05449,AC1703586,F011,經典高領多彩T恤男裝-白,男裝,1200.0,1.0,2018-11-30,1200.0,230.4,129.6,1272.0,陳定紹,Female,55,基隆市,金融業和房地產,2018.0,11.0,30.0,4.0,50
ID05450,AC1703633,F011,經典高領多彩T恤男裝-白,男裝,1200.0,1.0,2018-11-30,1200.0,230.4,129.6,1272.0,黃雅天,Female,32,基隆市,金融業和房地產,2018.0,11.0,30.0,4.0,30
ID05451,AC1700959,F011,經典高領多彩T恤男裝-白,男裝,1200.0,1.0,2018-11-30,1200.0,230.4,129.6,1272.0,郭美惠,Male,33,新北市,其他,2018.0,11.0,30.0,4.0,30
ID05452,AC1700020,F005,運動潮流連帽外套男裝-灰,男裝,1450.0,1.0,2018-11-30,1450.0,278.4000000000001,156.6,1537.0,陳建秋,Male,46,基隆市,其他,2018.0,11.0,30.0,4.0,40
ID05453,AC1700240,F005,運動潮流連帽外套男裝-灰,男裝,1450.0,1.0,2018-11-30,1450.0,278.4000000000001,156.6,1537.0,林瑞伸,Female,34,臺北市,金融業和房地產,2018.0,11.0,30.0,4.0,30
ID05454,AC1700563,F025,雙向層架式書桌-咖,家俱,2900.0,1.0,2018-11-30,2900.0,435.0000000000002,435.0,3074.0,陳皇劭,Male,27,新北市,其他,2018.0,11.0,30.0,4.0,20
ID05455,AC1700427,F025,雙向層架式書桌-咖,家俱,2900.0,1.0,2018-11-30,2900.0,435.0000000000002,435.0,3074.0,陳曜宇,Female,31,新北市,住宿和餐飲業,2018.0,11.0,30.0,4.0,30
ID05456,AC1701205,F025,雙向層架式書桌-咖,家俱,2900.0,1.0,2018-11-30,2900.0,435.0000000000002,435.0,3074.0,蔡佳穎,Male,33,新北市,金融業和房地產,2018.0,11.0,30.0,4.0,30
ID05457,AC1703689,F025,雙向層架式書桌-咖,家俱,2900.0,1.0,2018-11-30,2900.0,435.0000000000002,435.0,3074.0,洪淑勇,Female,38,基隆市,金融業和房地產,2018.0,11.0,30.0,4.0,30
ID05458,AC1700598,F016,後背包-藍,配件,890.0,5.0,2018-11-30,4450.0,1103.6,231.39999999999998,4717.0,袁南宜,Female,42,新北市,住宿和餐飲業,2018.0,11.0,30.0,4.0,40
ID05459,AC1703453,F025,雙向層架式書桌-咖,家俱,2900.0,1.0,2018-11-30,2900.0,435.0000000000002,435.0,3074.0,陳淑君,Female,42,基隆市,金融業和房地產,2018.0,11.0,30.0,4.0,40
ID05460,AC1700126,F016,後背包-藍,配件,890.0,5.0,2018-11-30,4450.0,1103.6,231.39999999999998,4717.0,張詩婷,Female,40,新北市,其他,2018.0,11.0,30.0,4.0,40
ID05461,AC1701657,F016,後背包-藍,配件,890.0,5.0,2018-11-30,4450.0,1103.6,231.39999999999998,4717.0,洪嘉柏,Male,32,宜蘭縣,金融業和房地產,2018.0,11.0,30.0,4.0,30
ID05462,AC1702420,F025,雙向層架式書桌-咖,家俱,2900.0,1.0,2018-11-30,2900.0,435.0000000000002,435.0,3074.0,唐柏勳,Male,62,桃園市,住宿和餐飲業,2018.0,11.0,30.0,4.0,60
ID05463,AC1700671,F024,運動潮流直筒棉褲男童-灰,童裝,2030.0,5.0,2018-11-30,10150.0,1786.4,1258.6,10759.0,方則筠,Male,25,新北市,金融業和房地產,2018.0,11.0,30.0,4.0,20
ID05464,AC1701121,F016,後背包-藍,配件,890.0,5.0,2018-11-30,4450.0,1103.6,231.39999999999998,4717.0,陳宜真,Female,26,新北市,金融業和房地產,2018.0,11.0,30.0,4.0,20
ID05465,AC1701988,F016,後背包-藍,配件,890.0,5.0,2018-11-30,4450.0,1103.6,231.39999999999998,4717.0,林慧珊,Female,40,新北市,金融業和房地產,2018.0,11.0,30.0,4.0,40
ID05466,AC1702774,F024,運動潮流直筒棉褲男童-灰,童裝,2030.0,5.0,2018-11-30,10150.0,1786.4,1258.6,10759.0,林志泉,Male,56,桃園市,住宿和餐飲業,2018.0,11.0,30.0,4.0,50
ID05467,AC1700881,F024,運動潮流直筒棉褲男童-灰,童裝,2030.0,5.0,2018-11-30,10150.0,1786.4,1258.6,10759.0,陳淑玲,Male,29,新北市,金融業和房地產,2018.0,11.0,30.0,4.0,20
ID05468,AC1700283,F003,印圖大學T男裝-藍,男裝,750.0,1.0,2018-12-05,750.0,144.0,81.0,795.0,王子翔,Male,52,新北市,金融業和房地產,2018.0,12.0,5.0,4.0,50
ID05469,AC1702435,F013,潮感印條連帽外套-男裝,男裝,1740.0,1.0,2018-12-05,1740.0,334.08000000000004,187.92,1844.4,陳虹貴,Female,37,桃園市,其他,2018.0,12.0,5.0,4.0,30
ID05470,AC1703658,F005,運動潮流連帽外套男裝-灰,男裝,1450.0,1.0,2018-11-30,1450.0,278.4000000000001,156.6,1537.0,陳怡彬,Male,40,基隆市,金融業和房地產,2018.0,11.0,30.0,4.0,40
ID05471,AC1701849,F005,運動潮流連帽外套男裝-灰,男裝,1450.0,1.0,2018-11-30,1450.0,278.4000000000001,156.6,1537.0,陳彥淳,Male,38,宜蘭縣,住宿和餐飲業,2018.0,11.0,30.0,4.0,30
ID05472,AC1701517,F005,運動潮流連帽外套男裝-灰,男裝,1450.0,1.0,2018-11-30,1450.0,278.4000000000001,156.6,1537.0,吳雅嵐,Male,35,宜蘭縣,金融業和房地產,2018.0,11.0,30.0,4.0,30
ID05473,AC1701491,F003,印圖大學T男裝-藍,男裝,750.0,1.0,2018-12-05,750.0,144.0,81.0,795.0,蕭逸峰,Male,41,宜蘭縣,住宿和餐飲業,2018.0,12.0,5.0,4.0,40
ID05474,AC1702751,F016,後背包-藍,配件,890.0,1.0,2018-12-05,890.0,220.72,46.28,943.4000000000001,黃思嬌,Male,54,桃園市,金融業和房地產,2018.0,12.0,5.0,4.0,50
ID05475,AC1702218,F036,經典美式純POLO-藍,女裝,980.0,1.0,2018-12-05,980.0,161.7,132.3,1038.8,陳維妃,Female,54,桃園市,住宿和餐飲業,2018.0,12.0,5.0,4.0,50
ID05476,AC1701695,F014,大化妝包-黑,配件,1740.0,1.0,2018-12-05,1740.0,431.52,90.47999999999999,1844.4,韓姿君,Female,50,新北市,金融業和房地產,2018.0,12.0,5.0,4.0,50
ID05477,AC1703462,F005,運動潮流連帽外套男裝-灰,男裝,1450.0,1.0,2018-11-30,1450.0,278.4000000000001,156.6,1537.0,強邦依,Female,29,基隆市,金融業和房地產,2018.0,11.0,30.0,4.0,20
ID05478,AC1703916,F020,萬用包-黑,皮件,2900.0,1.0,2018-12-05,2900.0,661.2000000000003,208.79999999999998,3074.0,陳樂書,Female,41,臺北市,住宿和餐飲業,2018.0,12.0,5.0,4.0,40
ID05479,AC1701513,F020,萬用包-黑,皮件,2900.0,1.0,2018-12-05,2900.0,661.2000000000003,208.79999999999998,3074.0,曾乃揚,Male,39,宜蘭縣,金融業和房地產,2018.0,12.0,5.0,4.0,30
ID05480,AC1703538,F014,大化妝包-黑,配件,1740.0,2.0,2018-12-05,3480.0,863.04,180.95999999999998,3688.8,葉孟穎,Male,35,基隆市,金融業和房地產,2018.0,12.0,5.0,4.0,30
ID05481,AC1700384,F014,大化妝包-黑,配件,1740.0,2.0,2018-12-05,3480.0,863.04,180.95999999999998,3688.8,許淑婷,Female,44,新北市,金融業和房地產,2018.0,12.0,5.0,4.0,40
ID05482,AC1702690,F012,托特包-白,配件,1740.0,2.0,2018-12-05,3480.0,863.04,180.95999999999998,3688.8,黃世昆,Female,49,桃園市,金融業和房地產,2018.0,12.0,5.0,4.0,40
ID05483,AC1703049,F036,經典美式純POLO-藍,女裝,980.0,2.0,2018-12-05,1960.0,323.4,264.6,2077.6,陳宗翰,Male,51,桃園市,住宿和餐飲業,2018.0,12.0,5.0,4.0,50
ID05484,AC1701065,F016,後背包-藍,配件,890.0,2.0,2018-12-05,1780.0,441.44,92.56,1886.8000000000002,林孟璇,Male,34,新北市,金融業和房地產,2018.0,12.0,5.0,4.0,30
ID05485,AC1700743,F005,運動潮流連帽外套男裝-灰,男裝,1450.0,1.0,2018-11-30,1450.0,278.4000000000001,156.6,1537.0,白舒康,Female,34,新北市,金融業和房地產,2018.0,11.0,30.0,4.0,30
ID05486,AC1702666,F014,大化妝包-黑,配件,1740.0,2.0,2018-12-05,3480.0,863.04,180.95999999999998,3688.8,李庭緯,Male,58,桃園市,其他,2018.0,12.0,5.0,4.0,50
ID05487,AC1703816,F014,大化妝包-黑,配件,1740.0,2.0,2018-12-05,3480.0,863.04,180.95999999999998,3688.8,劉鈺淳,Female,44,臺北市,金融業和房地產,2018.0,12.0,5.0,4.0,40
ID05488,AC1700706,F013,潮感印條連帽外套-男裝,男裝,1740.0,3.0,2018-12-05,5220.0,1002.2400000000005,563.76,5533.200000000001,明敏玲,Male,52,新北市,金融業和房地產,2018.0,12.0,5.0,4.0,50
ID05489,AC1700118,F007,運動潮流連帽外套男裝-灰,男裝,1450.0,3.0,2018-12-05,4350.0,835.2,469.8,4611.0,曹姿妤,Female,47,新北市,金融業和房地產,2018.0,12.0,5.0,4.0,40
ID05490,AC1703895,F007,運動潮流連帽外套男裝-灰,男裝,1450.0,3.0,2018-12-05,4350.0,835.2,469.8,4611.0,許宥任,Male,27,臺北市,金融業和房地產,2018.0,12.0,5.0,4.0,20
ID05491,AC1703687,F022,短夾-紅,皮件,2900.0,3.0,2018-12-05,8700.0,1983.6,626.4,9222.0,王家瑜,Female,40,基隆市,金融業和房地產,2018.0,12.0,5.0,4.0,40
ID05492,AC1700118,F022,短夾-紅,皮件,2900.0,3.0,2018-12-05,8700.0,1983.6,626.4,9222.0,曹姿妤,Female,47,新北市,金融業和房地產,2018.0,12.0,5.0,4.0,40
ID05493,AC1700118,F022,短夾-紅,皮件,2900.0,3.0,2018-12-05,8700.0,1983.6,626.4,9222.0,曹姿妤,Female,47,新北市,金融業和房地產,2018.0,12.0,5.0,4.0,40
ID05494,AC1700281,F008,法蘭絨格紋襯衫-黑,女裝,1800.0,3.0,2018-12-05,5400.0,891.0000000000005,729.0,5724.0,賴惠婷,Female,56,新北市,住宿和餐飲業,2018.0,12.0,5.0,4.0,50
ID05495,AC1703435,F025,雙向層架式書桌-咖,家俱,2900.0,1.0,2018-11-30,2900.0,435.0000000000002,435.0,3074.0,徐俞陽,Female,37,基隆市,金融業和房地產,2018.0,11.0,30.0,4.0,30
ID05496,AC1700655,F025,雙向層架式書桌-咖,家俱,2900.0,1.0,2018-11-30,2900.0,435.0000000000002,435.0,3074.0,侯家榮,Male,35,新北市,其他,2018.0,11.0,30.0,4.0,30
ID05497,AC1701284,F003,印圖大學T男裝-藍,男裝,750.0,1.0,2018-12-05,750.0,144.0,81.0,795.0,程家豪,Male,35,新北市,其他,2018.0,12.0,5.0,4.0,30
ID05498,AC1703855,F013,潮感印條連帽外套-男裝,男裝,1740.0,1.0,2018-12-05,1740.0,334.08000000000004,187.92,1844.4,王光瑩,Female,41,臺北市,金融業和房地產,2018.0,12.0,5.0,4.0,40
ID05499,AC1701631,F025,雙向層架式書桌-咖,家俱,2900.0,1.0,2018-11-30,2900.0,435.0000000000002,435.0,3074.0,吳彥志,Male,34,宜蘭縣,金融業和房地產,2018.0,11.0,30.0,4.0,30
ID05500,AC1700891,F025,雙向層架式書桌-咖,家俱,2900.0,1.0,2018-11-30,2900.0,435.0000000000002,435.0,3074.0,陳淑芬,Male,47,新北市,金融業和房地產,2018.0,11.0,30.0,4.0,40
ID05501,AC1700239,F025,雙向層架式書桌-咖,家俱,2900.0,1.0,2018-11-30,2900.0,435.0000000000002,435.0,3074.0,黃怡君,Female,40,臺北市,其他,2018.0,11.0,30.0,4.0,40
ID05502,AC1701479,F003,印圖大學T男裝-藍,男裝,750.0,1.0,2018-12-05,750.0,144.0,81.0,795.0,歐陽家偉,Male,46,宜蘭縣,金融業和房地產,2018.0,12.0,5.0,4.0,40
ID05503,AC1702306,F016,後背包-藍,配件,890.0,1.0,2018-12-05,890.0,220.72,46.28,943.4000000000001,葉夙亨,Male,53,桃園市,住宿和餐飲業,2018.0,12.0,5.0,4.0,50
ID05504,AC1700314,F036,經典美式純POLO-藍,女裝,980.0,1.0,2018-12-05,980.0,161.7,132.3,1038.8,黃世偉,Male,42,新北市,金融業和房地產,2018.0,12.0,5.0,4.0,40
ID05505,AC1701365,F014,大化妝包-黑,配件,1740.0,1.0,2018-12-05,1740.0,431.52,90.47999999999999,1844.4,何嘉玲,Female,39,新北市,金融業和房地產,2018.0,12.0,5.0,4.0,30
ID05506,AC1700774,F025,雙向層架式書桌-咖,家俱,2900.0,1.0,2018-11-30,2900.0,435.0000000000002,435.0,3074.0,陳敬甫,Female,36,新北市,金融業和房地產,2018.0,11.0,30.0,4.0,30
ID05507,AC1701572,F020,萬用包-黑,皮件,2900.0,1.0,2018-12-05,2900.0,661.2000000000003,208.79999999999998,3074.0,蔡明勇,Female,48,新北市,金融業和房地產,2018.0,12.0,5.0,4.0,40
ID05508,AC1702578,F020,萬用包-黑,皮件,2900.0,1.0,2018-12-05,2900.0,661.2000000000003,208.79999999999998,3074.0,黃佳怡,Female,64,桃園市,住宿和餐飲業,2018.0,12.0,5.0,4.0,60
ID05509,AC1701329,F014,大化妝包-黑,配件,1740.0,2.0,2018-12-05,3480.0,863.04,180.95999999999998,3688.8,昝雅婷,Female,40,新北市,金融業和房地產,2018.0,12.0,5.0,4.0,40
ID05510,AC1703914,F014,大化妝包-黑,配件,1740.0,2.0,2018-12-05,3480.0,863.04,180.95999999999998,3688.8,林麗芬,Female,39,臺北市,其他,2018.0,12.0,5.0,4.0,30
ID05511,AC1701626,F012,托特包-白,配件,1740.0,2.0,2018-12-05,3480.0,863.04,180.95999999999998,3688.8,崔惠佩,Female,35,宜蘭縣,住宿和餐飲業,2018.0,12.0,5.0,4.0,30
ID05512,AC1701222,F036,經典美式純POLO-藍,女裝,980.0,2.0,2018-12-05,1960.0,323.4,264.6,2077.6,陳靜怡,Male,34,新北市,住宿和餐飲業,2018.0,12.0,5.0,4.0,30
ID05513,AC1701784,F016,後背包-藍,配件,890.0,2.0,2018-12-05,1780.0,441.44,92.56,1886.8000000000002,吳亦陽,Male,24,宜蘭縣,農林漁牧業,2018.0,12.0,5.0,4.0,20
ID05514,AC1700469,F024,運動潮流直筒棉褲男童-灰,童裝,2030.0,5.0,2018-11-30,10150.0,1786.4,1258.6,10759.0,郭家慧,Male,33,新北市,金融業和房地產,2018.0,11.0,30.0,4.0,30
ID05515,AC1701347,F014,大化妝包-黑,配件,1740.0,2.0,2018-12-05,3480.0,863.04,180.95999999999998,3688.8,饒毓士,Male,28,宜蘭縣,金融業和房地產,2018.0,12.0,5.0,4.0,20
ID05516,AC1703409,F014,大化妝包-黑,配件,1740.0,2.0,2018-12-05,3480.0,863.04,180.95999999999998,3688.8,李孟政,Male,33,基隆市,其他,2018.0,12.0,5.0,4.0,30
ID05517,AC1703865,F013,潮感印條連帽外套-男裝,男裝,1740.0,3.0,2018-12-05,5220.0,1002.2400000000005,563.76,5533.200000000001,林詩淳,Female,41,臺北市,金融業和房地產,2018.0,12.0,5.0,4.0,40
ID05518,AC1701373,F007,運動潮流連帽外套男裝-灰,男裝,1450.0,3.0,2018-12-05,4350.0,835.2,469.8,4611.0,邱柏毅,Male,30,宜蘭縣,金融業和房地產,2018.0,12.0,5.0,4.0,30
ID05519,AC1701010,F007,運動潮流連帽外套男裝-灰,男裝,1450.0,3.0,2018-12-05,4350.0,835.2,469.8,4611.0,劉偉倫,Male,34,新北市,住宿和餐飲業,2018.0,12.0,5.0,4.0,30
ID05520,AC1700115,F022,短夾-紅,皮件,2900.0,3.0,2018-12-05,8700.0,1983.6,626.4,9222.0,陳靜人,Female,50,新北市,金融業和房地產,2018.0,12.0,5.0,4.0,50
ID05521,AC1700770,F022,短夾-紅,皮件,2900.0,3.0,2018-12-05,8700.0,1983.6,626.4,9222.0,黃郁修,Female,26,新北市,金融業和房地產,2018.0,12.0,5.0,4.0,20
ID05522,AC1703139,F022,短夾-紅,皮件,2900.0,3.0,2018-12-05,8700.0,1983.6,626.4,9222.0,姜恩義,Female,41,桃園市,其他,2018.0,12.0,5.0,4.0,40
ID05523,AC1700416,F008,法蘭絨格紋襯衫-黑,女裝,1800.0,3.0,2018-12-05,5400.0,891.0000000000005,729.0,5724.0,黃智堯,Male,34,新北市,金融業和房地產,2018.0,12.0,5.0,4.0,30
ID05524,AC1703237,F024,運動潮流直筒棉褲男童-灰,童裝,2030.0,5.0,2018-11-30,10150.0,1786.4,1258.6,10759.0,林建宏,Male,42,桃園市,住宿和餐飲業,2018.0,11.0,30.0,4.0,40
ID05525,AC1702598,F024,運動潮流直筒棉褲男童-灰,童裝,2030.0,5.0,2018-11-30,10150.0,1786.4,1258.6,10759.0,葉紫義,Male,31,桃園市,金融業和房地產,2018.0,11.0,30.0,4.0,30
ID05526,AC1703143,F003,印圖大學T男裝-藍,男裝,750.0,1.0,2018-12-05,750.0,144.0,81.0,795.0,王淑盛,Male,51,桃園市,教育體育文化,2018.0,12.0,5.0,4.0,50
ID05527,AC1702816,F013,潮感印條連帽外套-男裝,男裝,1740.0,1.0,2018-12-05,1740.0,334.08000000000004,187.92,1844.4,黃欣怡,Male,64,桃園市,住宿和餐飲業,2018.0,12.0,5.0,4.0,60
ID05528,AC1703498,F017,大學T男裝-灰,男裝,1200.0,1.0,2018-12-05,1200.0,230.4,129.6,1272.0,李明易,Female,37,基隆市,金融業和房地產,2018.0,12.0,5.0,4.0,30
ID05529,AC1701187,F002,運動潮流直筒棉褲男童-白,童裝,930.0,1.0,2018-12-05,930.0,163.68,115.32,985.8000000000001,陳淑堅,Male,37,新北市,金融業和房地產,2018.0,12.0,5.0,4.0,30
ID05530,AC1701106,F017,大學T男裝-灰,男裝,1200.0,1.0,2018-12-05,1200.0,230.4,129.6,1272.0,奚苡傑,Male,33,新北市,金融業和房地產,2018.0,12.0,5.0,4.0,30
ID05531,AC1701430,F003,印圖大學T男裝-藍,男裝,750.0,1.0,2018-12-05,750.0,144.0,81.0,795.0,李之威,Male,29,宜蘭縣,金融業和房地產,2018.0,12.0,5.0,4.0,20
ID05532,AC1700009,F016,後背包-藍,配件,890.0,1.0,2018-12-05,890.0,220.72,46.28,943.4000000000001,陳明輝,Male,57,基隆市,金融業和房地產,2018.0,12.0,5.0,4.0,50
ID05533,AC1700118,F036,經典美式純POLO-藍,女裝,980.0,1.0,2018-12-05,980.0,161.7,132.3,1038.8,曹姿妤,Female,47,新北市,金融業和房地產,2018.0,12.0,5.0,4.0,40
ID05534,AC1701638,F014,大化妝包-黑,配件,1740.0,1.0,2018-12-05,1740.0,431.52,90.47999999999999,1844.4,黃宛臻,Female,38,新北市,金融業和房地產,2018.0,12.0,5.0,4.0,30
ID05535,AC1702958,F002,運動潮流直筒棉褲男童-白,童裝,930.0,1.0,2018-12-05,930.0,163.68,115.32,985.8000000000001,林翠香,Male,47,桃園市,住宿和餐飲業,2018.0,12.0,5.0,4.0,40
ID05536,AC1702102,F020,萬用包-黑,皮件,2900.0,1.0,2018-12-05,2900.0,661.2000000000003,208.79999999999998,3074.0,蔡宣謙,Male,33,宜蘭縣,金融業和房地產,2018.0,12.0,5.0,4.0,30
ID05537,AC1702153,F020,萬用包-黑,皮件,2900.0,1.0,2018-12-05,2900.0,661.2000000000003,208.79999999999998,3074.0,陳雅倫,Female,35,新北市,教育體育文化,2018.0,12.0,5.0,4.0,30
ID05538,AC1701002,F014,大化妝包-黑,配件,1740.0,2.0,2018-12-05,3480.0,863.04,180.95999999999998,3688.8,林逸如,Female,31,新北市,金融業和房地產,2018.0,12.0,5.0,4.0,30
ID05539,AC1701394,F014,大化妝包-黑,配件,1740.0,2.0,2018-12-05,3480.0,863.04,180.95999999999998,3688.8,楊雅雯,Female,23,新北市,其他,2018.0,12.0,5.0,4.0,20
ID05540,AC1703850,F012,托特包-白,配件,1740.0,2.0,2018-12-05,3480.0,863.04,180.95999999999998,3688.8,姜秉齊,Female,22,臺北市,其他,2018.0,12.0,5.0,4.0,20
ID05541,AC1700409,F036,經典美式純POLO-藍,女裝,980.0,2.0,2018-12-05,1960.0,323.4,264.6,2077.6,余宜祥,Male,45,新北市,住宿和餐飲業,2018.0,12.0,5.0,4.0,40
ID05542,AC1701994,F016,後背包-藍,配件,890.0,2.0,2018-12-05,1780.0,441.44,92.56,1886.8000000000002,陳曉佩,Male,33,宜蘭縣,金融業和房地產,2018.0,12.0,5.0,4.0,30
ID05543,AC1700118,F017,大學T男裝-灰,男裝,1200.0,1.0,2018-12-05,1200.0,230.4,129.6,1272.0,曹姿妤,Female,47,新北市,金融業和房地產,2018.0,12.0,5.0,4.0,40
ID05544,AC1701336,F014,大化妝包-黑,配件,1740.0,2.0,2018-12-05,3480.0,863.04,180.95999999999998,3688.8,謝永沛,Female,34,新北市,金融業和房地產,2018.0,12.0,5.0,4.0,30
ID05545,AC1703236,F014,大化妝包-黑,配件,1740.0,2.0,2018-12-05,3480.0,863.04,180.95999999999998,3688.8,艾家瑋,Male,56,桃園市,住宿和餐飲業,2018.0,12.0,5.0,4.0,50
ID05546,AC1702496,F013,潮感印條連帽外套-男裝,男裝,1740.0,3.0,2018-12-05,5220.0,1002.2400000000005,563.76,5533.200000000001,謝柏毅,Male,41,桃園市,住宿和餐飲業,2018.0,12.0,5.0,4.0,40
ID05547,AC1700479,F007,運動潮流連帽外套男裝-灰,男裝,1450.0,3.0,2018-12-05,4350.0,835.2,469.8,4611.0,李國季,Female,31,新北市,其他,2018.0,12.0,5.0,4.0,30
ID05548,AC1702251,F007,運動潮流連帽外套男裝-灰,男裝,1450.0,3.0,2018-12-05,4350.0,835.2,469.8,4611.0,楊惠真,Male,53,桃園市,住宿和餐飲業,2018.0,12.0,5.0,4.0,50
ID05549,AC1700429,F022,短夾-紅,皮件,2900.0,3.0,2018-12-05,8700.0,1983.6,626.4,9222.0,林建瑋,Male,23,新北市,金融業和房地產,2018.0,12.0,5.0,4.0,20
ID05550,AC1702483,F022,短夾-紅,皮件,2900.0,3.0,2018-12-05,8700.0,1983.6,626.4,9222.0,柯旻易,Male,50,桃園市,住宿和餐飲業,2018.0,12.0,5.0,4.0,50
ID05551,AC1703301,F022,短夾-紅,皮件,2900.0,3.0,2018-12-05,8700.0,1983.6,626.4,9222.0,黃美紹,Male,30,基隆市,金融業和房地產,2018.0,12.0,5.0,4.0,30
ID05552,AC1702261,F008,法蘭絨格紋襯衫-黑,女裝,1800.0,3.0,2018-12-05,5400.0,891.0000000000005,729.0,5724.0,陳志義,Male,52,桃園市,金融業和房地產,2018.0,12.0,5.0,4.0,50
ID05553,AC1700709,F010,中夾-紅,皮件,2610.0,1.0,2018-12-05,2610.0,595.0800000000003,187.92,2766.6000000000004,白美惠,Male,31,新北市,金融業和房地產,2018.0,12.0,5.0,4.0,30
ID05554,AC1703936,F015,法蘭絨格紋襯衫-紅,女裝,1740.0,2.0,2018-12-05,3480.0,574.2,469.8,3688.8,李怡君,Male,63,臺北市,金融業和房地產,2018.0,12.0,5.0,4.0,60
ID05555,AC1702059,F003,印圖大學T男裝-藍,男裝,750.0,1.0,2018-12-05,750.0,144.0,81.0,795.0,陳威強,Male,36,宜蘭縣,金融業和房地產,2018.0,12.0,5.0,4.0,30
ID05556,AC1702078,F013,潮感印條連帽外套-男裝,男裝,1740.0,1.0,2018-12-05,1740.0,334.08000000000004,187.92,1844.4,宋韋伶,Female,25,新北市,金融業和房地產,2018.0,12.0,5.0,4.0,20
ID05557,AC1701669,F017,大學T男裝-灰,男裝,1200.0,1.0,2018-12-05,1200.0,230.4,129.6,1272.0,馮凌,Female,35,新北市,住宿和餐飲業,2018.0,12.0,5.0,4.0,30
ID05558,AC1702986,F002,運動潮流直筒棉褲男童-白,童裝,930.0,1.0,2018-12-05,930.0,163.68,115.32,985.8000000000001,魏吉汝,Male,61,桃園市,住宿和餐飲業,2018.0,12.0,5.0,4.0,60
ID05559,AC1700048,F017,大學T男裝-灰,男裝,1200.0,1.0,2018-12-05,1200.0,230.4,129.6,1272.0,闕慧婷,Female,54,基隆市,金融業和房地產,2018.0,12.0,5.0,4.0,50
ID05560,AC1700083,F003,印圖大學T男裝-藍,男裝,750.0,1.0,2018-12-05,750.0,144.0,81.0,795.0,陳筱涵,Female,55,基隆市,農林漁牧業,2018.0,12.0,5.0,4.0,50
ID05561,AC1703700,F016,後背包-藍,配件,890.0,1.0,2018-12-05,890.0,220.72,46.28,943.4000000000001,鍾明仲,Male,39,基隆市,住宿和餐飲業,2018.0,12.0,5.0,4.0,30
ID05562,AC1702342,F036,經典美式純POLO-藍,女裝,980.0,1.0,2018-12-05,980.0,161.7,132.3,1038.8,王靜宜,Male,37,桃園市,其他,2018.0,12.0,5.0,4.0,30
ID05563,AC1700732,F014,大化妝包-黑,配件,1740.0,1.0,2018-12-05,1740.0,431.52,90.47999999999999,1844.4,賴恭隆,Male,32,新北市,金融業和房地產,2018.0,12.0,5.0,4.0,30
ID05564,AC1700330,F002,運動潮流直筒棉褲男童-白,童裝,930.0,1.0,2018-12-05,930.0,163.68,115.32,985.8000000000001,馮雅慧,Female,48,新北市,住宿和餐飲業,2018.0,12.0,5.0,4.0,40
ID05565,AC1700071,F020,萬用包-黑,皮件,2900.0,1.0,2018-12-05,2900.0,661.2000000000003,208.79999999999998,3074.0,郭志偉,Male,42,基隆市,金融業和房地產,2018.0,12.0,5.0,4.0,40
ID05566,AC1703969,F020,萬用包-黑,皮件,2900.0,1.0,2018-12-05,2900.0,661.2000000000003,208.79999999999998,3074.0,鄧怡文,Female,36,臺北市,其他,2018.0,12.0,5.0,4.0,30
ID05567,AC1701567,F014,大化妝包-黑,配件,1740.0,2.0,2018-12-05,3480.0,863.04,180.95999999999998,3688.8,姚登財,Male,46,宜蘭縣,金融業和房地產,2018.0,12.0,5.0,4.0,40
ID05568,AC1702749,F014,大化妝包-黑,配件,1740.0,2.0,2018-12-05,3480.0,863.04,180.95999999999998,3688.8,宋思為,Female,62,桃園市,其他,2018.0,12.0,5.0,4.0,60
ID05569,AC1701180,F012,托特包-白,配件,1740.0,2.0,2018-12-05,3480.0,863.04,180.95999999999998,3688.8,謝宜珍,Male,37,新北市,其他,2018.0,12.0,5.0,4.0,30
ID05570,AC1702933,F036,經典美式純POLO-藍,女裝,980.0,2.0,2018-12-05,1960.0,323.4,264.6,2077.6,吳佩樺,Female,45,桃園市,其他,2018.0,12.0,5.0,4.0,40
ID05571,AC1700219,F022,短夾-紅,皮件,2900.0,2.0,2018-12-05,5800.0,1322.4000000000005,417.59999999999997,6148.0,錢得軍,Male,33,臺北市,住宿和餐飲業,2018.0,12.0,5.0,4.0,30
ID05572,AC1703247,F017,大學T男裝-灰,男裝,1200.0,1.0,2018-12-05,1200.0,230.4,129.6,1272.0,陳惠芝,Female,37,桃園市,教育體育文化,2018.0,12.0,5.0,4.0,30
ID05573,AC1702449,F014,大化妝包-黑,配件,1740.0,2.0,2018-12-05,3480.0,863.04,180.95999999999998,3688.8,黃家泰,Male,49,桃園市,住宿和餐飲業,2018.0,12.0,5.0,4.0,40
ID05574,AC1700118,F014,大化妝包-黑,配件,1740.0,2.0,2018-12-05,3480.0,863.04,180.95999999999998,3688.8,曹姿妤,Female,47,新北市,金融業和房地產,2018.0,12.0,5.0,4.0,40
ID05575,AC1700356,F013,潮感印條連帽外套-男裝,男裝,1740.0,3.0,2018-12-05,5220.0,1002.2400000000005,563.76,5533.200000000001,侯有幸,Female,47,新北市,金融業和房地產,2018.0,12.0,5.0,4.0,40
ID05576,AC1700277,F007,運動潮流連帽外套男裝-灰,男裝,1450.0,3.0,2018-12-05,4350.0,835.2,469.8,4611.0,劉士天,Male,35,新北市,金融業和房地產,2018.0,12.0,5.0,4.0,30
ID05577,AC1700555,F007,運動潮流連帽外套男裝-灰,男裝,1450.0,3.0,2018-12-05,4350.0,835.2,469.8,4611.0,楊雯桓,Female,43,新北市,金融業和房地產,2018.0,12.0,5.0,4.0,40
ID05578,AC1702658,F022,短夾-紅,皮件,2900.0,3.0,2018-12-05,8700.0,1983.6,626.4,9222.0,戴宥昌,Female,47,桃園市,金融業和房地產,2018.0,12.0,5.0,4.0,40
ID05579,AC1701209,F022,短夾-紅,皮件,2900.0,3.0,2018-12-05,8700.0,1983.6,626.4,9222.0,林韋珊,Male,28,新北市,金融業和房地產,2018.0,12.0,5.0,4.0,20
ID05580,AC1703055,F022,短夾-紅,皮件,2900.0,3.0,2018-12-05,8700.0,1983.6,626.4,9222.0,王剛源,Male,51,桃園市,住宿和餐飲業,2018.0,12.0,5.0,4.0,50
ID05581,AC1702598,F008,法蘭絨格紋襯衫-黑,女裝,1800.0,3.0,2018-12-05,5400.0,891.0000000000005,729.0,5724.0,葉紫義,Male,31,桃園市,金融業和房地產,2018.0,12.0,5.0,4.0,30
ID05582,AC1701211,F010,中夾-紅,皮件,2610.0,1.0,2018-12-05,2610.0,595.0800000000003,187.92,2766.6000000000004,溫真音,Male,29,新北市,金融業和房地產,2018.0,12.0,5.0,4.0,20
ID05583,AC1702837,F015,法蘭絨格紋襯衫-紅,女裝,1740.0,2.0,2018-12-05,3480.0,574.2,469.8,3688.8,張百中,Female,56,桃園市,其他,2018.0,12.0,5.0,4.0,50
ID05584,AC1703930,F003,印圖大學T男裝-藍,男裝,750.0,1.0,2018-12-05,750.0,144.0,81.0,795.0,林怡君,Female,43,臺北市,其他,2018.0,12.0,5.0,4.0,40
ID05585,AC1702447,F013,潮感印條連帽外套-男裝,男裝,1740.0,1.0,2018-12-05,1740.0,334.08000000000004,187.92,1844.4,郭俊偉,Male,41,桃園市,住宿和餐飲業,2018.0,12.0,5.0,4.0,40
ID05586,AC1701428,F017,大學T男裝-灰,男裝,1200.0,1.0,2018-12-05,1200.0,230.4,129.6,1272.0,黃靜如,Female,32,新北市,住宿和餐飲業,2018.0,12.0,5.0,4.0,30
ID05587,AC1702439,F002,運動潮流直筒棉褲男童-白,童裝,930.0,1.0,2018-12-05,930.0,163.68,115.32,985.8000000000001,謝文姍,Female,42,桃園市,住宿和餐飲業,2018.0,12.0,5.0,4.0,40
ID05588,AC1702848,F017,大學T男裝-灰,男裝,1200.0,1.0,2018-12-05,1200.0,230.4,129.6,1272.0,李依妏,Male,58,桃園市,住宿和餐飲業,2018.0,12.0,5.0,4.0,50
ID05589,AC1702065,F003,印圖大學T男裝-藍,男裝,750.0,1.0,2018-12-05,750.0,144.0,81.0,795.0,吳佳如,Female,22,新北市,金融業和房地產,2018.0,12.0,5.0,4.0,20
ID05590,AC1701850,F016,後背包-藍,配件,890.0,1.0,2018-12-05,890.0,220.72,46.28,943.4000000000001,張薇旭,Female,24,新北市,金融業和房地產,2018.0,12.0,5.0,4.0,20
ID05591,AC1701246,F036,經典美式純POLO-藍,女裝,980.0,1.0,2018-12-05,980.0,161.7,132.3,1038.8,李明宏,Male,42,新北市,金融業和房地產,2018.0,12.0,5.0,4.0,40
ID05592,AC1702823,F014,大化妝包-黑,配件,1740.0,1.0,2018-12-05,1740.0,431.52,90.47999999999999,1844.4,李昭夢,Male,45,桃園市,其他,2018.0,12.0,5.0,4.0,40
ID05593,AC1701529,F002,運動潮流直筒棉褲男童-白,童裝,930.0,1.0,2018-12-05,930.0,163.68,115.32,985.8000000000001,陳樂雲,Male,38,宜蘭縣,其他,2018.0,12.0,5.0,4.0,30
ID05594,AC1702098,F020,萬用包-黑,皮件,2900.0,1.0,2018-12-05,2900.0,661.2000000000003,208.79999999999998,3074.0,蔡明凱,Male,37,宜蘭縣,金融業和房地產,2018.0,12.0,5.0,4.0,30
ID05595,AC1703415,F020,萬用包-黑,皮件,2900.0,1.0,2018-12-05,2900.0,661.2000000000003,208.79999999999998,3074.0,方婷安,Female,26,基隆市,金融業和房地產,2018.0,12.0,5.0,4.0,20
ID05596,AC1701098,F014,大化妝包-黑,配件,1740.0,2.0,2018-12-05,3480.0,863.04,180.95999999999998,3688.8,張欣怡,Female,29,新北市,金融業和房地產,2018.0,12.0,5.0,4.0,20
ID05597,AC1703839,F014,大化妝包-黑,配件,1740.0,2.0,2018-12-05,3480.0,863.04,180.95999999999998,3688.8,王貴丹,Female,53,臺北市,其他,2018.0,12.0,5.0,4.0,50
ID05598,AC1700677,F012,托特包-白,配件,1740.0,2.0,2018-12-05,3480.0,863.04,180.95999999999998,3688.8,許家慧,Female,40,新北市,金融業和房地產,2018.0,12.0,5.0,4.0,40
ID05599,AC1700516,F036,經典美式純POLO-藍,女裝,980.0,2.0,2018-12-05,1960.0,323.4,264.6,2077.6,顏登華,Male,30,新北市,教育體育文化,2018.0,12.0,5.0,4.0,30
ID05600,AC1700118,F016,後背包-藍,配件,890.0,2.0,2018-12-05,1780.0,441.44,92.56,1886.8000000000002,曹姿妤,Female,47,新北市,金融業和房地產,2018.0,12.0,5.0,4.0,40
ID05601,AC1700534,F017,大學T男裝-灰,男裝,1200.0,1.0,2018-12-05,1200.0,230.4,129.6,1272.0,王元龍,Male,36,新北市,其他,2018.0,12.0,5.0,4.0,30
ID05602,AC1700996,F014,大化妝包-黑,配件,1740.0,2.0,2018-12-05,3480.0,863.04,180.95999999999998,3688.8,陳金綠,Male,40,新北市,住宿和餐飲業,2018.0,12.0,5.0,4.0,40
ID05603,AC1702515,F014,大化妝包-黑,配件,1740.0,2.0,2018-12-05,3480.0,863.04,180.95999999999998,3688.8,曾冠宇,Male,52,桃園市,住宿和餐飲業,2018.0,12.0,5.0,4.0,50
ID05604,AC1700455,F013,潮感印條連帽外套-男裝,男裝,1740.0,3.0,2018-12-05,5220.0,1002.2400000000005,563.76,5533.200000000001,劉育菁,Female,34,新北市,金融業和房地產,2018.0,12.0,5.0,4.0,30
ID05605,AC1702073,F007,運動潮流連帽外套男裝-灰,男裝,1450.0,3.0,2018-12-05,4350.0,835.2,469.8,4611.0,金亭君,Male,38,宜蘭縣,金融業和房地產,2018.0,12.0,5.0,4.0,30
ID05606,AC1702711,F007,運動潮流連帽外套男裝-灰,男裝,1450.0,3.0,2018-12-05,4350.0,835.2,469.8,4611.0,王智凱,Male,50,桃園市,其他,2018.0,12.0,5.0,4.0,50
ID05607,AC1701693,F022,短夾-紅,皮件,2900.0,3.0,2018-12-05,8700.0,1983.6,626.4,9222.0,吳俊龍,Male,35,宜蘭縣,金融業和房地產,2018.0,12.0,5.0,4.0,30
ID05608,AC1701340,F022,短夾-紅,皮件,2900.0,3.0,2018-12-05,8700.0,1983.6,626.4,9222.0,陳玉屏,Female,32,新北市,金融業和房地產,2018.0,12.0,5.0,4.0,30
ID05609,AC1700880,F022,短夾-紅,皮件,2900.0,3.0,2018-12-05,8700.0,1983.6,626.4,9222.0,賴怡瑄,Male,34,新北市,住宿和餐飲業,2018.0,12.0,5.0,4.0,30
ID05610,AC1703894,F008,法蘭絨格紋襯衫-黑,女裝,1800.0,3.0,2018-12-05,5400.0,891.0000000000005,729.0,5724.0,黃涵民,Male,25,臺北市,其他,2018.0,12.0,5.0,4.0,20
ID05611,AC1703799,F010,中夾-紅,皮件,2610.0,1.0,2018-12-05,2610.0,595.0800000000003,187.92,2766.6000000000004,白合文,Female,49,臺北市,教育體育文化,2018.0,12.0,5.0,4.0,40
ID05612,AC1703306,F015,法蘭絨格紋襯衫-紅,女裝,1740.0,2.0,2018-12-05,3480.0,574.2,469.8,3688.8,李聖辰,Male,28,基隆市,住宿和餐飲業,2018.0,12.0,5.0,4.0,20
ID05613,AC1702365,F017,大學T男裝-灰,男裝,1200.0,1.0,2018-12-05,1200.0,230.4,129.6,1272.0,林家豪,Male,22,桃園市,住宿和餐飲業,2018.0,12.0,5.0,4.0,20
ID05614,AC1701481,F002,運動潮流直筒棉褲男童-白,童裝,930.0,1.0,2018-12-05,930.0,163.68,115.32,985.8000000000001,張永憲,Male,38,宜蘭縣,金融業和房地產,2018.0,12.0,5.0,4.0,30
ID05615,AC1703597,F017,大學T男裝-灰,男裝,1200.0,1.0,2018-12-05,1200.0,230.4,129.6,1272.0,吳玲韻,Female,35,基隆市,金融業和房地產,2018.0,12.0,5.0,4.0,30
ID05616,AC1700467,F002,運動潮流直筒棉褲男童-白,童裝,930.0,1.0,2018-12-05,930.0,163.68,115.32,985.8000000000001,林巧凌,Female,28,新北市,住宿和餐飲業,2018.0,12.0,5.0,4.0,20
ID05617,AC1701157,F017,大學T男裝-灰,男裝,1200.0,1.0,2018-12-05,1200.0,230.4,129.6,1272.0,馮月沛,Female,44,新北市,金融業和房地產,2018.0,12.0,5.0,4.0,40
ID05618,AC1700830,F010,中夾-紅,皮件,2610.0,1.0,2018-12-05,2610.0,595.0800000000003,187.92,2766.6000000000004,杭玉婷,Male,29,新北市,金融業和房地產,2018.0,12.0,5.0,4.0,20
ID05619,AC1701404,F015,法蘭絨格紋襯衫-紅,女裝,1740.0,2.0,2018-12-05,3480.0,574.2,469.8,3688.8,陳枝蘭,Female,38,宜蘭縣,住宿和餐飲業,2018.0,12.0,5.0,4.0,30
ID05620,AC1702406,F017,大學T男裝-灰,男裝,1200.0,1.0,2018-12-05,1200.0,230.4,129.6,1272.0,鄧志賢,Male,43,桃園市,其他,2018.0,12.0,5.0,4.0,40
ID05621,AC1702899,F002,運動潮流直筒棉褲男童-白,童裝,930.0,1.0,2018-12-05,930.0,163.68,115.32,985.8000000000001,林子玫,Male,59,桃園市,住宿和餐飲業,2018.0,12.0,5.0,4.0,50
ID05622,AC1703454,F017,大學T男裝-灰,男裝,1200.0,1.0,2018-12-05,1200.0,230.4,129.6,1272.0,顧雅惠,Female,42,基隆市,金融業和房地產,2018.0,12.0,5.0,4.0,40
ID05623,AC1701251,F002,運動潮流直筒棉褲男童-白,童裝,930.0,1.0,2018-12-05,930.0,163.68,115.32,985.8000000000001,鄭弘香,Female,25,新北市,住宿和餐飲業,2018.0,12.0,5.0,4.0,20
ID05624,AC1700467,F017,大學T男裝-灰,男裝,1200.0,1.0,2018-12-05,1200.0,230.4,129.6,1272.0,林巧凌,Female,28,新北市,住宿和餐飲業,2018.0,12.0,5.0,4.0,20
ID05625,AC1700118,F010,中夾-紅,皮件,2610.0,1.0,2018-12-05,2610.0,595.0800000000003,187.92,2766.6000000000004,曹姿妤,Female,47,新北市,金融業和房地產,2018.0,12.0,5.0,4.0,40
ID05626,AC1700469,F015,法蘭絨格紋襯衫-紅,女裝,1740.0,2.0,2018-12-05,3480.0,574.2,469.8,3688.8,郭家慧,Male,33,新北市,金融業和房地產,2018.0,12.0,5.0,4.0,30
,AC1700010,,,,,,,,,,,彭郁翔,Male,55,基隆市,住宿和餐飲業,,,,,50
,AC1700016,,,,,,,,,,,吳毓齊,Male,41,基隆市,其他,,,,,40
,AC1700017,,,,,,,,,,,劉添寶,Male,49,基隆市,住宿和餐飲業,,,,,40
,AC1700018,,,,,,,,,,,張昭旭,Female,51,基隆市,金融業和房地產,,,,,50
,AC1700023,,,,,,,,,,,林志忠,Male,68,臺北市,其他,,,,,60
,AC1700031,,,,,,,,,,,蕭宇翔,Male,55,基隆市,金融業和房地產,,,,,50
,AC1700032,,,,,,,,,,,丁漢孜,Male,48,基隆市,住宿和餐飲業,,,,,40
,AC1700034,,,,,,,,,,,賴雅琪,Female,54,基隆市,其他,,,,,50
,AC1700035,,,,,,,,,,,蕭冠伶,Female,62,基隆市,金融業和房地產,,,,,60
,AC1700036,,,,,,,,,,,黃彥亦,Male,50,基隆市,金融業和房地產,,,,,50
,AC1700040,,,,,,,,,,,黃琬妃,Female,53,基隆市,金融業和房地產,,,,,50
,AC1700046,,,,,,,,,,,慕柏廷,Male,57,基隆市,金融業和房地產,,,,,50
,AC1700047,,,,,,,,,,,黃敬亦,Male,53,基隆市,金融業和房地產,,,,,50
,AC1700050,,,,,,,,,,,羅昶貴,Male,39,基隆市,金融業和房地產,,,,,30
,AC1700054,,,,,,,,,,,余榮友,Male,41,基隆市,農林漁牧業,,,,,40
,AC1700058,,,,,,,,,,,王小軍,Male,43,基隆市,金融業和房地產,,,,,40
,AC1700063,,,,,,,,,,,翁敏一,Female,53,基隆市,金融業和房地產,,,,,50
,AC1700064,,,,,,,,,,,陳君俊,Male,46,基隆市,金融業和房地產,,,,,40
,AC1700066,,,,,,,,,,,余欣瑜,Male,40,基隆市,教育體育文化,,,,,40
,AC1700073,,,,,,,,,,,劉佳佩,Female,62,基隆市,金融業和房地產,,,,,60
,AC1700075,,,,,,,,,,,蔡聖旺,Male,56,基隆市,金融業和房地產,,,,,50
,AC1700077,,,,,,,,,,,蔡育萱,Female,53,基隆市,金融業和房地產,,,,,50
,AC1700079,,,,,,,,,,,胡智傑,Male,57,基隆市,金融業和房地產,,,,,50
,AC1700080,,,,,,,,,,,蔡志文,Male,41,基隆市,金融業和房地產,,,,,40
,AC1700084,,,,,,,,,,,朱家豪,Male,60,基隆市,金融業和房地產,,,,,60
,AC1700086,,,,,,,,,,,高振春,Male,60,基隆市,其他,,,,,60
,AC1700095,,,,,,,,,,,陳旻枝,Male,47,新北市,金融業和房地產,,,,,40
,AC1700098,,,,,,,,,,,王又生,Male,48,新北市,住宿和餐飲業,,,,,40
,AC1700103,,,,,,,,,,,曹禎利,Male,53,新北市,金融業和房地產,,,,,50
,AC1700106,,,,,,,,,,,屠毅薇,Female,54,新北市,金融業和房地產,,,,,50
,AC1700117,,,,,,,,,,,陳勝冰,Male,39,新北市,住宿和餐飲業,,,,,30
,AC1700119,,,,,,,,,,,謝卓奇,Male,51,新北市,金融業和房地產,,,,,50
,AC1700122,,,,,,,,,,,康一來,Male,55,新北市,農林漁牧業,,,,,50
,AC1700128,,,,,,,,,,,陳佩剛,Female,59,新北市,其他,,,,,50
,AC1700129,,,,,,,,,,,陳信聿,Male,55,新北市,金融業和房地產,,,,,50
,AC1700130,,,,,,,,,,,毛淑心,Female,50,新北市,金融業和房地產,,,,,50
,AC1700134,,,,,,,,,,,許怡萱,Female,46,基隆市,住宿和餐飲業,,,,,40
,AC1700135,,,,,,,,,,,黃書瑋,Female,62,基隆市,農林漁牧業,,,,,60
,AC1700137,,,,,,,,,,,黃力美,Female,52,基隆市,金融業和房地產,,,,,50
,AC1700147,,,,,,,,,,,郭冠霖,Female,44,新北市,住宿和餐飲業,,,,,40
,AC1700148,,,,,,,,,,,袁淑慧,Female,36,新北市,其他,,,,,30
,AC1700150,,,,,,,,,,,袁佳玲,Female,53,新北市,金融業和房地產,,,,,50
,AC1700151,,,,,,,,,,,林柔伸,Female,43,新北市,金融業和房地產,,,,,40
,AC1700157,,,,,,,,,,,顏巧憲,Male,47,新北市,農林漁牧業,,,,,40
,AC1700160,,,,,,,,,,,陳彥雅,Female,55,新北市,農林漁牧業,,,,,50
,AC1700161,,,,,,,,,,,黃恒源,Male,44,新北市,農林漁牧業,,,,,40
,AC1700164,,,,,,,,,,,杜孟勳,Male,57,新北市,金融業和房地產,,,,,50
,AC1700167,,,,,,,,,,,鄭向林,Male,57,新北市,金融業和房地產,,,,,50
,AC1700168,,,,,,,,,,,胡淑芳,Female,57,新北市,金融業和房地產,,,,,50
,AC1700169,,,,,,,,,,,陳瑩靖,Female,55,新北市,金融業和房地產,,,,,50
,AC1700171,,,,,,,,,,,蔡士英,Male,58,新北市,農林漁牧業,,,,,50
,AC1700178,,,,,,,,,,,陳怡君,Female,46,臺北市,農林漁牧業,,,,,40
,AC1700180,,,,,,,,,,,劉凱倫,Female,48,臺北市,金融業和房地產,,,,,40
,AC1700181,,,,,,,,,,,謝湖美,Female,52,臺北市,農林漁牧業,,,,,50
,AC1700186,,,,,,,,,,,張行聿,Female,44,臺北市,金融業和房地產,,,,,40
,AC1700188,,,,,,,,,,,陳佐光,Female,51,臺北市,住宿和餐飲業,,,,,50
,AC1700192,,,,,,,,,,,賴詩雅,Female,45,臺北市,住宿和餐飲業,,,,,40
,AC1700193,,,,,,,,,,,陳怡友,Female,52,臺北市,金融業和房地產,,,,,50
,AC1700194,,,,,,,,,,,姚家齊,Female,45,臺北市,住宿和餐飲業,,,,,40
,AC1700196,,,,,,,,,,,李舒婷,Female,46,臺北市,農林漁牧業,,,,,40
,AC1700198,,,,,,,,,,,吳俊豪,Female,44,臺北市,金融業和房地產,,,,,40
,AC1700199,,,,,,,,,,,曹嘉雯,Female,34,臺北市,金融業和房地產,,,,,30
,AC1700200,,,,,,,,,,,汪恩豐,Male,30,臺北市,農林漁牧業,,,,,30
,AC1700202,,,,,,,,,,,陳奕堅,Male,31,臺北市,其他,,,,,30
,AC1700214,,,,,,,,,,,李文泰,Male,40,臺北市,金融業和房地產,,,,,40
,AC1700220,,,,,,,,,,,王子雅,Female,43,臺北市,金融業和房地產,,,,,40
,AC1700221,,,,,,,,,,,葉有瑤,Male,30,臺北市,金融業和房地產,,,,,30
,AC1700226,,,,,,,,,,,吳秉雯,Female,31,臺北市,農林漁牧業,,,,,30
,AC1700228,,,,,,,,,,,陳靜怡,Female,37,臺北市,金融業和房地產,,,,,30
,AC1700236,,,,,,,,,,,王詩恩,Female,54,臺北市,金融業和房地產,,,,,50
,AC1700237,,,,,,,,,,,陳政達,Male,35,臺北市,其他,,,,,30
,AC1700241,,,,,,,,,,,陳信傑,Female,37,臺北市,金融業和房地產,,,,,30
,AC1700245,,,,,,,,,,,王信梅,Female,33,臺北市,金融業和房地產,,,,,30
,AC1700249,,,,,,,,,,,黃薇松,Female,42,臺北市,金融業和房地產,,,,,40
,AC1700252,,,,,,,,,,,蔡與學,Male,33,臺北市,金融業和房地產,,,,,30
,AC1700256,,,,,,,,,,,曾苑意,Female,44,臺北市,金融業和房地產,,,,,40
,AC1700257,,,,,,,,,,,毛仁函,Female,38,臺北市,農林漁牧業,,,,,30
,AC1700260,,,,,,,,,,,林興羽,Female,38,新北市,其他,,,,,30
,AC1700261,,,,,,,,,,,林靜怡,Female,39,新北市,金融業和房地產,,,,,30
,AC1700267,,,,,,,,,,,游可林,Female,32,新北市,金融業和房地產,,,,,30
,AC1700269,,,,,,,,,,,邱杰秀,Male,38,新北市,金融業和房地產,,,,,30
,AC1700270,,,,,,,,,,,鄭家綺,Male,36,新北市,金融業和房地產,,,,,30
,AC1700272,,,,,,,,,,,于怡靜,Female,24,新北市,住宿和餐飲業,,,,,20
,AC1700273,,,,,,,,,,,黃怡婷,Female,32,新北市,金融業和房地產,,,,,30
,AC1700274,,,,,,,,,,,袁亭彬,Female,30,新北市,其他,,,,,30
,AC1700275,,,,,,,,,,,蔡明貴,Male,35,新北市,金融業和房地產,,,,,30
,AC1700287,,,,,,,,,,,林林琬,Female,41,新北市,其他,,,,,40
,AC1700295,,,,,,,,,,,沈怡菁,Female,52,新北市,教育體育文化,,,,,50
,AC1700297,,,,,,,,,,,梁人谷,Female,47,新北市,其他,,,,,40
,AC1700300,,,,,,,,,,,陳婉如,Female,50,新北市,教育體育文化,,,,,50
,AC1700301,,,,,,,,,,,張秀玲,Female,44,新北市,其他,,,,,40
,AC1700303,,,,,,,,,,,黃建弘,Male,38,新北市,住宿和餐飲業,,,,,30
,AC1700308,,,,,,,,,,,黃建珊,Female,39,新北市,住宿和餐飲業,,,,,30
,AC1700311,,,,,,,,,,,田佩芸,Female,49,新北市,金融業和房地產,,,,,40
,AC1700313,,,,,,,,,,,羅亦茹,Female,45,新北市,金融業和房地產,,,,,40
,AC1700318,,,,,,,,,,,戴怡君,Female,51,新北市,金融業和房地產,,,,,50
,AC1700321,,,,,,,,,,,吳信宏,Male,54,新北市,金融業和房地產,,,,,50
,AC1700324,,,,,,,,,,,李莉昆,Female,66,新北市,金融業和房地產,,,,,60
,AC1700332,,,,,,,,,,,賴建妮,Female,46,新北市,金融業和房地產,,,,,40
,AC1700334,,,,,,,,,,,林淑恩,Female,57,新北市,金融業和房地產,,,,,50
,AC1700341,,,,,,,,,,,謝雅雯,Female,53,新北市,住宿和餐飲業,,,,,50
,AC1700342,,,,,,,,,,,宓書瑋,Female,53,新北市,其他,,,,,50
,AC1700348,,,,,,,,,,,郭海華,Male,56,新北市,金融業和房地產,,,,,50
,AC1700359,,,,,,,,,,,林彥能,Female,51,新北市,農林漁牧業,,,,,50
,AC1700363,,,,,,,,,,,傅蘭菱,Female,62,新北市,其他,,,,,60
,AC1700364,,,,,,,,,,,邱俊傑,Female,53,新北市,金融業和房地產,,,,,50
,AC1700366,,,,,,,,,,,陳博佩,Female,49,新北市,其他,,,,,40
,AC1700367,,,,,,,,,,,李雅菁,Female,55,新北市,金融業和房地產,,,,,50
,AC1700369,,,,,,,,,,,鄒舒涵,Female,59,新北市,金融業和房地產,,,,,50
,AC1700372,,,,,,,,,,,王堅屏,Female,47,新北市,其他,,,,,40
,AC1700378,,,,,,,,,,,毛元光,Male,43,新北市,金融業和房地產,,,,,40
,AC1700383,,,,,,,,,,,宋憲勇,Male,56,新北市,金融業和房地產,,,,,50
,AC1700389,,,,,,,,,,,杜建銘,Male,49,新北市,金融業和房地產,,,,,40
,AC1700406,,,,,,,,,,,彭喜歡,Female,32,新北市,金融業和房地產,,,,,30
,AC1700407,,,,,,,,,,,王雅季,Female,36,新北市,金融業和房地產,,,,,30
,AC1700408,,,,,,,,,,,李健豪,Male,42,新北市,金融業和房地產,,,,,40
,AC1700415,,,,,,,,,,,黃智吟,Female,44,新北市,金融業和房地產,,,,,40
,AC1700418,,,,,,,,,,,劉景聿,Male,40,新北市,金融業和房地產,,,,,40
,AC1700420,,,,,,,,,,,林雅筑,Female,30,新北市,金融業和房地產,,,,,30
,AC1700428,,,,,,,,,,,林昆蓁,Female,38,新北市,住宿和餐飲業,,,,,30
,AC1700432,,,,,,,,,,,賴宛真,Female,45,新北市,金融業和房地產,,,,,40
,AC1700438,,,,,,,,,,,張芳月,Female,39,新北市,其他,,,,,30
,AC1700450,,,,,,,,,,,趙文傑,Male,28,新北市,金融業和房地產,,,,,20
,AC1700451,,,,,,,,,,,葉木穎,Male,23,新北市,其他,,,,,20
,AC1700452,,,,,,,,,,,林羽容,Male,43,新北市,金融業和房地產,,,,,40
,AC1700457,,,,,,,,,,,賴依怡,Female,37,新北市,金融業和房地產,,,,,30
,AC1700459,,,,,,,,,,,宋俊傑,Male,35,新北市,金融業和房地產,,,,,30
,AC1700460,,,,,,,,,,,黃君毓,Female,35,新北市,金融業和房地產,,,,,30
,AC1700468,,,,,,,,,,,吳政東,Male,38,新北市,其他,,,,,30
,AC1700470,,,,,,,,,,,高慧敏,Female,26,新北市,住宿和餐飲業,,,,,20
,AC1700480,,,,,,,,,,,張智鈞,Female,34,新北市,金融業和房地產,,,,,30
,AC1700481,,,,,,,,,,,程昇洋,Male,34,新北市,其他,,,,,30
,AC1700485,,,,,,,,,,,袁冠志,Male,34,新北市,金融業和房地產,,,,,30
,AC1700486,,,,,,,,,,,吳潔意,Female,44,新北市,金融業和房地產,,,,,40
,AC1700490,,,,,,,,,,,陳淳伯,Male,21,新北市,金融業和房地產,,,,,20
,AC1700497,,,,,,,,,,,陳士賢,Male,41,新北市,金融業和房地產,,,,,40
,AC1700506,,,,,,,,,,,林佩珊,Female,33,新北市,其他,,,,,30
,AC1700508,,,,,,,,,,,吳姿雨,Female,38,新北市,金融業和房地產,,,,,30
,AC1700509,,,,,,,,,,,鄧俊豪,Male,40,新北市,金融業和房地產,,,,,40
,AC1700514,,,,,,,,,,,陳俐彥,Male,41,新北市,金融業和房地產,,,,,40
,AC1700526,,,,,,,,,,,陳文宏,Male,35,新北市,住宿和餐飲業,,,,,30
,AC1700529,,,,,,,,,,,張嘉紫,Female,27,新北市,住宿和餐飲業,,,,,20
,AC1700532,,,,,,,,,,,王偉倫,Female,44,新北市,金融業和房地產,,,,,40
,AC1700537,,,,,,,,,,,周俊凱,Female,35,新北市,金融業和房地產,,,,,30
,AC1700540,,,,,,,,,,,陳金友,Female,45,新北市,其他,,,,,40
,AC1700543,,,,,,,,,,,李心怡,Female,24,新北市,教育體育文化,,,,,20
,AC1700548,,,,,,,,,,,陳彥冰,Male,35,新北市,金融業和房地產,,,,,30
,AC1700549,,,,,,,,,,,鄭淑芳,Female,26,新北市,金融業和房地產,,,,,20
,AC1700554,,,,,,,,,,,馮莉依,Female,39,新北市,其他,,,,,30
,AC1700562,,,,,,,,,,,劉杰歡,Male,46,新北市,金融業和房地產,,,,,40
,AC1700568,,,,,,,,,,,謝怡婷,Male,41,新北市,金融業和房地產,,,,,40
,AC1700569,,,,,,,,,,,吳秀萍,Female,47,新北市,金融業和房地產,,,,,40
,AC1700572,,,,,,,,,,,蘇可慧,Female,45,新北市,金融業和房地產,,,,,40
,AC1700577,,,,,,,,,,,張子函,Female,35,新北市,其他,,,,,30
,AC1700589,,,,,,,,,,,李怡靜,Female,34,新北市,其他,,,,,30
,AC1700592,,,,,,,,,,,劉秀娟,Female,23,新北市,金融業和房地產,,,,,20
,AC1700594,,,,,,,,,,,林雅芬,Female,22,新北市,金融業和房地產,,,,,20
,AC1700609,,,,,,,,,,,朱宏政,Male,38,新北市,金融業和房地產,,,,,30
,AC1700612,,,,,,,,,,,何宛真,Female,34,新北市,金融業和房地產,,,,,30
,AC1700613,,,,,,,,,,,陳豐辛,Female,32,新北市,住宿和餐飲業,,,,,30
,AC1700622,,,,,,,,,,,李淑美,Female,49,新北市,住宿和餐飲業,,,,,40
,AC1700623,,,,,,,,,,,李淑中,Female,38,新北市,金融業和房地產,,,,,30
,AC1700629,,,,,,,,,,,王雅筑,Female,33,新北市,金融業和房地產,,,,,30
,AC1700634,,,,,,,,,,,姚奕翔,Female,37,新北市,住宿和餐飲業,,,,,30
,AC1700642,,,,,,,,,,,謝常恭,Female,35,新北市,教育體育文化,,,,,30
,AC1700643,,,,,,,,,,,徐佩君,Female,53,新北市,其他,,,,,50
,AC1700647,,,,,,,,,,,李珮志,Male,43,新北市,金融業和房地產,,,,,40
,AC1700649,,,,,,,,,,,錢雅芳,Female,27,新北市,金融業和房地產,,,,,20
,AC1700651,,,,,,,,,,,劉啟孝,Female,31,新北市,金融業和房地產,,,,,30
,AC1700659,,,,,,,,,,,張嘉東,Female,41,新北市,教育體育文化,,,,,40
,AC1700666,,,,,,,,,,,蔡任羽,Female,39,新北市,教育體育文化,,,,,30
,AC1700674,,,,,,,,,,,林建昆,Female,21,新北市,教育體育文化,,,,,20
,AC1700682,,,,,,,,,,,張政廷,Female,33,新北市,金融業和房地產,,,,,30
,AC1700686,,,,,,,,,,,黃德伸,Female,34,新北市,金融業和房地產,,,,,30
,AC1700687,,,,,,,,,,,黃淑君,Male,40,新北市,金融業和房地產,,,,,40
,AC1700692,,,,,,,,,,,姜芳甫,Male,38,新北市,金融業和房地產,,,,,30
,AC1700695,,,,,,,,,,,張軍秋,Male,41,新北市,教育體育文化,,,,,40
,AC1700698,,,,,,,,,,,黃昕薇,Female,49,新北市,金融業和房地產,,,,,40
,AC1700704,,,,,,,,,,,鄭裕仁,Male,34,新北市,金融業和房地產,,,,,30
,AC1700707,,,,,,,,,,,錢香隆,Male,26,新北市,金融業和房地產,,,,,20
,AC1700710,,,,,,,,,,,趙宛君,Male,38,新北市,金融業和房地產,,,,,30
,AC1700713,,,,,,,,,,,柯佳欣,Female,32,新北市,住宿和餐飲業,,,,,30
,AC1700715,,,,,,,,,,,謝敬華,Female,34,新北市,金融業和房地產,,,,,30
,AC1700716,,,,,,,,,,,蕭任淳,Male,34,新北市,金融業和房地產,,,,,30
,AC1700724,,,,,,,,,,,王慧玲,Female,43,新北市,金融業和房地產,,,,,40
,AC1700726,,,,,,,,,,,劉家均,Female,38,新北市,金融業和房地產,,,,,30
,AC1700729,,,,,,,,,,,趙韋鴻,Female,38,新北市,金融業和房地產,,,,,30
,AC1700731,,,,,,,,,,,庾宗民,Male,40,新北市,其他,,,,,40
,AC1700736,,,,,,,,,,,林君倩,Female,28,新北市,其他,,,,,20
,AC1700745,,,,,,,,,,,潘天駿,Female,39,新北市,金融業和房地產,,,,,30
,AC1700759,,,,,,,,,,,楊家源,Male,27,新北市,住宿和餐飲業,,,,,20
,AC1700762,,,,,,,,,,,楊曉雯,Male,31,新北市,金融業和房地產,,,,,30
,AC1700767,,,,,,,,,,,陳雅紹,Female,38,新北市,金融業和房地產,,,,,30
,AC1700772,,,,,,,,,,,賴偉智,Male,36,新北市,其他,,,,,30
,AC1700776,,,,,,,,,,,楊介榮,Male,48,新北市,其他,,,,,40
,AC1700777,,,,,,,,,,,黃惠友,Female,47,新北市,金融業和房地產,,,,,40
,AC1700781,,,,,,,,,,,曾建瑋,Male,39,新北市,金融業和房地產,,,,,30
,AC1700785,,,,,,,,,,,錢培陽,Male,30,新北市,其他,,,,,30
,AC1700790,,,,,,,,,,,吳沛禮,Female,37,新北市,金融業和房地產,,,,,30
,AC1700791,,,,,,,,,,,姚淑芬,Female,38,新北市,其他,,,,,30
,AC1700793,,,,,,,,,,,甄慈昆,Female,36,新北市,住宿和餐飲業,,,,,30
,AC1700796,,,,,,,,,,,楊惠真,Male,47,新北市,其他,,,,,40
,AC1700800,,,,,,,,,,,張子芸,Male,46,新北市,金融業和房地產,,,,,40
,AC1700803,,,,,,,,,,,郭俊瑋,Female,39,新北市,金融業和房地產,,,,,30
,AC1700806,,,,,,,,,,,陳雅惠,Female,36,新北市,金融業和房地產,,,,,30
,AC1700807,,,,,,,,,,,謝佳發,Female,40,新北市,其他,,,,,40
,AC1700808,,,,,,,,,,,馬盈勇,Female,43,新北市,金融業和房地產,,,,,40
,AC1700809,,,,,,,,,,,袁玉萍,Male,36,新北市,金融業和房地產,,,,,30
,AC1700811,,,,,,,,,,,胡伊聿,Male,32,新北市,金融業和房地產,,,,,30
,AC1700812,,,,,,,,,,,呂進紹,Female,36,新北市,金融業和房地產,,,,,30
,AC1700819,,,,,,,,,,,杜建宇,Female,37,新北市,其他,,,,,30
,AC1700823,,,,,,,,,,,陳姿婷,Female,39,新北市,金融業和房地產,,,,,30
,AC1700824,,,,,,,,,,,陳雅芬,Female,32,新北市,其他,,,,,30
,AC1700825,,,,,,,,,,,吳翰紋,Female,25,新北市,金融業和房地產,,,,,20
,AC1700827,,,,,,,,,,,陳芝心,Male,26,新北市,其他,,,,,20
,AC1700849,,,,,,,,,,,施益定,Female,33,新北市,教育體育文化,,,,,30
,AC1700850,,,,,,,,,,,馮志吉,Male,40,新北市,金融業和房地產,,,,,40
,AC1700853,,,,,,,,,,,林鈺和,Female,45,新北市,金融業和房地產,,,,,40
,AC1700855,,,,,,,,,,,陳思穎,Female,46,新北市,金融業和房地產,,,,,40
,AC1700873,,,,,,,,,,,許淑惠,Female,38,新北市,金融業和房地產,,,,,30
,AC1700878,,,,,,,,,,,吳博甫,Female,30,新北市,住宿和餐飲業,,,,,30
,AC1700887,,,,,,,,,,,陳珈音,Female,29,新北市,金融業和房地產,,,,,20
,AC1700893,,,,,,,,,,,楊惠芳,Male,28,新北市,其他,,,,,20
,AC1700897,,,,,,,,,,,方姿綺,Female,36,新北市,其他,,,,,30
,AC1700900,,,,,,,,,,,黃耀順,Male,27,新北市,金融業和房地產,,,,,20
,AC1700901,,,,,,,,,,,陳茂儀,Female,37,新北市,其他,,,,,30
,AC1700906,,,,,,,,,,,陳佳靜,Male,28,新北市,金融業和房地產,,,,,20
,AC1700911,,,,,,,,,,,余妙青,Female,39,新北市,其他,,,,,30
,AC1700913,,,,,,,,,,,王智卿,Male,36,新北市,住宿和餐飲業,,,,,30
,AC1700914,,,,,,,,,,,施玲志,Male,44,新北市,金融業和房地產,,,,,40
,AC1700916,,,,,,,,,,,謝怡萱,Male,39,新北市,金融業和房地產,,,,,30
,AC1700918,,,,,,,,,,,陳智傑,Male,34,新北市,金融業和房地產,,,,,30
,AC1700920,,,,,,,,,,,杜淑惠,Female,29,新北市,金融業和房地產,,,,,20
,AC1700925,,,,,,,,,,,張智芳,Male,27,新北市,金融業和房地產,,,,,20
,AC1700930,,,,,,,,,,,鄭詩涵,Male,34,新北市,金融業和房地產,,,,,30
,AC1700931,,,,,,,,,,,廖冠宏,Female,34,新北市,金融業和房地產,,,,,30
,AC1700938,,,,,,,,,,,蔡芳瑜,Female,29,新北市,金融業和房地產,,,,,20
,AC1700939,,,,,,,,,,,張智雪,Male,33,新北市,其他,,,,,30
,AC1700947,,,,,,,,,,,張育惠,Male,26,新北市,其他,,,,,20
,AC1700949,,,,,,,,,,,潘家銘,Female,36,新北市,金融業和房地產,,,,,30
,AC1700951,,,,,,,,,,,汪雅萍,Female,36,新北市,金融業和房地產,,,,,30
,AC1700956,,,,,,,,,,,陳弘芝,Female,37,新北市,住宿和餐飲業,,,,,30
,AC1700962,,,,,,,,,,,林倫育,Female,33,新北市,金融業和房地產,,,,,30
,AC1700970,,,,,,,,,,,吳美玉,Male,43,新北市,金融業和房地產,,,,,40
,AC1700980,,,,,,,,,,,蘇雅婷,Male,39,新北市,住宿和餐飲業,,,,,30
,AC1700985,,,,,,,,,,,黎佳樺,Female,37,新北市,金融業和房地產,,,,,30
,AC1700986,,,,,,,,,,,謝佩茂,Male,38,新北市,金融業和房地產,,,,,30
,AC1700989,,,,,,,,,,,賀靜芳,Male,33,新北市,金融業和房地產,,,,,30
,AC1701003,,,,,,,,,,,賴毅泉,Male,34,新北市,其他,,,,,30
,AC1701014,,,,,,,,,,,陳倫沛,Male,26,新北市,住宿和餐飲業,,,,,20
,AC1701016,,,,,,,,,,,李展睿,Female,39,新北市,金融業和房地產,,,,,30
,AC1701020,,,,,,,,,,,蕭舒婷,Female,35,新北市,金融業和房地產,,,,,30
,AC1701021,,,,,,,,,,,楊育菁,Female,42,新北市,金融業和房地產,,,,,40
,AC1701029,,,,,,,,,,,吳乃文,Female,49,新北市,金融業和房地產,,,,,40
,AC1701033,,,,,,,,,,,唐欣宜,Female,34,新北市,住宿和餐飲業,,,,,30
,AC1701036,,,,,,,,,,,趙惠婷,Male,37,新北市,金融業和房地產,,,,,30
,AC1701037,,,,,,,,,,,周怡法,Male,36,新北市,金融業和房地產,,,,,30
,AC1701040,,,,,,,,,,,阮孟倫,Female,37,新北市,其他,,,,,30
,AC1701043,,,,,,,,,,,張佩珊,Female,37,新北市,金融業和房地產,,,,,30
,AC1701046,,,,,,,,,,,劉淑華,Male,40,新北市,金融業和房地產,,,,,40
,AC1701050,,,,,,,,,,,邱雅萍,Female,26,新北市,金融業和房地產,,,,,20
,AC1701051,,,,,,,,,,,黃竣傑,Male,33,新北市,住宿和餐飲業,,,,,30
,AC1701062,,,,,,,,,,,黃呈映,Female,40,新北市,金融業和房地產,,,,,40
,AC1701066,,,,,,,,,,,黃學岑,Male,47,新北市,其他,,,,,40
,AC1701068,,,,,,,,,,,林欣華,Female,32,新北市,金融業和房地產,,,,,30
,AC1701070,,,,,,,,,,,賴宗翰,Male,34,新北市,住宿和餐飲業,,,,,30
,AC1701075,,,,,,,,,,,倪建霖,Male,28,新北市,金融業和房地產,,,,,20
,AC1701082,,,,,,,,,,,楊惟芳,Male,34,新北市,住宿和餐飲業,,,,,30
,AC1701086,,,,,,,,,,,徐先仰,Female,23,新北市,其他,,,,,20
,AC1701096,,,,,,,,,,,郭怡靖,Male,38,新北市,金融業和房地產,,,,,30
,AC1701099,,,,,,,,,,,許家明,Male,36,新北市,金融業和房地產,,,,,30
,AC1701102,,,,,,,,,,,李雅芬,Male,29,新北市,金融業和房地產,,,,,20
,AC1701107,,,,,,,,,,,張威德,Male,34,新北市,教育體育文化,,,,,30
,AC1701122,,,,,,,,,,,郭剛瑋,Female,32,新北市,住宿和餐飲業,,,,,30
,AC1701126,,,,,,,,,,,吳佳帆,Male,27,新北市,金融業和房地產,,,,,20
,AC1701127,,,,,,,,,,,鄭宛君,Male,40,新北市,金融業和房地產,,,,,40
,AC1701131,,,,,,,,,,,楊妤禎,Male,41,新北市,金融業和房地產,,,,,40
,AC1701135,,,,,,,,,,,王嬌宏,Male,37,新北市,金融業和房地產,,,,,30
,AC1701140,,,,,,,,,,,陳惠英,Female,31,新北市,金融業和房地產,,,,,30
,AC1701144,,,,,,,,,,,謝琪軒,Female,22,新北市,金融業和房地產,,,,,20
,AC1701146,,,,,,,,,,,鄧琇岳,Female,33,新北市,其他,,,,,30
,AC1701149,,,,,,,,,,,柯建志,Male,40,新北市,金融業和房地產,,,,,40
,AC1701150,,,,,,,,,,,劉紋興,Female,42,新北市,金融業和房地產,,,,,40
,AC1701156,,,,,,,,,,,陳曜宇,Male,31,新北市,金融業和房地產,,,,,30
,AC1701158,,,,,,,,,,,張毓汝,Female,38,新北市,金融業和房地產,,,,,30
,AC1701160,,,,,,,,,,,黃美倫,Female,49,新北市,金融業和房地產,,,,,40
,AC1701163,,,,,,,,,,,王冠霞,Male,29,新北市,住宿和餐飲業,,,,,20
,AC1701173,,,,,,,,,,,邱俊傑,Male,34,新北市,其他,,,,,30
,AC1701183,,,,,,,,,,,吳慧淑,Male,31,新北市,金融業和房地產,,,,,30
,AC1701186,,,,,,,,,,,涂玉婷,Female,31,新北市,其他,,,,,30
,AC1701189,,,,,,,,,,,陳浩鴻,Male,30,新北市,住宿和餐飲業,,,,,30
,AC1701190,,,,,,,,,,,陳怡君,Female,31,新北市,金融業和房地產,,,,,30
,AC1701193,,,,,,,,,,,林智堯,Male,29,新北市,金融業和房地產,,,,,20
,AC1701196,,,,,,,,,,,謝桂紋,Female,33,新北市,金融業和房地產,,,,,30
,AC1701201,,,,,,,,,,,陳建廷,Male,34,新北市,住宿和餐飲業,,,,,30
,AC1701206,,,,,,,,,,,韓雅雯,Female,26,新北市,金融業和房地產,,,,,20
,AC1701212,,,,,,,,,,,林俊均,Female,38,新北市,住宿和餐飲業,,,,,30
,AC1701214,,,,,,,,,,,林瑞淳,Female,45,新北市,金融業和房地產,,,,,40
,AC1701224,,,,,,,,,,,陳有源,Male,37,新北市,金融業和房地產,,,,,30
,AC1701227,,,,,,,,,,,宋培州,Male,34,新北市,金融業和房地產,,,,,30
,AC1701228,,,,,,,,,,,張志忠,Male,38,新北市,其他,,,,,30
,AC1701230,,,,,,,,,,,鄭怡婷,Female,42,新北市,金融業和房地產,,,,,40
,AC1701239,,,,,,,,,,,陳憲康,Male,43,新北市,金融業和房地產,,,,,40
,AC1701240,,,,,,,,,,,陳慶凱,Male,45,新北市,金融業和房地產,,,,,40
,AC1701249,,,,,,,,,,,吳思婷,Female,42,新北市,其他,,,,,40
,AC1701252,,,,,,,,,,,吳俊宏,Female,34,新北市,金融業和房地產,,,,,30
,AC1701259,,,,,,,,,,,劉佐郁,Male,22,新北市,金融業和房地產,,,,,20
,AC1701263,,,,,,,,,,,方哲喜,Female,27,新北市,住宿和餐飲業,,,,,20
,AC1701265,,,,,,,,,,,梁珮君,Male,42,新北市,金融業和房地產,,,,,40
,AC1701266,,,,,,,,,,,宋婉霞,Male,22,新北市,金融業和房地產,,,,,20
,AC1701269,,,,,,,,,,,溫美慧,Female,25,新北市,金融業和房地產,,,,,20
,AC1701278,,,,,,,,,,,汪苑琴,Female,38,新北市,金融業和房地產,,,,,30
,AC1701281,,,,,,,,,,,林淑貴,Female,36,新北市,金融業和房地產,,,,,30
,AC1701283,,,,,,,,,,,蔡秀菁,Male,28,新北市,住宿和餐飲業,,,,,20
,AC1701286,,,,,,,,,,,楊雅原,Male,41,宜蘭縣,金融業和房地產,,,,,40
,AC1701288,,,,,,,,,,,陳昱冰,Male,42,宜蘭縣,金融業和房地產,,,,,40
,AC1701292,,,,,,,,,,,張智湖,Female,41,新北市,金融業和房地產,,,,,40
,AC1701294,,,,,,,,,,,黎興中,Male,40,宜蘭縣,住宿和餐飲業,,,,,40
,AC1701296,,,,,,,,,,,黃聖忠,Male,33,宜蘭縣,住宿和餐飲業,,,,,30
,AC1701298,,,,,,,,,,,吳仁傑,Male,27,宜蘭縣,金融業和房地產,,,,,20
,AC1701304,,,,,,,,,,,許哲年,Male,37,宜蘭縣,金融業和房地產,,,,,30
,AC1701307,,,,,,,,,,,張雅雯,Female,36,宜蘭縣,金融業和房地產,,,,,30
,AC1701308,,,,,,,,,,,石佳燕,Female,48,宜蘭縣,其他,,,,,40
,AC1701312,,,,,,,,,,,陳夙倩,Female,24,宜蘭縣,住宿和餐飲業,,,,,20
,AC1701314,,,,,,,,,,,邱欣潔,Female,29,新北市,金融業和房地產,,,,,20
,AC1701316,,,,,,,,,,,謝容芸,Female,30,宜蘭縣,金融業和房地產,,,,,30
,AC1701317,,,,,,,,,,,曾子豪,Female,32,新北市,金融業和房地產,,,,,30
,AC1701318,,,,,,,,,,,陳文傑,Male,29,宜蘭縣,金融業和房地產,,,,,20
,AC1701323,,,,,,,,,,,陳仁傑,Female,32,新北市,金融業和房地產,,,,,30
,AC1701326,,,,,,,,,,,吳怡婷,Female,31,宜蘭縣,金融業和房地產,,,,,30
,AC1701334,,,,,,,,,,,幸宗翰,Male,35,宜蘭縣,金融業和房地產,,,,,30
,AC1701337,,,,,,,,,,,吳忠幸,Female,35,新北市,金融業和房地產,,,,,30
,AC1701338,,,,,,,,,,,陳月恬,Female,34,宜蘭縣,金融業和房地產,,,,,30
,AC1701343,,,,,,,,,,,張俞芳,Female,38,宜蘭縣,金融業和房地產,,,,,30
,AC1701344,,,,,,,,,,,戴靜怡,Female,40,新北市,其他,,,,,40
,AC1701360,,,,,,,,,,,黃辛玉,Female,42,新北市,住宿和餐飲業,,,,,40
,AC1701363,,,,,,,,,,,蔡宜桓,Male,28,宜蘭縣,金融業和房地產,,,,,20
,AC1701364,,,,,,,,,,,吳詩婷,Female,36,新北市,金融業和房地產,,,,,30
,AC1701368,,,,,,,,,,,蔡巧蘭,Female,43,新北市,住宿和餐飲業,,,,,40
,AC1701371,,,,,,,,,,,鄭宇佩,Female,45,新北市,金融業和房地產,,,,,40
,AC1701378,,,,,,,,,,,黃美菱,Male,50,宜蘭縣,金融業和房地產,,,,,50
,AC1701379,,,,,,,,,,,夏淑婷,Female,40,宜蘭縣,金融業和房地產,,,,,40
,AC1701380,,,,,,,,,,,郭麗君,Female,47,宜蘭縣,其他,,,,,40
,AC1701382,,,,,,,,,,,陳懿佳,Female,38,新北市,金融業和房地產,,,,,30
,AC1701387,,,,,,,,,,,陳怡玫,Female,25,新北市,金融業和房地產,,,,,20
,AC1701389,,,,,,,,,,,馮石斌,Female,46,新北市,其他,,,,,40
,AC1701390,,,,,,,,,,,郭白妃,Female,39,新北市,其他,,,,,30
,AC1701397,,,,,,,,,,,林伊雄,Male,45,宜蘭縣,住宿和餐飲業,,,,,40
,AC1701400,,,,,,,,,,,鄭逸凡,Female,49,新北市,其他,,,,,40
,AC1701402,,,,,,,,,,,蔡欣蓁,Female,28,宜蘭縣,金融業和房地產,,,,,20
,AC1701405,,,,,,,,,,,許家岑,Female,33,新北市,金融業和房地產,,,,,30
,AC1701406,,,,,,,,,,,邱宛恒,Female,46,新北市,其他,,,,,40
,AC1701407,,,,,,,,,,,邱靖吉,Male,33,宜蘭縣,其他,,,,,30
,AC1701408,,,,,,,,,,,朱美惠,Female,33,新北市,金融業和房地產,,,,,30
,AC1701418,,,,,,,,,,,許家岳,Male,30,宜蘭縣,金融業和房地產,,,,,30
,AC1701425,,,,,,,,,,,陳秋斌,Female,35,新北市,住宿和餐飲業,,,,,30
,AC1701431,,,,,,,,,,,曹峻賢,Male,48,宜蘭縣,其他,,,,,40
,AC1701432,,,,,,,,,,,謝佩新,Male,38,宜蘭縣,金融業和房地產,,,,,30
,AC1701435,,,,,,,,,,,錢美惠,Male,38,宜蘭縣,其他,,,,,30
,AC1701436,,,,,,,,,,,林建慈,Female,40,新北市,金融業和房地產,,,,,40
,AC1701445,,,,,,,,,,,張怡秀,Female,27,宜蘭縣,住宿和餐飲業,,,,,20
,AC1701446,,,,,,,,,,,廖世昌,Male,29,宜蘭縣,金融業和房地產,,,,,20
,AC1701453,,,,,,,,,,,吳孟軒,Male,44,宜蘭縣,金融業和房地產,,,,,40
,AC1701456,,,,,,,,,,,戴志宏,Male,32,宜蘭縣,住宿和餐飲業,,,,,30
,AC1701459,,,,,,,,,,,桑愛英,Male,37,宜蘭縣,金融業和房地產,,,,,30
,AC1701463,,,,,,,,,,,胡威廷,Male,29,宜蘭縣,金融業和房地產,,,,,20
,AC1701471,,,,,,,,,,,黃冠欣,Female,36,新北市,金融業和房地產,,,,,30
,AC1701472,,,,,,,,,,,王俊豪,Female,41,新北市,其他,,,,,40
,AC1701480,,,,,,,,,,,蘇雅雯,Female,51,新北市,金融業和房地產,,,,,50
,AC1701483,,,,,,,,,,,戴欣潔,Female,35,新北市,住宿和餐飲業,,,,,30
,AC1701492,,,,,,,,,,,錢琪然,Female,30,新北市,其他,,,,,30
,AC1701493,,,,,,,,,,,葉心怡,Male,36,宜蘭縣,金融業和房地產,,,,,30
,AC1701496,,,,,,,,,,,錢逸凡,Female,35,新北市,住宿和餐飲業,,,,,30
,AC1701497,,,,,,,,,,,林志茵,Male,59,宜蘭縣,其他,,,,,50
,AC1701501,,,,,,,,,,,何人光,Female,39,新北市,金融業和房地產,,,,,30
,AC1701502,,,,,,,,,,,孫馨芳,Female,48,宜蘭縣,金融業和房地產,,,,,40
,AC1701503,,,,,,,,,,,夏名卉,Male,42,宜蘭縣,金融業和房地產,,,,,40
,AC1701509,,,,,,,,,,,劉德惠,Female,34,新北市,金融業和房地產,,,,,30
,AC1701510,,,,,,,,,,,林正松,Female,39,新北市,金融業和房地產,,,,,30
,AC1701512,,,,,,,,,,,詹如倫,Male,31,宜蘭縣,金融業和房地產,,,,,30
,AC1701514,,,,,,,,,,,黃彥芬,Female,37,新北市,其他,,,,,30
,AC1701516,,,,,,,,,,,呂志偉,Male,36,宜蘭縣,其他,,,,,30
,AC1701521,,,,,,,,,,,林振瑋,Male,32,宜蘭縣,金融業和房地產,,,,,30
,AC1701525,,,,,,,,,,,王佳蓉,Female,33,宜蘭縣,教育體育文化,,,,,30
,AC1701528,,,,,,,,,,,黃國淳,Female,32,新北市,金融業和房地產,,,,,30
,AC1701531,,,,,,,,,,,謝宗忠,Female,32,新北市,其他,,,,,30
,AC1701536,,,,,,,,,,,黃芷洋,Female,28,新北市,金融業和房地產,,,,,20
,AC1701538,,,,,,,,,,,李建良,Male,35,宜蘭縣,金融業和房地產,,,,,30
,AC1701539,,,,,,,,,,,林昱廷,Female,33,新北市,其他,,,,,30
,AC1701541,,,,,,,,,,,郭郁翔,Female,49,新北市,金融業和房地產,,,,,40
,AC1701545,,,,,,,,,,,劉杰夢,Female,36,新北市,金融業和房地產,,,,,30
,AC1701548,,,,,,,,,,,王琇蘭,Female,42,新北市,住宿和餐飲業,,,,,40
,AC1701551,,,,,,,,,,,王舒劭,Female,47,新北市,金融業和房地產,,,,,40
,AC1701557,,,,,,,,,,,陳靜青,Female,37,新北市,住宿和餐飲業,,,,,30
,AC1701559,,,,,,,,,,,陳彥易,Male,37,宜蘭縣,金融業和房地產,,,,,30
,AC1701562,,,,,,,,,,,溫家綺,Female,33,新北市,金融業和房地產,,,,,30
,AC1701565,,,,,,,,,,,王博年,Female,25,新北市,其他,,,,,20
,AC1701570,,,,,,,,,,,傅威德,Male,37,宜蘭縣,金融業和房地產,,,,,30
,AC1701571,,,,,,,,,,,胡玟姍,Female,48,新北市,其他,,,,,40
,AC1701573,,,,,,,,,,,費一謙,Male,37,宜蘭縣,住宿和餐飲業,,,,,30
,AC1701581,,,,,,,,,,,黃珮君,Female,47,宜蘭縣,住宿和餐飲業,,,,,40
,AC1701582,,,,,,,,,,,曹宏紫,Male,23,宜蘭縣,金融業和房地產,,,,,20
,AC1701587,,,,,,,,,,,黃明哲,Male,30,宜蘭縣,其他,,,,,30
,AC1701588,,,,,,,,,,,戴奕君,Male,26,宜蘭縣,金融業和房地產,,,,,20
,AC1701591,,,,,,,,,,,廖家安,Female,43,新北市,住宿和餐飲業,,,,,40
,AC1701593,,,,,,,,,,,吳秉瑋,Male,37,宜蘭縣,金融業和房地產,,,,,30
,AC1701594,,,,,,,,,,,劉于恆,Female,41,新北市,金融業和房地產,,,,,40
,AC1701595,,,,,,,,,,,賴文賢,Female,37,新北市,其他,,,,,30
,AC1701600,,,,,,,,,,,張淑君,Male,28,宜蘭縣,金融業和房地產,,,,,20
,AC1701601,,,,,,,,,,,林郁羽,Female,29,新北市,其他,,,,,20
,AC1701603,,,,,,,,,,,謝怡萱,Female,32,新北市,住宿和餐飲業,,,,,30
,AC1701605,,,,,,,,,,,崔雅茹,Female,33,宜蘭縣,金融業和房地產,,,,,30
,AC1701607,,,,,,,,,,,黎永柔,Female,35,宜蘭縣,住宿和餐飲業,,,,,30
,AC1701609,,,,,,,,,,,封欣宜,Female,39,宜蘭縣,金融業和房地產,,,,,30
,AC1701617,,,,,,,,,,,張雅婷,Female,24,宜蘭縣,農林漁牧業,,,,,20
,AC1701621,,,,,,,,,,,林佩樺,Female,29,宜蘭縣,住宿和餐飲業,,,,,20
,AC1701623,,,,,,,,,,,黃彥英,Male,23,宜蘭縣,其他,,,,,20
,AC1701629,,,,,,,,,,,謝登育,Female,23,新北市,金融業和房地產,,,,,20
,AC1701630,,,,,,,,,,,洪柏杰,Female,30,新北市,金融業和房地產,,,,,30
,AC1701636,,,,,,,,,,,陳俐玲,Female,42,宜蘭縣,金融業和房地產,,,,,40
,AC1701644,,,,,,,,,,,陳金仲,Male,34,宜蘭縣,金融業和房地產,,,,,30
,AC1701646,,,,,,,,,,,李宗茵,Female,32,新北市,金融業和房地產,,,,,30
,AC1701651,,,,,,,,,,,方紀水,Female,34,新北市,金融業和房地產,,,,,30
,AC1701652,,,,,,,,,,,劉緯良,Male,29,宜蘭縣,金融業和房地產,,,,,20
,AC1701660,,,,,,,,,,,吳宜妤,Female,33,新北市,金融業和房地產,,,,,30
,AC1701664,,,,,,,,,,,吳政強,Male,37,宜蘭縣,金融業和房地產,,,,,30
,AC1701665,,,,,,,,,,,黃麗卿,Female,31,宜蘭縣,金融業和房地產,,,,,30
,AC1701667,,,,,,,,,,,鄒堯方,Male,41,宜蘭縣,其他,,,,,40
,AC1701672,,,,,,,,,,,陳怡斌,Male,43,宜蘭縣,住宿和餐飲業,,,,,40
,AC1701674,,,,,,,,,,,巴蘭麟,Male,36,宜蘭縣,金融業和房地產,,,,,30
,AC1701676,,,,,,,,,,,強石松,Male,48,宜蘭縣,金融業和房地產,,,,,40
,AC1701680,,,,,,,,,,,黃冠香,Female,36,新北市,住宿和餐飲業,,,,,30
,AC1701683,,,,,,,,,,,袁志雨,Male,28,宜蘭縣,其他,,,,,20
,AC1701684,,,,,,,,,,,蔡佑揚,Female,31,新北市,金融業和房地產,,,,,30
,AC1701690,,,,,,,,,,,姜芳芸,Female,40,宜蘭縣,金融業和房地產,,,,,40
,AC1701700,,,,,,,,,,,吳馨樂,Female,36,宜蘭縣,金融業和房地產,,,,,30
,AC1701707,,,,,,,,,,,李韻昆,Female,35,新北市,其他,,,,,30
,AC1701710,,,,,,,,,,,李家謙,Female,43,新北市,金融業和房地產,,,,,40
,AC1701711,,,,,,,,,,,林牧善,Male,27,宜蘭縣,金融業和房地產,,,,,20
,AC1701727,,,,,,,,,,,林哲宜,Male,27,宜蘭縣,住宿和餐飲業,,,,,20
,AC1701741,,,,,,,,,,,顏文欣,Female,21,新北市,金融業和房地產,,,,,20
,AC1701743,,,,,,,,,,,倪原珊,Female,35,新北市,金融業和房地產,,,,,30
,AC1701748,,,,,,,,,,,陳冠利,Female,49,新北市,其他,,,,,40
,AC1701754,,,,,,,,,,,朱俊緯,Male,36,宜蘭縣,金融業和房地產,,,,,30
,AC1701758,,,,,,,,,,,袁嬌其,Male,31,宜蘭縣,金融業和房地產,,,,,30
,AC1701761,,,,,,,,,,,余婉瑜,Female,43,宜蘭縣,金融業和房地產,,,,,40
,AC1701768,,,,,,,,,,,黃姿吟,Female,47,宜蘭縣,金融業和房地產,,,,,40
,AC1701773,,,,,,,,,,,黃宗穎,Female,36,新北市,金融業和房地產,,,,,30
,AC1701775,,,,,,,,,,,梁書城,Female,32,新北市,金融業和房地產,,,,,30
,AC1701780,,,,,,,,,,,林郁愛,Female,39,宜蘭縣,金融業和房地產,,,,,30
,AC1701783,,,,,,,,,,,林玫銘,Female,37,新北市,金融業和房地產,,,,,30
,AC1701790,,,,,,,,,,,周佳玲,Female,32,宜蘭縣,金融業和房地產,,,,,30
,AC1701791,,,,,,,,,,,陳予然,Male,34,宜蘭縣,金融業和房地產,,,,,30
,AC1701799,,,,,,,,,,,陳卉馨,Female,42,宜蘭縣,住宿和餐飲業,,,,,40
,AC1701802,,,,,,,,,,,閻丞寧,Female,29,新北市,其他,,,,,20
,AC1701803,,,,,,,,,,,吳惟剛,Male,31,宜蘭縣,住宿和餐飲業,,,,,30
,AC1701807,,,,,,,,,,,邱卉儒,Female,41,新北市,金融業和房地產,,,,,40
,AC1701809,,,,,,,,,,,蔡竣璇,Male,47,宜蘭縣,其他,,,,,40
,AC1701812,,,,,,,,,,,李明夫,Male,29,宜蘭縣,金融業和房地產,,,,,20
,AC1701813,,,,,,,,,,,蔡家豪,Male,35,宜蘭縣,金融業和房地產,,,,,30
,AC1701814,,,,,,,,,,,湛美惠,Female,33,新北市,住宿和餐飲業,,,,,30
,AC1701817,,,,,,,,,,,常桂軍,Male,33,宜蘭縣,金融業和房地產,,,,,30
,AC1701819,,,,,,,,,,,黃培良,Male,25,宜蘭縣,住宿和餐飲業,,,,,20
,AC1701822,,,,,,,,,,,劉雅任,Female,30,新北市,教育體育文化,,,,,30
,AC1701823,,,,,,,,,,,胡俊賢,Male,41,宜蘭縣,金融業和房地產,,,,,40
,AC1701827,,,,,,,,,,,彭佳蓉,Female,32,新北市,金融業和房地產,,,,,30
,AC1701828,,,,,,,,,,,羅得邦,Female,50,新北市,金融業和房地產,,,,,50
,AC1701831,,,,,,,,,,,方怡伶,Female,32,宜蘭縣,金融業和房地產,,,,,30
,AC1701836,,,,,,,,,,,陳惠玲,Female,32,新北市,金融業和房地產,,,,,30
,AC1701838,,,,,,,,,,,陳恒珮,Female,36,新北市,教育體育文化,,,,,30
,AC1701843,,,,,,,,,,,郭家弘,Male,35,宜蘭縣,金融業和房地產,,,,,30
,AC1701844,,,,,,,,,,,林白能,Male,36,宜蘭縣,金融業和房地產,,,,,30
,AC1701845,,,,,,,,,,,蔡雅雯,Female,40,宜蘭縣,住宿和餐飲業,,,,,40
,AC1701855,,,,,,,,,,,陳俊傑,Male,28,宜蘭縣,金融業和房地產,,,,,20
,AC1701859,,,,,,,,,,,李育萱,Female,21,宜蘭縣,金融業和房地產,,,,,20
,AC1701860,,,,,,,,,,,林志銘,Female,40,新北市,金融業和房地產,,,,,40
,AC1701865,,,,,,,,,,,楊淑芬,Female,37,宜蘭縣,住宿和餐飲業,,,,,30
,AC1701868,,,,,,,,,,,史智凱,Male,29,宜蘭縣,金融業和房地產,,,,,20
,AC1701873,,,,,,,,,,,王家祥,Male,31,宜蘭縣,金融業和房地產,,,,,30
,AC1701874,,,,,,,,,,,羊宣富,Female,41,新北市,金融業和房地產,,,,,40
,AC1701876,,,,,,,,,,,李文凱,Female,42,新北市,住宿和餐飲業,,,,,40
,AC1701881,,,,,,,,,,,謝敬仰,Female,32,新北市,金融業和房地產,,,,,30
,AC1701882,,,,,,,,,,,曹守芃,Female,31,宜蘭縣,其他,,,,,30
,AC1701888,,,,,,,,,,,高淑寶,Female,28,新北市,住宿和餐飲業,,,,,20
,AC1701889,,,,,,,,,,,李婉婷,Female,40,新北市,其他,,,,,40
,AC1701890,,,,,,,,,,,黃廷侑,Male,37,宜蘭縣,金融業和房地產,,,,,30
,AC1701891,,,,,,,,,,,許文明,Male,39,宜蘭縣,金融業和房地產,,,,,30
,AC1701892,,,,,,,,,,,李孟欣,Female,40,新北市,教育體育文化,,,,,40
,AC1701894,,,,,,,,,,,鄧哲瑋,Male,36,宜蘭縣,金融業和房地產,,,,,30
,AC1701895,,,,,,,,,,,韓惠如,Female,34,宜蘭縣,金融業和房地產,,,,,30
,AC1701902,,,,,,,,,,,胡秋其,Female,40,新北市,其他,,,,,40
,AC1701908,,,,,,,,,,,林邦霞,Male,33,宜蘭縣,住宿和餐飲業,,,,,30
,AC1701909,,,,,,,,,,,李婉月,Female,36,新北市,金融業和房地產,,,,,30
,AC1701912,,,,,,,,,,,賴白柏,Female,35,新北市,教育體育文化,,,,,30
,AC1701917,,,,,,,,,,,白火士,Male,41,宜蘭縣,金融業和房地產,,,,,40
,AC1701920,,,,,,,,,,,吳予陽,Female,36,新北市,住宿和餐飲業,,,,,30
,AC1701922,,,,,,,,,,,謝宜茜,Female,37,新北市,金融業和房地產,,,,,30
,AC1701929,,,,,,,,,,,張智娟,Female,34,新北市,金融業和房地產,,,,,30
,AC1701930,,,,,,,,,,,王宜珊,Female,42,新北市,金融業和房地產,,,,,40
,AC1701931,,,,,,,,,,,劉怡男,Male,36,宜蘭縣,教育體育文化,,,,,30
,AC1701932,,,,,,,,,,,劉豐玄,Male,41,宜蘭縣,金融業和房地產,,,,,40
,AC1701945,,,,,,,,,,,黃雲珍,Female,31,新北市,金融業和房地產,,,,,30
,AC1701952,,,,,,,,,,,劉夢臻,Female,31,新北市,金融業和房地產,,,,,30
,AC1701953,,,,,,,,,,,張佳琪,Female,35,新北市,金融業和房地產,,,,,30
,AC1701961,,,,,,,,,,,林國偉,Male,37,宜蘭縣,教育體育文化,,,,,30
,AC1701964,,,,,,,,,,,林嘉齊,Male,34,宜蘭縣,金融業和房地產,,,,,30
,AC1701966,,,,,,,,,,,吳麗華,Female,35,新北市,其他,,,,,30
,AC1701971,,,,,,,,,,,陳威琪,Female,28,新北市,住宿和餐飲業,,,,,20
,AC1701973,,,,,,,,,,,陳俊淑,Female,31,新北市,住宿和餐飲業,,,,,30
,AC1701974,,,,,,,,,,,陳明名,Male,36,宜蘭縣,金融業和房地產,,,,,30
,AC1701975,,,,,,,,,,,黎雅婷,Female,29,新北市,住宿和餐飲業,,,,,20
,AC1701980,,,,,,,,,,,馮若合,Female,41,新北市,金融業和房地產,,,,,40
,AC1701982,,,,,,,,,,,李雅茹,Female,28,宜蘭縣,金融業和房地產,,,,,20
,AC1701986,,,,,,,,,,,蘇雅慧,Female,35,宜蘭縣,教育體育文化,,,,,30
,AC1701987,,,,,,,,,,,黃勇蓁,Male,33,宜蘭縣,教育體育文化,,,,,30
,AC1701993,,,,,,,,,,,劉孟軒,Male,32,宜蘭縣,金融業和房地產,,,,,30
,AC1701995,,,,,,,,,,,陳展桓,Male,34,宜蘭縣,金融業和房地產,,,,,30
,AC1701996,,,,,,,,,,,陳家瑜,Male,24,宜蘭縣,金融業和房地產,,,,,20
,AC1702000,,,,,,,,,,,陳玟發,Female,37,新北市,住宿和餐飲業,,,,,30
,AC1702002,,,,,,,,,,,蔡宛亨,Female,45,新北市,其他,,,,,40
,AC1702003,,,,,,,,,,,林智超,Male,29,宜蘭縣,教育體育文化,,,,,20
,AC1702009,,,,,,,,,,,袁宜潔,Female,45,新北市,金融業和房地產,,,,,40
,AC1702010,,,,,,,,,,,黃怡安,Female,38,新北市,金融業和房地產,,,,,30
,AC1702011,,,,,,,,,,,王雅慧,Female,30,宜蘭縣,金融業和房地產,,,,,30
,AC1702012,,,,,,,,,,,吳淑珍,Female,34,新北市,住宿和餐飲業,,,,,30
,AC1702016,,,,,,,,,,,陳柏亨,Female,44,新北市,其他,,,,,40
,AC1702018,,,,,,,,,,,朱冠宇,Male,33,宜蘭縣,金融業和房地產,,,,,30
,AC1702019,,,,,,,,,,,袁素貞,Male,36,宜蘭縣,住宿和餐飲業,,,,,30
,AC1702028,,,,,,,,,,,黃文心,Male,25,宜蘭縣,其他,,,,,20
,AC1702029,,,,,,,,,,,黃心菁,Female,39,宜蘭縣,金融業和房地產,,,,,30
,AC1702030,,,,,,,,,,,林俊貴,Male,31,宜蘭縣,金融業和房地產,,,,,30
,AC1702031,,,,,,,,,,,吳文瑞,Male,36,宜蘭縣,金融業和房地產,,,,,30
,AC1702033,,,,,,,,,,,高玉鳳,Female,36,新北市,住宿和餐飲業,,,,,30
,AC1702037,,,,,,,,,,,王宛蓉,Female,37,新北市,金融業和房地產,,,,,30
,AC1702040,,,,,,,,,,,張郁文,Male,32,宜蘭縣,金融業和房地產,,,,,30
,AC1702045,,,,,,,,,,,蔣香柏,Male,29,宜蘭縣,金融業和房地產,,,,,20
,AC1702048,,,,,,,,,,,鄭雅娟,Female,39,宜蘭縣,金融業和房地產,,,,,30
,AC1702049,,,,,,,,,,,溫柏青,Male,42,宜蘭縣,其他,,,,,40
,AC1702051,,,,,,,,,,,賴佳宏,Male,24,宜蘭縣,教育體育文化,,,,,20
,AC1702060,,,,,,,,,,,沈凱倫,Female,32,新北市,住宿和餐飲業,,,,,30
,AC1702061,,,,,,,,,,,李淑慧,Female,38,新北市,金融業和房地產,,,,,30
,AC1702062,,,,,,,,,,,周耀宣,Female,26,新北市,金融業和房地產,,,,,20
,AC1702071,,,,,,,,,,,李駿琬,Female,37,宜蘭縣,住宿和餐飲業,,,,,30
,AC1702084,,,,,,,,,,,韓昇宏,Male,30,宜蘭縣,金融業和房地產,,,,,30
,AC1702085,,,,,,,,,,,葉修虹,Female,29,新北市,金融業和房地產,,,,,20
,AC1702092,,,,,,,,,,,王俊宏,Female,35,新北市,金融業和房地產,,,,,30
,AC1702095,,,,,,,,,,,崔嘉慧,Male,38,宜蘭縣,金融業和房地產,,,,,30
,AC1702101,,,,,,,,,,,陳純琇,Female,29,新北市,金融業和房地產,,,,,20
,AC1702105,,,,,,,,,,,洪昇華,Male,37,宜蘭縣,金融業和房地產,,,,,30
,AC1702115,,,,,,,,,,,桑慧敏,Female,36,宜蘭縣,金融業和房地產,,,,,30
,AC1702120,,,,,,,,,,,王淑琪,Female,43,宜蘭縣,其他,,,,,40
,AC1702123,,,,,,,,,,,王儀民,Male,23,宜蘭縣,金融業和房地產,,,,,20
,AC1702125,,,,,,,,,,,詹婉如,Female,30,宜蘭縣,其他,,,,,30
,AC1702129,,,,,,,,,,,陳恭齊,Male,33,宜蘭縣,金融業和房地產,,,,,30
,AC1702130,,,,,,,,,,,詹治妤,Female,48,宜蘭縣,其他,,,,,40
,AC1702131,,,,,,,,,,,穆湘婷,Female,32,新北市,住宿和餐飲業,,,,,30
,AC1702136,,,,,,,,,,,蔡政宏,Male,23,宜蘭縣,住宿和餐飲業,,,,,20
,AC1702138,,,,,,,,,,,李宜聖,Male,37,宜蘭縣,教育體育文化,,,,,30
,AC1702146,,,,,,,,,,,蔡承君,Female,30,新北市,教育體育文化,,,,,30
,AC1702149,,,,,,,,,,,梁子揚,Female,30,新北市,金融業和房地產,,,,,30
,AC1702152,,,,,,,,,,,方月臻,Female,41,新北市,金融業和房地產,,,,,40
,AC1702154,,,,,,,,,,,潘振幸,Male,46,宜蘭縣,金融業和房地產,,,,,40
,AC1702157,,,,,,,,,,,侯盈如,Female,44,新北市,其他,,,,,40
,AC1702158,,,,,,,,,,,婁麗娟,Female,34,新北市,住宿和餐飲業,,,,,30
,AC1702163,,,,,,,,,,,楊佳年,Female,42,桃園市,其他,,,,,40
,AC1702164,,,,,,,,,,,袁惠芳,Male,58,桃園市,住宿和餐飲業,,,,,50
,AC1702165,,,,,,,,,,,林柏利,Male,52,桃園市,住宿和餐飲業,,,,,50
,AC1702167,,,,,,,,,,,蔡智翔,Male,50,桃園市,住宿和餐飲業,,,,,50
,AC1702169,,,,,,,,,,,林欣春,Male,35,桃園市,住宿和餐飲業,,,,,30
,AC1702171,,,,,,,,,,,劉義勳,Male,49,桃園市,住宿和餐飲業,,,,,40
,AC1702172,,,,,,,,,,,邱志賢,Male,47,桃園市,其他,,,,,40
,AC1702175,,,,,,,,,,,何志峰,Male,43,桃園市,住宿和餐飲業,,,,,40
,AC1702178,,,,,,,,,,,賴紹佳,Male,53,桃園市,住宿和餐飲業,,,,,50
,AC1702190,,,,,,,,,,,李宗達,Male,54,桃園市,其他,,,,,50
,AC1702193,,,,,,,,,,,許建志,Male,63,桃園市,其他,,,,,60
,AC1702194,,,,,,,,,,,黃向岑,Male,63,桃園市,住宿和餐飲業,,,,,60
,AC1702197,,,,,,,,,,,陳政廷,Female,59,桃園市,其他,,,,,50
,AC1702198,,,,,,,,,,,王峻鑫,Male,52,桃園市,住宿和餐飲業,,,,,50
,AC1702201,,,,,,,,,,,黃淳尹,Male,51,桃園市,住宿和餐飲業,,,,,50
,AC1702205,,,,,,,,,,,王志賢,Male,54,桃園市,其他,,,,,50
,AC1702206,,,,,,,,,,,謝志穎,Female,50,桃園市,其他,,,,,50
,AC1702207,,,,,,,,,,,劉南天,Male,45,桃園市,農林漁牧業,,,,,40
,AC1702212,,,,,,,,,,,許淑玲,Female,52,桃園市,住宿和餐飲業,,,,,50
,AC1702213,,,,,,,,,,,許興新,Female,28,桃園市,其他,,,,,20
,AC1702216,,,,,,,,,,,林惠綺,Male,53,桃園市,住宿和餐飲業,,,,,50
,AC1702232,,,,,,,,,,,陳軒岳,Male,62,桃園市,其他,,,,,60
,AC1702237,,,,,,,,,,,陳雅君,Male,41,桃園市,住宿和餐飲業,,,,,40
,AC1702238,,,,,,,,,,,張凱元,Male,51,桃園市,其他,,,,,50
,AC1702240,,,,,,,,,,,白建智,Male,58,桃園市,住宿和餐飲業,,,,,50
,AC1702244,,,,,,,,,,,白杰洋,Male,39,桃園市,住宿和餐飲業,,,,,30
,AC1702246,,,,,,,,,,,黃淑紫,Male,55,桃園市,住宿和餐飲業,,,,,50
,AC1702247,,,,,,,,,,,李欣怡,Male,45,桃園市,其他,,,,,40
,AC1702252,,,,,,,,,,,黃鈞谷,Male,45,桃園市,其他,,,,,40
,AC1702255,,,,,,,,,,,王偉倫,Male,33,桃園市,農林漁牧業,,,,,30
,AC1702258,,,,,,,,,,,梁柔韋,Male,59,桃園市,住宿和餐飲業,,,,,50
,AC1702264,,,,,,,,,,,楊智琳,Male,57,桃園市,住宿和餐飲業,,,,,50
,AC1702266,,,,,,,,,,,林政達,Male,43,桃園市,其他,,,,,40
,AC1702267,,,,,,,,,,,蕭冠宇,Male,45,桃園市,住宿和餐飲業,,,,,40
,AC1702270,,,,,,,,,,,黃怡蓁,Male,47,桃園市,其他,,,,,40
,AC1702274,,,,,,,,,,,王維英,Female,58,桃園市,其他,,,,,50
,AC1702275,,,,,,,,,,,林文茵,Male,46,桃園市,住宿和餐飲業,,,,,40
,AC1702276,,,,,,,,,,,刁麗萍,Female,50,桃園市,住宿和餐飲業,,,,,50
,AC1702281,,,,,,,,,,,詹英丹,Male,53,桃園市,住宿和餐飲業,,,,,50
,AC1702285,,,,,,,,,,,戴玉華,Male,50,桃園市,住宿和餐飲業,,,,,50
,AC1702287,,,,,,,,,,,蔡政勳,Female,56,桃園市,其他,,,,,50
,AC1702293,,,,,,,,,,,盧水江,Female,63,桃園市,其他,,,,,60
,AC1702299,,,,,,,,,,,王小群,Female,56,桃園市,其他,,,,,50
,AC1702307,,,,,,,,,,,林怡文,Male,41,桃園市,住宿和餐飲業,,,,,40
,AC1702309,,,,,,,,,,,賴怡萍,Female,44,桃園市,其他,,,,,40
,AC1702313,,,,,,,,,,,張育明,Male,51,桃園市,住宿和餐飲業,,,,,50
,AC1702314,,,,,,,,,,,吳聖凱,Male,51,桃園市,住宿和餐飲業,,,,,50
,AC1702317,,,,,,,,,,,張佳慧,Female,48,桃園市,其他,,,,,40
,AC1702318,,,,,,,,,,,蔡正玫,Male,51,桃園市,住宿和餐飲業,,,,,50
,AC1702322,,,,,,,,,,,鄧至心,Female,47,桃園市,其他,,,,,40
,AC1702324,,,,,,,,,,,陳維倫,Male,50,桃園市,其他,,,,,50
,AC1702331,,,,,,,,,,,江柏鈞,Male,48,桃園市,教育體育文化,,,,,40
,AC1702332,,,,,,,,,,,賴苑華,Male,52,桃園市,其他,,,,,50
,AC1702336,,,,,,,,,,,洪協添,Male,42,桃園市,住宿和餐飲業,,,,,40
,AC1702340,,,,,,,,,,,李政雲,Male,55,桃園市,住宿和餐飲業,,,,,50
,AC1702352,,,,,,,,,,,阮怡雯,Female,54,桃園市,住宿和餐飲業,,,,,50
,AC1702353,,,,,,,,,,,吳明威,Male,54,桃園市,住宿和餐飲業,,,,,50
,AC1702354,,,,,,,,,,,黃秀財,Male,45,桃園市,其他,,,,,40
,AC1702356,,,,,,,,,,,楊惠青,Female,59,桃園市,金融業和房地產,,,,,50
,AC1702361,,,,,,,,,,,沈彥廷,Male,47,桃園市,住宿和餐飲業,,,,,40
,AC1702362,,,,,,,,,,,柯雅竹,Male,51,桃園市,住宿和餐飲業,,,,,50
,AC1702363,,,,,,,,,,,蔡宜汝,Female,36,桃園市,住宿和餐飲業,,,,,30
,AC1702370,,,,,,,,,,,吳念學,Male,45,桃園市,住宿和餐飲業,,,,,40
,AC1702375,,,,,,,,,,,陳文娥,Female,45,桃園市,金融業和房地產,,,,,40
,AC1702377,,,,,,,,,,,蔡怡婷,Female,47,桃園市,其他,,,,,40
,AC1702381,,,,,,,,,,,金玉梅,Female,54,桃園市,其他,,,,,50
,AC1702386,,,,,,,,,,,白均琴,Female,52,桃園市,其他,,,,,50
,AC1702396,,,,,,,,,,,劉怡修,Male,40,桃園市,住宿和餐飲業,,,,,40
,AC1702397,,,,,,,,,,,王志遠,Male,41,桃園市,住宿和餐飲業,,,,,40
,AC1702399,,,,,,,,,,,賴彥定,Male,58,桃園市,住宿和餐飲業,,,,,50
,AC1702404,,,,,,,,,,,陳怡君,Male,59,桃園市,住宿和餐飲業,,,,,50
,AC1702405,,,,,,,,,,,王詩富,Male,49,桃園市,住宿和餐飲業,,,,,40
,AC1702408,,,,,,,,,,,李忠和,Female,44,桃園市,其他,,,,,40
,AC1702411,,,,,,,,,,,黃雅婷,Female,56,桃園市,其他,,,,,50
,AC1702415,,,,,,,,,,,陳盈龍,Male,58,桃園市,住宿和餐飲業,,,,,50
,AC1702419,,,,,,,,,,,陳奎恩,Male,47,桃園市,其他,,,,,40
,AC1702421,,,,,,,,,,,洪政廷,Male,53,桃園市,住宿和餐飲業,,,,,50
,AC1702422,,,,,,,,,,,杜合海,Female,56,桃園市,其他,,,,,50
,AC1702425,,,,,,,,,,,貢宗翰,Male,55,桃園市,住宿和餐飲業,,,,,50
,AC1702432,,,,,,,,,,,王揚茹,Male,43,桃園市,住宿和餐飲業,,,,,40
,AC1702437,,,,,,,,,,,李宗蓮,Male,56,桃園市,住宿和餐飲業,,,,,50
,AC1702446,,,,,,,,,,,陳麗芬,Female,48,桃園市,其他,,,,,40
,AC1702450,,,,,,,,,,,胡佳慧,Female,52,桃園市,其他,,,,,50
,AC1702452,,,,,,,,,,,王文茂,Male,47,桃園市,住宿和餐飲業,,,,,40
,AC1702454,,,,,,,,,,,郭玲隆,Male,38,桃園市,住宿和餐飲業,,,,,30
,AC1702456,,,,,,,,,,,林姵冰,Female,46,桃園市,其他,,,,,40
,AC1702465,,,,,,,,,,,王靜怡,Female,59,桃園市,其他,,,,,50
,AC1702467,,,,,,,,,,,李欣怡,Female,48,桃園市,金融業和房地產,,,,,40
,AC1702470,,,,,,,,,,,陳柏枝,Male,60,桃園市,其他,,,,,60
,AC1702472,,,,,,,,,,,童陽恩,Male,48,桃園市,住宿和餐飲業,,,,,40
,AC1702480,,,,,,,,,,,方維榮,Female,57,桃園市,金融業和房地產,,,,,50
,AC1702489,,,,,,,,,,,許佳容,Male,47,桃園市,住宿和餐飲業,,,,,40
,AC1702490,,,,,,,,,,,陳俊恬,Male,52,桃園市,住宿和餐飲業,,,,,50
,AC1702494,,,,,,,,,,,葉佳慧,Female,46,桃園市,住宿和餐飲業,,,,,40
,AC1702495,,,,,,,,,,,謝韻毓,Male,24,桃園市,其他,,,,,20
,AC1702502,,,,,,,,,,,侯元儀,Female,58,桃園市,其他,,,,,50
,AC1702503,,,,,,,,,,,陳茂松,Male,56,桃園市,住宿和餐飲業,,,,,50
,AC1702506,,,,,,,,,,,唐豪秋,Female,43,桃園市,其他,,,,,40
,AC1702521,,,,,,,,,,,李靜意,Male,48,桃園市,住宿和餐飲業,,,,,40
,AC1702530,,,,,,,,,,,羅凱緯,Male,49,桃園市,住宿和餐飲業,,,,,40
,AC1702534,,,,,,,,,,,林禎合,Male,46,桃園市,住宿和餐飲業,,,,,40
,AC1702539,,,,,,,,,,,林承琇,Female,59,桃園市,其他,,,,,50
,AC1702540,,,,,,,,,,,王德燦,Male,48,桃園市,其他,,,,,40
,AC1702554,,,,,,,,,,,王美娟,Female,42,桃園市,住宿和餐飲業,,,,,40
,AC1702558,,,,,,,,,,,楊宇龍,Male,60,桃園市,金融業和房地產,,,,,60
,AC1702559,,,,,,,,,,,陳慧月,Male,59,桃園市,其他,,,,,50
,AC1702560,,,,,,,,,,,劉婉玲,Female,50,桃園市,住宿和餐飲業,,,,,50
,AC1702564,,,,,,,,,,,文軍斌,Male,47,桃園市,住宿和餐飲業,,,,,40
,AC1702570,,,,,,,,,,,陳玉玲,Female,46,桃園市,住宿和餐飲業,,,,,40
,AC1702577,,,,,,,,,,,吳百原,Female,53,桃園市,金融業和房地產,,,,,50
,AC1702585,,,,,,,,,,,林韋善,Male,53,桃園市,其他,,,,,50
,AC1702586,,,,,,,,,,,杜百函,Female,51,桃園市,其他,,,,,50
,AC1702589,,,,,,,,,,,邱秀娟,Female,50,桃園市,住宿和餐飲業,,,,,50
,AC1702590,,,,,,,,,,,黃侑宣,Male,52,桃園市,住宿和餐飲業,,,,,50
,AC1702596,,,,,,,,,,,黃千茵,Male,52,桃園市,住宿和餐飲業,,,,,50
,AC1702597,,,,,,,,,,,李國岳,Male,60,桃園市,住宿和餐飲業,,,,,60
,AC1702600,,,,,,,,,,,羅乃文,Male,42,桃園市,其他,,,,,40
,AC1702602,,,,,,,,,,,張培洋,Male,64,桃園市,其他,,,,,60
,AC1702604,,,,,,,,,,,林至東,Male,51,桃園市,住宿和餐飲業,,,,,50
,AC1702607,,,,,,,,,,,陳佳泰,Female,26,桃園市,住宿和餐飲業,,,,,20
,AC1702610,,,,,,,,,,,陳冠霖,Male,51,桃園市,其他,,,,,50
,AC1702619,,,,,,,,,,,陳家宏,Male,34,桃園市,其他,,,,,30
,AC1702620,,,,,,,,,,,李郁雯,Female,46,桃園市,住宿和餐飲業,,,,,40
,AC1702621,,,,,,,,,,,王亮堯,Female,56,桃園市,農林漁牧業,,,,,50
,AC1702624,,,,,,,,,,,蔡泰念,Male,62,桃園市,住宿和餐飲業,,,,,60
,AC1702625,,,,,,,,,,,潘祖妹,Female,47,桃園市,農林漁牧業,,,,,40
,AC1702627,,,,,,,,,,,戴志皓,Female,56,桃園市,其他,,,,,50
,AC1702629,,,,,,,,,,,李怡君,Male,61,桃園市,住宿和餐飲業,,,,,60
,AC1702631,,,,,,,,,,,李人延,Male,48,桃園市,住宿和餐飲業,,,,,40
,AC1702633,,,,,,,,,,,藍平行,Female,55,桃園市,農林漁牧業,,,,,50
,AC1702634,,,,,,,,,,,劉建志,Male,51,桃園市,其他,,,,,50
,AC1702640,,,,,,,,,,,張嘉玲,Female,46,桃園市,農林漁牧業,,,,,40
,AC1702647,,,,,,,,,,,李佳聖,Male,54,桃園市,其他,,,,,50
,AC1702649,,,,,,,,,,,林家綺,Male,52,桃園市,其他,,,,,50
,AC1702655,,,,,,,,,,,袁佳欣,Male,42,桃園市,住宿和餐飲業,,,,,40
,AC1702660,,,,,,,,,,,陳法吉,Male,33,桃園市,農林漁牧業,,,,,30
,AC1702663,,,,,,,,,,,林佳琪,Male,47,桃園市,住宿和餐飲業,,,,,40
,AC1702664,,,,,,,,,,,張智文,Female,59,桃園市,住宿和餐飲業,,,,,50
,AC1702668,,,,,,,,,,,陳靖雯,Male,24,桃園市,農林漁牧業,,,,,20
,AC1702669,,,,,,,,,,,劉美良,Male,40,桃園市,住宿和餐飲業,,,,,40
,AC1702671,,,,,,,,,,,周士瑋,Female,48,桃園市,農林漁牧業,,,,,40
,AC1702675,,,,,,,,,,,李江芃,Female,44,桃園市,農林漁牧業,,,,,40
,AC1702677,,,,,,,,,,,陳思婷,Male,47,桃園市,住宿和餐飲業,,,,,40
,AC1702687,,,,,,,,,,,林佳盈,Female,57,桃園市,其他,,,,,50
,AC1702688,,,,,,,,,,,袁育德,Male,61,桃園市,住宿和餐飲業,,,,,60
,AC1702689,,,,,,,,,,,顏淑慧,Female,52,桃園市,其他,,,,,50
,AC1702697,,,,,,,,,,,黃傑和,Female,56,桃園市,農林漁牧業,,,,,50
,AC1702698,,,,,,,,,,,吳綺蓮,Female,43,桃園市,住宿和餐飲業,,,,,40
,AC1702704,,,,,,,,,,,張惠秀,Male,60,桃園市,其他,,,,,60
,AC1702705,,,,,,,,,,,李志豪,Male,63,桃園市,其他,,,,,60
,AC1702709,,,,,,,,,,,黃昌凡,Female,49,桃園市,其他,,,,,40
,AC1702714,,,,,,,,,,,趙緯祥,Male,58,桃園市,金融業和房地產,,,,,50
,AC1702717,,,,,,,,,,,林孟君,Male,50,桃園市,其他,,,,,50
,AC1702722,,,,,,,,,,,黃怡宇,Female,64,桃園市,住宿和餐飲業,,,,,60
,AC1702727,,,,,,,,,,,儲振尹,Male,47,桃園市,住宿和餐飲業,,,,,40
,AC1702730,,,,,,,,,,,賴承芬,Female,54,桃園市,住宿和餐飲業,,,,,50
,AC1702731,,,,,,,,,,,李佩琳,Female,53,桃園市,住宿和餐飲業,,,,,50
,AC1702735,,,,,,,,,,,楊瑤雄,Male,54,桃園市,其他,,,,,50
,AC1702740,,,,,,,,,,,林敬友,Female,44,桃園市,其他,,,,,40
,AC1702745,,,,,,,,,,,陳珍堯,Male,50,桃園市,住宿和餐飲業,,,,,50
,AC1702748,,,,,,,,,,,巫安希,Male,43,桃園市,其他,,,,,40
,AC1702753,,,,,,,,,,,陳信雨,Male,40,桃園市,其他,,,,,40
,AC1702757,,,,,,,,,,,王進燦,Male,63,桃園市,住宿和餐飲業,,,,,60
,AC1702760,,,,,,,,,,,李宜杰,Male,61,桃園市,其他,,,,,60
,AC1702761,,,,,,,,,,,徐得榮,Male,31,桃園市,住宿和餐飲業,,,,,30
,AC1702762,,,,,,,,,,,王淑卿,Female,51,桃園市,其他,,,,,50
,AC1702766,,,,,,,,,,,王詩忠,Male,53,桃園市,住宿和餐飲業,,,,,50
,AC1702770,,,,,,,,,,,楊建緯,Female,44,桃園市,金融業和房地產,,,,,40
,AC1702773,,,,,,,,,,,林佳軍,Male,54,桃園市,住宿和餐飲業,,,,,50
,AC1702776,,,,,,,,,,,宣婕妤,Female,43,桃園市,其他,,,,,40
,AC1702788,,,,,,,,,,,侯盈君,Female,43,桃園市,其他,,,,,40
,AC1702790,,,,,,,,,,,李建輝,Female,50,桃園市,其他,,,,,50
,AC1702792,,,,,,,,,,,楊怡伶,Female,45,桃園市,其他,,,,,40
,AC1702794,,,,,,,,,,,鄭心怡,Male,45,桃園市,金融業和房地產,,,,,40
,AC1702795,,,,,,,,,,,翁馨文,Male,36,桃園市,住宿和餐飲業,,,,,30
,AC1702797,,,,,,,,,,,張燕英,Male,49,桃園市,住宿和餐飲業,,,,,40
,AC1702807,,,,,,,,,,,王子亞,Female,53,桃園市,其他,,,,,50
,AC1702809,,,,,,,,,,,張子軒,Male,52,桃園市,住宿和餐飲業,,,,,50
,AC1702810,,,,,,,,,,,王韋伶,Female,54,桃園市,住宿和餐飲業,,,,,50
,AC1702813,,,,,,,,,,,王偉俊,Male,47,桃園市,住宿和餐飲業,,,,,40
,AC1702818,,,,,,,,,,,楊夙光,Female,38,桃園市,其他,,,,,30
,AC1702826,,,,,,,,,,,瞿冠宏,Male,58,桃園市,其他,,,,,50
,AC1702831,,,,,,,,,,,葉哲豪,Male,57,桃園市,住宿和餐飲業,,,,,50
,AC1702834,,,,,,,,,,,劉思妮,Female,57,桃園市,其他,,,,,50
,AC1702840,,,,,,,,,,,柯彥博,Male,48,桃園市,住宿和餐飲業,,,,,40
,AC1702844,,,,,,,,,,,陳怡君,Male,58,桃園市,住宿和餐飲業,,,,,50
,AC1702852,,,,,,,,,,,柳怡婷,Female,45,桃園市,其他,,,,,40
,AC1702854,,,,,,,,,,,何博文,Female,53,桃園市,其他,,,,,50
,AC1702859,,,,,,,,,,,李珈芃,Female,59,桃園市,住宿和餐飲業,,,,,50
,AC1702861,,,,,,,,,,,林嘉易,Male,46,桃園市,其他,,,,,40
,AC1702864,,,,,,,,,,,謝南人,Male,44,桃園市,住宿和餐飲業,,,,,40
,AC1702866,,,,,,,,,,,張美香,Female,47,桃園市,住宿和餐飲業,,,,,40
,AC1702872,,,,,,,,,,,謝裕火,Female,54,桃園市,其他,,,,,50
,AC1702875,,,,,,,,,,,賴怡華,Male,61,桃園市,其他,,,,,60
,AC1702876,,,,,,,,,,,林哲宇,Male,44,桃園市,住宿和餐飲業,,,,,40
,AC1702882,,,,,,,,,,,張東禮,Male,44,桃園市,住宿和餐飲業,,,,,40
,AC1702883,,,,,,,,,,,賴佩華,Male,60,桃園市,住宿和餐飲業,,,,,60
,AC1702886,,,,,,,,,,,陳育恩,Male,46,桃園市,住宿和餐飲業,,,,,40
,AC1702902,,,,,,,,,,,蔡亭幸,Male,57,桃園市,住宿和餐飲業,,,,,50
,AC1702903,,,,,,,,,,,黃于蕙,Female,50,桃園市,住宿和餐飲業,,,,,50
,AC1702905,,,,,,,,,,,林佳怡,Female,57,桃園市,住宿和餐飲業,,,,,50
,AC1702906,,,,,,,,,,,林欣怡,Male,43,桃園市,住宿和餐飲業,,,,,40
,AC1702917,,,,,,,,,,,游維中,Male,37,桃園市,住宿和餐飲業,,,,,30
,AC1702924,,,,,,,,,,,黃惠江,Male,43,桃園市,住宿和餐飲業,,,,,40
,AC1702925,,,,,,,,,,,李惠婷,Male,53,桃園市,住宿和餐飲業,,,,,50
,AC1702929,,,,,,,,,,,鄧淑卿,Female,55,桃園市,住宿和餐飲業,,,,,50
,AC1702930,,,,,,,,,,,駱佳坤,Female,39,桃園市,其他,,,,,30
,AC1702934,,,,,,,,,,,趙佳蓉,Female,46,桃園市,其他,,,,,40
,AC1702936,,,,,,,,,,,陳婉婷,Female,60,桃園市,住宿和餐飲業,,,,,60
,AC1702937,,,,,,,,,,,陳信侑,Female,52,桃園市,其他,,,,,50
,AC1702939,,,,,,,,,,,童淑盛,Male,50,桃園市,住宿和餐飲業,,,,,50
,AC1702942,,,,,,,,,,,沈妍洋,Male,49,桃園市,住宿和餐飲業,,,,,40
,AC1702943,,,,,,,,,,,楊清中,Male,37,桃園市,住宿和餐飲業,,,,,30
,AC1702946,,,,,,,,,,,李琦茂,Female,51,桃園市,其他,,,,,50
,AC1702947,,,,,,,,,,,陳雅龍,Female,34,桃園市,其他,,,,,30
,AC1702948,,,,,,,,,,,黃奕辰,Male,60,桃園市,其他,,,,,60
,AC1702950,,,,,,,,,,,林民淑,Male,38,桃園市,住宿和餐飲業,,,,,30
,AC1702951,,,,,,,,,,,李傑水,Female,53,桃園市,其他,,,,,50
,AC1702952,,,,,,,,,,,華俊迪,Male,43,桃園市,住宿和餐飲業,,,,,40
,AC1702953,,,,,,,,,,,陳宜祥,Female,34,桃園市,其他,,,,,30
,AC1702960,,,,,,,,,,,黃軒豪,Male,44,桃園市,住宿和餐飲業,,,,,40
,AC1702962,,,,,,,,,,,欒山一,Male,55,桃園市,其他,,,,,50
,AC1702968,,,,,,,,,,,趙依琴,Female,45,桃園市,其他,,,,,40
,AC1702970,,,,,,,,,,,葉禎忠,Male,57,桃園市,住宿和餐飲業,,,,,50
,AC1702972,,,,,,,,,,,盧典萍,Male,58,桃園市,住宿和餐飲業,,,,,50
,AC1702977,,,,,,,,,,,呂佳峰,Male,51,桃園市,住宿和餐飲業,,,,,50
,AC1702979,,,,,,,,,,,劉芳菁,Male,49,桃園市,住宿和餐飲業,,,,,40
,AC1702983,,,,,,,,,,,陳嘉慧,Male,40,桃園市,住宿和餐飲業,,,,,40
,AC1702985,,,,,,,,,,,林冠儒,Male,45,桃園市,住宿和餐飲業,,,,,40
,AC1702987,,,,,,,,,,,陳秋蓁,Male,49,桃園市,其他,,,,,40
,AC1702999,,,,,,,,,,,林建吟,Female,46,桃園市,住宿和餐飲業,,,,,40
,AC1703000,,,,,,,,,,,駱佳慧,Female,43,桃園市,其他,,,,,40
,AC1703004,,,,,,,,,,,陳淑芬,Male,56,桃園市,住宿和餐飲業,,,,,50
,AC1703009,,,,,,,,,,,黃雅雯,Male,61,桃園市,其他,,,,,60
,AC1703023,,,,,,,,,,,黎瑋倫,Male,58,桃園市,住宿和餐飲業,,,,,50
,AC1703031,,,,,,,,,,,王春萱,Female,55,桃園市,其他,,,,,50
,AC1703038,,,,,,,,,,,張佳玲,Female,48,桃園市,其他,,,,,40
,AC1703040,,,,,,,,,,,吳美利,Female,59,桃園市,其他,,,,,50
,AC1703046,,,,,,,,,,,徐志翔,Female,46,桃園市,住宿和餐飲業,,,,,40
,AC1703057,,,,,,,,,,,陳靜孜,Male,55,桃園市,住宿和餐飲業,,,,,50
,AC1703061,,,,,,,,,,,劉淑貞,Female,53,桃園市,其他,,,,,50
,AC1703062,,,,,,,,,,,李美君,Female,45,桃園市,其他,,,,,40
,AC1703067,,,,,,,,,,,謝孟雪,Female,60,桃園市,住宿和餐飲業,,,,,60
,AC1703068,,,,,,,,,,,蘇新治,Male,55,桃園市,其他,,,,,50
,AC1703070,,,,,,,,,,,李杰念,Male,46,桃園市,住宿和餐飲業,,,,,40
,AC1703077,,,,,,,,,,,楊秋萍,Female,44,桃園市,其他,,,,,40
,AC1703078,,,,,,,,,,,陳心燦,Male,52,桃園市,其他,,,,,50
,AC1703081,,,,,,,,,,,鍾明映,Female,61,桃園市,住宿和餐飲業,,,,,60
,AC1703083,,,,,,,,,,,戴右谷,Male,63,桃園市,住宿和餐飲業,,,,,60
,AC1703088,,,,,,,,,,,邢怡萍,Female,53,桃園市,其他,,,,,50
,AC1703091,,,,,,,,,,,楊宜蓁,Male,54,桃園市,其他,,,,,50
,AC1703093,,,,,,,,,,,弓容柔,Female,42,桃園市,住宿和餐飲業,,,,,40
,AC1703096,,,,,,,,,,,林秋剛,Female,56,桃園市,其他,,,,,50
,AC1703097,,,,,,,,,,,林孟紹,Male,44,桃園市,金融業和房地產,,,,,40
,AC1703101,,,,,,,,,,,陳淑劭,Female,46,桃園市,其他,,,,,40
,AC1703103,,,,,,,,,,,李婷婷,Female,57,桃園市,其他,,,,,50
,AC1703104,,,,,,,,,,,王景軒,Female,53,桃園市,金融業和房地產,,,,,50
,AC1703109,,,,,,,,,,,張進琴,Male,52,桃園市,金融業和房地產,,,,,50
,AC1703110,,,,,,,,,,,李柏宸,Male,47,桃園市,住宿和餐飲業,,,,,40
,AC1703113,,,,,,,,,,,趙建輝,Female,52,桃園市,教育體育文化,,,,,50
,AC1703117,,,,,,,,,,,邱佳琳,Female,27,桃園市,住宿和餐飲業,,,,,20
,AC1703119,,,,,,,,,,,李俊男,Female,47,桃園市,其他,,,,,40
,AC1703120,,,,,,,,,,,吳耿吉,Male,50,桃園市,金融業和房地產,,,,,50
,AC1703127,,,,,,,,,,,張玉治,Male,56,桃園市,其他,,,,,50
,AC1703128,,,,,,,,,,,林逸群,Male,40,桃園市,住宿和餐飲業,,,,,40
,AC1703131,,,,,,,,,,,李雅惠,Female,42,桃園市,其他,,,,,40
,AC1703132,,,,,,,,,,,趙雅玲,Female,30,桃園市,金融業和房地產,,,,,30
,AC1703150,,,,,,,,,,,謝政宏,Female,57,桃園市,金融業和房地產,,,,,50
,AC1703151,,,,,,,,,,,倪育誠,Male,39,桃園市,其他,,,,,30
,AC1703152,,,,,,,,,,,孫景瑄,Male,33,桃園市,住宿和餐飲業,,,,,30
,AC1703153,,,,,,,,,,,黃志宣,Female,48,桃園市,其他,,,,,40
,AC1703164,,,,,,,,,,,林金凱,Male,58,桃園市,其他,,,,,50
,AC1703165,,,,,,,,,,,李佳芝,Male,47,桃園市,其他,,,,,40
,AC1703168,,,,,,,,,,,林平吟,Male,51,桃園市,住宿和餐飲業,,,,,50
,AC1703170,,,,,,,,,,,王文博,Female,49,桃園市,其他,,,,,40
,AC1703179,,,,,,,,,,,汪曼儀,Female,53,桃園市,其他,,,,,50
,AC1703187,,,,,,,,,,,王士銘,Male,48,桃園市,住宿和餐飲業,,,,,40
,AC1703195,,,,,,,,,,,蕭馥全,Male,49,桃園市,其他,,,,,40
,AC1703197,,,,,,,,,,,何純孜,Male,37,桃園市,住宿和餐飲業,,,,,30
,AC1703198,,,,,,,,,,,林奕茂,Male,61,桃園市,住宿和餐飲業,,,,,60
,AC1703200,,,,,,,,,,,蔡怡君,Female,42,桃園市,住宿和餐飲業,,,,,40
,AC1703214,,,,,,,,,,,黃盈甄,Female,55,桃園市,其他,,,,,50
,AC1703215,,,,,,,,,,,林筠利,Male,60,桃園市,住宿和餐飲業,,,,,60
,AC1703216,,,,,,,,,,,楊雅筑,Female,48,桃園市,住宿和餐飲業,,,,,40
,AC1703217,,,,,,,,,,,李百治,Male,48,桃園市,教育體育文化,,,,,40
,AC1703219,,,,,,,,,,,葉欣潔,Female,46,桃園市,金融業和房地產,,,,,40
,AC1703221,,,,,,,,,,,賴安冰,Male,45,桃園市,住宿和餐飲業,,,,,40
,AC1703224,,,,,,,,,,,張凱倫,Female,42,桃園市,教育體育文化,,,,,40
,AC1703227,,,,,,,,,,,陳鴻映,Female,46,桃園市,其他,,,,,40
,AC1703231,,,,,,,,,,,鄭婉婷,Female,42,桃園市,其他,,,,,40
,AC1703248,,,,,,,,,,,呂萱芃,Female,57,桃園市,教育體育文化,,,,,50
,AC1703250,,,,,,,,,,,劉尚亞,Female,58,桃園市,教育體育文化,,,,,50
,AC1703251,,,,,,,,,,,陳俊逸,Male,56,桃園市,教育體育文化,,,,,50
,AC1703258,,,,,,,,,,,楊心怡,Male,48,桃園市,金融業和房地產,,,,,40
,AC1703262,,,,,,,,,,,洪曼斌,Female,52,桃園市,教育體育文化,,,,,50
,AC1703263,,,,,,,,,,,游欣樺,Male,56,桃園市,其他,,,,,50
,AC1703265,,,,,,,,,,,黃法蓮,Female,51,桃園市,教育體育文化,,,,,50
,AC1703270,,,,,,,,,,,陳俊貴,Male,49,桃園市,住宿和餐飲業,,,,,40
,AC1703273,,,,,,,,,,,盧秋萍,Female,54,桃園市,其他,,,,,50
,AC1703274,,,,,,,,,,,楊景翔,Male,55,桃園市,住宿和餐飲業,,,,,50
,AC1703277,,,,,,,,,,,王姿婷,Female,50,桃園市,其他,,,,,50
,AC1703284,,,,,,,,,,,魏虹星,Female,30,基隆市,農林漁牧業,,,,,30
,AC1703285,,,,,,,,,,,龐儒茜,Female,33,基隆市,金融業和房地產,,,,,30
,AC1703286,,,,,,,,,,,張舒鑫,Female,36,基隆市,其他,,,,,30
,AC1703287,,,,,,,,,,,郭俊孝,Male,37,基隆市,其他,,,,,30
,AC1703289,,,,,,,,,,,黃旭聿,Male,30,基隆市,金融業和房地產,,,,,30
,AC1703293,,,,,,,,,,,邱麗娟,Female,25,基隆市,其他,,,,,20
,AC1703294,,,,,,,,,,,張嘉珍,Female,26,基隆市,金融業和房地產,,,,,20
,AC1703298,,,,,,,,,,,林子揚,Male,28,基隆市,住宿和餐飲業,,,,,20
,AC1703299,,,,,,,,,,,徐美君,Female,42,基隆市,其他,,,,,40
,AC1703302,,,,,,,,,,,李美峰,Male,30,基隆市,住宿和餐飲業,,,,,30
,AC1703303,,,,,,,,,,,張建霞,Female,20,基隆市,其他,,,,,20
,AC1703307,,,,,,,,,,,連淑芬,Female,34,基隆市,金融業和房地產,,,,,30
,AC1703315,,,,,,,,,,,蘇建勳,Male,32,基隆市,其他,,,,,30
,AC1703316,,,,,,,,,,,吳星輝,Male,45,基隆市,其他,,,,,40
,AC1703321,,,,,,,,,,,鄭禮希,Female,49,基隆市,金融業和房地產,,,,,40
,AC1703330,,,,,,,,,,,冷茂妹,Female,41,基隆市,金融業和房地產,,,,,40
,AC1703335,,,,,,,,,,,王志峰,Female,51,基隆市,住宿和餐飲業,,,,,50
,AC1703348,,,,,,,,,,,高芃延,Female,38,基隆市,金融業和房地產,,,,,30
,AC1703351,,,,,,,,,,,李佳彥,Female,33,基隆市,其他,,,,,30
,AC1703355,,,,,,,,,,,謝承行,Male,36,基隆市,金融業和房地產,,,,,30
,AC1703366,,,,,,,,,,,陳克谷,Female,34,基隆市,金融業和房地產,,,,,30
,AC1703370,,,,,,,,,,,蔡明廷,Female,46,基隆市,金融業和房地產,,,,,40
,AC1703372,,,,,,,,,,,王敏瑞,Male,35,基隆市,住宿和餐飲業,,,,,30
,AC1703375,,,,,,,,,,,黃逸豪,Male,26,基隆市,住宿和餐飲業,,,,,20
,AC1703386,,,,,,,,,,,林義季,Male,32,基隆市,金融業和房地產,,,,,30
,AC1703389,,,,,,,,,,,黃麗美,Female,33,基隆市,金融業和房地產,,,,,30
,AC1703397,,,,,,,,,,,陳翔穎,Male,34,基隆市,其他,,,,,30
,AC1703398,,,,,,,,,,,宋詩婷,Female,34,基隆市,金融業和房地產,,,,,30
,AC1703399,,,,,,,,,,,林麗芷,Female,39,基隆市,其他,,,,,30
,AC1703401,,,,,,,,,,,王柏雄,Female,22,基隆市,金融業和房地產,,,,,20
,AC1703404,,,,,,,,,,,韓妤齊,Female,36,基隆市,住宿和餐飲業,,,,,30
,AC1703408,,,,,,,,,,,袁聿玫,Female,33,基隆市,金融業和房地產,,,,,30
,AC1703420,,,,,,,,,,,方小瑤,Female,41,基隆市,住宿和餐飲業,,,,,40
,AC1703423,,,,,,,,,,,陳文生,Female,42,基隆市,金融業和房地產,,,,,40
,AC1703426,,,,,,,,,,,楊怡婷,Male,33,基隆市,住宿和餐飲業,,,,,30
,AC1703428,,,,,,,,,,,杜玉昀,Male,33,基隆市,住宿和餐飲業,,,,,30
,AC1703430,,,,,,,,,,,許志穎,Female,36,基隆市,其他,,,,,30
,AC1703434,,,,,,,,,,,林依婷,Female,38,基隆市,金融業和房地產,,,,,30
,AC1703437,,,,,,,,,,,楊志傑,Male,36,基隆市,住宿和餐飲業,,,,,30
,AC1703438,,,,,,,,,,,陳建輝,Male,44,基隆市,住宿和餐飲業,,,,,40
,AC1703440,,,,,,,,,,,吳惠珍,Female,44,基隆市,住宿和餐飲業,,,,,40
,AC1703442,,,,,,,,,,,蕭定天,Male,35,基隆市,住宿和餐飲業,,,,,30
,AC1703455,,,,,,,,,,,賴耀德,Female,29,基隆市,金融業和房地產,,,,,20
,AC1703458,,,,,,,,,,,劉雅俊,Male,33,基隆市,其他,,,,,30
,AC1703465,,,,,,,,,,,李宗霞,Female,41,基隆市,金融業和房地產,,,,,40
,AC1703470,,,,,,,,,,,黃宜珊,Female,44,基隆市,金融業和房地產,,,,,40
,AC1703484,,,,,,,,,,,蔡孟芷,Female,43,基隆市,金融業和房地產,,,,,40
,AC1703489,,,,,,,,,,,陳竣香,Male,46,基隆市,住宿和餐飲業,,,,,40
,AC1703490,,,,,,,,,,,洪展義,Female,29,基隆市,金融業和房地產,,,,,20
,AC1703495,,,,,,,,,,,張淑合,Male,43,基隆市,其他,,,,,40
,AC1703496,,,,,,,,,,,王羿慧,Female,45,基隆市,其他,,,,,40
,AC1703500,,,,,,,,,,,庾嘉禮,Male,33,基隆市,金融業和房地產,,,,,30
,AC1703501,,,,,,,,,,,黃俊毅,Male,41,基隆市,金融業和房地產,,,,,40
,AC1703503,,,,,,,,,,,黃美慧,Female,42,基隆市,住宿和餐飲業,,,,,40
,AC1703508,,,,,,,,,,,杜惠文,Male,29,基隆市,其他,,,,,20
,AC1703509,,,,,,,,,,,王姿毓,Female,37,基隆市,金融業和房地產,,,,,30
,AC1703514,,,,,,,,,,,王幼昇,Male,41,基隆市,金融業和房地產,,,,,40
,AC1703518,,,,,,,,,,,趙仲富,Male,29,基隆市,金融業和房地產,,,,,20
,AC1703531,,,,,,,,,,,李雅軍,Male,29,基隆市,其他,,,,,20
,AC1703532,,,,,,,,,,,甯民珊,Female,41,基隆市,金融業和房地產,,,,,40
,AC1703534,,,,,,,,,,,楊雅軍,Female,46,基隆市,金融業和房地產,,,,,40
,AC1703536,,,,,,,,,,,黃柏瑋,Female,37,基隆市,金融業和房地產,,,,,30
,AC1703539,,,,,,,,,,,陳昭俊,Male,36,基隆市,金融業和房地產,,,,,30
,AC1703543,,,,,,,,,,,陳雅萍,Female,34,基隆市,金融業和房地產,,,,,30
,AC1703545,,,,,,,,,,,孟奕廷,Female,29,基隆市,金融業和房地產,,,,,20
,AC1703547,,,,,,,,,,,黎勳辰,Male,35,基隆市,其他,,,,,30
,AC1703549,,,,,,,,,,,蔡宜彥,Female,30,基隆市,金融業和房地產,,,,,30
,AC1703551,,,,,,,,,,,張新洋,Male,57,基隆市,其他,,,,,50
,AC1703552,,,,,,,,,,,郭泰貞,Male,23,基隆市,住宿和餐飲業,,,,,20
,AC1703561,,,,,,,,,,,張湖憲,Female,33,基隆市,金融業和房地產,,,,,30
,AC1703566,,,,,,,,,,,阮石勳,Male,28,基隆市,金融業和房地產,,,,,20
,AC1703567,,,,,,,,,,,侯珍昀,Male,33,基隆市,住宿和餐飲業,,,,,30
,AC1703569,,,,,,,,,,,吳哲宇,Male,22,基隆市,金融業和房地產,,,,,20
,AC1703570,,,,,,,,,,,李雅亞,Female,31,基隆市,住宿和餐飲業,,,,,30
,AC1703577,,,,,,,,,,,蕭東恆,Female,25,基隆市,金融業和房地產,,,,,20
,AC1703578,,,,,,,,,,,張喬希,Male,27,基隆市,住宿和餐飲業,,,,,20
,AC1703592,,,,,,,,,,,黃秀惟,Female,25,基隆市,金融業和房地產,,,,,20
,AC1703594,,,,,,,,,,,郭雅盈,Female,25,基隆市,其他,,,,,20
,AC1703595,,,,,,,,,,,倪琬婷,Female,48,基隆市,金融業和房地產,,,,,40
,AC1703596,,,,,,,,,,,胡紋賢,Male,26,基隆市,金融業和房地產,,,,,20
,AC1703599,,,,,,,,,,,蔡建銘,Male,22,基隆市,住宿和餐飲業,,,,,20
,AC1703601,,,,,,,,,,,沈淑君,Female,25,基隆市,其他,,,,,20
,AC1703603,,,,,,,,,,,孫善霖,Female,30,基隆市,金融業和房地產,,,,,30
,AC1703610,,,,,,,,,,,賴哲恒,Female,27,基隆市,金融業和房地產,,,,,20
,AC1703611,,,,,,,,,,,黃恒人,Female,32,基隆市,其他,,,,,30
,AC1703615,,,,,,,,,,,錢淑君,Female,41,基隆市,住宿和餐飲業,,,,,40
,AC1703619,,,,,,,,,,,趙俊德,Male,31,基隆市,住宿和餐飲業,,,,,30
,AC1703620,,,,,,,,,,,林浩清,Female,24,基隆市,住宿和餐飲業,,,,,20
,AC1703632,,,,,,,,,,,陳怡惟,Female,36,基隆市,金融業和房地產,,,,,30
,AC1703634,,,,,,,,,,,劉秀英,Female,33,基隆市,金融業和房地產,,,,,30
,AC1703641,,,,,,,,,,,許展毓,Female,39,基隆市,住宿和餐飲業,,,,,30
,AC1703647,,,,,,,,,,,林偉雅,Male,44,基隆市,其他,,,,,40
,AC1703648,,,,,,,,,,,顏佳穎,Female,35,基隆市,其他,,,,,30
,AC1703651,,,,,,,,,,,溫珮君,Female,41,基隆市,金融業和房地產,,,,,40
,AC1703652,,,,,,,,,,,張庭岑,Female,34,基隆市,住宿和餐飲業,,,,,30
,AC1703653,,,,,,,,,,,孫文馨,Male,47,基隆市,住宿和餐飲業,,,,,40
,AC1703654,,,,,,,,,,,鄭孟君,Male,33,基隆市,金融業和房地產,,,,,30
,AC1703657,,,,,,,,,,,黃寧合,Male,30,基隆市,金融業和房地產,,,,,30
,AC1703665,,,,,,,,,,,毛佐韋,Female,22,基隆市,金融業和房地產,,,,,20
,AC1703667,,,,,,,,,,,黃家瑋,Female,26,基隆市,金融業和房地產,,,,,20
,AC1703670,,,,,,,,,,,陳怡蓁,Female,28,基隆市,住宿和餐飲業,,,,,20
,AC1703672,,,,,,,,,,,陳真昀,Male,21,基隆市,金融業和房地產,,,,,20
,AC1703683,,,,,,,,,,,李珮華,Female,43,基隆市,金融業和房地產,,,,,40
,AC1703684,,,,,,,,,,,張智幸,Male,43,基隆市,其他,,,,,40
,AC1703686,,,,,,,,,,,郭儀勇,Female,28,基隆市,其他,,,,,20
,AC1703692,,,,,,,,,,,盧泰城,Male,42,基隆市,金融業和房地產,,,,,40
,AC1703696,,,,,,,,,,,劉育妹,Female,34,基隆市,金融業和房地產,,,,,30
,AC1703707,,,,,,,,,,,林俊嘉,Female,31,基隆市,其他,,,,,30
,AC1703711,,,,,,,,,,,盧淑華,Female,45,基隆市,金融業和房地產,,,,,40
,AC1703712,,,,,,,,,,,楊怡雯,Female,28,基隆市,金融業和房地產,,,,,20
,AC1703713,,,,,,,,,,,張韻如,Female,30,基隆市,住宿和餐飲業,,,,,30
,AC1703715,,,,,,,,,,,賴士哲,Female,40,基隆市,金融業和房地產,,,,,40
,AC1703717,,,,,,,,,,,駱育萱,Female,30,基隆市,金融業和房地產,,,,,30
,AC1703719,,,,,,,,,,,陳柏宏,Male,29,基隆市,金融業和房地產,,,,,20
,AC1703721,,,,,,,,,,,洪先邦,Male,22,基隆市,金融業和房地產,,,,,20
,AC1703722,,,,,,,,,,,林依萍,Female,27,基隆市,金融業和房地產,,,,,20
,AC1703726,,,,,,,,,,,陳伶元,Female,47,基隆市,金融業和房地產,,,,,40
,AC1703730,,,,,,,,,,,袁翠以,Female,41,基隆市,金融業和房地產,,,,,40
,AC1703732,,,,,,,,,,,吳佩伶,Female,48,基隆市,住宿和餐飲業,,,,,40
,AC1703733,,,,,,,,,,,吳欣妮,Female,31,基隆市,住宿和餐飲業,,,,,30
,AC1703737,,,,,,,,,,,王建諭,Female,33,基隆市,金融業和房地產,,,,,30
,AC1703740,,,,,,,,,,,余奇堯,Female,24,基隆市,住宿和餐飲業,,,,,20
,AC1703742,,,,,,,,,,,黃淑惠,Female,35,基隆市,金融業和房地產,,,,,30
,AC1703744,,,,,,,,,,,王姿婷,Female,42,基隆市,金融業和房地產,,,,,40
,AC1703753,,,,,,,,,,,方淑美,Female,30,基隆市,住宿和餐飲業,,,,,30
,AC1703756,,,,,,,,,,,林馨琴,Female,30,基隆市,住宿和餐飲業,,,,,30
,AC1703758,,,,,,,,,,,陳妤夢,Female,42,基隆市,金融業和房地產,,,,,40
,AC1703760,,,,,,,,,,,袁依潔,Female,41,基隆市,教育體育文化,,,,,40
,AC1703766,,,,,,,,,,,李明慈,Male,35,基隆市,住宿和餐飲業,,,,,30
,AC1703767,,,,,,,,,,,陳淑婷,Female,39,基隆市,金融業和房地產,,,,,30
,AC1703768,,,,,,,,,,,錢俊杰,Male,34,基隆市,其他,,,,,30
,AC1703770,,,,,,,,,,,陳詩婷,Female,46,基隆市,住宿和餐飲業,,,,,40
,AC1703771,,,,,,,,,,,丁金貴,Female,36,基隆市,金融業和房地產,,,,,30
,AC1703776,,,,,,,,,,,林冠哲,Female,51,基隆市,其他,,,,,50
,AC1703777,,,,,,,,,,,楊月紫,Female,60,基隆市,其他,,,,,60
,AC1703780,,,,,,,,,,,杜宗霖,Female,48,基隆市,金融業和房地產,,,,,40
,AC1703783,,,,,,,,,,,劉水汝,Female,50,基隆市,其他,,,,,50
,AC1703784,,,,,,,,,,,劉怡慧,Female,52,基隆市,住宿和餐飲業,,,,,50
,AC1703787,,,,,,,,,,,魏慧君,Female,52,基隆市,金融業和房地產,,,,,50
,AC1703788,,,,,,,,,,,謝文士,Male,39,基隆市,其他,,,,,30
,AC1703797,,,,,,,,,,,黃筱定,Male,45,基隆市,金融業和房地產,,,,,40
,AC1703798,,,,,,,,,,,楊志芳,Female,48,基隆市,教育體育文化,,,,,40
,AC1703806,,,,,,,,,,,洪偉雅,Female,44,臺北市,住宿和餐飲業,,,,,40
,AC1703811,,,,,,,,,,,李百柔,Female,47,臺北市,住宿和餐飲業,,,,,40
,AC1703813,,,,,,,,,,,趙穎合,Female,52,臺北市,其他,,,,,50
,AC1703819,,,,,,,,,,,陳芝淳,Female,42,臺北市,其他,,,,,40
,AC1703821,,,,,,,,,,,李佩虹,Female,48,臺北市,其他,,,,,40
,AC1703828,,,,,,,,,,,陳惠以,Male,48,臺北市,金融業和房地產,,,,,40
,AC1703830,,,,,,,,,,,周盈甄,Female,41,臺北市,金融業和房地產,,,,,40
,AC1703832,,,,,,,,,,,林尚茜,Female,50,臺北市,其他,,,,,50
,AC1703833,,,,,,,,,,,王建佑,Female,41,臺北市,金融業和房地產,,,,,40
,AC1703838,,,,,,,,,,,陳晏南,Female,41,臺北市,其他,,,,,40
,AC1703854,,,,,,,,,,,劉淳辰,Female,43,臺北市,金融業和房地產,,,,,40
,AC1703856,,,,,,,,,,,謝欣婷,Male,48,臺北市,金融業和房地產,,,,,40
,AC1703858,,,,,,,,,,,權正蓉,Female,35,臺北市,其他,,,,,30
,AC1703862,,,,,,,,,,,楊協紋,Female,40,臺北市,其他,,,,,40
,AC1703863,,,,,,,,,,,駱百安,Female,52,臺北市,其他,,,,,50
,AC1703875,,,,,,,,,,,楊馨慧,Female,41,臺北市,其他,,,,,40
,AC1703879,,,,,,,,,,,楊瑞蕙,Female,54,臺北市,金融業和房地產,,,,,50
,AC1703882,,,,,,,,,,,林彥群,Male,53,臺北市,金融業和房地產,,,,,50
,AC1703887,,,,,,,,,,,林柏娟,Female,57,臺北市,金融業和房地產,,,,,50
,AC1703892,,,,,,,,,,,陳國舜,Female,46,臺北市,其他,,,,,40
,AC1703897,,,,,,,,,,,陳淑念,Female,52,臺北市,其他,,,,,50
,AC1703905,,,,,,,,,,,陳彥鴻,Female,48,臺北市,住宿和餐飲業,,,,,40
,AC1703906,,,,,,,,,,,張建宏,Female,31,臺北市,住宿和餐飲業,,,,,30
,AC1703909,,,,,,,,,,,林炳丞,Female,39,臺北市,住宿和餐飲業,,,,,30
,AC1703910,,,,,,,,,,,陳志茹,Female,43,臺北市,其他,,,,,40
,AC1703912,,,,,,,,,,,傅珮君,Female,52,臺北市,住宿和餐飲業,,,,,50
,AC1703917,,,,,,,,,,,蔡孟堅,Female,45,臺北市,其他,,,,,40
,AC1703920,,,,,,,,,,,陳玄宇,Female,43,臺北市,其他,,,,,40
,AC1703921,,,,,,,,,,,沈林胤,Female,38,臺北市,其他,,,,,30
,AC1703925,,,,,,,,,,,謝雅萍,Female,50,臺北市,住宿和餐飲業,,,,,50
,AC1703931,,,,,,,,,,,賴水妏,Female,47,臺北市,其他,,,,,40
,AC1703933,,,,,,,,,,,林智偉,Male,48,臺北市,其他,,,,,40
,AC1703934,,,,,,,,,,,吳雅惠,Female,44,臺北市,住宿和餐飲業,,,,,40
,AC1703937,,,,,,,,,,,劉美妮,Female,46,臺北市,其他,,,,,40
,AC1703939,,,,,,,,,,,陳侑發,Female,51,臺北市,住宿和餐飲業,,,,,50
,AC1703944,,,,,,,,,,,鄧伯茂,Male,57,臺北市,金融業和房地產,,,,,50
,AC1703945,,,,,,,,,,,呂俊翔,Male,62,臺北市,其他,,,,,60
,AC1703946,,,,,,,,,,,黃孟儒,Male,67,臺北市,金融業和房地產,,,,,60
,AC1703951,,,,,,,,,,,梅木堯,Female,61,臺北市,教育體育文化,,,,,60
,AC1703956,,,,,,,,,,,蕭毅瑜,Male,53,臺北市,其他,,,,,50
,AC1703960,,,,,,,,,,,林奕雯,Female,52,臺北市,住宿和餐飲業,,,,,50
,AC1703963,,,,,,,,,,,簡羿心,Female,55,臺北市,金融業和房地產,,,,,50
,AC1703965,,,,,,,,,,,周耿胤,Male,56,臺北市,金融業和房地產,,,,,50
,AC1703971,,,,,,,,,,,呂毓平,Female,35,臺北市,其他,,,,,30
,AC1703972,,,,,,,,,,,王綺男,Female,55,臺北市,住宿和餐飲業,,,,,50
,AC1703974,,,,,,,,,,,胡雅芳,Female,46,臺北市,金融業和房地產,,,,,40
,AC1703975,,,,,,,,,,,王健銘,Male,38,臺北市,其他,,,,,30
,AC1703978,,,,,,,,,,,劉家淑,Female,44,臺北市,住宿和餐飲業,,,,,40
,AC1703987,,,,,,,,,,,鄭佳琪,Female,38,臺北市,金融業和房地產,,,,,30
,AC1703989,,,,,,,,,,,宋函亦,Female,47,臺北市,其他,,,,,40
,AC1703990,,,,,,,,,,,黃惠月,Female,47,臺北市,金融業和房地產,,,,,40
,AC1703996,,,,,,,,,,,宋幼生,Male,46,臺北市,教育體育文化,,,,,40
,AC1704001,,,,,,,,,,,陳孝中,Male,21,臺北市,住宿和餐飲業,,,,,20
,AC1704003,,,,,,,,,,,宋怡君,Female,51,臺北市,住宿和餐飲業,,,,,50
,AC1704004,,,,,,,,,,,陳政慈,Female,34,臺北市,金融業和房地產,,,,,30
